WARNING: If MPI_Abort is called during execution, result files could not be copied.
Running: /root/mm/envs/aster/bin/run_aster -w /home/user/aas-corner-fe/wd/v8c100_V --status-file /root/.tmp_run_aster/run_aster_w5o6fgtn/__status__ --no-mpi /root/.tmp_run_aster/run_aster_w5o6fgtn/v8c100_V.0

# ------------------------------------------------------------------------------
Execution of code_aster

# ------------------------------------------------------------------------------
Prepare environment in /home/user/aas-corner-fe/wd/v8c100_V

# ------------------------------------------------------------------------------
Command file #1 / 25

Content of the file to execute:
# coding=utf-8
# original filename
__file__ = r"/home/user/aas-corner-fe/jobs/v8c100_V_s00.comm"


# temporarly added for compatibility with code_aster legacy
from math import *

import code_aster
from code_aster.Commands import *
from code_aster import CA

DEBUT(LANG='EN', PAR_LOT='NON')
mesh=LIRE_MAILLAGE(UNITE=20, FORMAT='MED')
mesh=DEFI_GROUP(reuse=mesh, MAILLAGE=mesh, CREA_GROUP_NO=_F(GROUP_MA=('SYMZ','FARX','FARY','HEADT','HEADV')))
model=AFFE_MODELE(MAILLAGE=mesh, AFFE=(
    _F(GROUP_MA=('CONC','HZ'), PHENOMENE='MECANIQUE', MODELISATION='3D_GRAD_VARI'),
    _F(GROUP_MA=('STEEL','SLV','HZH'), PHENOMENE='MECANIQUE', MODELISATION='3D')))
mat=DEFI_MATER_GC(ENDO_FISS_EXP=_F(E=32836.56803133079, NU=0.2, FT=2.896468153816889, FC=38.0, GF=0.14050245330952899, P=1.5, LARG_BANDE=12, REST_RIGI_FC=0.))
matH=DEFI_MATER_GC(ENDO_FISS_EXP=_F(E=32836.56803133079, NU=0.2, FT=2.896468153816889, FC=76.0, GF=0.14050245330952899, P=1.5, LARG_BANDE=12, REST_RIGI_FC=0.))
matHH=DEFI_MATERIAU(ELAS=_F(E=32836.56803133079, NU=0.2))
stl=DEFI_MATERIAU(ELAS=_F(E=210000., NU=0.3))
slvm=DEFI_MATERIAU(ELAS=_F(E=10., NU=0.3))
fmat=AFFE_MATERIAU(MAILLAGE=mesh, AFFE=(_F(GROUP_MA='CONC', MATER=mat), _F(GROUP_MA='HZ', MATER=matH), _F(GROUP_MA='HZH', MATER=matHH), _F(GROUP_MA='STEEL', MATER=stl), _F(GROUP_MA='SLV', MATER=slvm)))
fix=AFFE_CHAR_MECA(MODELE=model, DDL_IMPO=(_F(GROUP_MA='SYMZ', DZ=0.), _F(GROUP_MA='FARX', DX=0.), _F(GROUP_MA='FARY', DY=0.)))
grp=[]
if 'T' in 'V': grp.append('HEADT')
if 'V' in 'V': grp.append('HEADV')
load=AFFE_CHAR_MECA(MODELE=model, DDL_IMPO=tuple(_F(GROUP_MA=g, DX=-1) for g in grp))
ramp=DEFI_FONCTION(NOM_PARA='INST', VALE=(0.,0.,0.75,0.75))
steps=DEFI_LIST_REEL(DEBUT=0., INTERVALLE=_F(JUSQU_A=0.75, NOMBRE=25))
times=DEFI_LIST_INST(DEFI_LIST=_F(LIST_INST=steps), ECHEC=_F(EVENEMENT='ERREUR', ACTION='DECOUPE', SUBD_METHODE='MANUEL', SUBD_PAS=2, SUBD_NIVEAU=10))

LOADS='V'
CURVE='/home/user/aas-corner-fe/jobs/../results/v8c100_V.curve'
common=dict(MODELE=model, CHAM_MATER=fmat, EXCIT=(_F(CHARGE=fix), _F(CHARGE=load, FONC_MULT=ramp)),
        COMPORTEMENT=(_F(RELATION='ENDO_FISS_EXP', GROUP_MA=('CONC','HZ')), _F(RELATION='ELAS', GROUP_MA=('STEEL','SLV','HZH'))),
        NEWTON=_F(MATRICE='TANGENTE', REAC_ITER=1),
        CONVERGENCE=_F(RESI_GLOB_RELA=1.E-4, ITER_GLOB_MAXI=50), ARCHIVAGE=_F(PAS_ARCH=1), SOLVEUR=_F(METHODE='MUMPS', GESTION_MEMOIRE='OUT_OF_CORE', NPREC=10))
import os, re
tcur=0.0; peak=0.0; stopped=False
if os.path.exists(CURVE):
    for line in open(CURVE):
        m=re.match(r'CURVE\s+(\S+)\s+(\S+)', line)
        if m:
            tcur=max(tcur, float(m.group(1))); peak=max(peak, float(m.group(2)))
        if line.startswith('STOP'): stopped=True
def reac(res, t):
    r2=CALC_CHAMP(RESULTAT=res, FORCE='REAC_NODA', INST=t)
    vals={}
    for g in ('HEADT','HEADV'):
        try:
            tb=POST_RELEVE_T(ACTION=_F(OPERATION='EXTRACTION', INTITULE='R', RESULTAT=r2, NOM_CHAM='REAC_NODA',
                                       GROUP_NO=g, RESULTANTE='DX', INST=t)).EXTR_TABLE().values()
            vals[g]=-tb['DX'][-1]*2
        except Exception:
            vals[g]=0.
    DETRUIRE(NOM=r2)
    return vals
TARGETS=[0.03]
for tn in TARGETS:
    if stopped or tn <= tcur+1e-9: continue
    try:
        if tcur < 1e-12 and '1'=='1':
            res=STAT_NON_LINE(INCREMENT=_F(LIST_INST=times, INST_FIN=tn), **common)
        else:
            res=STAT_NON_LINE(reuse=res, ETAT_INIT=_F(EVOL_NOLI=res), INCREMENT=_F(LIST_INST=times, INST_FIN=tn), **common)
    except Exception as exc:
        print('AASSTOP at', tcur, exc, flush=True)
        open(CURVE,'a').write('STOP solver %g\n'%tcur); stopped=True; break
    tcur=tn
    v=reac(res, tcur)
    tot=(v['HEADT'] if 'T' in LOADS else 0.)+(v['HEADV'] if 'V' in LOADS else 0.)
    peak=max(peak, tot)
    open(CURVE,'a').write('CURVE %g %g %g %g\n'%(tcur,tot,v['HEADT'],v['HEADV']))
    print('AASCURVE %g %g %g %g'%(tcur,tot,v['HEADT'],v['HEADV']), flush=True)
    if tot < 0.9*peak:
        open(CURVE,'a').write('STOP peak %g\n'%peak); stopped=True; break
FIN()



# ------------------------------------------------------------------------------
Command line #1:
    ulimit -c unlimited ; ulimit -t 100000 ; ( /root/mm/envs/aster/bin/python3 "v8c100_V_s00.comm.changed.py" --link="F::mmed::/home/user/aas-corner-fe/jobs/../mesh/m8_h100_d16_ct100_e100.med::D::20" --memory 3000.0 --numthreads 4 --tpmax 20000 ; echo $? > _exit_code_ ) 2>&1 | tee -a fort.6
setting '--memory' value to 2700.00 MB (keyword RESERVE_MEMOIRE)
copying (shutil) '/home/user/aas-corner-fe/jobs/../mesh/m8_h100_d16_ct100_e100.med' to 'fort.20'...
Ouverture en écriture du fichier ./vola.1

<INFO> Démarrage de l'exécution.

                       -- CODE_ASTER -- VERSION : DÉVELOPPEMENT (unstable) --                       
                               Version 18.1.6 modifiée le 14/09/2026                                
                                    révision n/a - branche 'n/a'                                    
                                     Copyright EDF 1991 - 2026                                      
                                                                                                    
                              Exécution du : Sun Sep 27 23:52:28 2026                               
                                       Nom de la machine : vm                                       
                                        Architecture : 64bit                                        
                                    Type de processeur : x86_64                                     
                Système d'exploitation : Linux-6.18.44-fc-v37-x86_64-with-glibc2.39                 
                                  Langue des messages : C (UTF-8)                                   
                                     Version de Python : 3.14.7                                     
                                      Version de NumPy : 2.5.3                                      
                                  Version de MEDCoupling : 9.16.0                                   
                                     Parallélisme MPI : inactif                                     
                                    Parallélisme OpenMP : actif                                     
                              Nombre de processus OpenMP utilisés : 4                               
                                Version de la librairie HDF5 : 2.2.0                                
                                Version de la librairie MED : 4.2.0                                 
                               Version de la librairie MFront : 5.1.0                               
                               Version de la librairie MUMPS : 5.8.2                                
                                  Librairie PETSc : non disponible                                  
                              Version de la librairie SCOTCH : 7.0.11                               

starting the execution...
/home/user/aas-corner-fe/wd/v8c100_V/v8c100_V_s00.comm.changed.py:13: DeprecationWarning: This feature is obsolete, 'PAR_LOT' has been removed.
  DEBUT(LANG='EN', PAR_LOT='NON')
Valeur initiale du temps CPU maximum =   20000 secondes
  Valeur du temps CPU maximum passé aux commandes =   18000 secondes
  Réserve CPU prévue = 2000 secondes

Ouverture en écriture du fichier ./glob.1

Ouverture en écriture du fichier ./vola.1

Ouverture en lecture du fichier /root/mm/envs/aster/lib/elem.1

Nom de la base                          :  ELEMBASE
     Créée avec la version                   :  18.01.06
     Nombre d'enregistrements utilisés       :  54
     Nombre d'enregistrements maximum        :  512
     Nombre d'enregistrements par fichier    :  512
     Longueur d'enregistrement (octets)      :  819200
     Nombre d'identificateurs utilisés       :  123
     Taille maximum du répertoire            :  300
     Pourcentage d'utilisation du répertoire :  41 %

Ouverture en lecture du fichier /root/mm/envs/aster/lib/elem.1

Nom de la base                          :  ELEMBASE
     Nombre d'enregistrements utilisés       :  54
     Nombre d'enregistrements maximum        :  512
     Nombre d'enregistrements par fichier    :  512
     Longueur d'enregistrement (octets)      :  819200
     Nombre total d'accès en lecture         :  72
     Volume des accès en lecture             :         56.25 Mo.
     Nombre total d'accès en écriture        :  0
     Volume des accès en écriture            :          0.00 Mo.
     Nombre d'identificateurs utilisés       :  123
     Taille maximum du répertoire            :  300
     Pourcentage d'utilisation du répertoire :  41 %

Relecture des catalogues des éléments faite.

Fin de lecture (durée  0.263569  s.) 

                      Mémoire limite pour l'allocation dynamique : 3258.88 Mo                       
                        ajouté à l'initialisation du processus : 1120.15 Mo                         
                               Limite cible du processus : 4379.03 Mo                               
                         Taille limite des fichiers d'échange : 2048.00 Go                          
# Mémoire (Mo) :  1120.15 /  1110.83 /   216.07 /   186.93 (VmPeak / VmSize / Optimum / Minimum)
# Fin commande #0001   user+syst:        0.04s (syst:        2.12s, elaps:        2.18s)
# ----------------------------------------------------------------------------------------------

.. _stg1_txt14
# ----------------------------------------------------------------------------------------------
# Commande #0002 de /home/user/aas-corner-fe/wd/v8c100_V/v8c100_V_s00.comm.changed.py, ligne 14
mesh = LIRE_MAILLAGE(FORMAT='MED',
                     INFO=1,
                     INFO_MED=0,
                     PARTITIONNEUR='SANS',
                     UNITE=20,
                     VERI_MAIL=_F(APLAT=0.001,
                                  VERIF='OUI'))

Nom MED du maillage : untitled


------------ MAILLAGE 00000001 - IMPRESSIONS NIVEAU  1 ------------


NOMBRE DE NOEUDS                      135682

NOMBRE DE MAILLES                     101263
                              TRIA6                4334
                              TETRA10             96929

NOMBRE DE GROUPES DE MAILLES              10

--------------------------------------------------------------------------------

Vérification du maillage.

# Résultat commande #0002 (LIRE_MAILLAGE): mesh ('<00000001>') de type <Mesh>
# Mémoire (Mo) :  1539.77 /  1137.52 /   234.76 /   196.52 (VmPeak / VmSize / Optimum / Minimum)
# Fin commande #0002   user+syst:        1.32s (syst:        2.53s, elaps:        3.87s)
# ----------------------------------------------------------------------------------------------

.. _stg1_txt15
# ----------------------------------------------------------------------------------------------
# Commande #0003 de /home/user/aas-corner-fe/wd/v8c100_V/v8c100_V_s00.comm.changed.py, ligne 15
mesh = DEFI_GROUP(ALARME='OUI',
                  CREA_GROUP_NO=_F(CRIT_NOEUD='TOUS',
                                   GROUP_MA=('SYMZ', 'FARX', 'FARY', 'HEADT', 'HEADV')),
                  MAILLAGE=mesh,
                  reuse=mesh)



NOMBRE  DE GROUPES DE NOEUDS CREES :      5
=======================================

               ------------------------------------------------------
               !         NOM DU GROUPE         ! NBRE DE NOEUDS DU  !
               !            NOEUDS             !      GROUPE_NO     !
               ------------------------------------------------------
               !  SYMZ                         !      8220          !
               !  FARX                         !       249          !
               !  FARY                         !       249          !
               !  HEADT                        !       122          !
               !  HEADV                        !        15          !
               ------------------------------------------------------

# Résultat commande #0003 (DEFI_GROUP): mesh ('<00000001>') de type <Mesh>
# Mémoire (Mo) :  1539.77 /  1137.52 /   234.76 /   196.52 (VmPeak / VmSize / Optimum / Minimum)
# Fin commande #0003   user+syst:        0.01s (syst:        0.00s, elaps:        0.01s)
# ----------------------------------------------------------------------------------------------

.. _stg1_txt16
# ----------------------------------------------------------------------------------------------
# Commande #0004 de /home/user/aas-corner-fe/wd/v8c100_V/v8c100_V_s00.comm.changed.py, ligne 16
model = AFFE_MODELE(AFFE=(_F(GROUP_MA=('CONC', 'HZ'),
                             MODELISATION='3D_GRAD_VARI',
                             PHENOMENE='MECANIQUE'),
                          _F(GROUP_MA=('STEEL', 'SLV', 'HZH'),
                             MODELISATION='3D',
                             PHENOMENE='MECANIQUE')),
                    DISTRIBUTION=_F(METHODE='SOUS_DOMAINE',
                                    PARTITIONNEUR='METIS'),
                    INFO=1,
                    MAILLAGE=mesh,
                    VERI_FORMULATION_IFS='OUI',
                    VERI_JACOBIEN='OUI',
                    VERI_NORM_IFS='OUI',
                    VERI_PLAN='OUI')

Sur les 101263 mailles du maillage 00000001, on a demandé l'affectation de 96929, on a pu en
affecter 96929.
Modélisation     Formulation      Type maille  Élément fini     Nombre
3D               _                TETRA10      MECA_TETRA10     11341
3D_GRAD_VARI     _                TETRA10      MVCA_TETRA10     85588
#2      Calculs elementaires et assemblages               CPU (USER+SYST/SYST/ELAPS):      0.06      0.00      0.06
# Résultat commande #0004 (AFFE_MODELE): model ('<00000002>') de type <Model>
# Mémoire (Mo) :  1539.77 /  1279.93 /   240.82 /   224.34 (VmPeak / VmSize / Optimum / Minimum)
# Fin commande #0004   user+syst:        0.55s (syst:        0.01s, elaps:        0.56s)
# ----------------------------------------------------------------------------------------------

.. _stg1_txt19
# ----------------------------------------------------------------------------------------------
# Commande #0005 de /home/user/aas-corner-fe/wd/v8c100_V/v8c100_V_s00.comm.changed.py, ligne 19
mat = DEFI_MATER_GC(ENDO_FISS_EXP=_F(COEF_RIGI_MINI=0.0,
                                     E=32836.56803133079,
                                     FC=38.0,
                                     FT=2.896468153816889,
                                     GF=0.14050245330952899,
                                     LARG_BANDE=12,
                                     NU=0.2,
                                     P=1.5,
                                     REST_RIGI_FC=0.0),
                    INFO=1)

# Résultat commande #0005 (DEFI_MATER_GC): mat ('<00000003>') de type <Material>
# Mémoire (Mo) :  1539.77 /  1279.93 /   240.82 /   224.34 (VmPeak / VmSize / Optimum / Minimum)
# Fin commande #0005   user+syst:        0.01s (syst:        0.00s, elaps:        0.01s)
# ----------------------------------------------------------------------------------------------

.. _stg1_txt20
# ----------------------------------------------------------------------------------------------
# Commande #0007 de /home/user/aas-corner-fe/wd/v8c100_V/v8c100_V_s00.comm.changed.py, ligne 20
matH = DEFI_MATER_GC(ENDO_FISS_EXP=_F(COEF_RIGI_MINI=0.0,
                                      E=32836.56803133079,
                                      FC=76.0,
                                      FT=2.896468153816889,
                                      GF=0.14050245330952899,
                                      LARG_BANDE=12,
                                      NU=0.2,
                                      P=1.5,
                                      REST_RIGI_FC=0.0),
                     INFO=1)

# Résultat commande #0007 (DEFI_MATER_GC): matH ('<00000004>') de type <Material>
# Mémoire (Mo) :  1539.77 /  1279.93 /   240.82 /   224.34 (VmPeak / VmSize / Optimum / Minimum)
# Fin commande #0007   user+syst:        0.01s (syst:        0.00s, elaps:        0.01s)
# ----------------------------------------------------------------------------------------------

.. _stg1_txt21
# ----------------------------------------------------------------------------------------------
# Commande #0009 de /home/user/aas-corner-fe/wd/v8c100_V/v8c100_V_s00.comm.changed.py, ligne 21
matHH = DEFI_MATERIAU(ELAS=_F(B_ENDOGE=0.0,
                              COEF_AMOR=1.0,
                              E=32836.56803133079,
                              K_DESSIC=0.0,
                              NU=0.2),
                      INFO=1)

# Résultat commande #0009 (DEFI_MATERIAU): matHH ('<00000005>') de type <Material>
# Mémoire (Mo) :  1539.77 /  1279.93 /   240.82 /   224.34 (VmPeak / VmSize / Optimum / Minimum)
# Fin commande #0009   user+syst:        0.00s (syst:        0.00s, elaps:        0.00s)
# ----------------------------------------------------------------------------------------------

.. _stg1_txt22
# ----------------------------------------------------------------------------------------------
# Commande #0010 de /home/user/aas-corner-fe/wd/v8c100_V/v8c100_V_s00.comm.changed.py, ligne 22
stl = DEFI_MATERIAU(ELAS=_F(B_ENDOGE=0.0,
                            COEF_AMOR=1.0,
                            E=210000.0,
                            K_DESSIC=0.0,
                            NU=0.3),
                    INFO=1)

# Résultat commande #0010 (DEFI_MATERIAU): stl ('<00000006>') de type <Material>
# Mémoire (Mo) :  1539.77 /  1279.93 /   240.82 /   224.34 (VmPeak / VmSize / Optimum / Minimum)
# Fin commande #0010   user+syst:        0.00s (syst:        0.00s, elaps:        0.00s)
# ----------------------------------------------------------------------------------------------

.. _stg1_txt23
# ----------------------------------------------------------------------------------------------
# Commande #0011 de /home/user/aas-corner-fe/wd/v8c100_V/v8c100_V_s00.comm.changed.py, ligne 23
slvm = DEFI_MATERIAU(ELAS=_F(B_ENDOGE=0.0,
                             COEF_AMOR=1.0,
                             E=10.0,
                             K_DESSIC=0.0,
                             NU=0.3),
                     INFO=1)

# Résultat commande #0011 (DEFI_MATERIAU): slvm ('<00000007>') de type <Material>
# Mémoire (Mo) :  1539.77 /  1279.93 /   240.82 /   224.34 (VmPeak / VmSize / Optimum / Minimum)
# Fin commande #0011   user+syst:        0.01s (syst:        0.00s, elaps:        0.01s)
# ----------------------------------------------------------------------------------------------

.. _stg1_txt24
# ----------------------------------------------------------------------------------------------
# Commande #0012 de /home/user/aas-corner-fe/wd/v8c100_V/v8c100_V_s00.comm.changed.py, ligne 24
fmat = AFFE_MATERIAU(AFFE=(_F(GROUP_MA='CONC',
                              MATER=mat),
                           _F(GROUP_MA='HZ',
                              MATER=matH),
                           _F(GROUP_MA='HZH',
                              MATER=matHH),
                           _F(GROUP_MA='STEEL',
                              MATER=stl),
                           _F(GROUP_MA='SLV',
                              MATER=slvm)),
                     INFO=1,
                     MAILLAGE=mesh)

# Résultat commande #0012 (AFFE_MATERIAU): fmat ('<00000008>') de type <MaterialField>
# Mémoire (Mo) :  1539.77 /  1281.09 /   240.82 /   224.34 (VmPeak / VmSize / Optimum / Minimum)
# Fin commande #0012   user+syst:        0.01s (syst:        0.00s, elaps:        0.01s)
# ----------------------------------------------------------------------------------------------

.. _stg1_txt25
# ----------------------------------------------------------------------------------------------
# Commande #0013 de /home/user/aas-corner-fe/wd/v8c100_V/v8c100_V_s00.comm.changed.py, ligne 25
fix = AFFE_CHAR_MECA(DDL_IMPO=(_F(DZ=0.0,
                                  GROUP_MA='SYMZ'),
                               _F(DX=0.0,
                                  GROUP_MA='FARX'),
                               _F(DY=0.0,
                                  GROUP_MA='FARY')),
                     DOUBLE_LAGRANGE='OUI',
                     INFO=1,
                     MODELE=model,
                     SYNTAXE='NON',
                     VERI_AFFE='OUI',
                     VERI_NORM='OUI')

# Résultat commande #0013 (AFFE_CHAR_MECA): fix ('<00000009>') de type <MechanicalLoadReal>
# Mémoire (Mo) :  1539.77 /  1295.45 /   252.39 /   224.34 (VmPeak / VmSize / Optimum / Minimum)
# Fin commande #0013   user+syst:        0.08s (syst:        0.00s, elaps:        0.09s)
# ----------------------------------------------------------------------------------------------

.. _stg1_txt29
# ----------------------------------------------------------------------------------------------
# Commande #0014 de /home/user/aas-corner-fe/wd/v8c100_V/v8c100_V_s00.comm.changed.py, ligne 29
load = AFFE_CHAR_MECA(DDL_IMPO=_F(DX=-1,
                                  GROUP_MA='HEADV'),
                      DOUBLE_LAGRANGE='OUI',
                      INFO=1,
                      MODELE=model,
                      SYNTAXE='NON',
                      VERI_AFFE='OUI',
                      VERI_NORM='OUI')

# Résultat commande #0014 (AFFE_CHAR_MECA): load ('<0000000a>') de type <MechanicalLoadReal>
# Mémoire (Mo) :  1539.77 /  1306.84 /   263.79 /   224.34 (VmPeak / VmSize / Optimum / Minimum)
# Fin commande #0014   user+syst:        0.01s (syst:        0.01s, elaps:        0.01s)
# ----------------------------------------------------------------------------------------------

.. _stg1_txt30
# ----------------------------------------------------------------------------------------------
# Commande #0015 de /home/user/aas-corner-fe/wd/v8c100_V/v8c100_V_s00.comm.changed.py, ligne 30
ramp = DEFI_FONCTION(INFO=1,
                     INTERPOL='LIN',
                     NOM_PARA='INST',
                     NOM_RESU='TOUTRESU',
                     PROL_DROITE='EXCLU',
                     PROL_GAUCHE='EXCLU',
                     VALE=(0.0, 0.0, 0.75, 0.75),
                     VERIF='CROISSANT')

# Résultat commande #0015 (DEFI_FONCTION): ramp ('<0000000b>') de type <Function>
# Mémoire (Mo) :  1539.77 /  1306.84 /   263.79 /   224.34 (VmPeak / VmSize / Optimum / Minimum)
# Fin commande #0015   user+syst:        0.00s (syst:        0.00s, elaps:        0.00s)
# ----------------------------------------------------------------------------------------------

.. _stg1_txt31
# ----------------------------------------------------------------------------------------------
# Commande #0016 de /home/user/aas-corner-fe/wd/v8c100_V/v8c100_V_s00.comm.changed.py, ligne 31
steps = DEFI_LIST_REEL(DEBUT=0.0,
                       INFO=1,
                       INTERVALLE=_F(JUSQU_A=0.75,
                                     NOMBRE=25))

# Résultat commande #0016 (DEFI_LIST_REEL): steps ('<0000000c>') de type <ListOfFloats>
# Mémoire (Mo) :  1539.77 /  1306.84 /   263.79 /   224.34 (VmPeak / VmSize / Optimum / Minimum)
# Fin commande #0016   user+syst:        0.00s (syst:        0.00s, elaps:        0.00s)
# ----------------------------------------------------------------------------------------------

.. _stg1_txt32
# ----------------------------------------------------------------------------------------------
# Commande #0017 de /home/user/aas-corner-fe/wd/v8c100_V/v8c100_V_s00.comm.changed.py, ligne 32
times = DEFI_LIST_INST(DEFI_LIST=_F(LIST_INST=steps),
                       ECHEC=_F(ACTION='DECOUPE',
                                EVENEMENT='ERREUR',
                                SUBD_METHODE='MANUEL',
                                SUBD_NIVEAU=10,
                                SUBD_PAS=2,
                                SUBD_PAS_MINI=0.0),
                       INFO=1,
                       METHODE='MANUEL')

Gestion manuelle de la liste d'instants.
La liste d'instants contient 26 pas de temps et le pas de temps minimum vaut          0.03.
Il y a 1 événements.
L'événement 1 est pour capturer les erreurs.
Si cet événement se déclenche, on découpe le pas de temps.
La découpe du pas de temps est manuelle.
On découpe le pas de temps en 2 incréments jusqu'à ce que le niveau atteigne 10.
# Résultat commande #0017 (DEFI_LIST_INST): times ('<0000000d>') de type <TimesList>
# Dépend de :
# - steps ('<0000000c>') de type <ListOfFloats>
# Mémoire (Mo) :  1539.77 /  1306.84 /   263.79 /   224.34 (VmPeak / VmSize / Optimum / Minimum)
# Fin commande #0017   user+syst:        0.01s (syst:        0.01s, elaps:        0.01s)
# ----------------------------------------------------------------------------------------------

.. _stg1_txt65
# ----------------------------------------------------------------------------------------------
# Commande #0018 de /home/user/aas-corner-fe/wd/v8c100_V/v8c100_V_s00.comm.changed.py, ligne 65
res = STAT_NON_LINE(AFFICHAGE=_F(INFO_RESIDU='NON',
                                 INFO_TEMPS='NON'),
                    ARCHIVAGE=_F(CHAM_EXCLU=('RESI_NOEU', 'RESI_RELA_NOEU'),
                                 PAS_ARCH=1),
                    CHAM_MATER=fmat,
                    COMPORTEMENT=(_F(DEFORMATION='PETIT',
                                     GROUP_MA=('CONC', 'HZ'),
                                     ITER_CPLAN_MAXI=10,
                                     ITER_INTE_MAXI=20,
                                     ITER_INTE_PAS=0,
                                     PARM_THETA=1.0,
                                     REGU_VISC='NON',
                                     RELATION='ENDO_FISS_EXP',
                                     RESI_CPLAN_RELA=1e-06,
                                     RESI_INTE=1e-06),
                                  _F(DEFORMATION='PETIT',
                                     GROUP_MA=('STEEL', 'SLV', 'HZH'),
                                     ITER_CPLAN_MAXI=10,
                                     ITER_INTE_MAXI=20,
                                     ITER_INTE_PAS=0,
                                     PARM_THETA=1.0,
                                     REGU_VISC='NON',
                                     RELATION='ELAS',
                                     RESI_CPLAN_RELA=1e-06,
                                     RESI_INTE=1e-06)),
                    CONVERGENCE=_F(ARRET='OUI',
                                   ITER_GLOB_ELAS=25,
                                   ITER_GLOB_MAXI=50,
                                   RESI_GLOB_RELA=0.0001,
                                   VERIF='TOUT'),
                    EXCIT=(_F(CHARGE=fix,
                              TYPE_CHARGE='FIXE_CSTE'),
                           _F(CHARGE=load,
                              FONC_MULT=ramp,
                              TYPE_CHARGE='FIXE_CSTE')),
                    INCREMENT=_F(CRITERE='RELATIF',
                                 INST_FIN=0.03,
                                 LIST_INST=times,
                                 NUME_INST_INIT=0,
                                 PRECISION=1e-06),
                    MESURE=_F(TABLE='NON'),
                    METHODE='NEWTON',
                    MODELE=model,
                    NEWTON=_F(MATRICE='TANGENTE',
                              MATR_RIGI_SYME='NON',
                              REAC_INCR=1,
                              REAC_ITER=1,
                              REAC_ITER_ELAS=0),
                    SOLVEUR=_F(ACCELERATION='AUTO',
                               ELIM_LAGR='LAGR2',
                               FILTRAGE_MATRICE=-1.0,
                               GESTION_MEMOIRE='OUT_OF_CORE',
                               LOW_RANK_SEUIL=0.0,
                               MATR_DISTRIBUEE='NON',
                               METHODE='MUMPS',
                               MIXER_PRECISION='NON',
                               NB_RHS=1,
                               NPREC=10,
                               PCENT_PIVOT=35,
                               POSTTRAITEMENTS='AUTO',
                               PRETRAITEMENTS='AUTO',
                               REDUCTION_MPI=0,
                               RENUM='AUTO',
                               RESI_RELA=-1.0,
                               STOP_SINGULIER='OUI',
                               TYPE_RESOL='AUTO'))

Liste des comportements

Affecté sur 85588 éléments
Relation                             : ENDO_FISS_EXP
Déformation                          : PETIT
Pas de régularisation visqueuse
Pas de post-traitement à la fin du pas de temps
Nombre total de variables internes   : 9
V1 : ENDO
V2 : INDIENDO
V3 : ENDORIGI
V4 : EPSEXX
V5 : EPSEYY
V6 : EPSEZZ
V7 : EPSEXY
V8 : EPSEXZ
V9 : EPSEYZ
Affecté sur 11341 éléments
Relation                             : ELAS
Déformation                          : PETIT
Pas de régularisation visqueuse
Pas de post-traitement à la fin du pas de temps
Nombre total de variables internes   : 1
V1 : VIDE
Le système linéaire à résoudre a 455904 degrés de liberté:
   - 438438 sont des degrés de liberté physiques
     (ils sont portés par 135682 noeuds du maillage)
   - 17466 sont les couples de paramètres de Lagrange associés
     aux 8733 relations linéaires dualisées.
La matrice est de taille 455904 équations.
  Elle contient 23708355 termes non nuls si elle est symétrique et 46960806 termes non nuls si elle
n'est pas symétrique.
  Soit un taux de remplissage de   0.023 %.
Il n'y a pas d'état initial défini. On prend un état initial nul.
Le champ <DEPL> est initialisé a zéro
Le champ <SIEF_ELGA> est initialisé a zéro
Le champ <VARI_ELGA> est initialisé a zéro
Archivage de l'état initial
Archivage des champs

Champ stocké <DEPL> à l'instant  0.000000000000e+00 pour le numéro d'ordre 0
Champ stocké <SIEF_ELGA> à l'instant  0.000000000000e+00 pour le numéro d'ordre 0
Champ stocké <VARI_ELGA> à l'instant  0.000000000000e+00 pour le numéro d'ordre 0
Champ stocké <COMPORTEMENT> à l'instant  0.000000000000e+00 pour le numéro d'ordre 0
---------------------------------------------------------------------
Instant de calcul:  3.000000000000e-02 - Niveau de découpe: 1

---------------------------------------------------------------------
|     NEWTON     |     RESIDU     |     RESIDU     |     OPTION     |
|    ITERATION   |     RELATIF    |     ABSOLU     |   ASSEMBLAGE   |
|                | RESI_GLOB_RELA | RESI_GLOB_MAXI |(+ TYPE MATRICE)|
---------------------------------------------------------------------

 ╔================================================================================================╗
 ║ <A> <FACTOR_75>                                                                                ║
 ║                                                                                                ║
 ║ Attention, vous avez demandé un calcul OUT_OF_CORE, mais MUMPS estime avoir besoin pour cela   ║
 ║ d'au moins                                                                                     ║
 ║   4131 Mo  alors qu'il n'y a que 343 Mo de disponible sur ce processeur !                      ║
 ║   Le calcul pourrait donc être ralenti ou s'arrêter pour cette raison.                         ║
 ║                                                                                                ║
 ║   Pour information: mémoire déjà pré-allouée par MUMPS (exécutable, matrice...)= 567 Mo,       ║
 ║                     nombre de systèmes linéaires à factoriser en même temps    = 1.            ║
 ║                                                                                                ║
 ║ Conseils :                                                                                     ║
 ║   La prochaine fois, relancez avec plus de mémoire globale ou avec une option de calcul plus   ║
 ║ économe                                                                                        ║
 ║   (par ordre décroissant d'efficacité):                                                        ║
 ║    - Si le calcul est parallèle, réduisez la consommation MUMPS en augmentant le nombre de     ║
 ║ processeurs,                                                                                   ║
 ║    - Si le calcul est parallèle, réduisez la consommation Aster en activant l'option           ║
 ║ SOLVEUR/MATR_DISTRIBUEE,                                                                       ║
 ║   Ou, plus radicalement:                                                                       ║
 ║    - Utilisez un solveur moins exigeant en mémoire (par exemple: SOLVEUR/METHODE='PETSC' +     ║
 ║ PRECOND='LDLT_SP').                                                                            ║
 ║                                                                                                ║
 ║                                                                                                ║
 ║ Ceci est une alarme. Si vous ne comprenez pas le sens de cette                                 ║
 ║ alarme, vous pouvez obtenir des résultats inattendus !                                         ║
 ╚================================================================================================╝

|     0        X | 3.44503E-01  X | 3.88993E+02    |TANGENTE (NOSYM)|

 ╔================================================================================================╗
 ║ <A> <FACTOR_75>                                                                                ║
 ║                                                                                                ║
 ║ Attention, vous avez demandé un calcul OUT_OF_CORE, mais MUMPS estime avoir besoin pour cela   ║
 ║ d'au moins                                                                                     ║
 ║   4133 Mo  alors qu'il n'y a que 129 Mo de disponible sur ce processeur !                      ║
 ║   Le calcul pourrait donc être ralenti ou s'arrêter pour cette raison.                         ║
 ║                                                                                                ║
 ║   Pour information: mémoire déjà pré-allouée par MUMPS (exécutable, matrice...)= 568 Mo,       ║
 ║                     nombre de systèmes linéaires à factoriser en même temps    = 1.            ║
 ║                                                                                                ║
 ║ Conseils :                                                                                     ║
 ║   La prochaine fois, relancez avec plus de mémoire globale ou avec une option de calcul plus   ║
 ║ économe                                                                                        ║
 ║   (par ordre décroissant d'efficacité):                                                        ║
 ║    - Si le calcul est parallèle, réduisez la consommation MUMPS en augmentant le nombre de     ║
 ║ processeurs,                                                                                   ║
 ║    - Si le calcul est parallèle, réduisez la consommation Aster en activant l'option           ║
 ║ SOLVEUR/MATR_DISTRIBUEE,                                                                       ║
 ║   Ou, plus radicalement:                                                                       ║
 ║    - Utilisez un solveur moins exigeant en mémoire (par exemple: SOLVEUR/METHODE='PETSC' +     ║
 ║ PRECOND='LDLT_SP').                                                                            ║
 ║                                                                                                ║
 ║                                                                                                ║
 ║ Ceci est une alarme. Si vous ne comprenez pas le sens de cette                                 ║
 ║ alarme, vous pouvez obtenir des résultats inattendus !                                         ║
 ╚================================================================================================╝

|     1        X | 8.45821E-01  X | 8.68815E+02    |TANGENTE (NOSYM)|

 ╔================================================================================================╗
 ║ <A> <FACTOR_75>                                                                                ║
 ║                                                                                                ║
 ║ Attention, vous avez demandé un calcul OUT_OF_CORE, mais MUMPS estime avoir besoin pour cela   ║
 ║ d'au moins                                                                                     ║
 ║   4133 Mo  alors qu'il n'y a que 128 Mo de disponible sur ce processeur !                      ║
 ║   Le calcul pourrait donc être ralenti ou s'arrêter pour cette raison.                         ║
 ║                                                                                                ║
 ║   Pour information: mémoire déjà pré-allouée par MUMPS (exécutable, matrice...)= 568 Mo,       ║
 ║                     nombre de systèmes linéaires à factoriser en même temps    = 1.            ║
 ║                                                                                                ║
 ║ Conseils :                                                                                     ║
 ║   La prochaine fois, relancez avec plus de mémoire globale ou avec une option de calcul plus   ║
 ║ économe                                                                                        ║
 ║   (par ordre décroissant d'efficacité):                                                        ║
 ║    - Si le calcul est parallèle, réduisez la consommation MUMPS en augmentant le nombre de     ║
 ║ processeurs,                                                                                   ║
 ║    - Si le calcul est parallèle, réduisez la consommation Aster en activant l'option           ║
 ║ SOLVEUR/MATR_DISTRIBUEE,                                                                       ║
 ║   Ou, plus radicalement:                                                                       ║
 ║    - Utilisez un solveur moins exigeant en mémoire (par exemple: SOLVEUR/METHODE='PETSC' +     ║
 ║ PRECOND='LDLT_SP').                                                                            ║
 ║                                                                                                ║
 ║                                                                                                ║
 ║ Ceci est une alarme. Si vous ne comprenez pas le sens de cette                                 ║
 ║ alarme, vous pouvez obtenir des résultats inattendus !                                         ║
 ╚================================================================================================╝

|     2        X | 8.93483E+00  X | 9.50125E+03    |TANGENTE (NOSYM)|

 ╔================================================================================================╗
 ║ <A> <FACTOR_75>                                                                                ║
 ║                                                                                                ║
 ║ Attention, vous avez demandé un calcul OUT_OF_CORE, mais MUMPS estime avoir besoin pour cela   ║
 ║ d'au moins                                                                                     ║
 ║   4133 Mo  alors qu'il n'y a que 128 Mo de disponible sur ce processeur !                      ║
 ║   Le calcul pourrait donc être ralenti ou s'arrêter pour cette raison.                         ║
 ║                                                                                                ║
 ║   Pour information: mémoire déjà pré-allouée par MUMPS (exécutable, matrice...)= 568 Mo,       ║
 ║                     nombre de systèmes linéaires à factoriser en même temps    = 1.            ║
 ║                                                                                                ║
 ║ Conseils :                                                                                     ║
 ║   La prochaine fois, relancez avec plus de mémoire globale ou avec une option de calcul plus   ║
 ║ économe                                                                                        ║
 ║   (par ordre décroissant d'efficacité):                                                        ║
 ║    - Si le calcul est parallèle, réduisez la consommation MUMPS en augmentant le nombre de     ║
 ║ processeurs,                                                                                   ║
 ║    - Si le calcul est parallèle, réduisez la consommation Aster en activant l'option           ║
 ║ SOLVEUR/MATR_DISTRIBUEE,                                                                       ║
 ║   Ou, plus radicalement:                                                                       ║
 ║    - Utilisez un solveur moins exigeant en mémoire (par exemple: SOLVEUR/METHODE='PETSC' +     ║
 ║ PRECOND='LDLT_SP').                                                                            ║
 ║                                                                                                ║
 ║                                                                                                ║
 ║ Ceci est une alarme. Si vous ne comprenez pas le sens de cette                                 ║
 ║ alarme, vous pouvez obtenir des résultats inattendus !                                         ║
 ╚================================================================================================╝

|     3        X | 5.36797E-01  X | 5.17616E+02    |TANGENTE (NOSYM)|

 ╔================================================================================================╗
 ║ <A> <FACTOR_75>                                                                                ║
 ║                                                                                                ║
 ║ Attention, vous avez demandé un calcul OUT_OF_CORE, mais MUMPS estime avoir besoin pour cela   ║
 ║ d'au moins                                                                                     ║
 ║   4132 Mo  alors qu'il n'y a que 129 Mo de disponible sur ce processeur !                      ║
 ║   Le calcul pourrait donc être ralenti ou s'arrêter pour cette raison.                         ║
 ║                                                                                                ║
 ║   Pour information: mémoire déjà pré-allouée par MUMPS (exécutable, matrice...)= 568 Mo,       ║
 ║                     nombre de systèmes linéaires à factoriser en même temps    = 1.            ║
 ║                                                                                                ║
 ║ Conseils :                                                                                     ║
 ║   La prochaine fois, relancez avec plus de mémoire globale ou avec une option de calcul plus   ║
 ║ économe                                                                                        ║
 ║   (par ordre décroissant d'efficacité):                                                        ║
 ║    - Si le calcul est parallèle, réduisez la consommation MUMPS en augmentant le nombre de     ║
 ║ processeurs,                                                                                   ║
 ║    - Si le calcul est parallèle, réduisez la consommation Aster en activant l'option           ║
 ║ SOLVEUR/MATR_DISTRIBUEE,                                                                       ║
 ║   Ou, plus radicalement:                                                                       ║
 ║    - Utilisez un solveur moins exigeant en mémoire (par exemple: SOLVEUR/METHODE='PETSC' +     ║
 ║ PRECOND='LDLT_SP').                                                                            ║
 ║                                                                                                ║
 ║                                                                                                ║
 ║ Ceci est une alarme. Si vous ne comprenez pas le sens de cette                                 ║
 ║ alarme, vous pouvez obtenir des résultats inattendus !                                         ║
 ╚================================================================================================╝


 ╔================================================================================================╗
 ║ <A> <CATAMESS_41>                                                                              ║
 ║                                                                                                ║
 ║ Le message d'alarme 'FACTOR_75' a été émis 5 fois, il ne sera plus affiché.                    ║
 ║                                                                                                ║
 ║                                                                                                ║
 ║ Ceci est une alarme. Si vous ne comprenez pas le sens de cette                                 ║
 ║ alarme, vous pouvez obtenir des résultats inattendus !                                         ║
 ╚================================================================================================╝

|     4        X | 6.89353E-01  X | 6.17636E+02    |TANGENTE (NOSYM)|
|     5        X | 1.58726E-01  X | 1.41218E+02    |TANGENTE (NOSYM)|
|     6        E |              X |                |TANGENTE (NOSYM)|
---------------------------------------------------------------------
<Erreur> Échec dans l'intégration de la loi de comportement

<Action> On essaie de découper le pas de temps.

On utilise la découpe manuelle.
Découpe uniforme à partir de l'instant  0.000000000000e+00 en 2 pas de temps.
(soit un incrément constant de  1.500000000000e-02)
<Action> On découpe le pas de temps.
Temps CPU consommé dans ce pas de temps    : 16 min 39 s

* Nombre d'itérations de Newton                     : 7
* Temps total intégration comportement              : 54.815 s (8 intégrations)
* Temps total factorisation matrice                 : 12 min 53 s (7 factorisations)
* Temps construction second membre                  : 0.757 s
* Temps total résolution K.U=F                      : 1 min 41 s (7 résolutions)
* Temps assemblage matrice                          : 0.000 s
* Temps autres opérations                           : 1 min  8 s
Mémoire (Mo) :  7814.96 /  3787.71 /  3137.27 /   851.30 (VmPeak / VmSize / Optimum / Minimum)

---------------------------------------------------------------------
Instant de calcul:  1.500000000000e-02 - Niveau de découpe: 2

---------------------------------------------------------------------
|     NEWTON     |     RESIDU     |     RESIDU     |     OPTION     |
|    ITERATION   |     RELATIF    |     ABSOLU     |   ASSEMBLAGE   |
|                | RESI_GLOB_RELA | RESI_GLOB_MAXI |(+ TYPE MATRICE)|
---------------------------------------------------------------------
|     0        X | 3.09048E-01  X | 1.74480E+02    |TANGENTE (NOSYM)|
|     1        X | 6.70474E-01  X | 3.62510E+02    |TANGENTE (NOSYM)|
|     2        X | 6.92135E-01  X | 3.47561E+02    |TANGENTE (NOSYM)|
|     3        X | 1.12058E-01  X | 5.54296E+01    |TANGENTE (NOSYM)|
|     4        X | 1.42423E-02  X | 6.90962E+00    |TANGENTE (NOSYM)|
|     5        X | 3.40471E-03  X | 1.64896E+00    |TANGENTE (NOSYM)|
|     6          | 8.18212E-05    | 3.96220E-02    |TANGENTE (NOSYM)|
---------------------------------------------------------------------
Critère(s) de convergence atteint(s)

Le résidu de type <RESI_GLOB_RELA> vaut  8.182122209900e-05 au noeud et degré de liberté <11875  
DZ>
Temps CPU consommé dans ce pas de temps    : 15 min 56 s

* Nombre d'itérations de Newton                     : 7
* Temps total intégration comportement              : 42.734 s (8 intégrations)
* Temps total factorisation matrice                 : 12 min 20 s (7 factorisations)
* Temps construction second membre                  : 0.805 s
* Temps total résolution K.U=F                      : 1 min 45 s (7 résolutions)
* Temps assemblage matrice                          : 0.000 s
* Temps autres opérations                           : 1 min  7 s
Mémoire (Mo) :  7814.96 /  3786.54 /  3137.27 /   851.30 (VmPeak / VmSize / Optimum / Minimum)

Archivage des champs

Champ stocké <DEPL> à l'instant  1.500000000000e-02 pour le numéro d'ordre 1
Champ stocké <SIEF_ELGA> à l'instant  1.500000000000e-02 pour le numéro d'ordre 1
Champ stocké <VARI_ELGA> à l'instant  1.500000000000e-02 pour le numéro d'ordre 1
Champ stocké <COMPORTEMENT> à l'instant  1.500000000000e-02 pour le numéro d'ordre 1
[ 50%] Instant calculé : 1.50000e-02, dernier instant archivé : 1.50000e-02, au numéro d'ordre :    
1
---------------------------------------------------------------------
Instant de calcul:  3.000000000000e-02 - Niveau de découpe: 2

---------------------------------------------------------------------
|     NEWTON     |     RESIDU     |     RESIDU     |     OPTION     |
|    ITERATION   |     RELATIF    |     ABSOLU     |   ASSEMBLAGE   |
|                | RESI_GLOB_RELA | RESI_GLOB_MAXI |(+ TYPE MATRICE)|
---------------------------------------------------------------------
|     0        X | 3.46539E-02  X | 3.26737E+01    |TANGENTE (NOSYM)|
|     1        X | 6.95987E-03  X | 6.30730E+00    |TANGENTE (NOSYM)|
|     2        X | 1.70065E-03  X | 1.53453E+00    |TANGENTE (NOSYM)|
|     3        X | 1.99446E-04  X | 1.79896E-01    |TANGENTE (NOSYM)|
|     4          | 3.43701E-07    | 3.10006E-04    |TANGENTE (NOSYM)|
---------------------------------------------------------------------
Critère(s) de convergence atteint(s)

Le résidu de type <RESI_GLOB_RELA> vaut  3.437007453936e-07 au noeud et degré de liberté <707    
DY>
Temps CPU consommé dans ce pas de temps    : 11 min 34 s

* Nombre d'itérations de Newton                     : 5
* Temps total intégration comportement              : 32.083 s (6 intégrations)
* Temps total factorisation matrice                 : 8 min 48 s (5 factorisations)
* Temps construction second membre                  : 0.869 s
* Temps total résolution K.U=F                      : 1 min 24 s (5 résolutions)
* Temps assemblage matrice                          : 0.000 s
* Temps autres opérations                           : 48.333 s
Mémoire (Mo) :  7880.00 /  3854.12 /  3203.25 /   851.30 (VmPeak / VmSize / Optimum / Minimum)

Archivage des champs

Champ stocké <DEPL> à l'instant  3.000000000000e-02 pour le numéro d'ordre 2
Champ stocké <SIEF_ELGA> à l'instant  3.000000000000e-02 pour le numéro d'ordre 2
Champ stocké <VARI_ELGA> à l'instant  3.000000000000e-02 pour le numéro d'ordre 2
Champ stocké <COMPORTEMENT> à l'instant  3.000000000000e-02 pour le numéro d'ordre 2
[100%] Instant calculé : 3.00000e-02, dernier instant archivé : 3.00000e-02, au numéro d'ordre :    
2
Temps CPU consommé dans le calcul          : 44 min 10 s

dont temps CPU "perdu" dans les découpes            : 16 min 39 s
* Nombre de pas de temps                            : 3
* Nombre d'itérations de Newton                     : 19
* Temps dans l'archivage                            : 0.097 s
* Temps dans le post-traitement                     : 0.000 s
* Temps total intégration comportement              : 2 min  9 s (22 intégrations)
* Temps total factorisation matrice                 : 34 min  3 s (19 factorisations)
* Temps construction second membre                  : 2.431 s
* Temps total résolution K.U=F                      : 4 min 51 s (19 résolutions)
* Temps assemblage matrice                          : 0.000 s
#1      Resolution des systemes lineaires                 CPU (USER+SYST/SYST/ELAPS):   7811.55   1112.69   2340.48
#2      Calculs elementaires et assemblages               CPU (USER+SYST/SYST/ELAPS):    298.35     32.72    301.62
# Résultat commande #0018 (STAT_NON_LINE): res ('<0000000e>') de type <NonLinearResult>
# Mémoire (Mo) :  7880.00 /  1894.63 /  3203.25 /   851.30 (VmPeak / VmSize / Optimum / Minimum)
# Fin commande #0018   user+syst:     6999.29s (syst:     1154.25s, elaps:     2663.93s)
# ----------------------------------------------------------------------------------------------

.. _stg1_txt184
# ----------------------------------------------------------------------------------------------
# Commande #0019 de
/root/mm/envs/aster/lib/python3.14/site-packages/code_aster/Supervis/ExecuteCommand.py, ligne 184
CALC_CHAMP(CRITERE='RELATIF',
           FORCE='REAC_NODA',
           INFO=1,
           INST=0.03,
           PARALLELISME_TEMPS='NON',
           PRECISION=1e-06,
           RESULTAT=res)

Le système linéaire à résoudre a 455904 degrés de liberté:
   - 438438 sont des degrés de liberté physiques
     (ils sont portés par 135682 noeuds du maillage)
   - 17466 sont les couples de paramètres de Lagrange associés
     aux 8733 relations linéaires dualisées.
#2      Calculs elementaires et assemblages               CPU (USER+SYST/SYST/ELAPS):      0.61      0.01      0.61
# Résultat commande #0019 (CALC_CHAMP): '<0000000f>' de type <NonLinearResult>
# Dépend de :
# - model ('<00000002>') de type <Model>
# - fmat ('<00000008>') de type <MaterialField>
# Mémoire (Mo) :  7880.00 /  1894.63 /  3203.25 /   851.30 (VmPeak / VmSize / Optimum / Minimum)
# Fin commande #0019   user+syst:        0.95s (syst:        0.01s, elaps:        0.96s)
# ----------------------------------------------------------------------------------------------

.. _stg1_txt53
# ----------------------------------------------------------------------------------------------
# Commande #0020 de /home/user/aas-corner-fe/wd/v8c100_V/v8c100_V_s00.comm.changed.py, ligne 53
tb = POST_RELEVE_T(ACTION=_F(CRITERE='RELATIF',
                             FORMAT_C='MODULE',
                             GROUP_NO='HEADT',
                             INST=0.03,
                             INTITULE='R',
                             MOYE_NOEUD='OUI',
                             NOM_CHAM='REAC_NODA',
                             OPERATION='EXTRACTION',
                             PRECISION=1e-06,
                             REPERE='GLOBAL',
                             RESULTANTE='DX',
                             RESULTAT=r2),
                   INFO=1)

# Résultat commande #0020 (POST_RELEVE_T): tb ('<00000010>') de type <Table>
# Mémoire (Mo) :  7880.00 /  1894.63 /  3203.25 /   851.30 (VmPeak / VmSize / Optimum / Minimum)
# Fin commande #0020   user+syst:        0.03s (syst:        0.00s, elaps:        0.01s)
# ----------------------------------------------------------------------------------------------

.. _stg1_txt53
# ----------------------------------------------------------------------------------------------
# Commande #0021 de /home/user/aas-corner-fe/wd/v8c100_V/v8c100_V_s00.comm.changed.py, ligne 53
tb = POST_RELEVE_T(ACTION=_F(CRITERE='RELATIF',
                             FORMAT_C='MODULE',
                             GROUP_NO='HEADV',
                             INST=0.03,
                             INTITULE='R',
                             MOYE_NOEUD='OUI',
                             NOM_CHAM='REAC_NODA',
                             OPERATION='EXTRACTION',
                             PRECISION=1e-06,
                             REPERE='GLOBAL',
                             RESULTANTE='DX',
                             RESULTAT=r2),
                   INFO=1)

# Résultat commande #0021 (POST_RELEVE_T): tb ('<00000011>') de type <Table>
# Mémoire (Mo) :  7880.00 /  1894.63 /  3203.25 /   851.30 (VmPeak / VmSize / Optimum / Minimum)
# Fin commande #0021   user+syst:        0.03s (syst:        0.00s, elaps:        0.00s)
# ----------------------------------------------------------------------------------------------

.. _stg1_txt58
# ----------------------------------------------------------------------------------------------
# Commande #0022 de /home/user/aas-corner-fe/wd/v8c100_V/v8c100_V_s00.comm.changed.py, ligne 58
DETRUIRE(INFO=1,
         NOM=r2)

# Mémoire (Mo) :  7880.00 /  1894.63 /  3203.25 /   851.30 (VmPeak / VmSize / Optimum / Minimum)
# Fin commande #0022   user+syst:        0.32s (syst:        0.00s, elaps:        0.08s)
# ----------------------------------------------------------------------------------------------
/home/user/aas-corner-fe/wd/v8c100_V/v8c100_V_s00.comm.changed.py:75: ResourceWarning: unclosed file <_io.TextIOWrapper name='/home/user/aas-corner-fe/jobs/../results/v8c100_V.curve' mode='a' encoding='UTF-8'>
  open(CURVE,'a').write('CURVE %g %g %g %g\n'%(tcur,tot,v['HEADT'],v['HEADV']))
AASCURVE 0.03 9774.29 8.82492e-13 9774.29

.. _stg1_txt76
# ----------------------------------------------------------------------------------------------
# Commande #0023 de /root/mm/envs/aster/lib/python3.14/site-packages/code_aster/CodeCommands/fin.py,
ligne 76
FIN(INFO_RESU='NON',
    RETASSAGE='NON')

Saving objects...
pi                       <class 'float'>
e                        <class 'float'>
tau                      <class 'float'>
inf                      <class 'float'>
nan                      <class 'float'>
mesh                     <class 'libaster.Mesh'>
model                    <class 'libaster.Model'>
mat                      <class 'libaster.Material'>
matH                     <class 'libaster.Material'>
matHH                    <class 'libaster.Material'>
stl                      <class 'libaster.Material'>
slvm                     <class 'libaster.Material'>
fmat                     <class 'libaster.MaterialField'>
fix                      <class 'libaster.MechanicalLoadReal'>
grp                      <class 'list'>
load                     <class 'libaster.MechanicalLoadReal'>
ramp                     <class 'libaster.Function'>
steps                    <class 'libaster.ListOfFloats'>
times                    <class 'libaster.TimesList'>
LOADS                    <class 'str'>
CURVE                    <class 'str'>
common                   <class 'dict'>
tcur                     <class 'float'>
peak                     <class 'float'>
stopped                  <class 'bool'>
TARGETS                  <class 'list'>
tn                       <class 'float'>
res                      <class 'libaster.NonLinearResult'>
v                        <class 'dict'>
tot                      <class 'float'>

 ╔================================================================================================╗
 ║ <I> <CATAMESS_89>                                                                              ║
 ║                                                                                                ║
 ║ Liste des alarmes émises lors de l'exécution du calcul.                                        ║
 ║                                                                                                ║
 ║     Les alarmes que vous avez choisies d'ignorer sont précédées de (*).                        ║
 ║     Nombre d'occurrences pour chacune des alarmes :                                            ║
 ║            FACTOR_75            émise   19 fois                                                ║
 ╚================================================================================================╝

 ---------------------------------------------------------------------------
 Concepts de la base: G
    Nom        Type                Taille (Mo)         Nombre      Nombre de
                                                     d'objets       segments
    TOTAL                               322.30            405            600
  
    00000001   MAILLAGE_SDASTER          14.63             34             70
    00000002   MODELE_SDASTER            14.45             11             16
    00000003   MATER_SDASTER              0.00             15             15
    00000004   MATER_SDASTER              0.00             15             15
    00000005   MATER_SDASTER              0.00              7              7
    00000006   MATER_SDASTER              0.00              7              7
    00000007   MATER_SDASTER              0.00              7              7
    00000008   CHAM_MATER                 1.17              8             13
    00000009   CHAR_MECA                 15.45             56             76
    0000000a   CHAR_MECA                 11.40             56             76
    0000000b   FONCTION_SDASTER           0.00              3              3
    0000000c   LISTR8_SDASTER             0.00              6              6
    0000000d   LIST_INST                  0.00              8              8
    0000000e   EVOL_NOLI                227.61            123            159
    &FOZERO                               0.00              2              2
    &&_NUM_C                              0.00              1              1
    &CATA                                37.45             42            103
    &&NMDOME                              0.00              2              2
    0000000f                              0.13              2             14
 (*) sous-objets non accessible directement
 ---------------------------------------------------------------------------
Nom de la base                          :  GLOBALE
     Nombre d'enregistrements utilisés       :  539
     Nombre d'enregistrements maximum        :  2684354
     Nombre d'enregistrements par fichier    :  15728
     Longueur d'enregistrement (octets)      :  819200
     Nombre total d'accès en lecture         :  196
     Volume des accès en lecture             :        153.12 Mo.
     Nombre total d'accès en écriture        :  761
     Volume des accès en écriture            :        594.53 Mo.
     Nombre d'identificateurs utilisés       :  653
     Taille maximum du répertoire            :  2000
     Pourcentage d'utilisation du répertoire :  32 %

Nom de la base                          :  VOLATILE
     Nombre d'enregistrements utilisés       :  692
     Nombre d'enregistrements maximum        :  2684354
     Nombre d'enregistrements par fichier    :  15728
     Longueur d'enregistrement (octets)      :  819200
     Nombre total d'accès en lecture         :  2178
     Volume des accès en lecture             :       1701.56 Mo.
     Nombre total d'accès en écriture        :  9228
     Volume des accès en écriture            :       7209.38 Mo.
     Nombre d'identificateurs utilisés       :  1062
     Taille maximum du répertoire            :  2000
     Pourcentage d'utilisation du répertoire :  53 %

<I> <FIN> ARRET NORMAL DANS "FIN" PAR APPEL A "JEFINI".
  
 <I> <FIN> MEMOIRE JEVEUX MINIMALE REQUISE POUR L'EXECUTION :                     851.30 Mo
 <I> <FIN> MEMOIRE JEVEUX OPTIMALE REQUISE POUR L'EXECUTION :                    3203.25 Mo
 <I> <FIN> MAXIMUM DE MEMOIRE UTILISEE PAR LE PROCESSUS LORS DE L'EXECUTION :    7880.00 Mo
  
 <I>       FERMETURE DES BASES EFFECTUEE
  
   STATISTIQUES CONCERNANT L'ALLOCATION DYNAMIQUE :
     TAILLE CUMULEE MAXIMUM            :                 3203  Mo.
     TAILLE CUMULEE LIBEREE            :                 7173  Mo.
     NOMBRE TOTAL D'ALLOCATIONS        :              4837091
     NOMBRE TOTAL DE LIBERATIONS       :              4837071
     APPELS AU MECANISME DE LIBERATION :                    0
     TAILLE MEMOIRE CUMULEE RECUPEREE  :                 8721  Mo.
     VOLUME DES LECTURES               :                    0  Mo.
     VOLUME DES ECRITURES              :                 6990  Mo.
  
   MEMOIRE JEVEUX MINIMALE REQUISE POUR L'EXECUTION :     851.30 Mo
     - IMPOSE DE NOMBREUX ACCES DISQUE
     - RALENTIT LA VITESSE D'EXECUTION
   MEMOIRE JEVEUX OPTIMALE REQUISE POUR L'EXECUTION :    3203.25 Mo
     - LIMITE LES ACCES DISQUE
     - AMELIORE LA VITESSE D'EXECUTION
   MAXIMUM DE MEMOIRE UTILISEE PAR LE PROCESSUS     :    7880.00 Mo
     - COMPREND LA MEMOIRE CONSOMMEE PAR  JEVEUX, 
       LE SUPERVISEUR PYTHON, LES LIBRAIRIES EXTERNES
  
 <I>       FIN D'EXECUTION LE : LU-28-SEPT-2026 00:37:01
Signature of pickled file   : f98f1d34449bc2292d82c236c0de8156f26829983882886b9e6e1b83cd07c892
Signature of info file      : d28609a40e64d85a36b6330bc32d7d8f6c5c15c0623eaca4ed196a7e0fe7f5b7
Signature of Jeveux database: 3685dc6c1aee0fc8a7c39a639a1174a301a708bffdaf81de416902c4c7c483dd

 ********************************************************************************
 * COMMAND                  :       USER :     SYSTEM :   USER+SYS :    ELAPSED *
 ********************************************************************************
 * DEBUT                    :       0.04 :       2.12 :       2.16 :       2.18 *
 * LIRE_MAILLAGE            :       1.32 :       2.53 :       3.85 :       3.87 *
 * DEFI_GROUP               :       0.01 :       0.00 :       0.01 :       0.01 *
 * AFFE_MODELE              :       0.55 :       0.01 :       0.56 :       0.56 *
 * DEFI_MATER_GC            :       0.01 :       0.00 :       0.01 :       0.01 *
 * DEFI_MATER_GC            :       0.01 :       0.00 :       0.01 :       0.01 *
 * DEFI_MATERIAU            :       0.00 :       0.00 :       0.00 :       0.00 *
 * DEFI_MATERIAU            :       0.00 :       0.00 :       0.00 :       0.00 *
 * DEFI_MATERIAU            :       0.01 :       0.00 :       0.01 :       0.01 *
 * AFFE_MATERIAU            :       0.01 :       0.00 :       0.01 :       0.01 *
 * AFFE_CHAR_MECA           :       0.08 :       0.00 :       0.08 :       0.09 *
 * AFFE_CHAR_MECA           :       0.01 :       0.01 :       0.02 :       0.01 *
 * DEFI_FONCTION            :       0.00 :       0.00 :       0.00 :       0.00 *
 * DEFI_LIST_REEL           :       0.00 :       0.00 :       0.00 :       0.00 *
 * DEFI_LIST_INST           :       0.01 :       0.01 :       0.02 :       0.01 *
 * STAT_NON_LINE            :    6999.29 :    1154.25 :    8153.54 :    2663.93 *
 * CALC_CHAMP               :       0.95 :       0.01 :       0.96 :       0.96 *
 * POST_RELEVE_T            :       0.03 :       0.00 :       0.03 :       0.01 *
 * POST_RELEVE_T            :       0.03 :       0.00 :       0.03 :       0.00 *
 * DETRUIRE                 :       0.32 :       0.00 :       0.32 :       0.08 *
 * FIN                      :       0.25 :       0.29 :       0.54 :       0.73 *
 *  . sdveri                :       0.00 :       0.00 :       0.00 :       0.00 *
 *  . check syntax          :       0.12 :       0.00 :       0.12 :       0.13 *
 *  . fortran               :    7001.07 :    1156.68 :    8157.75 :    2668.34 *
 *  . cleanup               :       0.00 :       0.00 :       0.00 :       0.00 *
 ********************************************************************************
 * TOTAL_JOB                :    7003.33 :    1159.31 :    8162.64 :    2672.71 *
 ********************************************************************************

# Mémoire (Mo) :  7880.00 /  1421.89 /  3203.25 /   851.30 (VmPeak / VmSize / Optimum / Minimum)
# Fin commande #0023   user+syst:        0.25s (syst:        0.29s, elaps:        0.73s)
# ----------------------------------------------------------------------------------------------

EXECUTION_CODE_ASTER_EXIT_1536=0


saving result databases to 'BASE_PREC'...
execution ended (command file #1): <A>_ALARM
Running: /root/mm/envs/aster/bin/run_aster -w /home/user/aas-corner-fe/wd/v8c100_V --status-file /root/.tmp_run_aster/run_aster_w5o6fgtn/__status__ --no-mpi /root/.tmp_run_aster/run_aster_w5o6fgtn/v8c100_V.1

# ------------------------------------------------------------------------------
Execution of code_aster

# ------------------------------------------------------------------------------
Prepare environment in /home/user/aas-corner-fe/wd/v8c100_V

# ------------------------------------------------------------------------------
Command file #2 / 25

Content of the file to execute:
# coding=utf-8
# original filename
__file__ = r"/home/user/aas-corner-fe/jobs/v8c100_V_s01.comm"


# temporarly added for compatibility with code_aster legacy
from math import *

import code_aster
from code_aster.Commands import *
from code_aster import CA

POURSUITE(LANG='EN', PAR_LOT='NON')

LOADS='V'
CURVE='/home/user/aas-corner-fe/jobs/../results/v8c100_V.curve'
common=dict(MODELE=model, CHAM_MATER=fmat, EXCIT=(_F(CHARGE=fix), _F(CHARGE=load, FONC_MULT=ramp)),
        COMPORTEMENT=(_F(RELATION='ENDO_FISS_EXP', GROUP_MA=('CONC','HZ')), _F(RELATION='ELAS', GROUP_MA=('STEEL','SLV','HZH'))),
        NEWTON=_F(MATRICE='TANGENTE', REAC_ITER=1),
        CONVERGENCE=_F(RESI_GLOB_RELA=1.E-4, ITER_GLOB_MAXI=50), ARCHIVAGE=_F(PAS_ARCH=1), SOLVEUR=_F(METHODE='MUMPS', GESTION_MEMOIRE='OUT_OF_CORE', NPREC=10))
import os, re
tcur=0.0; peak=0.0; stopped=False
if os.path.exists(CURVE):
    for line in open(CURVE):
        m=re.match(r'CURVE\s+(\S+)\s+(\S+)', line)
        if m:
            tcur=max(tcur, float(m.group(1))); peak=max(peak, float(m.group(2)))
        if line.startswith('STOP'): stopped=True
def reac(res, t):
    r2=CALC_CHAMP(RESULTAT=res, FORCE='REAC_NODA', INST=t)
    vals={}
    for g in ('HEADT','HEADV'):
        try:
            tb=POST_RELEVE_T(ACTION=_F(OPERATION='EXTRACTION', INTITULE='R', RESULTAT=r2, NOM_CHAM='REAC_NODA',
                                       GROUP_NO=g, RESULTANTE='DX', INST=t)).EXTR_TABLE().values()
            vals[g]=-tb['DX'][-1]*2
        except Exception:
            vals[g]=0.
    DETRUIRE(NOM=r2)
    return vals
TARGETS=[0.06]
for tn in TARGETS:
    if stopped or tn <= tcur+1e-9: continue
    try:
        if tcur < 1e-12 and '0'=='1':
            res=STAT_NON_LINE(INCREMENT=_F(LIST_INST=times, INST_FIN=tn), **common)
        else:
            res=STAT_NON_LINE(reuse=res, ETAT_INIT=_F(EVOL_NOLI=res), INCREMENT=_F(LIST_INST=times, INST_FIN=tn), **common)
    except Exception as exc:
        print('AASSTOP at', tcur, exc, flush=True)
        open(CURVE,'a').write('STOP solver %g\n'%tcur); stopped=True; break
    tcur=tn
    v=reac(res, tcur)
    tot=(v['HEADT'] if 'T' in LOADS else 0.)+(v['HEADV'] if 'V' in LOADS else 0.)
    peak=max(peak, tot)
    open(CURVE,'a').write('CURVE %g %g %g %g\n'%(tcur,tot,v['HEADT'],v['HEADV']))
    print('AASCURVE %g %g %g %g'%(tcur,tot,v['HEADT'],v['HEADV']), flush=True)
    if tot < 0.9*peak:
        open(CURVE,'a').write('STOP peak %g\n'%peak); stopped=True; break
FIN()



# ------------------------------------------------------------------------------
Command line #2:
    ulimit -c unlimited ; ulimit -t 100000 ; ( /root/mm/envs/aster/bin/python3 "v8c100_V_s01.comm.changed.py" --memory 3000.0 --numthreads 4 --tpmax 20000 ; echo $? > _exit_code_ ) 2>&1 | tee -a fort.6
setting '--memory' value to 2700.00 MB (keyword RESERVE_MEMOIRE)
Ouverture en écriture du fichier ./vola.1

<INFO> Démarrage de l'exécution.

                       -- CODE_ASTER -- VERSION : DÉVELOPPEMENT (unstable) --                       
                               Version 18.1.6 modifiée le 14/09/2026                                
                                    révision n/a - branche 'n/a'                                    
                                     Copyright EDF 1991 - 2026                                      
                                                                                                    
                              Exécution du : Mon Sep 28 00:37:03 2026                               
                                       Nom de la machine : vm                                       
                                        Architecture : 64bit                                        
                                    Type de processeur : x86_64                                     
                Système d'exploitation : Linux-6.18.44-fc-v37-x86_64-with-glibc2.39                 
                                  Langue des messages : C (UTF-8)                                   
                                     Version de Python : 3.14.7                                     
                                      Version de NumPy : 2.5.3                                      
                                  Version de MEDCoupling : 9.16.0                                   
                                     Parallélisme MPI : inactif                                     
                                    Parallélisme OpenMP : actif                                     
                              Nombre de processus OpenMP utilisés : 4                               
                                Version de la librairie HDF5 : 2.2.0                                
                                Version de la librairie MED : 4.2.0                                 
                               Version de la librairie MFront : 5.1.0                               
                               Version de la librairie MUMPS : 5.8.2                                
                                  Librairie PETSc : non disponible                                  
                              Version de la librairie SCOTCH : 7.0.11                               

restarting from a previous execution...
/home/user/aas-corner-fe/wd/v8c100_V/v8c100_V_s01.comm.changed.py:13: DeprecationWarning: This feature is obsolete, 'PAR_LOT' has been removed.
  POURSUITE(LANG='EN', PAR_LOT='NON')
Valeur initiale du temps CPU maximum =   20000 secondes
  Valeur du temps CPU maximum passé aux commandes =   18000 secondes
  Réserve CPU prévue = 2000 secondes

Ouverture en lecture du fichier ./glob.1

Ajustement de la taille maximale des bases à 2048.00 Go.
    
Nom de la base                          :  GLOBALE
     Créée avec la version                   :  18.01.06
     Nombre d'enregistrements utilisés       :  539
     Nombre d'enregistrements maximum        :  2684354
     Nombre d'enregistrements par fichier    :  15728
     Longueur d'enregistrement (octets)      :  819200
     Nombre d'identificateurs utilisés       :  653
     Taille maximum du répertoire            :  2000
     Pourcentage d'utilisation du répertoire :  32 %

Ouverture en lecture du fichier ./glob.1

Ouverture en écriture du fichier ./vola.1

Fin de lecture (durée  0.000027  s.) 

                      Mémoire limite pour l'allocation dynamique : 3212.06 Mo                       
                         ajouté à l'initialisation du processus : 997.21 Mo                         
                               Limite cible du processus : 4209.27 Mo                               
                         Taille limite des fichiers d'échange : 2048.00 Go                          
pi                       <class 'float'>
e                        <class 'float'>
tau                      <class 'float'>
inf                      <class 'float'>
nan                      <class 'float'>
mesh                     <class 'libaster.Mesh'>
model                    <class 'libaster.Model'>
mat                      <class 'libaster.Material'>
matH                     <class 'libaster.Material'>
matHH                    <class 'libaster.Material'>
stl                      <class 'libaster.Material'>
slvm                     <class 'libaster.Material'>
fmat                     <class 'libaster.MaterialField'>
fix                      <class 'libaster.MechanicalLoadReal'>
grp                      <class 'list'>
load                     <class 'libaster.MechanicalLoadReal'>
ramp                     <class 'libaster.Function'>
steps                    <class 'libaster.ListOfFloats'>
times                    <class 'libaster.TimesList'>
LOADS                    <class 'str'>
CURVE                    <class 'str'>
common                   <class 'dict'>
tcur                     <class 'float'>
peak                     <class 'float'>
stopped                  <class 'bool'>
TARGETS                  <class 'list'>
tn                       <class 'float'>
res                      <class 'libaster.NonLinearResult'>
v                        <class 'dict'>
tot                      <class 'float'>
# Mémoire (Mo) :  1203.51 /  1203.51 /   364.55 /   364.52 (VmPeak / VmSize / Optimum / Minimum)
# Fin commande #0001   user+syst:        0.19s (syst:        0.23s, elaps:        0.42s)
# ----------------------------------------------------------------------------------------------
/home/user/aas-corner-fe/wd/v8c100_V/v8c100_V_s01.comm.changed.py:24: ResourceWarning: unclosed file <_io.TextIOWrapper name='/home/user/aas-corner-fe/jobs/../results/v8c100_V.curve' mode='r' encoding='UTF-8'>
  for line in open(CURVE):

.. _stg1_txt48
# ----------------------------------------------------------------------------------------------
# Commande #0002 de /home/user/aas-corner-fe/wd/v8c100_V/v8c100_V_s01.comm.changed.py, ligne 48
res = STAT_NON_LINE(AFFICHAGE=_F(INFO_RESIDU='NON',
                                 INFO_TEMPS='NON'),
                    ARCHIVAGE=_F(CHAM_EXCLU=('RESI_NOEU', 'RESI_RELA_NOEU'),
                                 PAS_ARCH=1),
                    CHAM_MATER=fmat,
                    COMPORTEMENT=(_F(DEFORMATION='PETIT',
                                     GROUP_MA=('CONC', 'HZ'),
                                     ITER_CPLAN_MAXI=10,
                                     ITER_INTE_MAXI=20,
                                     ITER_INTE_PAS=0,
                                     PARM_THETA=1.0,
                                     REGU_VISC='NON',
                                     RELATION='ENDO_FISS_EXP',
                                     RESI_CPLAN_RELA=1e-06,
                                     RESI_INTE=1e-06),
                                  _F(DEFORMATION='PETIT',
                                     GROUP_MA=('STEEL', 'SLV', 'HZH'),
                                     ITER_CPLAN_MAXI=10,
                                     ITER_INTE_MAXI=20,
                                     ITER_INTE_PAS=0,
                                     PARM_THETA=1.0,
                                     REGU_VISC='NON',
                                     RELATION='ELAS',
                                     RESI_CPLAN_RELA=1e-06,
                                     RESI_INTE=1e-06)),
                    CONVERGENCE=_F(ARRET='OUI',
                                   ITER_GLOB_ELAS=25,
                                   ITER_GLOB_MAXI=50,
                                   RESI_GLOB_RELA=0.0001,
                                   VERIF='TOUT'),
                    ETAT_INIT=_F(EVOL_NOLI=res),
                    EXCIT=(_F(CHARGE='<00000009>',
                              TYPE_CHARGE='FIXE_CSTE'),
                           _F(CHARGE='<0000000a>',
                              FONC_MULT=ramp,
                              TYPE_CHARGE='FIXE_CSTE')),
                    INCREMENT=_F(CRITERE='RELATIF',
                                 INST_FIN=0.06,
                                 INST_INIT=0.03,
                                 LIST_INST=times,
                                 PRECISION=1e-06),
                    MESURE=_F(TABLE='NON'),
                    METHODE='NEWTON',
                    MODELE=model,
                    NEWTON=_F(MATRICE='TANGENTE',
                              MATR_RIGI_SYME='NON',
                              REAC_INCR=1,
                              REAC_ITER=1,
                              REAC_ITER_ELAS=0),
                    SOLVEUR=_F(ACCELERATION='AUTO',
                               ELIM_LAGR='LAGR2',
                               FILTRAGE_MATRICE=-1.0,
                               GESTION_MEMOIRE='OUT_OF_CORE',
                               LOW_RANK_SEUIL=0.0,
                               MATR_DISTRIBUEE='NON',
                               METHODE='MUMPS',
                               MIXER_PRECISION='NON',
                               NB_RHS=1,
                               NPREC=10,
                               PCENT_PIVOT=35,
                               POSTTRAITEMENTS='AUTO',
                               PRETRAITEMENTS='AUTO',
                               REDUCTION_MPI=0,
                               RENUM='AUTO',
                               RESI_RELA=-1.0,
                               STOP_SINGULIER='OUI',
                               TYPE_RESOL='AUTO'),
                    reuse=res)

Liste des comportements

Affecté sur 85588 éléments
Relation                             : ENDO_FISS_EXP
Déformation                          : PETIT
Pas de régularisation visqueuse
Pas de post-traitement à la fin du pas de temps
Nombre total de variables internes   : 9
V1 : ENDO
V2 : INDIENDO
V3 : ENDORIGI
V4 : EPSEXX
V5 : EPSEYY
V6 : EPSEZZ
V7 : EPSEXY
V8 : EPSEXZ
V9 : EPSEYZ
Affecté sur 11341 éléments
Relation                             : ELAS
Déformation                          : PETIT
Pas de régularisation visqueuse
Pas de post-traitement à la fin du pas de temps
Nombre total de variables internes   : 1
V1 : VIDE
Le système linéaire à résoudre a 455904 degrés de liberté:
   - 438438 sont des degrés de liberté physiques
     (ils sont portés par 135682 noeuds du maillage)
   - 17466 sont les couples de paramètres de Lagrange associés
     aux 8733 relations linéaires dualisées.
La matrice est de taille 455904 équations.
  Elle contient 23708355 termes non nuls si elle est symétrique et 46960806 termes non nuls si elle
n'est pas symétrique.
  Soit un taux de remplissage de   0.023 %.
Lecture de l'état initial
L'état initial a été récupéré dans la structure de données résultat de nom <0000000e> pour le numéro
d'ordre 2 et à l'instant  3.000000000000e-02
Le champ <DEPL> est lu dans ETAT_INIT dans la structure de données résultat donné dans la commande.
Le champ <SIEF_ELGA> est lu dans ETAT_INIT dans la structure de données résultat donné dans la
commande.
Le champ <VARI_ELGA> est lu dans ETAT_INIT dans la structure de données résultat donné dans la
commande.
---------------------------------------------------------------------
Instant de calcul:  6.000000000000e-02 - Niveau de découpe: 1

---------------------------------------------------------------------
|     NEWTON     |     RESIDU     |     RESIDU     |     OPTION     |
|    ITERATION   |     RELATIF    |     ABSOLU     |   ASSEMBLAGE   |
|                | RESI_GLOB_RELA | RESI_GLOB_MAXI |(+ TYPE MATRICE)|
---------------------------------------------------------------------

 ╔================================================================================================╗
 ║ <A> <FACTOR_75>                                                                                ║
 ║                                                                                                ║
 ║ Attention, vous avez demandé un calcul OUT_OF_CORE, mais MUMPS estime avoir besoin pour cela   ║
 ║ d'au moins                                                                                     ║
 ║   4132 Mo  alors qu'il n'y a que 161 Mo de disponible sur ce processeur !                      ║
 ║   Le calcul pourrait donc être ralenti ou s'arrêter pour cette raison.                         ║
 ║                                                                                                ║
 ║   Pour information: mémoire déjà pré-allouée par MUMPS (exécutable, matrice...)= 567 Mo,       ║
 ║                     nombre de systèmes linéaires à factoriser en même temps    = 1.            ║
 ║                                                                                                ║
 ║ Conseils :                                                                                     ║
 ║   La prochaine fois, relancez avec plus de mémoire globale ou avec une option de calcul plus   ║
 ║ économe                                                                                        ║
 ║   (par ordre décroissant d'efficacité):                                                        ║
 ║    - Si le calcul est parallèle, réduisez la consommation MUMPS en augmentant le nombre de     ║
 ║ processeurs,                                                                                   ║
 ║    - Si le calcul est parallèle, réduisez la consommation Aster en activant l'option           ║
 ║ SOLVEUR/MATR_DISTRIBUEE,                                                                       ║
 ║   Ou, plus radicalement:                                                                       ║
 ║    - Utilisez un solveur moins exigeant en mémoire (par exemple: SOLVEUR/METHODE='PETSC' +     ║
 ║ PRECOND='LDLT_SP').                                                                            ║
 ║                                                                                                ║
 ║                                                                                                ║
 ║ Ceci est une alarme. Si vous ne comprenez pas le sens de cette                                 ║
 ║ alarme, vous pouvez obtenir des résultats inattendus !                                         ║
 ╚================================================================================================╝

|     0        X | 1.62956E-01  X | 2.57962E+02    |TANGENTE (NOSYM)|
Solveur MUMPS :
  Les informations concernant la mémoire disponible ne sont pas utilisables.
  Si vous avez choisi le mode GESTION_MEMOIRE='AUTO', par précaution on bascule en mode OUT_OF_CORE.
  Si vous avez choisi le mode GESTION_MEMOIRE='EVAL', seules les évaluations des consommations MUMPS
     seront pertinentes, les autres chiffres ne seront pas à prendre en compte.
  Si vous avez choisi un autre mode, les vérifications liées aux consommations mémoires seront
débranchées.

|     1        X | 3.00175E-02  X | 4.55061E+01    |TANGENTE (NOSYM)|
Solveur MUMPS :
  Les informations concernant la mémoire disponible ne sont pas utilisables.
  Si vous avez choisi le mode GESTION_MEMOIRE='AUTO', par précaution on bascule en mode OUT_OF_CORE.
  Si vous avez choisi le mode GESTION_MEMOIRE='EVAL', seules les évaluations des consommations MUMPS
     seront pertinentes, les autres chiffres ne seront pas à prendre en compte.
  Si vous avez choisi un autre mode, les vérifications liées aux consommations mémoires seront
débranchées.

|     2        X | 6.43440E-03  X | 9.52068E+00    |TANGENTE (NOSYM)|
Solveur MUMPS :
  Les informations concernant la mémoire disponible ne sont pas utilisables.
  Si vous avez choisi le mode GESTION_MEMOIRE='AUTO', par précaution on bascule en mode OUT_OF_CORE.
  Si vous avez choisi le mode GESTION_MEMOIRE='EVAL', seules les évaluations des consommations MUMPS
     seront pertinentes, les autres chiffres ne seront pas à prendre en compte.
  Si vous avez choisi un autre mode, les vérifications liées aux consommations mémoires seront
débranchées.

|     3        X | 4.63393E-04  X | 6.83034E-01    |TANGENTE (NOSYM)|
Solveur MUMPS :
  Les informations concernant la mémoire disponible ne sont pas utilisables.
  Si vous avez choisi le mode GESTION_MEMOIRE='AUTO', par précaution on bascule en mode OUT_OF_CORE.
  Si vous avez choisi le mode GESTION_MEMOIRE='EVAL', seules les évaluations des consommations MUMPS
     seront pertinentes, les autres chiffres ne seront pas à prendre en compte.
  Si vous avez choisi un autre mode, les vérifications liées aux consommations mémoires seront
débranchées.

|     4          | 4.14559E-05    | 6.10960E-02    |TANGENTE (NOSYM)|
---------------------------------------------------------------------
Critère(s) de convergence atteint(s)

Le résidu de type <RESI_GLOB_RELA> vaut  4.145594899517e-05 au noeud et degré de liberté <60482  
DX>
Temps CPU consommé dans ce pas de temps    : 11 min 34 s

* Nombre d'itérations de Newton                     : 5
* Temps total intégration comportement              : 31.056 s (6 intégrations)
* Temps total factorisation matrice                 : 8 min 53 s (5 factorisations)
* Temps construction second membre                  : 0.597 s
* Temps total résolution K.U=F                      : 1 min 23 s (5 résolutions)
* Temps assemblage matrice                          : 0.000 s
* Temps autres opérations                           : 46.680 s
Mémoire (Mo) :  7906.17 /  3877.24 /  3226.47 /  1034.97 (VmPeak / VmSize / Optimum / Minimum)

Archivage des champs

Champ stocké <DEPL> à l'instant  6.000000000000e-02 pour le numéro d'ordre 3
Champ stocké <SIEF_ELGA> à l'instant  6.000000000000e-02 pour le numéro d'ordre 3
Champ stocké <VARI_ELGA> à l'instant  6.000000000000e-02 pour le numéro d'ordre 3
Champ stocké <COMPORTEMENT> à l'instant  6.000000000000e-02 pour le numéro d'ordre 3
[100%] Instant calculé : 6.00000e-02, seul l'instant initial a été archivé
Temps CPU consommé dans le calcul          : 11 min 34 s

dont temps CPU "perdu" dans les découpes            : 0.000 s
* Nombre de pas de temps                            : 1
* Nombre d'itérations de Newton                     : 5
* Temps dans l'archivage                            : 0.042 s
* Temps dans le post-traitement                     : 0.000 s
* Temps total intégration comportement              : 31.056 s (6 intégrations)
* Temps total factorisation matrice                 : 8 min 53 s (5 factorisations)
* Temps construction second membre                  : 0.597 s
* Temps total résolution K.U=F                      : 1 min 23 s (5 résolutions)
* Temps assemblage matrice                          : 0.000 s
#1      Resolution des systemes lineaires                 CPU (USER+SYST/SYST/ELAPS):   2045.67    302.08    620.05
#2      Calculs elementaires et assemblages               CPU (USER+SYST/SYST/ELAPS):     74.46      4.76     75.32
# Résultat commande #0002 (STAT_NON_LINE): res ('<0000000e>') de type <NonLinearResult>
# Mémoire (Mo) :  7906.17 /  2106.74 /  3226.47 /  1034.97 (VmPeak / VmSize / Optimum / Minimum)
# Fin commande #0002   user+syst:     1828.21s (syst:      309.63s, elaps:      707.15s)
# ----------------------------------------------------------------------------------------------

.. _stg1_txt184
# ----------------------------------------------------------------------------------------------
# Commande #0003 de
/root/mm/envs/aster/lib/python3.14/site-packages/code_aster/Supervis/ExecuteCommand.py, ligne 184
CALC_CHAMP(CRITERE='RELATIF',
           FORCE='REAC_NODA',
           INFO=1,
           INST=0.06,
           PARALLELISME_TEMPS='NON',
           PRECISION=1e-06,
           RESULTAT=res)

Le système linéaire à résoudre a 455904 degrés de liberté:
   - 438438 sont des degrés de liberté physiques
     (ils sont portés par 135682 noeuds du maillage)
   - 17466 sont les couples de paramètres de Lagrange associés
     aux 8733 relations linéaires dualisées.
#2      Calculs elementaires et assemblages               CPU (USER+SYST/SYST/ELAPS):      0.59      0.00      0.59
# Résultat commande #0003 (CALC_CHAMP): '<00000012>' de type <NonLinearResult>
# Dépend de :
# - model ('<00000002>') de type <Model>
# - fmat ('<00000008>') de type <MaterialField>
# Mémoire (Mo) :  7906.17 /  2106.74 /  3226.47 /  1034.97 (VmPeak / VmSize / Optimum / Minimum)
# Fin commande #0003   user+syst:        0.93s (syst:        0.00s, elaps:        0.92s)
# ----------------------------------------------------------------------------------------------

.. _stg1_txt34
# ----------------------------------------------------------------------------------------------
# Commande #0004 de /home/user/aas-corner-fe/wd/v8c100_V/v8c100_V_s01.comm.changed.py, ligne 34
tb = POST_RELEVE_T(ACTION=_F(CRITERE='RELATIF',
                             FORMAT_C='MODULE',
                             GROUP_NO='HEADT',
                             INST=0.06,
                             INTITULE='R',
                             MOYE_NOEUD='OUI',
                             NOM_CHAM='REAC_NODA',
                             OPERATION='EXTRACTION',
                             PRECISION=1e-06,
                             REPERE='GLOBAL',
                             RESULTANTE='DX',
                             RESULTAT=r2),
                   INFO=1)

# Résultat commande #0004 (POST_RELEVE_T): tb ('<00000013>') de type <Table>
# Mémoire (Mo) :  7906.17 /  2106.74 /  3226.47 /  1034.97 (VmPeak / VmSize / Optimum / Minimum)
# Fin commande #0004   user+syst:        0.03s (syst:        0.00s, elaps:        0.01s)
# ----------------------------------------------------------------------------------------------

.. _stg1_txt34
# ----------------------------------------------------------------------------------------------
# Commande #0005 de /home/user/aas-corner-fe/wd/v8c100_V/v8c100_V_s01.comm.changed.py, ligne 34
tb = POST_RELEVE_T(ACTION=_F(CRITERE='RELATIF',
                             FORMAT_C='MODULE',
                             GROUP_NO='HEADV',
                             INST=0.06,
                             INTITULE='R',
                             MOYE_NOEUD='OUI',
                             NOM_CHAM='REAC_NODA',
                             OPERATION='EXTRACTION',
                             PRECISION=1e-06,
                             REPERE='GLOBAL',
                             RESULTANTE='DX',
                             RESULTAT=r2),
                   INFO=1)

# Résultat commande #0005 (POST_RELEVE_T): tb ('<00000014>') de type <Table>
# Mémoire (Mo) :  7906.17 /  2106.74 /  3226.47 /  1034.97 (VmPeak / VmSize / Optimum / Minimum)
# Fin commande #0005   user+syst:        0.02s (syst:        0.00s, elaps:        0.01s)
# ----------------------------------------------------------------------------------------------

.. _stg1_txt39
# ----------------------------------------------------------------------------------------------
# Commande #0006 de /home/user/aas-corner-fe/wd/v8c100_V/v8c100_V_s01.comm.changed.py, ligne 39
DETRUIRE(INFO=1,
         NOM=r2)

# Mémoire (Mo) :  7906.17 /  2106.74 /  3226.47 /  1034.97 (VmPeak / VmSize / Optimum / Minimum)
# Fin commande #0006   user+syst:        0.34s (syst:        0.01s, elaps:        0.09s)
# ----------------------------------------------------------------------------------------------
/home/user/aas-corner-fe/wd/v8c100_V/v8c100_V_s01.comm.changed.py:56: ResourceWarning: unclosed file <_io.TextIOWrapper name='/home/user/aas-corner-fe/jobs/../results/v8c100_V.curve' mode='a' encoding='UTF-8'>
  open(CURVE,'a').write('CURVE %g %g %g %g\n'%(tcur,tot,v['HEADT'],v['HEADV']))
AASCURVE 0.06 15188.1 8.93106e-14 15188.1

.. _stg1_txt76
# ----------------------------------------------------------------------------------------------
# Commande #0007 de /root/mm/envs/aster/lib/python3.14/site-packages/code_aster/CodeCommands/fin.py,
ligne 76
FIN(INFO_RESU='NON',
    RETASSAGE='NON')

Saving objects...
pi                       <class 'float'>
e                        <class 'float'>
tau                      <class 'float'>
inf                      <class 'float'>
nan                      <class 'float'>
mesh                     <class 'libaster.Mesh'>
model                    <class 'libaster.Model'>
mat                      <class 'libaster.Material'>
matH                     <class 'libaster.Material'>
matHH                    <class 'libaster.Material'>
stl                      <class 'libaster.Material'>
slvm                     <class 'libaster.Material'>
fmat                     <class 'libaster.MaterialField'>
fix                      <class 'libaster.MechanicalLoadReal'>
grp                      <class 'list'>
load                     <class 'libaster.MechanicalLoadReal'>
ramp                     <class 'libaster.Function'>
steps                    <class 'libaster.ListOfFloats'>
times                    <class 'libaster.TimesList'>
LOADS                    <class 'str'>
CURVE                    <class 'str'>
common                   <class 'dict'>
tcur                     <class 'float'>
peak                     <class 'float'>
stopped                  <class 'bool'>
TARGETS                  <class 'list'>
tn                       <class 'float'>
res                      <class 'libaster.NonLinearResult'>
v                        <class 'dict'>
tot                      <class 'float'>
line                     <class 'str'>

 ╔================================================================================================╗
 ║ <I> <CATAMESS_89>                                                                              ║
 ║                                                                                                ║
 ║ Liste des alarmes émises lors de l'exécution du calcul.                                        ║
 ║                                                                                                ║
 ║     Les alarmes que vous avez choisies d'ignorer sont précédées de (*).                        ║
 ║     Nombre d'occurrences pour chacune des alarmes :                                            ║
 ║            FACTOR_75            émise    1 fois                                                ║
 ╚================================================================================================╝

 ---------------------------------------------------------------------------
 Concepts de la base: G
    Nom        Type                Taille (Mo)         Nombre      Nombre de
                                                     d'objets       segments
    TOTAL                               422.70            431            643
  
    00000001   MAILLAGE_SDASTER          14.63             34             70
    00000002   MODELE_SDASTER            14.45             11             16
    00000003   MATER_SDASTER              0.00             15             15
    00000004   MATER_SDASTER              0.00             15             15
    00000005   MATER_SDASTER              0.00              7              7
    00000006   MATER_SDASTER              0.00              7              7
    00000007   MATER_SDASTER              0.00              7              7
    00000008   CHAM_MATER                 1.17              8             13
    00000009   CHAR_MECA                 15.45             56             76
    0000000a   CHAR_MECA                 11.40             56             76
    0000000b   FONCTION_SDASTER           0.00              3              3
    0000000c   LISTR8_SDASTER             0.00              6              6
    0000000d   LIST_INST                  0.00              8              8
    0000000e   EVOL_NOLI                293.59            144            185
    &FOZERO                               0.00              2              2
    &&_NUM_C                              0.00              1              1
    &CATA                                37.45             42            103
    &&NMDOME                              0.00              2              2
    0000000f                              0.13              2             14
    &&NMCH1P                             34.29              3              3
    00000012                              0.13              2             14
 (*) sous-objets non accessible directement
 ---------------------------------------------------------------------------
Nom de la base                          :  GLOBALE
     Nombre d'enregistrements utilisés       :  672
     Nombre d'enregistrements maximum        :  2684354
     Nombre d'enregistrements par fichier    :  15728
     Longueur d'enregistrement (octets)      :  819200
     Nombre total d'accès en lecture         :  633
     Volume des accès en lecture             :        494.53 Mo.
     Nombre total d'accès en écriture        :  358
     Volume des accès en écriture            :        279.69 Mo.
     Nombre d'identificateurs utilisés       :  751
     Taille maximum du répertoire            :  2000
     Pourcentage d'utilisation du répertoire :  37 %

Nom de la base                          :  VOLATILE
     Nombre d'enregistrements utilisés       :  692
     Nombre d'enregistrements maximum        :  2684354
     Nombre d'enregistrements par fichier    :  15728
     Longueur d'enregistrement (octets)      :  819200
     Nombre total d'accès en lecture         :  484
     Volume des accès en lecture             :        378.12 Mo.
     Nombre total d'accès en écriture        :  2732
     Volume des accès en écriture            :       2134.38 Mo.
     Nombre d'identificateurs utilisés       :  999
     Taille maximum du répertoire            :  2000
     Pourcentage d'utilisation du répertoire :  49 %

<I> <FIN> ARRET NORMAL DANS "FIN" PAR APPEL A "JEFINI".
  
 <I> <FIN> MEMOIRE JEVEUX MINIMALE REQUISE POUR L'EXECUTION :                    1034.97 Mo
 <I> <FIN> MEMOIRE JEVEUX OPTIMALE REQUISE POUR L'EXECUTION :                    3226.47 Mo
 <I> <FIN> MAXIMUM DE MEMOIRE UTILISEE PAR LE PROCESSUS LORS DE L'EXECUTION :    7906.17 Mo
  
 <I>       FERMETURE DES BASES EFFECTUEE
  
   STATISTIQUES CONCERNANT L'ALLOCATION DYNAMIQUE :
     TAILLE CUMULEE MAXIMUM            :                 3226  Mo.
     TAILLE CUMULEE LIBEREE            :                 2413  Mo.
     NOMBRE TOTAL D'ALLOCATIONS        :              3246277
     NOMBRE TOTAL DE LIBERATIONS       :              3246277
     APPELS AU MECANISME DE LIBERATION :                    0
     TAILLE MEMOIRE CUMULEE RECUPEREE  :                 2295  Mo.
     VOLUME DES LECTURES               :                    0  Mo.
     VOLUME DES ECRITURES              :                 1907  Mo.
  
   MEMOIRE JEVEUX MINIMALE REQUISE POUR L'EXECUTION :    1034.97 Mo
     - IMPOSE DE NOMBREUX ACCES DISQUE
     - RALENTIT LA VITESSE D'EXECUTION
   MEMOIRE JEVEUX OPTIMALE REQUISE POUR L'EXECUTION :    3226.47 Mo
     - LIMITE LES ACCES DISQUE
     - AMELIORE LA VITESSE D'EXECUTION
   MAXIMUM DE MEMOIRE UTILISEE PAR LE PROCESSUS     :    7906.17 Mo
     - COMPREND LA MEMOIRE CONSOMMEE PAR  JEVEUX, 
       LE SUPERVISEUR PYTHON, LES LIBRAIRIES EXTERNES
  
 <I>       FIN D'EXECUTION LE : LU-28-SEPT-2026 00:48:52
Signature of pickled file   : 6f2b320933776712ca10ac22cfa0e8de98fb7ea2c5c569ef307fc15dcbb07858
Signature of info file      : f6689dee8c6c45f895c8f6ad7feaf633e27208987e10d7e6269090618ffbcde4
Signature of Jeveux database: 1268570b7f3e0619867894eae8a0b36ed11e42b10458ca3ed8fc0363ce1ad8ec

 ********************************************************************************
 * COMMAND                  :       USER :     SYSTEM :   USER+SYS :    ELAPSED *
 ********************************************************************************
 * DEBUT                    :       0.19 :       0.23 :       0.42 :       0.42 *
 * STAT_NON_LINE            :    1828.21 :     309.63 :    2137.84 :     707.15 *
 * CALC_CHAMP               :       0.93 :       0.00 :       0.93 :       0.92 *
 * POST_RELEVE_T            :       0.03 :       0.00 :       0.03 :       0.01 *
 * POST_RELEVE_T            :       0.02 :       0.00 :       0.02 :       0.01 *
 * DETRUIRE                 :       0.34 :       0.01 :       0.35 :       0.09 *
 * FIN                      :       0.25 :       0.21 :       0.46 :       0.55 *
 *  . sdveri                :       0.00 :       0.00 :       0.00 :       0.00 *
 *  . cleanup               :       0.00 :       0.00 :       0.00 :       0.00 *
 *  . check syntax          :       0.04 :       0.00 :       0.04 :       0.05 *
 *  . fortran               :    1829.56 :     310.07 :    2139.63 :     708.99 *
 ********************************************************************************
 * TOTAL_JOB                :    1830.36 :     310.11 :    2140.47 :     709.57 *
 ********************************************************************************

# Mémoire (Mo) :  7906.17 /  1602.10 /  3226.47 /  1034.97 (VmPeak / VmSize / Optimum / Minimum)
# Fin commande #0007   user+syst:        0.25s (syst:        0.21s, elaps:        0.55s)
# ----------------------------------------------------------------------------------------------

EXECUTION_CODE_ASTER_EXIT_2625=0


saving result databases to 'BASE_PREC'...
execution ended (command file #2): <A>_ALARM
Running: /root/mm/envs/aster/bin/run_aster -w /home/user/aas-corner-fe/wd/v8c100_V --status-file /root/.tmp_run_aster/run_aster_w5o6fgtn/__status__ --no-mpi /root/.tmp_run_aster/run_aster_w5o6fgtn/v8c100_V.2

# ------------------------------------------------------------------------------
Execution of code_aster

# ------------------------------------------------------------------------------
Prepare environment in /home/user/aas-corner-fe/wd/v8c100_V

# ------------------------------------------------------------------------------
Command file #3 / 25

Content of the file to execute:
# coding=utf-8
# original filename
__file__ = r"/home/user/aas-corner-fe/jobs/v8c100_V_s02.comm"


# temporarly added for compatibility with code_aster legacy
from math import *

import code_aster
from code_aster.Commands import *
from code_aster import CA

POURSUITE(LANG='EN', PAR_LOT='NON')

LOADS='V'
CURVE='/home/user/aas-corner-fe/jobs/../results/v8c100_V.curve'
common=dict(MODELE=model, CHAM_MATER=fmat, EXCIT=(_F(CHARGE=fix), _F(CHARGE=load, FONC_MULT=ramp)),
        COMPORTEMENT=(_F(RELATION='ENDO_FISS_EXP', GROUP_MA=('CONC','HZ')), _F(RELATION='ELAS', GROUP_MA=('STEEL','SLV','HZH'))),
        NEWTON=_F(MATRICE='TANGENTE', REAC_ITER=1),
        CONVERGENCE=_F(RESI_GLOB_RELA=1.E-4, ITER_GLOB_MAXI=50), ARCHIVAGE=_F(PAS_ARCH=1), SOLVEUR=_F(METHODE='MUMPS', GESTION_MEMOIRE='OUT_OF_CORE', NPREC=10))
import os, re
tcur=0.0; peak=0.0; stopped=False
if os.path.exists(CURVE):
    for line in open(CURVE):
        m=re.match(r'CURVE\s+(\S+)\s+(\S+)', line)
        if m:
            tcur=max(tcur, float(m.group(1))); peak=max(peak, float(m.group(2)))
        if line.startswith('STOP'): stopped=True
def reac(res, t):
    r2=CALC_CHAMP(RESULTAT=res, FORCE='REAC_NODA', INST=t)
    vals={}
    for g in ('HEADT','HEADV'):
        try:
            tb=POST_RELEVE_T(ACTION=_F(OPERATION='EXTRACTION', INTITULE='R', RESULTAT=r2, NOM_CHAM='REAC_NODA',
                                       GROUP_NO=g, RESULTANTE='DX', INST=t)).EXTR_TABLE().values()
            vals[g]=-tb['DX'][-1]*2
        except Exception:
            vals[g]=0.
    DETRUIRE(NOM=r2)
    return vals
TARGETS=[0.09]
for tn in TARGETS:
    if stopped or tn <= tcur+1e-9: continue
    try:
        if tcur < 1e-12 and '0'=='1':
            res=STAT_NON_LINE(INCREMENT=_F(LIST_INST=times, INST_FIN=tn), **common)
        else:
            res=STAT_NON_LINE(reuse=res, ETAT_INIT=_F(EVOL_NOLI=res), INCREMENT=_F(LIST_INST=times, INST_FIN=tn), **common)
    except Exception as exc:
        print('AASSTOP at', tcur, exc, flush=True)
        open(CURVE,'a').write('STOP solver %g\n'%tcur); stopped=True; break
    tcur=tn
    v=reac(res, tcur)
    tot=(v['HEADT'] if 'T' in LOADS else 0.)+(v['HEADV'] if 'V' in LOADS else 0.)
    peak=max(peak, tot)
    open(CURVE,'a').write('CURVE %g %g %g %g\n'%(tcur,tot,v['HEADT'],v['HEADV']))
    print('AASCURVE %g %g %g %g'%(tcur,tot,v['HEADT'],v['HEADV']), flush=True)
    if tot < 0.9*peak:
        open(CURVE,'a').write('STOP peak %g\n'%peak); stopped=True; break
FIN()



# ------------------------------------------------------------------------------
Command line #3:
    ulimit -c unlimited ; ulimit -t 100000 ; ( /root/mm/envs/aster/bin/python3 "v8c100_V_s02.comm.changed.py" --memory 3000.0 --numthreads 4 --tpmax 20000 ; echo $? > _exit_code_ ) 2>&1 | tee -a fort.6
setting '--memory' value to 2700.00 MB (keyword RESERVE_MEMOIRE)
Ouverture en écriture du fichier ./vola.1

<INFO> Démarrage de l'exécution.

                       -- CODE_ASTER -- VERSION : DÉVELOPPEMENT (unstable) --                       
                               Version 18.1.6 modifiée le 14/09/2026                                
                                    révision n/a - branche 'n/a'                                    
                                     Copyright EDF 1991 - 2026                                      
                                                                                                    
                              Exécution du : Mon Sep 28 00:48:54 2026                               
                                       Nom de la machine : vm                                       
                                        Architecture : 64bit                                        
                                    Type de processeur : x86_64                                     
                Système d'exploitation : Linux-6.18.44-fc-v37-x86_64-with-glibc2.39                 
                                  Langue des messages : C (UTF-8)                                   
                                     Version de Python : 3.14.7                                     
                                      Version de NumPy : 2.5.3                                      
                                  Version de MEDCoupling : 9.16.0                                   
                                     Parallélisme MPI : inactif                                     
                                    Parallélisme OpenMP : actif                                     
                              Nombre de processus OpenMP utilisés : 4                               
                                Version de la librairie HDF5 : 2.2.0                                
                                Version de la librairie MED : 4.2.0                                 
                               Version de la librairie MFront : 5.1.0                               
                               Version de la librairie MUMPS : 5.8.2                                
                                  Librairie PETSc : non disponible                                  
                              Version de la librairie SCOTCH : 7.0.11                               

restarting from a previous execution...
/home/user/aas-corner-fe/wd/v8c100_V/v8c100_V_s02.comm.changed.py:13: DeprecationWarning: This feature is obsolete, 'PAR_LOT' has been removed.
  POURSUITE(LANG='EN', PAR_LOT='NON')
Valeur initiale du temps CPU maximum =   20000 secondes
  Valeur du temps CPU maximum passé aux commandes =   18000 secondes
  Réserve CPU prévue = 2000 secondes

Ouverture en lecture du fichier ./glob.1

Ajustement de la taille maximale des bases à 2048.00 Go.
    
Nom de la base                          :  GLOBALE
     Créée avec la version                   :  18.01.06
     Nombre d'enregistrements utilisés       :  672
     Nombre d'enregistrements maximum        :  2684354
     Nombre d'enregistrements par fichier    :  15728
     Longueur d'enregistrement (octets)      :  819200
     Nombre d'identificateurs utilisés       :  751
     Taille maximum du répertoire            :  2000
     Pourcentage d'utilisation du répertoire :  37 %

Ouverture en lecture du fichier ./glob.1

Ouverture en écriture du fichier ./vola.1

Fin de lecture (durée  0.000029  s.) 

                      Mémoire limite pour l'allocation dynamique : 3212.06 Mo                       
                         ajouté à l'initialisation du processus : 997.33 Mo                         
                               Limite cible du processus : 4209.38 Mo                               
                         Taille limite des fichiers d'échange : 2048.00 Go                          
pi                       <class 'float'>
e                        <class 'float'>
tau                      <class 'float'>
inf                      <class 'float'>
nan                      <class 'float'>
mesh                     <class 'libaster.Mesh'>
model                    <class 'libaster.Model'>
mat                      <class 'libaster.Material'>
matH                     <class 'libaster.Material'>
matHH                    <class 'libaster.Material'>
stl                      <class 'libaster.Material'>
slvm                     <class 'libaster.Material'>
fmat                     <class 'libaster.MaterialField'>
fix                      <class 'libaster.MechanicalLoadReal'>
grp                      <class 'list'>
load                     <class 'libaster.MechanicalLoadReal'>
ramp                     <class 'libaster.Function'>
steps                    <class 'libaster.ListOfFloats'>
times                    <class 'libaster.TimesList'>
LOADS                    <class 'str'>
CURVE                    <class 'str'>
common                   <class 'dict'>
tcur                     <class 'float'>
peak                     <class 'float'>
stopped                  <class 'bool'>
TARGETS                  <class 'list'>
tn                       <class 'float'>
res                      <class 'libaster.NonLinearResult'>
v                        <class 'dict'>
tot                      <class 'float'>
line                     <class 'str'>
# Mémoire (Mo) :  1268.20 /  1268.07 /   429.22 /   429.19 (VmPeak / VmSize / Optimum / Minimum)
# Fin commande #0001   user+syst:        0.23s (syst:        0.33s, elaps:        0.57s)
# ----------------------------------------------------------------------------------------------
/home/user/aas-corner-fe/wd/v8c100_V/v8c100_V_s02.comm.changed.py:24: ResourceWarning: unclosed file <_io.TextIOWrapper name='/home/user/aas-corner-fe/jobs/../results/v8c100_V.curve' mode='r' encoding='UTF-8'>
  for line in open(CURVE):

.. _stg1_txt48
# ----------------------------------------------------------------------------------------------
# Commande #0002 de /home/user/aas-corner-fe/wd/v8c100_V/v8c100_V_s02.comm.changed.py, ligne 48
res = STAT_NON_LINE(AFFICHAGE=_F(INFO_RESIDU='NON',
                                 INFO_TEMPS='NON'),
                    ARCHIVAGE=_F(CHAM_EXCLU=('RESI_NOEU', 'RESI_RELA_NOEU'),
                                 PAS_ARCH=1),
                    CHAM_MATER=fmat,
                    COMPORTEMENT=(_F(DEFORMATION='PETIT',
                                     GROUP_MA=('CONC', 'HZ'),
                                     ITER_CPLAN_MAXI=10,
                                     ITER_INTE_MAXI=20,
                                     ITER_INTE_PAS=0,
                                     PARM_THETA=1.0,
                                     REGU_VISC='NON',
                                     RELATION='ENDO_FISS_EXP',
                                     RESI_CPLAN_RELA=1e-06,
                                     RESI_INTE=1e-06),
                                  _F(DEFORMATION='PETIT',
                                     GROUP_MA=('STEEL', 'SLV', 'HZH'),
                                     ITER_CPLAN_MAXI=10,
                                     ITER_INTE_MAXI=20,
                                     ITER_INTE_PAS=0,
                                     PARM_THETA=1.0,
                                     REGU_VISC='NON',
                                     RELATION='ELAS',
                                     RESI_CPLAN_RELA=1e-06,
                                     RESI_INTE=1e-06)),
                    CONVERGENCE=_F(ARRET='OUI',
                                   ITER_GLOB_ELAS=25,
                                   ITER_GLOB_MAXI=50,
                                   RESI_GLOB_RELA=0.0001,
                                   VERIF='TOUT'),
                    ETAT_INIT=_F(EVOL_NOLI=res),
                    EXCIT=(_F(CHARGE='<00000009>',
                              TYPE_CHARGE='FIXE_CSTE'),
                           _F(CHARGE='<0000000a>',
                              FONC_MULT=ramp,
                              TYPE_CHARGE='FIXE_CSTE')),
                    INCREMENT=_F(CRITERE='RELATIF',
                                 INST_FIN=0.09,
                                 INST_INIT=0.06,
                                 LIST_INST=times,
                                 PRECISION=1e-06),
                    MESURE=_F(TABLE='NON'),
                    METHODE='NEWTON',
                    MODELE=model,
                    NEWTON=_F(MATRICE='TANGENTE',
                              MATR_RIGI_SYME='NON',
                              REAC_INCR=1,
                              REAC_ITER=1,
                              REAC_ITER_ELAS=0),
                    SOLVEUR=_F(ACCELERATION='AUTO',
                               ELIM_LAGR='LAGR2',
                               FILTRAGE_MATRICE=-1.0,
                               GESTION_MEMOIRE='OUT_OF_CORE',
                               LOW_RANK_SEUIL=0.0,
                               MATR_DISTRIBUEE='NON',
                               METHODE='MUMPS',
                               MIXER_PRECISION='NON',
                               NB_RHS=1,
                               NPREC=10,
                               PCENT_PIVOT=35,
                               POSTTRAITEMENTS='AUTO',
                               PRETRAITEMENTS='AUTO',
                               REDUCTION_MPI=0,
                               RENUM='AUTO',
                               RESI_RELA=-1.0,
                               STOP_SINGULIER='OUI',
                               TYPE_RESOL='AUTO'),
                    reuse=res)

Liste des comportements

Affecté sur 85588 éléments
Relation                             : ENDO_FISS_EXP
Déformation                          : PETIT
Pas de régularisation visqueuse
Pas de post-traitement à la fin du pas de temps
Nombre total de variables internes   : 9
V1 : ENDO
V2 : INDIENDO
V3 : ENDORIGI
V4 : EPSEXX
V5 : EPSEYY
V6 : EPSEZZ
V7 : EPSEXY
V8 : EPSEXZ
V9 : EPSEYZ
Affecté sur 11341 éléments
Relation                             : ELAS
Déformation                          : PETIT
Pas de régularisation visqueuse
Pas de post-traitement à la fin du pas de temps
Nombre total de variables internes   : 1
V1 : VIDE
Le système linéaire à résoudre a 455904 degrés de liberté:
   - 438438 sont des degrés de liberté physiques
     (ils sont portés par 135682 noeuds du maillage)
   - 17466 sont les couples de paramètres de Lagrange associés
     aux 8733 relations linéaires dualisées.
La matrice est de taille 455904 équations.
  Elle contient 23708355 termes non nuls si elle est symétrique et 46960806 termes non nuls si elle
n'est pas symétrique.
  Soit un taux de remplissage de   0.023 %.
Lecture de l'état initial
L'état initial a été récupéré dans la structure de données résultat de nom <0000000e> pour le numéro
d'ordre 3 et à l'instant  6.000000000000e-02
Le champ <DEPL> est lu dans ETAT_INIT dans la structure de données résultat donné dans la commande.
Le champ <SIEF_ELGA> est lu dans ETAT_INIT dans la structure de données résultat donné dans la
commande.
Le champ <VARI_ELGA> est lu dans ETAT_INIT dans la structure de données résultat donné dans la
commande.
---------------------------------------------------------------------
Instant de calcul:  9.000000000000e-02 - Niveau de découpe: 1

---------------------------------------------------------------------
|     NEWTON     |     RESIDU     |     RESIDU     |     OPTION     |
|    ITERATION   |     RELATIF    |     ABSOLU     |   ASSEMBLAGE   |
|                | RESI_GLOB_RELA | RESI_GLOB_MAXI |(+ TYPE MATRICE)|
---------------------------------------------------------------------

 ╔================================================================================================╗
 ║ <A> <FACTOR_75>                                                                                ║
 ║                                                                                                ║
 ║ Attention, vous avez demandé un calcul OUT_OF_CORE, mais MUMPS estime avoir besoin pour cela   ║
 ║ d'au moins                                                                                     ║
 ║   4132 Mo  alors qu'il n'y a que 102 Mo de disponible sur ce processeur !                      ║
 ║   Le calcul pourrait donc être ralenti ou s'arrêter pour cette raison.                         ║
 ║                                                                                                ║
 ║   Pour information: mémoire déjà pré-allouée par MUMPS (exécutable, matrice...)= 568 Mo,       ║
 ║                     nombre de systèmes linéaires à factoriser en même temps    = 1.            ║
 ║                                                                                                ║
 ║ Conseils :                                                                                     ║
 ║   La prochaine fois, relancez avec plus de mémoire globale ou avec une option de calcul plus   ║
 ║ économe                                                                                        ║
 ║   (par ordre décroissant d'efficacité):                                                        ║
 ║    - Si le calcul est parallèle, réduisez la consommation MUMPS en augmentant le nombre de     ║
 ║ processeurs,                                                                                   ║
 ║    - Si le calcul est parallèle, réduisez la consommation Aster en activant l'option           ║
 ║ SOLVEUR/MATR_DISTRIBUEE,                                                                       ║
 ║   Ou, plus radicalement:                                                                       ║
 ║    - Utilisez un solveur moins exigeant en mémoire (par exemple: SOLVEUR/METHODE='PETSC' +     ║
 ║ PRECOND='LDLT_SP').                                                                            ║
 ║                                                                                                ║
 ║                                                                                                ║
 ║ Ceci est une alarme. Si vous ne comprenez pas le sens de cette                                 ║
 ║ alarme, vous pouvez obtenir des résultats inattendus !                                         ║
 ╚================================================================================================╝

|     0        X | 1.38343E-01  X | 2.62398E+02    |TANGENTE (NOSYM)|
Solveur MUMPS :
  Les informations concernant la mémoire disponible ne sont pas utilisables.
  Si vous avez choisi le mode GESTION_MEMOIRE='AUTO', par précaution on bascule en mode OUT_OF_CORE.
  Si vous avez choisi le mode GESTION_MEMOIRE='EVAL', seules les évaluations des consommations MUMPS
     seront pertinentes, les autres chiffres ne seront pas à prendre en compte.
  Si vous avez choisi un autre mode, les vérifications liées aux consommations mémoires seront
débranchées.

|     1        X | 3.32267E-02  X | 5.91291E+01    |TANGENTE (NOSYM)|
Solveur MUMPS :
  Les informations concernant la mémoire disponible ne sont pas utilisables.
  Si vous avez choisi le mode GESTION_MEMOIRE='AUTO', par précaution on bascule en mode OUT_OF_CORE.
  Si vous avez choisi le mode GESTION_MEMOIRE='EVAL', seules les évaluations des consommations MUMPS
     seront pertinentes, les autres chiffres ne seront pas à prendre en compte.
  Si vous avez choisi un autre mode, les vérifications liées aux consommations mémoires seront
débranchées.

