WARNING: If MPI_Abort is called during execution, result files could not be copied.
Running: /root/mm/envs/aster/bin/run_aster -w /home/user/aas-corner-fe/wd/v8c100_TV --status-file /root/.tmp_run_aster/run_aster_xk_uzkja/__status__ --no-mpi /root/.tmp_run_aster/run_aster_xk_uzkja/v8c100_TV.0

# ------------------------------------------------------------------------------
Execution of code_aster

# ------------------------------------------------------------------------------
Prepare environment in /home/user/aas-corner-fe/wd/v8c100_TV

# ------------------------------------------------------------------------------
Command file #1 / 22

Content of the file to execute:
# coding=utf-8
# original filename
__file__ = r"/home/user/aas-corner-fe/jobs/v8c100_TV_s00.comm"


# temporarly added for compatibility with code_aster legacy
from math import *

import code_aster
from code_aster.Commands import *
from code_aster import CA

DEBUT(LANG='EN', PAR_LOT='NON')
mesh=LIRE_MAILLAGE(UNITE=20, FORMAT='MED')
mesh=DEFI_GROUP(reuse=mesh, MAILLAGE=mesh, CREA_GROUP_NO=_F(GROUP_MA=('SYMZ','FARX','FARY','HEADT','HEADV')))
model=AFFE_MODELE(MAILLAGE=mesh, AFFE=(
    _F(GROUP_MA=('CONC','HZ'), PHENOMENE='MECANIQUE', MODELISATION='3D_GRAD_VARI'),
    _F(GROUP_MA=('STEEL','SLV','HZH'), PHENOMENE='MECANIQUE', MODELISATION='3D')))
mat=DEFI_MATER_GC(ENDO_FISS_EXP=_F(E=32836.56803133079, NU=0.2, FT=2.896468153816889, FC=38.0, GF=0.14050245330952899, P=1.5, LARG_BANDE=12, REST_RIGI_FC=0.))
matH=DEFI_MATER_GC(ENDO_FISS_EXP=_F(E=32836.56803133079, NU=0.2, FT=2.896468153816889, FC=76.0, GF=0.14050245330952899, P=1.5, LARG_BANDE=12, REST_RIGI_FC=0.))
matHH=DEFI_MATERIAU(ELAS=_F(E=32836.56803133079, NU=0.2))
stl=DEFI_MATERIAU(ELAS=_F(E=210000., NU=0.3))
slvm=DEFI_MATERIAU(ELAS=_F(E=10., NU=0.3))
fmat=AFFE_MATERIAU(MAILLAGE=mesh, AFFE=(_F(GROUP_MA='CONC', MATER=mat), _F(GROUP_MA='HZ', MATER=matH), _F(GROUP_MA='HZH', MATER=matHH), _F(GROUP_MA='STEEL', MATER=stl), _F(GROUP_MA='SLV', MATER=slvm)))
fix=AFFE_CHAR_MECA(MODELE=model, DDL_IMPO=(_F(GROUP_MA='SYMZ', DZ=0.), _F(GROUP_MA='FARX', DX=0.), _F(GROUP_MA='FARY', DY=0.)))
grp=[]
if 'T' in 'TV': grp.append('HEADT')
if 'V' in 'TV': grp.append('HEADV')
load=AFFE_CHAR_MECA(MODELE=model, DDL_IMPO=tuple(_F(GROUP_MA=g, DX=-1) for g in grp))
ramp=DEFI_FONCTION(NOM_PARA='INST', VALE=(0.,0.,0.45,0.45))
steps=DEFI_LIST_REEL(DEBUT=0., INTERVALLE=_F(JUSQU_A=0.45, NOMBRE=22))
times=DEFI_LIST_INST(DEFI_LIST=_F(LIST_INST=steps), ECHEC=_F(EVENEMENT='ERREUR', ACTION='DECOUPE', SUBD_METHODE='MANUEL', SUBD_PAS=2, SUBD_NIVEAU=10))

LOADS='TV'
CURVE='/home/user/aas-corner-fe/jobs/../results/v8c100_TV.curve'
common=dict(MODELE=model, CHAM_MATER=fmat, EXCIT=(_F(CHARGE=fix), _F(CHARGE=load, FONC_MULT=ramp)),
        COMPORTEMENT=(_F(RELATION='ENDO_FISS_EXP', GROUP_MA=('CONC','HZ')), _F(RELATION='ELAS', GROUP_MA=('STEEL','SLV','HZH'))),
        NEWTON=_F(MATRICE='TANGENTE', REAC_ITER=1),
        CONVERGENCE=_F(RESI_GLOB_RELA=1.E-4, ITER_GLOB_MAXI=50), ARCHIVAGE=_F(PAS_ARCH=1), SOLVEUR=_F(METHODE='MUMPS', GESTION_MEMOIRE='OUT_OF_CORE', NPREC=10))
import os, re
tcur=0.0; peak=0.0; stopped=False
if os.path.exists(CURVE):
    for line in open(CURVE):
        m=re.match(r'CURVE\s+(\S+)\s+(\S+)', line)
        if m:
            tcur=max(tcur, float(m.group(1))); peak=max(peak, float(m.group(2)))
        if line.startswith('STOP'): stopped=True
def reac(res, t):
    r2=CALC_CHAMP(RESULTAT=res, FORCE='REAC_NODA', INST=t)
    vals={}
    for g in ('HEADT','HEADV'):
        try:
            tb=POST_RELEVE_T(ACTION=_F(OPERATION='EXTRACTION', INTITULE='R', RESULTAT=r2, NOM_CHAM='REAC_NODA',
                                       GROUP_NO=g, RESULTANTE='DX', INST=t)).EXTR_TABLE().values()
            vals[g]=-tb['DX'][-1]*2
        except Exception:
            vals[g]=0.
    DETRUIRE(NOM=r2)
    return vals
TARGETS=[0.0204545455]
for tn in TARGETS:
    if stopped or tn <= tcur+1e-9: continue
    try:
        if tcur < 1e-12 and '1'=='1':
            res=STAT_NON_LINE(INCREMENT=_F(LIST_INST=times, INST_FIN=tn), **common)
        else:
            res=STAT_NON_LINE(reuse=res, ETAT_INIT=_F(EVOL_NOLI=res), INCREMENT=_F(LIST_INST=times, INST_FIN=tn), **common)
    except Exception as exc:
        print('AASSTOP at', tcur, exc, flush=True)
        open(CURVE,'a').write('STOP solver %g\n'%tcur); stopped=True; break
    tcur=tn
    v=reac(res, tcur)
    tot=(v['HEADT'] if 'T' in LOADS else 0.)+(v['HEADV'] if 'V' in LOADS else 0.)
    peak=max(peak, tot)
    open(CURVE,'a').write('CURVE %g %g %g %g\n'%(tcur,tot,v['HEADT'],v['HEADV']))
    print('AASCURVE %g %g %g %g'%(tcur,tot,v['HEADT'],v['HEADV']), flush=True)
    if tot < 0.9*peak:
        open(CURVE,'a').write('STOP peak %g\n'%peak); stopped=True; break
FIN()



# ------------------------------------------------------------------------------
Command line #1:
    ulimit -c unlimited ; ulimit -t 100000 ; ( /root/mm/envs/aster/bin/python3 "v8c100_TV_s00.comm.changed.py" --link="F::mmed::/home/user/aas-corner-fe/jobs/../mesh/m8_h100_d16_ct100_e100.med::D::20" --memory 3000.0 --numthreads 4 --tpmax 20000 ; echo $? > _exit_code_ ) 2>&1 | tee -a fort.6
setting '--memory' value to 2700.00 MB (keyword RESERVE_MEMOIRE)
copying (shutil) '/home/user/aas-corner-fe/jobs/../mesh/m8_h100_d16_ct100_e100.med' to 'fort.20'...
Ouverture en écriture du fichier ./vola.1

<INFO> Démarrage de l'exécution.

                       -- CODE_ASTER -- VERSION : DÉVELOPPEMENT (unstable) --                       
                               Version 18.1.6 modifiée le 14/09/2026                                
                                    révision n/a - branche 'n/a'                                    
                                     Copyright EDF 1991 - 2026                                      
                                                                                                    
                              Exécution du : Mon Sep 28 02:17:13 2026                               
                                       Nom de la machine : vm                                       
                                        Architecture : 64bit                                        
                                    Type de processeur : x86_64                                     
                Système d'exploitation : Linux-6.18.44-fc-v42-x86_64-with-glibc2.39                 
                                  Langue des messages : C (UTF-8)                                   
                                     Version de Python : 3.14.7                                     
                                      Version de NumPy : 2.5.3                                      
                                  Version de MEDCoupling : 9.16.0                                   
                                     Parallélisme MPI : inactif                                     
                                    Parallélisme OpenMP : actif                                     
                              Nombre de processus OpenMP utilisés : 4                               
                                Version de la librairie HDF5 : 2.2.0                                
                                Version de la librairie MED : 4.2.0                                 
                               Version de la librairie MFront : 5.1.0                               
                               Version de la librairie MUMPS : 5.8.2                                
                                  Librairie PETSc : non disponible                                  
                              Version de la librairie SCOTCH : 7.0.11                               

starting the execution...
/home/user/aas-corner-fe/wd/v8c100_TV/v8c100_TV_s00.comm.changed.py:13: DeprecationWarning: This feature is obsolete, 'PAR_LOT' has been removed.
  DEBUT(LANG='EN', PAR_LOT='NON')
Valeur initiale du temps CPU maximum =   20000 secondes
  Valeur du temps CPU maximum passé aux commandes =   18000 secondes
  Réserve CPU prévue = 2000 secondes

Ouverture en écriture du fichier ./glob.1

Ouverture en écriture du fichier ./vola.1

Ouverture en lecture du fichier /root/mm/envs/aster/lib/elem.1

Nom de la base                          :  ELEMBASE
     Créée avec la version                   :  18.01.06
     Nombre d'enregistrements utilisés       :  54
     Nombre d'enregistrements maximum        :  512
     Nombre d'enregistrements par fichier    :  512
     Longueur d'enregistrement (octets)      :  819200
     Nombre d'identificateurs utilisés       :  123
     Taille maximum du répertoire            :  300
     Pourcentage d'utilisation du répertoire :  41 %

Ouverture en lecture du fichier /root/mm/envs/aster/lib/elem.1

Nom de la base                          :  ELEMBASE
     Nombre d'enregistrements utilisés       :  54
     Nombre d'enregistrements maximum        :  512
     Nombre d'enregistrements par fichier    :  512
     Longueur d'enregistrement (octets)      :  819200
     Nombre total d'accès en lecture         :  72
     Volume des accès en lecture             :         56.25 Mo.
     Nombre total d'accès en écriture        :  0
     Volume des accès en écriture            :          0.00 Mo.
     Nombre d'identificateurs utilisés       :  123
     Taille maximum du répertoire            :  300
     Pourcentage d'utilisation du répertoire :  41 %

Relecture des catalogues des éléments faite.

Fin de lecture (durée  0.388251  s.) 

                      Mémoire limite pour l'allocation dynamique : 3258.88 Mo                       
                        ajouté à l'initialisation du processus : 1120.19 Mo                         
                               Limite cible du processus : 4379.07 Mo                               
                         Taille limite des fichiers d'échange : 2048.00 Go                          
# Mémoire (Mo) :  1120.19 /  1110.88 /   216.07 /   186.93 (VmPeak / VmSize / Optimum / Minimum)
# Fin commande #0001   user+syst:        0.11s (syst:        2.86s, elaps:        2.98s)
# ----------------------------------------------------------------------------------------------

.. _stg1_txt14
# ----------------------------------------------------------------------------------------------
# Commande #0002 de /home/user/aas-corner-fe/wd/v8c100_TV/v8c100_TV_s00.comm.changed.py, ligne 14
mesh = LIRE_MAILLAGE(FORMAT='MED',
                     INFO=1,
                     INFO_MED=0,
                     PARTITIONNEUR='SANS',
                     UNITE=20,
                     VERI_MAIL=_F(APLAT=0.001,
                                  VERIF='OUI'))

Nom MED du maillage : untitled


------------ MAILLAGE 00000001 - IMPRESSIONS NIVEAU  1 ------------


NOMBRE DE NOEUDS                      135682

NOMBRE DE MAILLES                     101263
                              TRIA6                4334
                              TETRA10             96929

NOMBRE DE GROUPES DE MAILLES              10

--------------------------------------------------------------------------------

Vérification du maillage.

# Résultat commande #0002 (LIRE_MAILLAGE): mesh ('<00000001>') de type <Mesh>
# Mémoire (Mo) :  1539.77 /  1137.52 /   234.76 /   196.52 (VmPeak / VmSize / Optimum / Minimum)
# Fin commande #0002   user+syst:        1.59s (syst:        3.40s, elaps:        4.99s)
# ----------------------------------------------------------------------------------------------

.. _stg1_txt15
# ----------------------------------------------------------------------------------------------
# Commande #0003 de /home/user/aas-corner-fe/wd/v8c100_TV/v8c100_TV_s00.comm.changed.py, ligne 15
mesh = DEFI_GROUP(ALARME='OUI',
                  CREA_GROUP_NO=_F(CRIT_NOEUD='TOUS',
                                   GROUP_MA=('SYMZ', 'FARX', 'FARY', 'HEADT', 'HEADV')),
                  MAILLAGE=mesh,
                  reuse=mesh)



NOMBRE  DE GROUPES DE NOEUDS CREES :      5
=======================================

               ------------------------------------------------------
               !         NOM DU GROUPE         ! NBRE DE NOEUDS DU  !
               !            NOEUDS             !      GROUPE_NO     !
               ------------------------------------------------------
               !  SYMZ                         !      8220          !
               !  FARX                         !       249          !
               !  FARY                         !       249          !
               !  HEADT                        !       122          !
               !  HEADV                        !        15          !
               ------------------------------------------------------

# Résultat commande #0003 (DEFI_GROUP): mesh ('<00000001>') de type <Mesh>
# Mémoire (Mo) :  1539.77 /  1137.52 /   234.76 /   196.52 (VmPeak / VmSize / Optimum / Minimum)
# Fin commande #0003   user+syst:        0.02s (syst:        0.00s, elaps:        0.01s)
# ----------------------------------------------------------------------------------------------

.. _stg1_txt16
# ----------------------------------------------------------------------------------------------
# Commande #0004 de /home/user/aas-corner-fe/wd/v8c100_TV/v8c100_TV_s00.comm.changed.py, ligne 16
model = AFFE_MODELE(AFFE=(_F(GROUP_MA=('CONC', 'HZ'),
                             MODELISATION='3D_GRAD_VARI',
                             PHENOMENE='MECANIQUE'),
                          _F(GROUP_MA=('STEEL', 'SLV', 'HZH'),
                             MODELISATION='3D',
                             PHENOMENE='MECANIQUE')),
                    DISTRIBUTION=_F(METHODE='SOUS_DOMAINE',
                                    PARTITIONNEUR='METIS'),
                    INFO=1,
                    MAILLAGE=mesh,
                    VERI_FORMULATION_IFS='OUI',
                    VERI_JACOBIEN='OUI',
                    VERI_NORM_IFS='OUI',
                    VERI_PLAN='OUI')

Sur les 101263 mailles du maillage 00000001, on a demandé l'affectation de 96929, on a pu en
affecter 96929.
Modélisation     Formulation      Type maille  Élément fini     Nombre
3D               _                TETRA10      MECA_TETRA10     11341
3D_GRAD_VARI     _                TETRA10      MVCA_TETRA10     85588
#2      Calculs elementaires et assemblages               CPU (USER+SYST/SYST/ELAPS):      0.10      0.00      0.10
# Résultat commande #0004 (AFFE_MODELE): model ('<00000002>') de type <Model>
# Mémoire (Mo) :  1539.77 /  1279.93 /   240.82 /   224.34 (VmPeak / VmSize / Optimum / Minimum)
# Fin commande #0004   user+syst:        0.74s (syst:        0.02s, elaps:        0.76s)
# ----------------------------------------------------------------------------------------------

.. _stg1_txt19
# ----------------------------------------------------------------------------------------------
# Commande #0005 de /home/user/aas-corner-fe/wd/v8c100_TV/v8c100_TV_s00.comm.changed.py, ligne 19
mat = DEFI_MATER_GC(ENDO_FISS_EXP=_F(COEF_RIGI_MINI=0.0,
                                     E=32836.56803133079,
                                     FC=38.0,
                                     FT=2.896468153816889,
                                     GF=0.14050245330952899,
                                     LARG_BANDE=12,
                                     NU=0.2,
                                     P=1.5,
                                     REST_RIGI_FC=0.0),
                    INFO=1)

# Résultat commande #0005 (DEFI_MATER_GC): mat ('<00000003>') de type <Material>
# Mémoire (Mo) :  1539.77 /  1279.93 /   240.82 /   224.34 (VmPeak / VmSize / Optimum / Minimum)
# Fin commande #0005   user+syst:        0.01s (syst:        0.00s, elaps:        0.01s)
# ----------------------------------------------------------------------------------------------

.. _stg1_txt20
# ----------------------------------------------------------------------------------------------
# Commande #0007 de /home/user/aas-corner-fe/wd/v8c100_TV/v8c100_TV_s00.comm.changed.py, ligne 20
matH = DEFI_MATER_GC(ENDO_FISS_EXP=_F(COEF_RIGI_MINI=0.0,
                                      E=32836.56803133079,
                                      FC=76.0,
                                      FT=2.896468153816889,
                                      GF=0.14050245330952899,
                                      LARG_BANDE=12,
                                      NU=0.2,
                                      P=1.5,
                                      REST_RIGI_FC=0.0),
                     INFO=1)

# Résultat commande #0007 (DEFI_MATER_GC): matH ('<00000004>') de type <Material>
# Mémoire (Mo) :  1539.77 /  1279.93 /   240.82 /   224.34 (VmPeak / VmSize / Optimum / Minimum)
# Fin commande #0007   user+syst:        0.01s (syst:        0.00s, elaps:        0.01s)
# ----------------------------------------------------------------------------------------------

.. _stg1_txt21
# ----------------------------------------------------------------------------------------------
# Commande #0009 de /home/user/aas-corner-fe/wd/v8c100_TV/v8c100_TV_s00.comm.changed.py, ligne 21
matHH = DEFI_MATERIAU(ELAS=_F(B_ENDOGE=0.0,
                              COEF_AMOR=1.0,
                              E=32836.56803133079,
                              K_DESSIC=0.0,
                              NU=0.2),
                      INFO=1)

# Résultat commande #0009 (DEFI_MATERIAU): matHH ('<00000005>') de type <Material>
# Mémoire (Mo) :  1539.77 /  1279.93 /   240.82 /   224.34 (VmPeak / VmSize / Optimum / Minimum)
# Fin commande #0009   user+syst:        0.00s (syst:        0.00s, elaps:        0.00s)
# ----------------------------------------------------------------------------------------------

.. _stg1_txt22
# ----------------------------------------------------------------------------------------------
# Commande #0010 de /home/user/aas-corner-fe/wd/v8c100_TV/v8c100_TV_s00.comm.changed.py, ligne 22
stl = DEFI_MATERIAU(ELAS=_F(B_ENDOGE=0.0,
                            COEF_AMOR=1.0,
                            E=210000.0,
                            K_DESSIC=0.0,
                            NU=0.3),
                    INFO=1)

# Résultat commande #0010 (DEFI_MATERIAU): stl ('<00000006>') de type <Material>
# Mémoire (Mo) :  1539.77 /  1279.93 /   240.82 /   224.34 (VmPeak / VmSize / Optimum / Minimum)
# Fin commande #0010   user+syst:        0.00s (syst:        0.00s, elaps:        0.00s)
# ----------------------------------------------------------------------------------------------

.. _stg1_txt23
# ----------------------------------------------------------------------------------------------
# Commande #0011 de /home/user/aas-corner-fe/wd/v8c100_TV/v8c100_TV_s00.comm.changed.py, ligne 23
slvm = DEFI_MATERIAU(ELAS=_F(B_ENDOGE=0.0,
                             COEF_AMOR=1.0,
                             E=10.0,
                             K_DESSIC=0.0,
                             NU=0.3),
                     INFO=1)

# Résultat commande #0011 (DEFI_MATERIAU): slvm ('<00000007>') de type <Material>
# Mémoire (Mo) :  1539.77 /  1279.93 /   240.82 /   224.34 (VmPeak / VmSize / Optimum / Minimum)
# Fin commande #0011   user+syst:        0.00s (syst:        0.00s, elaps:        0.01s)
# ----------------------------------------------------------------------------------------------

.. _stg1_txt24
# ----------------------------------------------------------------------------------------------
# Commande #0012 de /home/user/aas-corner-fe/wd/v8c100_TV/v8c100_TV_s00.comm.changed.py, ligne 24
fmat = AFFE_MATERIAU(AFFE=(_F(GROUP_MA='CONC',
                              MATER=mat),
                           _F(GROUP_MA='HZ',
                              MATER=matH),
                           _F(GROUP_MA='HZH',
                              MATER=matHH),
                           _F(GROUP_MA='STEEL',
                              MATER=stl),
                           _F(GROUP_MA='SLV',
                              MATER=slvm)),
                     INFO=1,
                     MAILLAGE=mesh)

# Résultat commande #0012 (AFFE_MATERIAU): fmat ('<00000008>') de type <MaterialField>
# Mémoire (Mo) :  1539.77 /  1281.09 /   240.82 /   224.34 (VmPeak / VmSize / Optimum / Minimum)
# Fin commande #0012   user+syst:        0.01s (syst:        0.00s, elaps:        0.01s)
# ----------------------------------------------------------------------------------------------

.. _stg1_txt25
# ----------------------------------------------------------------------------------------------
# Commande #0013 de /home/user/aas-corner-fe/wd/v8c100_TV/v8c100_TV_s00.comm.changed.py, ligne 25
fix = AFFE_CHAR_MECA(DDL_IMPO=(_F(DZ=0.0,
                                  GROUP_MA='SYMZ'),
                               _F(DX=0.0,
                                  GROUP_MA='FARX'),
                               _F(DY=0.0,
                                  GROUP_MA='FARY')),
                     DOUBLE_LAGRANGE='OUI',
                     INFO=1,
                     MODELE=model,
                     SYNTAXE='NON',
                     VERI_AFFE='OUI',
                     VERI_NORM='OUI')

# Résultat commande #0013 (AFFE_CHAR_MECA): fix ('<00000009>') de type <MechanicalLoadReal>
# Mémoire (Mo) :  1539.77 /  1295.45 /   252.39 /   224.34 (VmPeak / VmSize / Optimum / Minimum)
# Fin commande #0013   user+syst:        0.14s (syst:        0.02s, elaps:        0.15s)
# ----------------------------------------------------------------------------------------------

.. _stg1_txt29
# ----------------------------------------------------------------------------------------------
# Commande #0014 de /home/user/aas-corner-fe/wd/v8c100_TV/v8c100_TV_s00.comm.changed.py, ligne 29
load = AFFE_CHAR_MECA(DDL_IMPO=(_F(DX=-1,
                                   GROUP_MA='HEADT'),
                                _F(DX=-1,
                                   GROUP_MA='HEADV')),
                      DOUBLE_LAGRANGE='OUI',
                      INFO=1,
                      MODELE=model,
                      SYNTAXE='NON',
                      VERI_AFFE='OUI',
                      VERI_NORM='OUI')

# Résultat commande #0014 (AFFE_CHAR_MECA): load ('<0000000a>') de type <MechanicalLoadReal>
# Mémoire (Mo) :  1539.77 /  1306.84 /   263.85 /   224.34 (VmPeak / VmSize / Optimum / Minimum)
# Fin commande #0014   user+syst:        0.01s (syst:        0.01s, elaps:        0.03s)
# ----------------------------------------------------------------------------------------------

.. _stg1_txt30
# ----------------------------------------------------------------------------------------------
# Commande #0015 de /home/user/aas-corner-fe/wd/v8c100_TV/v8c100_TV_s00.comm.changed.py, ligne 30
ramp = DEFI_FONCTION(INFO=1,
                     INTERPOL='LIN',
                     NOM_PARA='INST',
                     NOM_RESU='TOUTRESU',
                     PROL_DROITE='EXCLU',
                     PROL_GAUCHE='EXCLU',
                     VALE=(0.0, 0.0, 0.45, 0.45),
                     VERIF='CROISSANT')

# Résultat commande #0015 (DEFI_FONCTION): ramp ('<0000000b>') de type <Function>
# Mémoire (Mo) :  1539.77 /  1306.84 /   263.85 /   224.34 (VmPeak / VmSize / Optimum / Minimum)
# Fin commande #0015   user+syst:        0.01s (syst:        0.00s, elaps:        0.00s)
# ----------------------------------------------------------------------------------------------

.. _stg1_txt31
# ----------------------------------------------------------------------------------------------
# Commande #0016 de /home/user/aas-corner-fe/wd/v8c100_TV/v8c100_TV_s00.comm.changed.py, ligne 31
steps = DEFI_LIST_REEL(DEBUT=0.0,
                       INFO=1,
                       INTERVALLE=_F(JUSQU_A=0.45,
                                     NOMBRE=22))

# Résultat commande #0016 (DEFI_LIST_REEL): steps ('<0000000c>') de type <ListOfFloats>
# Mémoire (Mo) :  1539.77 /  1306.84 /   263.85 /   224.34 (VmPeak / VmSize / Optimum / Minimum)
# Fin commande #0016   user+syst:        0.00s (syst:        0.00s, elaps:        0.01s)
# ----------------------------------------------------------------------------------------------

.. _stg1_txt32
# ----------------------------------------------------------------------------------------------
# Commande #0017 de /home/user/aas-corner-fe/wd/v8c100_TV/v8c100_TV_s00.comm.changed.py, ligne 32
times = DEFI_LIST_INST(DEFI_LIST=_F(LIST_INST=steps),
                       ECHEC=_F(ACTION='DECOUPE',
                                EVENEMENT='ERREUR',
                                SUBD_METHODE='MANUEL',
                                SUBD_NIVEAU=10,
                                SUBD_PAS=2,
                                SUBD_PAS_MINI=0.0),
                       INFO=1,
                       METHODE='MANUEL')

Gestion manuelle de la liste d'instants.
La liste d'instants contient 23 pas de temps et le pas de temps minimum vaut     0.0204545.
Il y a 1 événements.
L'événement 1 est pour capturer les erreurs.
Si cet événement se déclenche, on découpe le pas de temps.
La découpe du pas de temps est manuelle.
On découpe le pas de temps en 2 incréments jusqu'à ce que le niveau atteigne 10.
# Résultat commande #0017 (DEFI_LIST_INST): times ('<0000000d>') de type <TimesList>
# Dépend de :
# - steps ('<0000000c>') de type <ListOfFloats>
# Mémoire (Mo) :  1539.77 /  1306.84 /   263.85 /   224.34 (VmPeak / VmSize / Optimum / Minimum)
# Fin commande #0017   user+syst:        0.01s (syst:        0.00s, elaps:        0.00s)
# ----------------------------------------------------------------------------------------------

.. _stg1_txt65
# ----------------------------------------------------------------------------------------------
# Commande #0018 de /home/user/aas-corner-fe/wd/v8c100_TV/v8c100_TV_s00.comm.changed.py, ligne 65
res = STAT_NON_LINE(AFFICHAGE=_F(INFO_RESIDU='NON',
                                 INFO_TEMPS='NON'),
                    ARCHIVAGE=_F(CHAM_EXCLU=('RESI_NOEU', 'RESI_RELA_NOEU'),
                                 PAS_ARCH=1),
                    CHAM_MATER=fmat,
                    COMPORTEMENT=(_F(DEFORMATION='PETIT',
                                     GROUP_MA=('CONC', 'HZ'),
                                     ITER_CPLAN_MAXI=10,
                                     ITER_INTE_MAXI=20,
                                     ITER_INTE_PAS=0,
                                     PARM_THETA=1.0,
                                     REGU_VISC='NON',
                                     RELATION='ENDO_FISS_EXP',
                                     RESI_CPLAN_RELA=1e-06,
                                     RESI_INTE=1e-06),
                                  _F(DEFORMATION='PETIT',
                                     GROUP_MA=('STEEL', 'SLV', 'HZH'),
                                     ITER_CPLAN_MAXI=10,
                                     ITER_INTE_MAXI=20,
                                     ITER_INTE_PAS=0,
                                     PARM_THETA=1.0,
                                     REGU_VISC='NON',
                                     RELATION='ELAS',
                                     RESI_CPLAN_RELA=1e-06,
                                     RESI_INTE=1e-06)),
                    CONVERGENCE=_F(ARRET='OUI',
                                   ITER_GLOB_ELAS=25,
                                   ITER_GLOB_MAXI=50,
                                   RESI_GLOB_RELA=0.0001,
                                   VERIF='TOUT'),
                    EXCIT=(_F(CHARGE=fix,
                              TYPE_CHARGE='FIXE_CSTE'),
                           _F(CHARGE=load,
                              FONC_MULT=ramp,
                              TYPE_CHARGE='FIXE_CSTE')),
                    INCREMENT=_F(CRITERE='RELATIF',
                                 INST_FIN=0.0204545455,
                                 LIST_INST=times,
                                 NUME_INST_INIT=0,
                                 PRECISION=1e-06),
                    MESURE=_F(TABLE='NON'),
                    METHODE='NEWTON',
                    MODELE=model,
                    NEWTON=_F(MATRICE='TANGENTE',
                              MATR_RIGI_SYME='NON',
                              REAC_INCR=1,
                              REAC_ITER=1,
                              REAC_ITER_ELAS=0),
                    SOLVEUR=_F(ACCELERATION='AUTO',
                               ELIM_LAGR='LAGR2',
                               FILTRAGE_MATRICE=-1.0,
                               GESTION_MEMOIRE='OUT_OF_CORE',
                               LOW_RANK_SEUIL=0.0,
                               MATR_DISTRIBUEE='NON',
                               METHODE='MUMPS',
                               MIXER_PRECISION='NON',
                               NB_RHS=1,
                               NPREC=10,
                               PCENT_PIVOT=35,
                               POSTTRAITEMENTS='AUTO',
                               PRETRAITEMENTS='AUTO',
                               REDUCTION_MPI=0,
                               RENUM='AUTO',
                               RESI_RELA=-1.0,
                               STOP_SINGULIER='OUI',
                               TYPE_RESOL='AUTO'))

Liste des comportements

Affecté sur 85588 éléments
Relation                             : ENDO_FISS_EXP
Déformation                          : PETIT
Pas de régularisation visqueuse
Pas de post-traitement à la fin du pas de temps
Nombre total de variables internes   : 9
V1 : ENDO
V2 : INDIENDO
V3 : ENDORIGI
V4 : EPSEXX
V5 : EPSEYY
V6 : EPSEZZ
V7 : EPSEXY
V8 : EPSEXZ
V9 : EPSEYZ
Affecté sur 11341 éléments
Relation                             : ELAS
Déformation                          : PETIT
Pas de régularisation visqueuse
Pas de post-traitement à la fin du pas de temps
Nombre total de variables internes   : 1
V1 : VIDE
Le système linéaire à résoudre a 456148 degrés de liberté:
   - 438438 sont des degrés de liberté physiques
     (ils sont portés par 135682 noeuds du maillage)
   - 17710 sont les couples de paramètres de Lagrange associés
     aux 8855 relations linéaires dualisées.
La matrice est de taille 456148 équations.
  Elle contient 23709453 termes non nuls si elle est symétrique et 46962758 termes non nuls si elle
n'est pas symétrique.
  Soit un taux de remplissage de   0.023 %.
Il n'y a pas d'état initial défini. On prend un état initial nul.
Le champ <DEPL> est initialisé a zéro
Le champ <SIEF_ELGA> est initialisé a zéro
Le champ <VARI_ELGA> est initialisé a zéro
Archivage de l'état initial
Archivage des champs

Champ stocké <DEPL> à l'instant  0.000000000000e+00 pour le numéro d'ordre 0
Champ stocké <SIEF_ELGA> à l'instant  0.000000000000e+00 pour le numéro d'ordre 0
Champ stocké <VARI_ELGA> à l'instant  0.000000000000e+00 pour le numéro d'ordre 0
Champ stocké <COMPORTEMENT> à l'instant  0.000000000000e+00 pour le numéro d'ordre 0
---------------------------------------------------------------------
Instant de calcul:  2.045454545455e-02 - Niveau de découpe: 1

---------------------------------------------------------------------
|     NEWTON     |     RESIDU     |     RESIDU     |     OPTION     |
|    ITERATION   |     RELATIF    |     ABSOLU     |   ASSEMBLAGE   |
|                | RESI_GLOB_RELA | RESI_GLOB_MAXI |(+ TYPE MATRICE)|
---------------------------------------------------------------------

 ╔================================================================================================╗
 ║ <A> <FACTOR_75>                                                                                ║
 ║                                                                                                ║
 ║ Attention, vous avez demandé un calcul OUT_OF_CORE, mais MUMPS estime avoir besoin pour cela   ║
 ║ d'au moins                                                                                     ║
 ║   3902 Mo  alors qu'il n'y a que 342 Mo de disponible sur ce processeur !                      ║
 ║   Le calcul pourrait donc être ralenti ou s'arrêter pour cette raison.                         ║
 ║                                                                                                ║
 ║   Pour information: mémoire déjà pré-allouée par MUMPS (exécutable, matrice...)= 567 Mo,       ║
 ║                     nombre de systèmes linéaires à factoriser en même temps    = 1.            ║
 ║                                                                                                ║
 ║ Conseils :                                                                                     ║
 ║   La prochaine fois, relancez avec plus de mémoire globale ou avec une option de calcul plus   ║
 ║ économe                                                                                        ║
 ║   (par ordre décroissant d'efficacité):                                                        ║
 ║    - Si le calcul est parallèle, réduisez la consommation MUMPS en augmentant le nombre de     ║
 ║ processeurs,                                                                                   ║
 ║    - Si le calcul est parallèle, réduisez la consommation Aster en activant l'option           ║
 ║ SOLVEUR/MATR_DISTRIBUEE,                                                                       ║
 ║   Ou, plus radicalement:                                                                       ║
 ║    - Utilisez un solveur moins exigeant en mémoire (par exemple: SOLVEUR/METHODE='PETSC' +     ║
 ║ PRECOND='LDLT_SP').                                                                            ║
 ║                                                                                                ║
 ║                                                                                                ║
 ║ Ceci est une alarme. Si vous ne comprenez pas le sens de cette                                 ║
 ║ alarme, vous pouvez obtenir des résultats inattendus !                                         ║
 ╚================================================================================================╝

|     0        X | 3.25211E-01  X | 2.41909E+02    |TANGENTE (NOSYM)|

 ╔================================================================================================╗
 ║ <A> <FACTOR_75>                                                                                ║
 ║                                                                                                ║
 ║ Attention, vous avez demandé un calcul OUT_OF_CORE, mais MUMPS estime avoir besoin pour cela   ║
 ║ d'au moins                                                                                     ║
 ║   3902 Mo  alors qu'il n'y a que 129 Mo de disponible sur ce processeur !                      ║
 ║   Le calcul pourrait donc être ralenti ou s'arrêter pour cette raison.                         ║
 ║                                                                                                ║
 ║   Pour information: mémoire déjà pré-allouée par MUMPS (exécutable, matrice...)= 568 Mo,       ║
 ║                     nombre de systèmes linéaires à factoriser en même temps    = 1.            ║
 ║                                                                                                ║
 ║ Conseils :                                                                                     ║
 ║   La prochaine fois, relancez avec plus de mémoire globale ou avec une option de calcul plus   ║
 ║ économe                                                                                        ║
 ║   (par ordre décroissant d'efficacité):                                                        ║
 ║    - Si le calcul est parallèle, réduisez la consommation MUMPS en augmentant le nombre de     ║
 ║ processeurs,                                                                                   ║
 ║    - Si le calcul est parallèle, réduisez la consommation Aster en activant l'option           ║
 ║ SOLVEUR/MATR_DISTRIBUEE,                                                                       ║
 ║   Ou, plus radicalement:                                                                       ║
 ║    - Utilisez un solveur moins exigeant en mémoire (par exemple: SOLVEUR/METHODE='PETSC' +     ║
 ║ PRECOND='LDLT_SP').                                                                            ║
 ║                                                                                                ║
 ║                                                                                                ║
 ║ Ceci est une alarme. Si vous ne comprenez pas le sens de cette                                 ║
 ║ alarme, vous pouvez obtenir des résultats inattendus !                                         ║
 ╚================================================================================================╝

|     1        X | 8.07838E-01  X | 5.58431E+02    |TANGENTE (NOSYM)|

 ╔================================================================================================╗
 ║ <A> <FACTOR_75>                                                                                ║
 ║                                                                                                ║
 ║ Attention, vous avez demandé un calcul OUT_OF_CORE, mais MUMPS estime avoir besoin pour cela   ║
 ║ d'au moins                                                                                     ║
 ║   3902 Mo  alors qu'il n'y a que 129 Mo de disponible sur ce processeur !                      ║
 ║   Le calcul pourrait donc être ralenti ou s'arrêter pour cette raison.                         ║
 ║                                                                                                ║
 ║   Pour information: mémoire déjà pré-allouée par MUMPS (exécutable, matrice...)= 568 Mo,       ║
 ║                     nombre de systèmes linéaires à factoriser en même temps    = 1.            ║
 ║                                                                                                ║
 ║ Conseils :                                                                                     ║
 ║   La prochaine fois, relancez avec plus de mémoire globale ou avec une option de calcul plus   ║
 ║ économe                                                                                        ║
 ║   (par ordre décroissant d'efficacité):                                                        ║
 ║    - Si le calcul est parallèle, réduisez la consommation MUMPS en augmentant le nombre de     ║
 ║ processeurs,                                                                                   ║
 ║    - Si le calcul est parallèle, réduisez la consommation Aster en activant l'option           ║
 ║ SOLVEUR/MATR_DISTRIBUEE,                                                                       ║
 ║   Ou, plus radicalement:                                                                       ║
 ║    - Utilisez un solveur moins exigeant en mémoire (par exemple: SOLVEUR/METHODE='PETSC' +     ║
 ║ PRECOND='LDLT_SP').                                                                            ║
 ║                                                                                                ║
 ║                                                                                                ║
 ║ Ceci est une alarme. Si vous ne comprenez pas le sens de cette                                 ║
 ║ alarme, vous pouvez obtenir des résultats inattendus !                                         ║
 ╚================================================================================================╝

|     2        X | 1.75849E+00  X | 1.16740E+03    |TANGENTE (NOSYM)|

 ╔================================================================================================╗
 ║ <A> <FACTOR_75>                                                                                ║
 ║                                                                                                ║
 ║ Attention, vous avez demandé un calcul OUT_OF_CORE, mais MUMPS estime avoir besoin pour cela   ║
 ║ d'au moins                                                                                     ║
 ║   3902 Mo  alors qu'il n'y a que 128 Mo de disponible sur ce processeur !                      ║
 ║   Le calcul pourrait donc être ralenti ou s'arrêter pour cette raison.                         ║
 ║                                                                                                ║
 ║   Pour information: mémoire déjà pré-allouée par MUMPS (exécutable, matrice...)= 567 Mo,       ║
 ║                     nombre de systèmes linéaires à factoriser en même temps    = 1.            ║
 ║                                                                                                ║
 ║ Conseils :                                                                                     ║
 ║   La prochaine fois, relancez avec plus de mémoire globale ou avec une option de calcul plus   ║
 ║ économe                                                                                        ║
 ║   (par ordre décroissant d'efficacité):                                                        ║
 ║    - Si le calcul est parallèle, réduisez la consommation MUMPS en augmentant le nombre de     ║
 ║ processeurs,                                                                                   ║
 ║    - Si le calcul est parallèle, réduisez la consommation Aster en activant l'option           ║
 ║ SOLVEUR/MATR_DISTRIBUEE,                                                                       ║
 ║   Ou, plus radicalement:                                                                       ║
 ║    - Utilisez un solveur moins exigeant en mémoire (par exemple: SOLVEUR/METHODE='PETSC' +     ║
 ║ PRECOND='LDLT_SP').                                                                            ║
 ║                                                                                                ║
 ║                                                                                                ║
 ║ Ceci est une alarme. Si vous ne comprenez pas le sens de cette                                 ║
 ║ alarme, vous pouvez obtenir des résultats inattendus !                                         ║
 ╚================================================================================================╝

|     3        X | 2.30320E-01  X | 1.48641E+02    |TANGENTE (NOSYM)|

 ╔================================================================================================╗
 ║ <A> <FACTOR_75>                                                                                ║
 ║                                                                                                ║
 ║ Attention, vous avez demandé un calcul OUT_OF_CORE, mais MUMPS estime avoir besoin pour cela   ║
 ║ d'au moins                                                                                     ║
 ║   3902 Mo  alors qu'il n'y a que 127 Mo de disponible sur ce processeur !                      ║
 ║   Le calcul pourrait donc être ralenti ou s'arrêter pour cette raison.                         ║
 ║                                                                                                ║
 ║   Pour information: mémoire déjà pré-allouée par MUMPS (exécutable, matrice...)= 567 Mo,       ║
 ║                     nombre de systèmes linéaires à factoriser en même temps    = 1.            ║
 ║                                                                                                ║
 ║ Conseils :                                                                                     ║
 ║   La prochaine fois, relancez avec plus de mémoire globale ou avec une option de calcul plus   ║
 ║ économe                                                                                        ║
 ║   (par ordre décroissant d'efficacité):                                                        ║
 ║    - Si le calcul est parallèle, réduisez la consommation MUMPS en augmentant le nombre de     ║
 ║ processeurs,                                                                                   ║
 ║    - Si le calcul est parallèle, réduisez la consommation Aster en activant l'option           ║
 ║ SOLVEUR/MATR_DISTRIBUEE,                                                                       ║
 ║   Ou, plus radicalement:                                                                       ║
 ║    - Utilisez un solveur moins exigeant en mémoire (par exemple: SOLVEUR/METHODE='PETSC' +     ║
 ║ PRECOND='LDLT_SP').                                                                            ║
 ║                                                                                                ║
 ║                                                                                                ║
 ║ Ceci est une alarme. Si vous ne comprenez pas le sens de cette                                 ║
 ║ alarme, vous pouvez obtenir des résultats inattendus !                                         ║
 ╚================================================================================================╝


 ╔================================================================================================╗
 ║ <A> <CATAMESS_41>                                                                              ║
 ║                                                                                                ║
 ║ Le message d'alarme 'FACTOR_75' a été émis 5 fois, il ne sera plus affiché.                    ║
 ║                                                                                                ║
 ║                                                                                                ║
 ║ Ceci est une alarme. Si vous ne comprenez pas le sens de cette                                 ║
 ║ alarme, vous pouvez obtenir des résultats inattendus !                                         ║
 ╚================================================================================================╝

|     4        X | 6.09321E-02  X | 3.83986E+01    |TANGENTE (NOSYM)|
|     5        X | 6.59371E-03  X | 4.13076E+00    |TANGENTE (NOSYM)|
|     6        X | 7.10337E-04  X | 4.44508E-01    |TANGENTE (NOSYM)|
|     7        X | 1.54781E-04  X | 9.68493E-02    |TANGENTE (NOSYM)|
|     8          | 2.42943E-07    | 1.52013E-04    |TANGENTE (NOSYM)|
---------------------------------------------------------------------
Critère(s) de convergence atteint(s)

Le résidu de type <RESI_GLOB_RELA> vaut  2.429433414217e-07 au noeud et degré de liberté <135376 
DX>
Temps CPU consommé dans ce pas de temps    : 26 min 10 s

* Nombre d'itérations de Newton                     : 9
* Temps total intégration comportement              : 1 min 25 s (10 intégrations)
* Temps total factorisation matrice                 : 18 min 42 s (9 factorisations)
* Temps construction second membre                  : 1.303 s
* Temps total résolution K.U=F                      : 2 min 45 s (9 résolutions)
* Temps assemblage matrice                          : 0.000 s
* Temps autres opérations                           : 3 min 16 s
Mémoire (Mo) :  7615.94 /  3789.75 /  3137.50 /   851.36 (VmPeak / VmSize / Optimum / Minimum)

Archivage des champs

Champ stocké <DEPL> à l'instant  2.045454545455e-02 pour le numéro d'ordre 1
Champ stocké <SIEF_ELGA> à l'instant  2.045454545455e-02 pour le numéro d'ordre 1
Champ stocké <VARI_ELGA> à l'instant  2.045454545455e-02 pour le numéro d'ordre 1
Champ stocké <COMPORTEMENT> à l'instant  2.045454545455e-02 pour le numéro d'ordre 1
[100%] Instant calculé : 2.04545e-02, dernier instant archivé : 2.04545e-02, au numéro d'ordre :    
1
Temps CPU consommé dans le calcul          : 26 min 10 s

dont temps CPU "perdu" dans les découpes            : 0.000 s
* Nombre de pas de temps                            : 1
* Nombre d'itérations de Newton                     : 9
* Temps dans l'archivage                            : 0.072 s
* Temps dans le post-traitement                     : 0.000 s
* Temps total intégration comportement              : 1 min 25 s (10 intégrations)
* Temps total factorisation matrice                 : 18 min 42 s (9 factorisations)
* Temps construction second membre                  : 1.303 s
* Temps total résolution K.U=F                      : 2 min 45 s (9 résolutions)
* Temps assemblage matrice                          : 0.000 s
#1      Resolution des systemes lineaires                 CPU (USER+SYST/SYST/ELAPS):   4273.90    705.38   1294.37
#2      Calculs elementaires et assemblages               CPU (USER+SYST/SYST/ELAPS):    188.83     30.10    189.73
# Résultat commande #0018 (STAT_NON_LINE): res ('<0000000e>') de type <NonLinearResult>
# Mémoire (Mo) :  7615.94 /  1753.30 /  3137.50 /   851.36 (VmPeak / VmSize / Optimum / Minimum)
# Fin commande #0018   user+syst:     3748.75s (syst:      742.11s, elaps:     1596.64s)
# ----------------------------------------------------------------------------------------------

.. _stg1_txt184
# ----------------------------------------------------------------------------------------------
# Commande #0019 de
/root/mm/envs/aster/lib/python3.14/site-packages/code_aster/Supervis/ExecuteCommand.py, ligne 184
CALC_CHAMP(CRITERE='RELATIF',
           FORCE='REAC_NODA',
           INFO=1,
           INST=0.0204545455,
           PARALLELISME_TEMPS='NON',
           PRECISION=1e-06,
           RESULTAT=res)

Le système linéaire à résoudre a 456148 degrés de liberté:
   - 438438 sont des degrés de liberté physiques
     (ils sont portés par 135682 noeuds du maillage)
   - 17710 sont les couples de paramètres de Lagrange associés
     aux 8855 relations linéaires dualisées.
#2      Calculs elementaires et assemblages               CPU (USER+SYST/SYST/ELAPS):      1.04      0.00      1.04
# Résultat commande #0019 (CALC_CHAMP): '<0000000f>' de type <NonLinearResult>
# Dépend de :
# - model ('<00000002>') de type <Model>
# - fmat ('<00000008>') de type <MaterialField>
# Mémoire (Mo) :  7615.94 /  1753.30 /  3137.50 /   851.36 (VmPeak / VmSize / Optimum / Minimum)
# Fin commande #0019   user+syst:        1.52s (syst:        0.00s, elaps:        1.99s)
# ----------------------------------------------------------------------------------------------

.. _stg1_txt53
# ----------------------------------------------------------------------------------------------
# Commande #0020 de /home/user/aas-corner-fe/wd/v8c100_TV/v8c100_TV_s00.comm.changed.py, ligne 53
tb = POST_RELEVE_T(ACTION=_F(CRITERE='RELATIF',
                             FORMAT_C='MODULE',
                             GROUP_NO='HEADT',
                             INST=0.0204545455,
                             INTITULE='R',
                             MOYE_NOEUD='OUI',
                             NOM_CHAM='REAC_NODA',
                             OPERATION='EXTRACTION',
                             PRECISION=1e-06,
                             REPERE='GLOBAL',
                             RESULTANTE='DX',
                             RESULTAT=r2),
                   INFO=1)

# Résultat commande #0020 (POST_RELEVE_T): tb ('<00000010>') de type <Table>
# Mémoire (Mo) :  7615.94 /  1753.30 /  3137.50 /   851.36 (VmPeak / VmSize / Optimum / Minimum)
# Fin commande #0020   user+syst:        0.04s (syst:        0.00s, elaps:        0.01s)
# ----------------------------------------------------------------------------------------------

.. _stg1_txt53
# ----------------------------------------------------------------------------------------------
# Commande #0021 de /home/user/aas-corner-fe/wd/v8c100_TV/v8c100_TV_s00.comm.changed.py, ligne 53
tb = POST_RELEVE_T(ACTION=_F(CRITERE='RELATIF',
                             FORMAT_C='MODULE',
                             GROUP_NO='HEADV',
                             INST=0.0204545455,
                             INTITULE='R',
                             MOYE_NOEUD='OUI',
                             NOM_CHAM='REAC_NODA',
                             OPERATION='EXTRACTION',
                             PRECISION=1e-06,
                             REPERE='GLOBAL',
                             RESULTANTE='DX',
                             RESULTAT=r2),
                   INFO=1)

# Résultat commande #0021 (POST_RELEVE_T): tb ('<00000011>') de type <Table>
# Mémoire (Mo) :  7615.94 /  1753.30 /  3137.50 /   851.36 (VmPeak / VmSize / Optimum / Minimum)
# Fin commande #0021   user+syst:        0.03s (syst:        0.00s, elaps:        0.01s)
# ----------------------------------------------------------------------------------------------

.. _stg1_txt58
# ----------------------------------------------------------------------------------------------
# Commande #0022 de /home/user/aas-corner-fe/wd/v8c100_TV/v8c100_TV_s00.comm.changed.py, ligne 58
DETRUIRE(INFO=1,
         NOM=r2)

# Mémoire (Mo) :  7615.94 /  1753.30 /  3137.50 /   851.36 (VmPeak / VmSize / Optimum / Minimum)
# Fin commande #0022   user+syst:        0.43s (syst:        0.00s, elaps:        0.11s)
# ----------------------------------------------------------------------------------------------
/home/user/aas-corner-fe/wd/v8c100_TV/v8c100_TV_s00.comm.changed.py:75: ResourceWarning: unclosed file <_io.TextIOWrapper name='/home/user/aas-corner-fe/jobs/../results/v8c100_TV.curve' mode='a' encoding='UTF-8'>
  open(CURVE,'a').write('CURVE %g %g %g %g\n'%(tcur,tot,v['HEADT'],v['HEADV']))
AASCURVE 0.0204545 14516.2 7387.72 7128.48

.. _stg1_txt76
# ----------------------------------------------------------------------------------------------
# Commande #0023 de /root/mm/envs/aster/lib/python3.14/site-packages/code_aster/CodeCommands/fin.py,
ligne 76
FIN(INFO_RESU='NON',
    RETASSAGE='NON')

Saving objects...
pi                       <class 'float'>
e                        <class 'float'>
tau                      <class 'float'>
inf                      <class 'float'>
nan                      <class 'float'>
mesh                     <class 'libaster.Mesh'>
model                    <class 'libaster.Model'>
mat                      <class 'libaster.Material'>
matH                     <class 'libaster.Material'>
matHH                    <class 'libaster.Material'>
stl                      <class 'libaster.Material'>
slvm                     <class 'libaster.Material'>
fmat                     <class 'libaster.MaterialField'>
fix                      <class 'libaster.MechanicalLoadReal'>
grp                      <class 'list'>
load                     <class 'libaster.MechanicalLoadReal'>
ramp                     <class 'libaster.Function'>
steps                    <class 'libaster.ListOfFloats'>
times                    <class 'libaster.TimesList'>
LOADS                    <class 'str'>
CURVE                    <class 'str'>
common                   <class 'dict'>
tcur                     <class 'float'>
peak                     <class 'float'>
stopped                  <class 'bool'>
TARGETS                  <class 'list'>
tn                       <class 'float'>
res                      <class 'libaster.NonLinearResult'>
v                        <class 'dict'>
tot                      <class 'float'>

 ╔================================================================================================╗
 ║ <I> <CATAMESS_89>                                                                              ║
 ║                                                                                                ║
 ║ Liste des alarmes émises lors de l'exécution du calcul.                                        ║
 ║                                                                                                ║
 ║     Les alarmes que vous avez choisies d'ignorer sont précédées de (*).                        ║
 ║     Nombre d'occurrences pour chacune des alarmes :                                            ║
 ║            FACTOR_75            émise    9 fois                                                ║
 ╚================================================================================================╝

 ---------------------------------------------------------------------------
 Concepts de la base: G
    Nom        Type                Taille (Mo)         Nombre      Nombre de
                                                     d'objets       segments
    TOTAL                               256.42            388            578
  
    00000001   MAILLAGE_SDASTER          14.63             34             70
    00000002   MODELE_SDASTER            14.45             11             16
    00000003   MATER_SDASTER              0.00             15             15
    00000004   MATER_SDASTER              0.00             15             15
    00000005   MATER_SDASTER              0.00              7              7
    00000006   MATER_SDASTER              0.00              7              7
    00000007   MATER_SDASTER              0.00              7              7
    00000008   CHAM_MATER                 1.17              8             13
    00000009   CHAR_MECA                 15.45             56             76
    0000000a   CHAR_MECA                 11.45             56             76
    0000000b   FONCTION_SDASTER           0.00              3              3
    0000000c   LISTR8_SDASTER             0.00              6              6
    0000000d   LIST_INST                  0.00              8              8
    0000000e   EVOL_NOLI                161.67            106            137
    &FOZERO                               0.00              2              2
    &&_NUM_C                              0.00              1              1
    &CATA                                37.45             42            103
    &&NMDOME                              0.00              2              2
    0000000f                              0.14              2             14
 (*) sous-objets non accessible directement
 ---------------------------------------------------------------------------
Nom de la base                          :  GLOBALE
     Nombre d'enregistrements utilisés       :  452
     Nombre d'enregistrements maximum        :  2684354
     Nombre d'enregistrements par fichier    :  15728
     Longueur d'enregistrement (octets)      :  819200
     Nombre total d'accès en lecture         :  96
     Volume des accès en lecture             :         75.00 Mo.
     Nombre total d'accès en écriture        :  674
     Volume des accès en écriture            :        526.56 Mo.
     Nombre d'identificateurs utilisés       :  631
     Taille maximum du répertoire            :  2000
     Pourcentage d'utilisation du répertoire :  31 %

Nom de la base                          :  VOLATILE
     Nombre d'enregistrements utilisés       :  692
     Nombre d'enregistrements maximum        :  2684354
     Nombre d'enregistrements par fichier    :  15728
     Longueur d'enregistrement (octets)      :  819200
     Nombre total d'accès en lecture         :  968
     Volume des accès en lecture             :        756.25 Mo.
     Nombre total d'accès en écriture        :  4588
     Volume des accès en écriture            :       3584.38 Mo.
     Nombre d'identificateurs utilisés       :  1059
     Taille maximum du répertoire            :  2000
     Pourcentage d'utilisation du répertoire :  52 %

<I> <FIN> ARRET NORMAL DANS "FIN" PAR APPEL A "JEFINI".
  
 <I> <FIN> MEMOIRE JEVEUX MINIMALE REQUISE POUR L'EXECUTION :                     851.36 Mo
 <I> <FIN> MEMOIRE JEVEUX OPTIMALE REQUISE POUR L'EXECUTION :                    3137.50 Mo
 <I> <FIN> MAXIMUM DE MEMOIRE UTILISEE PAR LE PROCESSUS LORS DE L'EXECUTION :    7615.94 Mo
  
 <I>       FERMETURE DES BASES EFFECTUEE
  
   STATISTIQUES CONCERNANT L'ALLOCATION DYNAMIQUE :
     TAILLE CUMULEE MAXIMUM            :                 3137  Mo.
     TAILLE CUMULEE LIBEREE            :                 3682  Mo.
     NOMBRE TOTAL D'ALLOCATIONS        :              4692698
     NOMBRE TOTAL DE LIBERATIONS       :              4692678
     APPELS AU MECANISME DE LIBERATION :                    0
     TAILLE MEMOIRE CUMULEE RECUPEREE  :                 4131  Mo.
     VOLUME DES LECTURES               :                    0  Mo.
     VOLUME DES ECRITURES              :                 3365  Mo.
  
   MEMOIRE JEVEUX MINIMALE REQUISE POUR L'EXECUTION :     851.36 Mo
     - IMPOSE DE NOMBREUX ACCES DISQUE
     - RALENTIT LA VITESSE D'EXECUTION
   MEMOIRE JEVEUX OPTIMALE REQUISE POUR L'EXECUTION :    3137.50 Mo
     - LIMITE LES ACCES DISQUE
     - AMELIORE LA VITESSE D'EXECUTION
   MAXIMUM DE MEMOIRE UTILISEE PAR LE PROCESSUS     :    7615.94 Mo
     - COMPREND LA MEMOIRE CONSOMMEE PAR  JEVEUX, 
       LE SUPERVISEUR PYTHON, LES LIBRAIRIES EXTERNES
  
 <I>       FIN D'EXECUTION LE : LU-28-SEPT-2026 02:44:03
Signature of pickled file   : 83bcefbea4d4460aeeeb0bcacb8c5ea68a3d3c6a57dc932f89b5a2250dae83be
Signature of info file      : d28609a40e64d85a36b6330bc32d7d8f6c5c15c0623eaca4ed196a7e0fe7f5b7
Signature of Jeveux database: 6c34f3bc55b0143729296295abb30b430e5f1455d345961f23f3ca67ba2fcfa2

 ********************************************************************************
 * COMMAND                  :       USER :     SYSTEM :   USER+SYS :    ELAPSED *
 ********************************************************************************
 * DEBUT                    :       0.11 :       2.86 :       2.97 :       2.98 *
 * LIRE_MAILLAGE            :       1.59 :       3.40 :       4.99 :       4.99 *
 * DEFI_GROUP               :       0.02 :       0.00 :       0.02 :       0.01 *
 * AFFE_MODELE              :       0.74 :       0.02 :       0.76 :       0.76 *
 * DEFI_MATER_GC            :       0.01 :       0.00 :       0.01 :       0.01 *
 * DEFI_MATER_GC            :       0.01 :       0.00 :       0.01 :       0.01 *
 * DEFI_MATERIAU            :       0.00 :       0.00 :       0.00 :       0.00 *
 * DEFI_MATERIAU            :       0.00 :       0.00 :       0.00 :       0.00 *
 * DEFI_MATERIAU            :       0.00 :       0.00 :       0.00 :       0.01 *
 * AFFE_MATERIAU            :       0.01 :       0.00 :       0.01 :       0.01 *
 * AFFE_CHAR_MECA           :       0.14 :       0.02 :       0.16 :       0.15 *
 * AFFE_CHAR_MECA           :       0.01 :       0.01 :       0.02 :       0.03 *
 * DEFI_FONCTION            :       0.01 :       0.00 :       0.01 :       0.00 *
 * DEFI_LIST_REEL           :       0.00 :       0.00 :       0.00 :       0.01 *
 * DEFI_LIST_INST           :       0.01 :       0.00 :       0.01 :       0.00 *
 * STAT_NON_LINE            :    3748.75 :     742.11 :    4490.86 :    1596.64 *
 * CALC_CHAMP               :       1.52 :       0.00 :       1.52 :       1.99 *
 * POST_RELEVE_T            :       0.04 :       0.00 :       0.04 :       0.01 *
 * POST_RELEVE_T            :       0.03 :       0.00 :       0.03 :       0.01 *
 * DETRUIRE                 :       0.43 :       0.00 :       0.43 :       0.11 *
 * FIN                      :       0.24 :       0.32 :       0.56 :       1.13 *
 *  . sdveri                :       0.00 :       0.00 :       0.00 :       0.00 *
 *  . check syntax          :       0.16 :       0.00 :       0.16 :       0.15 *
 *  . fortran               :    3751.41 :     745.34 :    4496.75 :    1603.50 *
 *  . cleanup               :       0.00 :       0.00 :       0.00 :       0.00 *
 ********************************************************************************
 * TOTAL_JOB                :    3754.09 :     748.93 :    4503.02 :    1609.27 *
 ********************************************************************************

# Mémoire (Mo) :  7615.94 /  1334.49 /  3137.50 /   851.36 (VmPeak / VmSize / Optimum / Minimum)
# Fin commande #0023   user+syst:        0.24s (syst:        0.32s, elaps:        1.13s)
# ----------------------------------------------------------------------------------------------

EXECUTION_CODE_ASTER_EXIT_1596=0


saving result databases to 'BASE_PREC'...
execution ended (command file #1): <A>_ALARM
Running: /root/mm/envs/aster/bin/run_aster -w /home/user/aas-corner-fe/wd/v8c100_TV --status-file /root/.tmp_run_aster/run_aster_xk_uzkja/__status__ --no-mpi /root/.tmp_run_aster/run_aster_xk_uzkja/v8c100_TV.1

# ------------------------------------------------------------------------------
Execution of code_aster

# ------------------------------------------------------------------------------
Prepare environment in /home/user/aas-corner-fe/wd/v8c100_TV

# ------------------------------------------------------------------------------
Command file #2 / 22

Content of the file to execute:
# coding=utf-8
# original filename
__file__ = r"/home/user/aas-corner-fe/jobs/v8c100_TV_s01.comm"


# temporarly added for compatibility with code_aster legacy
from math import *

import code_aster
from code_aster.Commands import *
from code_aster import CA

POURSUITE(LANG='EN', PAR_LOT='NON')

LOADS='TV'
CURVE='/home/user/aas-corner-fe/jobs/../results/v8c100_TV.curve'
common=dict(MODELE=model, CHAM_MATER=fmat, EXCIT=(_F(CHARGE=fix), _F(CHARGE=load, FONC_MULT=ramp)),
        COMPORTEMENT=(_F(RELATION='ENDO_FISS_EXP', GROUP_MA=('CONC','HZ')), _F(RELATION='ELAS', GROUP_MA=('STEEL','SLV','HZH'))),
        NEWTON=_F(MATRICE='TANGENTE', REAC_ITER=1),
        CONVERGENCE=_F(RESI_GLOB_RELA=1.E-4, ITER_GLOB_MAXI=50), ARCHIVAGE=_F(PAS_ARCH=1), SOLVEUR=_F(METHODE='MUMPS', GESTION_MEMOIRE='OUT_OF_CORE', NPREC=10))
import os, re
tcur=0.0; peak=0.0; stopped=False
if os.path.exists(CURVE):
    for line in open(CURVE):
        m=re.match(r'CURVE\s+(\S+)\s+(\S+)', line)
        if m:
            tcur=max(tcur, float(m.group(1))); peak=max(peak, float(m.group(2)))
        if line.startswith('STOP'): stopped=True
def reac(res, t):
    r2=CALC_CHAMP(RESULTAT=res, FORCE='REAC_NODA', INST=t)
    vals={}
    for g in ('HEADT','HEADV'):
        try:
            tb=POST_RELEVE_T(ACTION=_F(OPERATION='EXTRACTION', INTITULE='R', RESULTAT=r2, NOM_CHAM='REAC_NODA',
                                       GROUP_NO=g, RESULTANTE='DX', INST=t)).EXTR_TABLE().values()
            vals[g]=-tb['DX'][-1]*2
        except Exception:
            vals[g]=0.
    DETRUIRE(NOM=r2)
    return vals
TARGETS=[0.0409090909]
for tn in TARGETS:
    if stopped or tn <= tcur+1e-9: continue
    try:
        if tcur < 1e-12 and '0'=='1':
            res=STAT_NON_LINE(INCREMENT=_F(LIST_INST=times, INST_FIN=tn), **common)
        else:
            res=STAT_NON_LINE(reuse=res, ETAT_INIT=_F(EVOL_NOLI=res), INCREMENT=_F(LIST_INST=times, INST_FIN=tn), **common)
    except Exception as exc:
        print('AASSTOP at', tcur, exc, flush=True)
        open(CURVE,'a').write('STOP solver %g\n'%tcur); stopped=True; break
    tcur=tn
    v=reac(res, tcur)
    tot=(v['HEADT'] if 'T' in LOADS else 0.)+(v['HEADV'] if 'V' in LOADS else 0.)
    peak=max(peak, tot)
    open(CURVE,'a').write('CURVE %g %g %g %g\n'%(tcur,tot,v['HEADT'],v['HEADV']))
    print('AASCURVE %g %g %g %g'%(tcur,tot,v['HEADT'],v['HEADV']), flush=True)
    if tot < 0.9*peak:
        open(CURVE,'a').write('STOP peak %g\n'%peak); stopped=True; break
FIN()



# ------------------------------------------------------------------------------
Command line #2:
    ulimit -c unlimited ; ulimit -t 100000 ; ( /root/mm/envs/aster/bin/python3 "v8c100_TV_s01.comm.changed.py" --memory 3000.0 --numthreads 4 --tpmax 20000 ; echo $? > _exit_code_ ) 2>&1 | tee -a fort.6
setting '--memory' value to 2700.00 MB (keyword RESERVE_MEMOIRE)
Ouverture en écriture du fichier ./vola.1

<INFO> Démarrage de l'exécution.

                       -- CODE_ASTER -- VERSION : DÉVELOPPEMENT (unstable) --                       
                               Version 18.1.6 modifiée le 14/09/2026                                
                                    révision n/a - branche 'n/a'                                    
                                     Copyright EDF 1991 - 2026                                      
                                                                                                    
                              Exécution du : Mon Sep 28 02:44:06 2026                               
                                       Nom de la machine : vm                                       
                                        Architecture : 64bit                                        
                                    Type de processeur : x86_64                                     
                Système d'exploitation : Linux-6.18.44-fc-v42-x86_64-with-glibc2.39                 
                                  Langue des messages : C (UTF-8)                                   
                                     Version de Python : 3.14.7                                     
                                      Version de NumPy : 2.5.3                                      
                                  Version de MEDCoupling : 9.16.0                                   
                                     Parallélisme MPI : inactif                                     
                                    Parallélisme OpenMP : actif                                     
                              Nombre de processus OpenMP utilisés : 4                               
                                Version de la librairie HDF5 : 2.2.0                                
                                Version de la librairie MED : 4.2.0                                 
                               Version de la librairie MFront : 5.1.0                               
                               Version de la librairie MUMPS : 5.8.2                                
                                  Librairie PETSc : non disponible                                  
                              Version de la librairie SCOTCH : 7.0.11                               

restarting from a previous execution...
/home/user/aas-corner-fe/wd/v8c100_TV/v8c100_TV_s01.comm.changed.py:13: DeprecationWarning: This feature is obsolete, 'PAR_LOT' has been removed.
  POURSUITE(LANG='EN', PAR_LOT='NON')
Valeur initiale du temps CPU maximum =   20000 secondes
  Valeur du temps CPU maximum passé aux commandes =   18000 secondes
  Réserve CPU prévue = 2000 secondes

Ouverture en lecture du fichier ./glob.1

Ajustement de la taille maximale des bases à 2048.00 Go.
    
Nom de la base                          :  GLOBALE
     Créée avec la version                   :  18.01.06
     Nombre d'enregistrements utilisés       :  452
     Nombre d'enregistrements maximum        :  2684354
     Nombre d'enregistrements par fichier    :  15728
     Longueur d'enregistrement (octets)      :  819200
     Nombre d'identificateurs utilisés       :  631
     Taille maximum du répertoire            :  2000
     Pourcentage d'utilisation du répertoire :  31 %

Ouverture en lecture du fichier ./glob.1

Ouverture en écriture du fichier ./vola.1

Fin de lecture (durée  0.000032  s.) 

                      Mémoire limite pour l'allocation dynamique : 3212.06 Mo                       
                         ajouté à l'initialisation du processus : 997.34 Mo                         
                               Limite cible du processus : 4209.40 Mo                               
                         Taille limite des fichiers d'échange : 2048.00 Go                          
pi                       <class 'float'>
e                        <class 'float'>
tau                      <class 'float'>
inf                      <class 'float'>
nan                      <class 'float'>
mesh                     <class 'libaster.Mesh'>
model                    <class 'libaster.Model'>
mat                      <class 'libaster.Material'>
matH                     <class 'libaster.Material'>
matHH                    <class 'libaster.Material'>
stl                      <class 'libaster.Material'>
slvm                     <class 'libaster.Material'>
fmat                     <class 'libaster.MaterialField'>
fix                      <class 'libaster.MechanicalLoadReal'>
grp                      <class 'list'>
load                     <class 'libaster.MechanicalLoadReal'>
ramp                     <class 'libaster.Function'>
steps                    <class 'libaster.ListOfFloats'>
times                    <class 'libaster.TimesList'>
LOADS                    <class 'str'>
CURVE                    <class 'str'>
common                   <class 'dict'>
tcur                     <class 'float'>
peak                     <class 'float'>
stopped                  <class 'bool'>
TARGETS                  <class 'list'>
tn                       <class 'float'>
res                      <class 'libaster.NonLinearResult'>
v                        <class 'dict'>
tot                      <class 'float'>
# Mémoire (Mo) :  1138.82 /  1138.81 /   299.89 /   299.86 (VmPeak / VmSize / Optimum / Minimum)
# Fin commande #0001   user+syst:        0.24s (syst:        0.31s, elaps:        0.54s)
# ----------------------------------------------------------------------------------------------
/home/user/aas-corner-fe/wd/v8c100_TV/v8c100_TV_s01.comm.changed.py:24: ResourceWarning: unclosed file <_io.TextIOWrapper name='/home/user/aas-corner-fe/jobs/../results/v8c100_TV.curve' mode='r' encoding='UTF-8'>
  for line in open(CURVE):

.. _stg1_txt48
# ----------------------------------------------------------------------------------------------
# Commande #0002 de /home/user/aas-corner-fe/wd/v8c100_TV/v8c100_TV_s01.comm.changed.py, ligne 48
res = STAT_NON_LINE(AFFICHAGE=_F(INFO_RESIDU='NON',
                                 INFO_TEMPS='NON'),
                    ARCHIVAGE=_F(CHAM_EXCLU=('RESI_NOEU', 'RESI_RELA_NOEU'),
                                 PAS_ARCH=1),
                    CHAM_MATER=fmat,
                    COMPORTEMENT=(_F(DEFORMATION='PETIT',
                                     GROUP_MA=('CONC', 'HZ'),
                                     ITER_CPLAN_MAXI=10,
                                     ITER_INTE_MAXI=20,
                                     ITER_INTE_PAS=0,
                                     PARM_THETA=1.0,
                                     REGU_VISC='NON',
                                     RELATION='ENDO_FISS_EXP',
                                     RESI_CPLAN_RELA=1e-06,
                                     RESI_INTE=1e-06),
                                  _F(DEFORMATION='PETIT',
                                     GROUP_MA=('STEEL', 'SLV', 'HZH'),
                                     ITER_CPLAN_MAXI=10,
                                     ITER_INTE_MAXI=20,
                                     ITER_INTE_PAS=0,
                                     PARM_THETA=1.0,
                                     REGU_VISC='NON',
                                     RELATION='ELAS',
                                     RESI_CPLAN_RELA=1e-06,
                                     RESI_INTE=1e-06)),
                    CONVERGENCE=_F(ARRET='OUI',
                                   ITER_GLOB_ELAS=25,
                                   ITER_GLOB_MAXI=50,
                                   RESI_GLOB_RELA=0.0001,
                                   VERIF='TOUT'),
                    ETAT_INIT=_F(EVOL_NOLI=res),
                    EXCIT=(_F(CHARGE='<00000009>',
                              TYPE_CHARGE='FIXE_CSTE'),
                           _F(CHARGE='<0000000a>',
                              FONC_MULT=ramp,
                              TYPE_CHARGE='FIXE_CSTE')),
                    INCREMENT=_F(CRITERE='RELATIF',
                                 INST_FIN=0.0409090909,
                                 INST_INIT=0.020454545454545454,
                                 LIST_INST=times,
                                 PRECISION=1e-06),
                    MESURE=_F(TABLE='NON'),
                    METHODE='NEWTON',
                    MODELE=model,
                    NEWTON=_F(MATRICE='TANGENTE',
                              MATR_RIGI_SYME='NON',
                              REAC_INCR=1,
                              REAC_ITER=1,
                              REAC_ITER_ELAS=0),
                    SOLVEUR=_F(ACCELERATION='AUTO',
                               ELIM_LAGR='LAGR2',
                               FILTRAGE_MATRICE=-1.0,
                               GESTION_MEMOIRE='OUT_OF_CORE',
                               LOW_RANK_SEUIL=0.0,
                               MATR_DISTRIBUEE='NON',
                               METHODE='MUMPS',
                               MIXER_PRECISION='NON',
                               NB_RHS=1,
                               NPREC=10,
                               PCENT_PIVOT=35,
                               POSTTRAITEMENTS='AUTO',
                               PRETRAITEMENTS='AUTO',
                               REDUCTION_MPI=0,
                               RENUM='AUTO',
                               RESI_RELA=-1.0,
                               STOP_SINGULIER='OUI',
                               TYPE_RESOL='AUTO'),
                    reuse=res)

Liste des comportements

Affecté sur 85588 éléments
Relation                             : ENDO_FISS_EXP
Déformation                          : PETIT
Pas de régularisation visqueuse
Pas de post-traitement à la fin du pas de temps
Nombre total de variables internes   : 9
V1 : ENDO
V2 : INDIENDO
V3 : ENDORIGI
V4 : EPSEXX
V5 : EPSEYY
V6 : EPSEZZ
V7 : EPSEXY
V8 : EPSEXZ
V9 : EPSEYZ
Affecté sur 11341 éléments
Relation                             : ELAS
Déformation                          : PETIT
Pas de régularisation visqueuse
Pas de post-traitement à la fin du pas de temps
Nombre total de variables internes   : 1
V1 : VIDE
Le système linéaire à résoudre a 456148 degrés de liberté:
   - 438438 sont des degrés de liberté physiques
     (ils sont portés par 135682 noeuds du maillage)
   - 17710 sont les couples de paramètres de Lagrange associés
     aux 8855 relations linéaires dualisées.
La matrice est de taille 456148 équations.
  Elle contient 23709453 termes non nuls si elle est symétrique et 46962758 termes non nuls si elle
n'est pas symétrique.
  Soit un taux de remplissage de   0.023 %.
Lecture de l'état initial
L'état initial a été récupéré dans la structure de données résultat de nom <0000000e> pour le numéro
d'ordre 1 et à l'instant  2.045454545455e-02
Le champ <DEPL> est lu dans ETAT_INIT dans la structure de données résultat donné dans la commande.
Le champ <SIEF_ELGA> est lu dans ETAT_INIT dans la structure de données résultat donné dans la
commande.
Le champ <VARI_ELGA> est lu dans ETAT_INIT dans la structure de données résultat donné dans la
commande.
---------------------------------------------------------------------
Instant de calcul:  4.090909090909e-02 - Niveau de découpe: 1

---------------------------------------------------------------------
|     NEWTON     |     RESIDU     |     RESIDU     |     OPTION     |
|    ITERATION   |     RELATIF    |     ABSOLU     |   ASSEMBLAGE   |
|                | RESI_GLOB_RELA | RESI_GLOB_MAXI |(+ TYPE MATRICE)|
---------------------------------------------------------------------

 ╔================================================================================================╗
 ║ <A> <FACTOR_75>                                                                                ║
 ║                                                                                                ║
 ║ Attention, vous avez demandé un calcul OUT_OF_CORE, mais MUMPS estime avoir besoin pour cela   ║
 ║ d'au moins                                                                                     ║
 ║   3902 Mo  alors qu'il n'y a que 226 Mo de disponible sur ce processeur !                      ║
 ║   Le calcul pourrait donc être ralenti ou s'arrêter pour cette raison.                         ║
 ║                                                                                                ║
 ║   Pour information: mémoire déjà pré-allouée par MUMPS (exécutable, matrice...)= 567 Mo,       ║
 ║                     nombre de systèmes linéaires à factoriser en même temps    = 1.            ║
 ║                                                                                                ║
 ║ Conseils :                                                                                     ║
 ║   La prochaine fois, relancez avec plus de mémoire globale ou avec une option de calcul plus   ║
 ║ économe                                                                                        ║
 ║   (par ordre décroissant d'efficacité):                                                        ║
 ║    - Si le calcul est parallèle, réduisez la consommation MUMPS en augmentant le nombre de     ║
 ║ processeurs,                                                                                   ║
 ║    - Si le calcul est parallèle, réduisez la consommation Aster en activant l'option           ║
 ║ SOLVEUR/MATR_DISTRIBUEE,                                                                       ║
 ║   Ou, plus radicalement:                                                                       ║
 ║    - Utilisez un solveur moins exigeant en mémoire (par exemple: SOLVEUR/METHODE='PETSC' +     ║
 ║ PRECOND='LDLT_SP').                                                                            ║
 ║                                                                                                ║
 ║                                                                                                ║
 ║ Ceci est une alarme. Si vous ne comprenez pas le sens de cette                                 ║
 ║ alarme, vous pouvez obtenir des résultats inattendus !                                         ║
 ╚================================================================================================╝

|     0        X | 7.62387E-02  X | 9.23514E+01    |TANGENTE (NOSYM)|
Solveur MUMPS :
  Les informations concernant la mémoire disponible ne sont pas utilisables.
  Si vous avez choisi le mode GESTION_MEMOIRE='AUTO', par précaution on bascule en mode OUT_OF_CORE.
  Si vous avez choisi le mode GESTION_MEMOIRE='EVAL', seules les évaluations des consommations MUMPS
     seront pertinentes, les autres chiffres ne seront pas à prendre en compte.
  Si vous avez choisi un autre mode, les vérifications liées aux consommations mémoires seront
débranchées.

|     1        X | 2.79849E-02  X | 3.06848E+01    |TANGENTE (NOSYM)|
Solveur MUMPS :
  Les informations concernant la mémoire disponible ne sont pas utilisables.
  Si vous avez choisi le mode GESTION_MEMOIRE='AUTO', par précaution on bascule en mode OUT_OF_CORE.
  Si vous avez choisi le mode GESTION_MEMOIRE='EVAL', seules les évaluations des consommations MUMPS
     seront pertinentes, les autres chiffres ne seront pas à prendre en compte.
  Si vous avez choisi un autre mode, les vérifications liées aux consommations mémoires seront
débranchées.

|     2        X | 2.99861E-03  X | 3.24000E+00    |TANGENTE (NOSYM)|
Solveur MUMPS :
  Les informations concernant la mémoire disponible ne sont pas utilisables.
  Si vous avez choisi le mode GESTION_MEMOIRE='AUTO', par précaution on bascule en mode OUT_OF_CORE.
  Si vous avez choisi le mode GESTION_MEMOIRE='EVAL', seules les évaluations des consommations MUMPS
     seront pertinentes, les autres chiffres ne seront pas à prendre en compte.
  Si vous avez choisi un autre mode, les vérifications liées aux consommations mémoires seront
débranchées.

|     3        X | 9.85770E-04  X | 1.06418E+00    |TANGENTE (NOSYM)|
Solveur MUMPS :
  Les informations concernant la mémoire disponible ne sont pas utilisables.
  Si vous avez choisi le mode GESTION_MEMOIRE='AUTO', par précaution on bascule en mode OUT_OF_CORE.
  Si vous avez choisi le mode GESTION_MEMOIRE='EVAL', seules les évaluations des consommations MUMPS
     seront pertinentes, les autres chiffres ne seront pas à prendre en compte.
  Si vous avez choisi un autre mode, les vérifications liées aux consommations mémoires seront
débranchées.

|     4          | 4.36428E-05    | 4.71138E-02    |TANGENTE (NOSYM)|
---------------------------------------------------------------------
Critère(s) de convergence atteint(s)

Le résidu de type <RESI_GLOB_RELA> vaut  4.364278884070e-05 au noeud et degré de liberté <12169  
DX>
Temps CPU consommé dans ce pas de temps    : 14 min 31 s

* Nombre d'itérations de Newton                     : 5
* Temps total intégration comportement              : 41.045 s (6 intégrations)
* Temps total factorisation matrice                 : 10 min 33 s (5 factorisations)
* Temps construction second membre                  : 0.957 s
* Temps total résolution K.U=F                      : 1 min 36 s (5 résolutions)
* Temps assemblage matrice                          : 0.000 s
* Temps autres opérations                           : 1 min 38 s
Mémoire (Mo) :  7639.43 /  3812.35 /  3162.01 /   970.35 (VmPeak / VmSize / Optimum / Minimum)

Archivage des champs

Champ stocké <DEPL> à l'instant  4.090909090909e-02 pour le numéro d'ordre 2
Champ stocké <SIEF_ELGA> à l'instant  4.090909090909e-02 pour le numéro d'ordre 2
Champ stocké <VARI_ELGA> à l'instant  4.090909090909e-02 pour le numéro d'ordre 2
Champ stocké <COMPORTEMENT> à l'instant  4.090909090909e-02 pour le numéro d'ordre 2
[100%] Instant calculé : 4.09091e-02, seul l'instant initial a été archivé
Temps CPU consommé dans le calcul          : 14 min 31 s

dont temps CPU "perdu" dans les découpes            : 0.000 s
* Nombre de pas de temps                            : 1
* Nombre d'itérations de Newton                     : 5
* Temps dans l'archivage                            : 0.061 s
* Temps dans le post-traitement                     : 0.000 s
* Temps total intégration comportement              : 41.045 s (6 intégrations)
* Temps total factorisation matrice                 : 10 min 33 s (5 factorisations)
* Temps construction second membre                  : 0.957 s
* Temps total résolution K.U=F                      : 1 min 36 s (5 résolutions)
* Temps assemblage matrice                          : 0.000 s
#1      Resolution des systemes lineaires                 CPU (USER+SYST/SYST/ELAPS):   2430.38    407.06    734.32
#2      Calculs elementaires et assemblages               CPU (USER+SYST/SYST/ELAPS):     98.08      7.01     98.39
# Résultat commande #0002 (STAT_NON_LINE): res ('<0000000e>') de type <NonLinearResult>
# Mémoire (Mo) :  7639.43 /  1895.33 /  3162.01 /   970.35 (VmPeak / VmSize / Optimum / Minimum)
# Fin commande #0002   user+syst:     2131.77s (syst:      418.08s, elaps:      897.28s)
# ----------------------------------------------------------------------------------------------

.. _stg1_txt184
# ----------------------------------------------------------------------------------------------
# Commande #0003 de
/root/mm/envs/aster/lib/python3.14/site-packages/code_aster/Supervis/ExecuteCommand.py, ligne 184
CALC_CHAMP(CRITERE='RELATIF',
           FORCE='REAC_NODA',
           INFO=1,
           INST=0.0409090909,
           PARALLELISME_TEMPS='NON',
           PRECISION=1e-06,
           RESULTAT=res)

Le système linéaire à résoudre a 456148 degrés de liberté:
   - 438438 sont des degrés de liberté physiques
     (ils sont portés par 135682 noeuds du maillage)
   - 17710 sont les couples de paramètres de Lagrange associés
     aux 8855 relations linéaires dualisées.
#2      Calculs elementaires et assemblages               CPU (USER+SYST/SYST/ELAPS):      0.98      0.00      0.98
# Résultat commande #0003 (CALC_CHAMP): '<00000012>' de type <NonLinearResult>
# Dépend de :
# - model ('<00000002>') de type <Model>
# - fmat ('<00000008>') de type <MaterialField>
# Mémoire (Mo) :  7639.43 /  1895.33 /  3162.01 /   970.35 (VmPeak / VmSize / Optimum / Minimum)
# Fin commande #0003   user+syst:        1.43s (syst:        0.00s, elaps:        1.42s)
# ----------------------------------------------------------------------------------------------

.. _stg1_txt34
# ----------------------------------------------------------------------------------------------
# Commande #0004 de /home/user/aas-corner-fe/wd/v8c100_TV/v8c100_TV_s01.comm.changed.py, ligne 34
tb = POST_RELEVE_T(ACTION=_F(CRITERE='RELATIF',
                             FORMAT_C='MODULE',
                             GROUP_NO='HEADT',
                             INST=0.0409090909,
                             INTITULE='R',
                             MOYE_NOEUD='OUI',
                             NOM_CHAM='REAC_NODA',
                             OPERATION='EXTRACTION',
                             PRECISION=1e-06,
                             REPERE='GLOBAL',
                             RESULTANTE='DX',
                             RESULTAT=r2),
                   INFO=1)

# Résultat commande #0004 (POST_RELEVE_T): tb ('<00000013>') de type <Table>
# Mémoire (Mo) :  7639.43 /  1895.33 /  3162.01 /   970.35 (VmPeak / VmSize / Optimum / Minimum)
# Fin commande #0004   user+syst:        0.03s (syst:        0.00s, elaps:        0.02s)
# ----------------------------------------------------------------------------------------------

.. _stg1_txt34
# ----------------------------------------------------------------------------------------------
# Commande #0005 de /home/user/aas-corner-fe/wd/v8c100_TV/v8c100_TV_s01.comm.changed.py, ligne 34
tb = POST_RELEVE_T(ACTION=_F(CRITERE='RELATIF',
                             FORMAT_C='MODULE',
                             GROUP_NO='HEADV',
                             INST=0.0409090909,
                             INTITULE='R',
                             MOYE_NOEUD='OUI',
                             NOM_CHAM='REAC_NODA',
                             OPERATION='EXTRACTION',
                             PRECISION=1e-06,
                             REPERE='GLOBAL',
                             RESULTANTE='DX',
                             RESULTAT=r2),
                   INFO=1)

# Résultat commande #0005 (POST_RELEVE_T): tb ('<00000014>') de type <Table>
# Mémoire (Mo) :  7639.43 /  1895.33 /  3162.01 /   970.35 (VmPeak / VmSize / Optimum / Minimum)
# Fin commande #0005   user+syst:        0.03s (syst:        0.00s, elaps:        0.00s)
# ----------------------------------------------------------------------------------------------

.. _stg1_txt39
# ----------------------------------------------------------------------------------------------
# Commande #0006 de /home/user/aas-corner-fe/wd/v8c100_TV/v8c100_TV_s01.comm.changed.py, ligne 39
DETRUIRE(INFO=1,
         NOM=r2)

# Mémoire (Mo) :  7639.43 /  1895.33 /  3162.01 /   970.35 (VmPeak / VmSize / Optimum / Minimum)
# Fin commande #0006   user+syst:        0.45s (syst:        0.01s, elaps:        0.12s)
# ----------------------------------------------------------------------------------------------
/home/user/aas-corner-fe/wd/v8c100_TV/v8c100_TV_s01.comm.changed.py:56: ResourceWarning: unclosed file <_io.TextIOWrapper name='/home/user/aas-corner-fe/jobs/../results/v8c100_TV.curve' mode='a' encoding='UTF-8'>
  open(CURVE,'a').write('CURVE %g %g %g %g\n'%(tcur,tot,v['HEADT'],v['HEADV']))
AASCURVE 0.0409091 26235.8 14440.9 11794.9

.. _stg1_txt76
# ----------------------------------------------------------------------------------------------
# Commande #0007 de /root/mm/envs/aster/lib/python3.14/site-packages/code_aster/CodeCommands/fin.py,
ligne 76
FIN(INFO_RESU='NON',
    RETASSAGE='NON')

Saving objects...
pi                       <class 'float'>
e                        <class 'float'>
tau                      <class 'float'>
inf                      <class 'float'>
nan                      <class 'float'>
mesh                     <class 'libaster.Mesh'>
model                    <class 'libaster.Model'>
mat                      <class 'libaster.Material'>
matH                     <class 'libaster.Material'>
matHH                    <class 'libaster.Material'>
stl                      <class 'libaster.Material'>
slvm                     <class 'libaster.Material'>
fmat                     <class 'libaster.MaterialField'>
fix                      <class 'libaster.MechanicalLoadReal'>
grp                      <class 'list'>
load                     <class 'libaster.MechanicalLoadReal'>
ramp                     <class 'libaster.Function'>
steps                    <class 'libaster.ListOfFloats'>
times                    <class 'libaster.TimesList'>
LOADS                    <class 'str'>
CURVE                    <class 'str'>
common                   <class 'dict'>
tcur                     <class 'float'>
peak                     <class 'float'>
stopped                  <class 'bool'>
TARGETS                  <class 'list'>
tn                       <class 'float'>
res                      <class 'libaster.NonLinearResult'>
v                        <class 'dict'>
tot                      <class 'float'>
line                     <class 'str'>

 ╔================================================================================================╗
 ║ <I> <CATAMESS_89>                                                                              ║
 ║                                                                                                ║
 ║ Liste des alarmes émises lors de l'exécution du calcul.                                        ║
 ║                                                                                                ║
 ║     Les alarmes que vous avez choisies d'ignorer sont précédées de (*).                        ║
 ║     Nombre d'occurrences pour chacune des alarmes :                                            ║
 ║            FACTOR_75            émise    1 fois                                                ║
 ╚================================================================================================╝

 ---------------------------------------------------------------------------
 Concepts de la base: G
    Nom        Type                Taille (Mo)         Nombre      Nombre de
                                                     d'objets       segments
    TOTAL                               356.82            414            621
  
    00000001   MAILLAGE_SDASTER          14.63             34             70
    00000002   MODELE_SDASTER            14.45             11             16
    00000003   MATER_SDASTER              0.00             15             15
    00000004   MATER_SDASTER              0.00             15             15
    00000005   MATER_SDASTER              0.00              7              7
    00000006   MATER_SDASTER              0.00              7              7
    00000007   MATER_SDASTER              0.00              7              7
    00000008   CHAM_MATER                 1.17              8             13
    00000009   CHAR_MECA                 15.45             56             76
    0000000a   CHAR_MECA                 11.45             56             76
    0000000b   FONCTION_SDASTER           0.00              3              3
    0000000c   LISTR8_SDASTER             0.00              6              6
    0000000d   LIST_INST                  0.00              8              8
    0000000e   EVOL_NOLI                227.65            127            163
    &FOZERO                               0.00              2              2
    &&_NUM_C                              0.00              1              1
    &CATA                                37.45             42            103
    &&NMDOME                              0.00              2              2
    0000000f                              0.14              2             14
    &&NMCH1P                             34.29              3              3
    00000012                              0.14              2             14
 (*) sous-objets non accessible directement
 ---------------------------------------------------------------------------
Nom de la base                          :  GLOBALE
     Nombre d'enregistrements utilisés       :  585
     Nombre d'enregistrements maximum        :  2684354
     Nombre d'enregistrements par fichier    :  15728
     Longueur d'enregistrement (octets)      :  819200
     Nombre total d'accès en lecture         :  548
     Volume des accès en lecture             :        428.12 Mo.
     Nombre total d'accès en écriture        :  358
     Volume des accès en écriture            :        279.69 Mo.
     Nombre d'identificateurs utilisés       :  727
     Taille maximum du répertoire            :  2000
     Pourcentage d'utilisation du répertoire :  36 %

Nom de la base                          :  VOLATILE
     Nombre d'enregistrements utilisés       :  692
     Nombre d'enregistrements maximum        :  2684354
     Nombre d'enregistrements par fichier    :  15728
     Longueur d'enregistrement (octets)      :  819200
     Nombre total d'accès en lecture         :  484
     Volume des accès en lecture             :        378.12 Mo.
     Nombre total d'accès en écriture        :  2732
     Volume des accès en écriture            :       2134.38 Mo.
     Nombre d'identificateurs utilisés       :  999
     Taille maximum du répertoire            :  2000
     Pourcentage d'utilisation du répertoire :  49 %

<I> <FIN> ARRET NORMAL DANS "FIN" PAR APPEL A "JEFINI".
  
 <I> <FIN> MEMOIRE JEVEUX MINIMALE REQUISE POUR L'EXECUTION :                     970.35 Mo
 <I> <FIN> MEMOIRE JEVEUX OPTIMALE REQUISE POUR L'EXECUTION :                    3162.01 Mo
 <I> <FIN> MAXIMUM DE MEMOIRE UTILISEE PAR LE PROCESSUS LORS DE L'EXECUTION :    7639.43 Mo
  
 <I>       FERMETURE DES BASES EFFECTUEE
  
   STATISTIQUES CONCERNANT L'ALLOCATION DYNAMIQUE :
     TAILLE CUMULEE MAXIMUM            :                 3162  Mo.
     TAILLE CUMULEE LIBEREE            :                 2405  Mo.
     NOMBRE TOTAL D'ALLOCATIONS        :              3246468
     NOMBRE TOTAL DE LIBERATIONS       :              3246468
     APPELS AU MECANISME DE LIBERATION :                    0
     TAILLE MEMOIRE CUMULEE RECUPEREE  :                 2295  Mo.
     VOLUME DES LECTURES               :                    0  Mo.
     VOLUME DES ECRITURES              :                 1907  Mo.
  
   MEMOIRE JEVEUX MINIMALE REQUISE POUR L'EXECUTION :     970.35 Mo
     - IMPOSE DE NOMBREUX ACCES DISQUE
     - RALENTIT LA VITESSE D'EXECUTION
   MEMOIRE JEVEUX OPTIMALE REQUISE POUR L'EXECUTION :    3162.01 Mo
     - LIMITE LES ACCES DISQUE
     - AMELIORE LA VITESSE D'EXECUTION
   MAXIMUM DE MEMOIRE UTILISEE PAR LE PROCESSUS     :    7639.43 Mo
     - COMPREND LA MEMOIRE CONSOMMEE PAR  JEVEUX, 
       LE SUPERVISEUR PYTHON, LES LIBRAIRIES EXTERNES
  
 <I>       FIN D'EXECUTION LE : LU-28-SEPT-2026 02:59:06
Signature of pickled file   : 420d99cc1605953be71a8863a2d74b403127fd6e15b633b152236657434c094a
Signature of info file      : f6689dee8c6c45f895c8f6ad7feaf633e27208987e10d7e6269090618ffbcde4
Signature of Jeveux database: d662238bffd4545bec0611042de888eae73cab3b3e15e91ee497d0a5902213b6

 ********************************************************************************
 * COMMAND                  :       USER :     SYSTEM :   USER+SYS :    ELAPSED *
 ********************************************************************************
 * DEBUT                    :       0.24 :       0.31 :       0.55 :       0.54 *
 * STAT_NON_LINE            :    2131.77 :     418.08 :    2549.85 :     897.28 *
 * CALC_CHAMP               :       1.43 :       0.00 :       1.43 :       1.42 *
 * POST_RELEVE_T            :       0.03 :       0.00 :       0.03 :       0.02 *
 * POST_RELEVE_T            :       0.03 :       0.00 :       0.03 :       0.00 *
 * DETRUIRE                 :       0.45 :       0.01 :       0.46 :       0.12 *
 * FIN                      :       0.24 :       0.29 :       0.53 :       0.73 *
 *  . sdveri                :       0.00 :       0.00 :       0.00 :       0.00 *
 *  . cleanup               :       0.00 :       0.00 :       0.00 :       0.00 *
 *  . check syntax          :       0.06 :       0.00 :       0.06 :       0.05 *
 *  . fortran               :    2133.64 :     418.68 :    2552.32 :     899.93 *
 ********************************************************************************
 * TOTAL_JOB                :    2134.54 :     418.72 :    2553.26 :     900.32 *
 ********************************************************************************

# Mémoire (Mo) :  7639.43 /  1419.89 /  3162.01 /   970.35 (VmPeak / VmSize / Optimum / Minimum)
# Fin commande #0007   user+syst:        0.24s (syst:        0.29s, elaps:        0.73s)
# ----------------------------------------------------------------------------------------------

EXECUTION_CODE_ASTER_EXIT_2233=0


saving result databases to 'BASE_PREC'...
execution ended (command file #2): <A>_ALARM
Running: /root/mm/envs/aster/bin/run_aster -w /home/user/aas-corner-fe/wd/v8c100_TV --status-file /root/.tmp_run_aster/run_aster_xk_uzkja/__status__ --no-mpi /root/.tmp_run_aster/run_aster_xk_uzkja/v8c100_TV.2

# ------------------------------------------------------------------------------
Execution of code_aster

# ------------------------------------------------------------------------------
Prepare environment in /home/user/aas-corner-fe/wd/v8c100_TV

# ------------------------------------------------------------------------------
Command file #3 / 22

Content of the file to execute:
# coding=utf-8
# original filename
__file__ = r"/home/user/aas-corner-fe/jobs/v8c100_TV_s02.comm"


# temporarly added for compatibility with code_aster legacy
from math import *

import code_aster
from code_aster.Commands import *
from code_aster import CA

POURSUITE(LANG='EN', PAR_LOT='NON')

LOADS='TV'
CURVE='/home/user/aas-corner-fe/jobs/../results/v8c100_TV.curve'
common=dict(MODELE=model, CHAM_MATER=fmat, EXCIT=(_F(CHARGE=fix), _F(CHARGE=load, FONC_MULT=ramp)),
        COMPORTEMENT=(_F(RELATION='ENDO_FISS_EXP', GROUP_MA=('CONC','HZ')), _F(RELATION='ELAS', GROUP_MA=('STEEL','SLV','HZH'))),
        NEWTON=_F(MATRICE='TANGENTE', REAC_ITER=1),
        CONVERGENCE=_F(RESI_GLOB_RELA=1.E-4, ITER_GLOB_MAXI=50), ARCHIVAGE=_F(PAS_ARCH=1), SOLVEUR=_F(METHODE='MUMPS', GESTION_MEMOIRE='OUT_OF_CORE', NPREC=10))
import os, re
tcur=0.0; peak=0.0; stopped=False
if os.path.exists(CURVE):
    for line in open(CURVE):
        m=re.match(r'CURVE\s+(\S+)\s+(\S+)', line)
        if m:
            tcur=max(tcur, float(m.group(1))); peak=max(peak, float(m.group(2)))
        if line.startswith('STOP'): stopped=True
def reac(res, t):
    r2=CALC_CHAMP(RESULTAT=res, FORCE='REAC_NODA', INST=t)
    vals={}
    for g in ('HEADT','HEADV'):
        try:
            tb=POST_RELEVE_T(ACTION=_F(OPERATION='EXTRACTION', INTITULE='R', RESULTAT=r2, NOM_CHAM='REAC_NODA',
                                       GROUP_NO=g, RESULTANTE='DX', INST=t)).EXTR_TABLE().values()
            vals[g]=-tb['DX'][-1]*2
        except Exception:
            vals[g]=0.
    DETRUIRE(NOM=r2)
    return vals
TARGETS=[0.0613636364]
for tn in TARGETS:
    if stopped or tn <= tcur+1e-9: continue
    try:
        if tcur < 1e-12 and '0'=='1':
            res=STAT_NON_LINE(INCREMENT=_F(LIST_INST=times, INST_FIN=tn), **common)
        else:
            res=STAT_NON_LINE(reuse=res, ETAT_INIT=_F(EVOL_NOLI=res), INCREMENT=_F(LIST_INST=times, INST_FIN=tn), **common)
    except Exception as exc:
        print('AASSTOP at', tcur, exc, flush=True)
        open(CURVE,'a').write('STOP solver %g\n'%tcur); stopped=True; break
    tcur=tn
    v=reac(res, tcur)
    tot=(v['HEADT'] if 'T' in LOADS else 0.)+(v['HEADV'] if 'V' in LOADS else 0.)
    peak=max(peak, tot)
    open(CURVE,'a').write('CURVE %g %g %g %g\n'%(tcur,tot,v['HEADT'],v['HEADV']))
    print('AASCURVE %g %g %g %g'%(tcur,tot,v['HEADT'],v['HEADV']), flush=True)
    if tot < 0.9*peak:
        open(CURVE,'a').write('STOP peak %g\n'%peak); stopped=True; break
FIN()



# ------------------------------------------------------------------------------
Command line #3:
    ulimit -c unlimited ; ulimit -t 100000 ; ( /root/mm/envs/aster/bin/python3 "v8c100_TV_s02.comm.changed.py" --memory 3000.0 --numthreads 4 --tpmax 20000 ; echo $? > _exit_code_ ) 2>&1 | tee -a fort.6
setting '--memory' value to 2700.00 MB (keyword RESERVE_MEMOIRE)
Ouverture en écriture du fichier ./vola.1

<INFO> Démarrage de l'exécution.

                       -- CODE_ASTER -- VERSION : DÉVELOPPEMENT (unstable) --                       
                               Version 18.1.6 modifiée le 14/09/2026                                
                                    révision n/a - branche 'n/a'                                    
                                     Copyright EDF 1991 - 2026                                      
                                                                                                    
                              Exécution du : Mon Sep 28 02:59:10 2026                               
                                       Nom de la machine : vm                                       
                                        Architecture : 64bit                                        
                                    Type de processeur : x86_64                                     
                Système d'exploitation : Linux-6.18.44-fc-v42-x86_64-with-glibc2.39                 
                                  Langue des messages : C (UTF-8)                                   
                                     Version de Python : 3.14.7                                     
                                      Version de NumPy : 2.5.3                                      
                                  Version de MEDCoupling : 9.16.0                                   
                                     Parallélisme MPI : inactif                                     
                                    Parallélisme OpenMP : actif                                     
                              Nombre de processus OpenMP utilisés : 4                               
                                Version de la librairie HDF5 : 2.2.0                                
                                Version de la librairie MED : 4.2.0                                 
                               Version de la librairie MFront : 5.1.0                               
                               Version de la librairie MUMPS : 5.8.2                                
                                  Librairie PETSc : non disponible                                  
                              Version de la librairie SCOTCH : 7.0.11                               

restarting from a previous execution...
/home/user/aas-corner-fe/wd/v8c100_TV/v8c100_TV_s02.comm.changed.py:13: DeprecationWarning: This feature is obsolete, 'PAR_LOT' has been removed.
  POURSUITE(LANG='EN', PAR_LOT='NON')
Valeur initiale du temps CPU maximum =   20000 secondes
  Valeur du temps CPU maximum passé aux commandes =   18000 secondes
  Réserve CPU prévue = 2000 secondes

Ouverture en lecture du fichier ./glob.1

Ajustement de la taille maximale des bases à 2048.00 Go.
    
Nom de la base                          :  GLOBALE
     Créée avec la version                   :  18.01.06
     Nombre d'enregistrements utilisés       :  585
     Nombre d'enregistrements maximum        :  2684354
     Nombre d'enregistrements par fichier    :  15728
     Longueur d'enregistrement (octets)      :  819200
     Nombre d'identificateurs utilisés       :  727
     Taille maximum du répertoire            :  2000
     Pourcentage d'utilisation du répertoire :  36 %

Ouverture en lecture du fichier ./glob.1

Ouverture en écriture du fichier ./vola.1

Fin de lecture (durée  0.000033  s.) 

                      Mémoire limite pour l'allocation dynamique : 3212.06 Mo                       
                         ajouté à l'initialisation du processus : 997.34 Mo                         
                               Limite cible du processus : 4209.40 Mo                               
                         Taille limite des fichiers d'échange : 2048.00 Go                          
pi                       <class 'float'>
e                        <class 'float'>
tau                      <class 'float'>
inf                      <class 'float'>
nan                      <class 'float'>
mesh                     <class 'libaster.Mesh'>
model                    <class 'libaster.Model'>
mat                      <class 'libaster.Material'>
matH                     <class 'libaster.Material'>
matHH                    <class 'libaster.Material'>
stl                      <class 'libaster.Material'>
slvm                     <class 'libaster.Material'>
fmat                     <class 'libaster.MaterialField'>
fix                      <class 'libaster.MechanicalLoadReal'>
grp                      <class 'list'>
load                     <class 'libaster.MechanicalLoadReal'>
ramp                     <class 'libaster.Function'>
steps                    <class 'libaster.ListOfFloats'>
times                    <class 'libaster.TimesList'>
LOADS                    <class 'str'>
CURVE                    <class 'str'>
common                   <class 'dict'>
tcur                     <class 'float'>
peak                     <class 'float'>
stopped                  <class 'bool'>
TARGETS                  <class 'list'>
tn                       <class 'float'>
res                      <class 'libaster.NonLinearResult'>
v                        <class 'dict'>
tot                      <class 'float'>
line                     <class 'str'>
# Mémoire (Mo) :  1203.51 /  1203.50 /   364.56 /   364.53 (VmPeak / VmSize / Optimum / Minimum)
# Fin commande #0001   user+syst:        0.22s (syst:        0.34s, elaps:        0.57s)
# ----------------------------------------------------------------------------------------------
/home/user/aas-corner-fe/wd/v8c100_TV/v8c100_TV_s02.comm.changed.py:24: ResourceWarning: unclosed file <_io.TextIOWrapper name='/home/user/aas-corner-fe/jobs/../results/v8c100_TV.curve' mode='r' encoding='UTF-8'>
  for line in open(CURVE):

.. _stg1_txt48
# ----------------------------------------------------------------------------------------------
# Commande #0002 de /home/user/aas-corner-fe/wd/v8c100_TV/v8c100_TV_s02.comm.changed.py, ligne 48
res = STAT_NON_LINE(AFFICHAGE=_F(INFO_RESIDU='NON',
                                 INFO_TEMPS='NON'),
                    ARCHIVAGE=_F(CHAM_EXCLU=('RESI_NOEU', 'RESI_RELA_NOEU'),
                                 PAS_ARCH=1),
                    CHAM_MATER=fmat,
                    COMPORTEMENT=(_F(DEFORMATION='PETIT',
                                     GROUP_MA=('CONC', 'HZ'),
                                     ITER_CPLAN_MAXI=10,
                                     ITER_INTE_MAXI=20,
                                     ITER_INTE_PAS=0,
                                     PARM_THETA=1.0,
                                     REGU_VISC='NON',
                                     RELATION='ENDO_FISS_EXP',
                                     RESI_CPLAN_RELA=1e-06,
                                     RESI_INTE=1e-06),
                                  _F(DEFORMATION='PETIT',
                                     GROUP_MA=('STEEL', 'SLV', 'HZH'),
                                     ITER_CPLAN_MAXI=10,
                                     ITER_INTE_MAXI=20,
                                     ITER_INTE_PAS=0,
                                     PARM_THETA=1.0,
                                     REGU_VISC='NON',
                                     RELATION='ELAS',
                                     RESI_CPLAN_RELA=1e-06,
                                     RESI_INTE=1e-06)),
                    CONVERGENCE=_F(ARRET='OUI',
                                   ITER_GLOB_ELAS=25,
                                   ITER_GLOB_MAXI=50,
                                   RESI_GLOB_RELA=0.0001,
                                   VERIF='TOUT'),
                    ETAT_INIT=_F(EVOL_NOLI=res),
                    EXCIT=(_F(CHARGE='<00000009>',
                              TYPE_CHARGE='FIXE_CSTE'),
                           _F(CHARGE='<0000000a>',
                              FONC_MULT=ramp,
                              TYPE_CHARGE='FIXE_CSTE')),
                    INCREMENT=_F(CRITERE='RELATIF',
                                 INST_FIN=0.0613636364,
                                 INST_INIT=0.04090909090909091,
                                 LIST_INST=times,
                                 PRECISION=1e-06),
                    MESURE=_F(TABLE='NON'),
                    METHODE='NEWTON',
                    MODELE=model,
                    NEWTON=_F(MATRICE='TANGENTE',
                              MATR_RIGI_SYME='NON',
                              REAC_INCR=1,
                              REAC_ITER=1,
                              REAC_ITER_ELAS=0),
                    SOLVEUR=_F(ACCELERATION='AUTO',
                               ELIM_LAGR='LAGR2',
                               FILTRAGE_MATRICE=-1.0,
                               GESTION_MEMOIRE='OUT_OF_CORE',
                               LOW_RANK_SEUIL=0.0,
                               MATR_DISTRIBUEE='NON',
                               METHODE='MUMPS',
                               MIXER_PRECISION='NON',
                               NB_RHS=1,
                               NPREC=10,
                               PCENT_PIVOT=35,
                               POSTTRAITEMENTS='AUTO',
                               PRETRAITEMENTS='AUTO',
                               REDUCTION_MPI=0,
                               RENUM='AUTO',
                               RESI_RELA=-1.0,
                               STOP_SINGULIER='OUI',
                               TYPE_RESOL='AUTO'),
                    reuse=res)

Liste des comportements

Affecté sur 85588 éléments
Relation                             : ENDO_FISS_EXP
Déformation                          : PETIT
Pas de régularisation visqueuse
Pas de post-traitement à la fin du pas de temps
Nombre total de variables internes   : 9
V1 : ENDO
V2 : INDIENDO
V3 : ENDORIGI
V4 : EPSEXX
V5 : EPSEYY
V6 : EPSEZZ
V7 : EPSEXY
V8 : EPSEXZ
V9 : EPSEYZ
Affecté sur 11341 éléments
Relation                             : ELAS
Déformation                          : PETIT
Pas de régularisation visqueuse
Pas de post-traitement à la fin du pas de temps
Nombre total de variables internes   : 1
V1 : VIDE
Le système linéaire à résoudre a 456148 degrés de liberté:
   - 438438 sont des degrés de liberté physiques
     (ils sont portés par 135682 noeuds du maillage)
   - 17710 sont les couples de paramètres de Lagrange associés
     aux 8855 relations linéaires dualisées.
La matrice est de taille 456148 équations.
  Elle contient 23709453 termes non nuls si elle est symétrique et 46962758 termes non nuls si elle
n'est pas symétrique.
  Soit un taux de remplissage de   0.023 %.
Lecture de l'état initial
L'état initial a été récupéré dans la structure de données résultat de nom <0000000e> pour le numéro
d'ordre 2 et à l'instant  4.090909090909e-02
Le champ <DEPL> est lu dans ETAT_INIT dans la structure de données résultat donné dans la commande.
Le champ <SIEF_ELGA> est lu dans ETAT_INIT dans la structure de données résultat donné dans la
commande.
Le champ <VARI_ELGA> est lu dans ETAT_INIT dans la structure de données résultat donné dans la
commande.
---------------------------------------------------------------------
Instant de calcul:  6.136363636364e-02 - Niveau de découpe: 1

---------------------------------------------------------------------
|     NEWTON     |     RESIDU     |     RESIDU     |     OPTION     |
|    ITERATION   |     RELATIF    |     ABSOLU     |   ASSEMBLAGE   |
|                | RESI_GLOB_RELA | RESI_GLOB_MAXI |(+ TYPE MATRICE)|
---------------------------------------------------------------------

 ╔================================================================================================╗
 ║ <A> <FACTOR_75>                                                                                ║
 ║                                                                                                ║
 ║ Attention, vous avez demandé un calcul OUT_OF_CORE, mais MUMPS estime avoir besoin pour cela   ║
 ║ d'au moins                                                                                     ║
 ║   3903 Mo  alors qu'il n'y a que 164 Mo de disponible sur ce processeur !                      ║
 ║   Le calcul pourrait donc être ralenti ou s'arrêter pour cette raison.                         ║
 ║                                                                                                ║
 ║   Pour information: mémoire déjà pré-allouée par MUMPS (exécutable, matrice...)= 568 Mo,       ║
 ║                     nombre de systèmes linéaires à factoriser en même temps    = 1.            ║
 ║                                                                                                ║
 ║ Conseils :                                                                                     ║
 ║   La prochaine fois, relancez avec plus de mémoire globale ou avec une option de calcul plus   ║
 ║ économe                                                                                        ║
 ║   (par ordre décroissant d'efficacité):                                                        ║
 ║    - Si le calcul est parallèle, réduisez la consommation MUMPS en augmentant le nombre de     ║
 ║ processeurs,                                                                                   ║
 ║    - Si le calcul est parallèle, réduisez la consommation Aster en activant l'option           ║
 ║ SOLVEUR/MATR_DISTRIBUEE,                                                                       ║
 ║   Ou, plus radicalement:                                                                       ║
 ║    - Utilisez un solveur moins exigeant en mémoire (par exemple: SOLVEUR/METHODE='PETSC' +     ║
 ║ PRECOND='LDLT_SP').                                                                            ║
 ║                                                                                                ║
 ║                                                                                                ║
 ║ Ceci est une alarme. Si vous ne comprenez pas le sens de cette                                 ║
 ║ alarme, vous pouvez obtenir des résultats inattendus !                                         ║
 ╚================================================================================================╝

|     0        X | 1.64943E-01  X | 2.53249E+02    |TANGENTE (NOSYM)|
Solveur MUMPS :
  Les informations concernant la mémoire disponible ne sont pas utilisables.
  Si vous avez choisi le mode GESTION_MEMOIRE='AUTO', par précaution on bascule en mode OUT_OF_CORE.
  Si vous avez choisi le mode GESTION_MEMOIRE='EVAL', seules les évaluations des consommations MUMPS
     seront pertinentes, les autres chiffres ne seront pas à prendre en compte.
  Si vous avez choisi un autre mode, les vérifications liées aux consommations mémoires seront
débranchées.

|     1        X | 1.11758E-02  X | 1.65299E+01    |TANGENTE (NOSYM)|
Solveur MUMPS :
  Les informations concernant la mémoire disponible ne sont pas utilisables.
  Si vous avez choisi le mode GESTION_MEMOIRE='AUTO', par précaution on bascule en mode OUT_OF_CORE.
  Si vous avez choisi le mode GESTION_MEMOIRE='EVAL', seules les évaluations des consommations MUMPS
     seront pertinentes, les autres chiffres ne seront pas à prendre en compte.
  Si vous avez choisi un autre mode, les vérifications liées aux consommations mémoires seront
débranchées.

|     2        X | 3.23182E-03  X | 4.73615E+00    |TANGENTE (NOSYM)|
Solveur MUMPS :
  Les informations concernant la mémoire disponible ne sont pas utilisables.
  Si vous avez choisi le mode GESTION_MEMOIRE='AUTO', par précaution on bascule en mode OUT_OF_CORE.
  Si vous avez choisi le mode GESTION_MEMOIRE='EVAL', seules les évaluations des consommations MUMPS
     seront pertinentes, les autres chiffres ne seront pas à prendre en compte.
  Si vous avez choisi un autre mode, les vérifications liées aux consommations mémoires seront
débranchées.

|     3        X | 6.48973E-04  X | 9.48999E-01    |TANGENTE (NOSYM)|
Solveur MUMPS :
  Les informations concernant la mémoire disponible ne sont pas utilisables.
  Si vous avez choisi le mode GESTION_MEMOIRE='AUTO', par précaution on bascule en mode OUT_OF_CORE.
  Si vous avez choisi le mode GESTION_MEMOIRE='EVAL', seules les évaluations des consommations MUMPS
     seront pertinentes, les autres chiffres ne seront pas à prendre en compte.
  Si vous avez choisi un autre mode, les vérifications liées aux consommations mémoires seront
débranchées.

|     4          | 8.25716E-07    | 1.20738E-03    |TANGENTE (NOSYM)|
---------------------------------------------------------------------
Critère(s) de convergence atteint(s)

Le résidu de type <RESI_GLOB_RELA> vaut  8.257162918496e-07 au noeud et degré de liberté <109093 
DY>
Temps CPU consommé dans ce pas de temps    : 14 min 16 s

* Nombre d'itérations de Newton                     : 5
* Temps total intégration comportement              : 40.938 s (6 intégrations)
* Temps total factorisation matrice                 : 10 min 17 s (5 factorisations)
* Temps construction second membre                  : 1.015 s
* Temps total résolution K.U=F                      : 1 min 36 s (5 résolutions)
* Temps assemblage matrice                          : 0.000 s
* Temps autres opérations                           : 1 min 40 s
Mémoire (Mo) :  7705.15 /  3875.37 /  3226.68 /  1035.03 (VmPeak / VmSize / Optimum / Minimum)

Archivage des champs

Champ stocké <DEPL> à l'instant  6.136363636364e-02 pour le numéro d'ordre 3
Champ stocké <SIEF_ELGA> à l'instant  6.136363636364e-02 pour le numéro d'ordre 3
Champ stocké <VARI_ELGA> à l'instant  6.136363636364e-02 pour le numéro d'ordre 3
Champ stocké <COMPORTEMENT> à l'instant  6.136363636364e-02 pour le numéro d'ordre 3
[100%] Instant calculé : 6.13636e-02, seul l'instant initial a été archivé
Temps CPU consommé dans le calcul          : 14 min 16 s

dont temps CPU "perdu" dans les découpes            : 0.000 s
* Nombre de pas de temps                            : 1
* Nombre d'itérations de Newton                     : 5
* Temps dans l'archivage                            : 0.061 s
* Temps dans le post-traitement                     : 0.000 s
* Temps total intégration comportement              : 40.938 s (6 intégrations)
* Temps total factorisation matrice                 : 10 min 17 s (5 factorisations)
* Temps construction second membre                  : 1.015 s
* Temps total résolution K.U=F                      : 1 min 36 s (5 résolutions)
* Temps assemblage matrice                          : 0.000 s
#1      Resolution des systemes lineaires                 CPU (USER+SYST/SYST/ELAPS):   2364.45    386.48    718.45
#2      Calculs elementaires et assemblages               CPU (USER+SYST/SYST/ELAPS):     98.54      7.08     98.89
# Résultat commande #0002 (STAT_NON_LINE): res ('<0000000e>') de type <NonLinearResult>
# Mémoire (Mo) :  7705.15 /  1954.05 /  3226.68 /  1035.03 (VmPeak / VmSize / Optimum / Minimum)
# Fin commande #0002   user+syst:     2086.61s (syst:      397.49s, elaps:      882.08s)
# ----------------------------------------------------------------------------------------------

.. _stg1_txt184
# ----------------------------------------------------------------------------------------------
# Commande #0003 de
/root/mm/envs/aster/lib/python3.14/site-packages/code_aster/Supervis/ExecuteCommand.py, ligne 184
CALC_CHAMP(CRITERE='RELATIF',
           FORCE='REAC_NODA',
           INFO=1,
           INST=0.0613636364,
           PARALLELISME_TEMPS='NON',
           PRECISION=1e-06,
           RESULTAT=res)

Le système linéaire à résoudre a 456148 degrés de liberté:
   - 438438 sont des degrés de liberté physiques
     (ils sont portés par 135682 noeuds du maillage)
   - 17710 sont les couples de paramètres de Lagrange associés
     aux 8855 relations linéaires dualisées.
#2      Calculs elementaires et assemblages               CPU (USER+SYST/SYST/ELAPS):      1.00      0.00      1.01
# Résultat commande #0003 (CALC_CHAMP): '<00000015>' de type <NonLinearResult>
# Dépend de :
# - model ('<00000002>') de type <Model>
# - fmat ('<00000008>') de type <MaterialField>
# Mémoire (Mo) :  7705.15 /  1954.05 /  3226.68 /  1035.03 (VmPeak / VmSize / Optimum / Minimum)
# Fin commande #0003   user+syst:        1.46s (syst:        0.01s, elaps:        1.46s)
# ----------------------------------------------------------------------------------------------

.. _stg1_txt34
# ----------------------------------------------------------------------------------------------
# Commande #0004 de /home/user/aas-corner-fe/wd/v8c100_TV/v8c100_TV_s02.comm.changed.py, ligne 34
tb = POST_RELEVE_T(ACTION=_F(CRITERE='RELATIF',
                             FORMAT_C='MODULE',
                             GROUP_NO='HEADT',
                             INST=0.0613636364,
                             INTITULE='R',
                             MOYE_NOEUD='OUI',
                             NOM_CHAM='REAC_NODA',
                             OPERATION='EXTRACTION',
                             PRECISION=1e-06,
                             REPERE='GLOBAL',
                             RESULTANTE='DX',
                             RESULTAT=r2),
                   INFO=1)

# Résultat commande #0004 (POST_RELEVE_T): tb ('<00000016>') de type <Table>
# Mémoire (Mo) :  7705.15 /  1954.05 /  3226.68 /  1035.03 (VmPeak / VmSize / Optimum / Minimum)
# Fin commande #0004   user+syst:        0.03s (syst:        0.00s, elaps:        0.01s)
# ----------------------------------------------------------------------------------------------

.. _stg1_txt34
# ----------------------------------------------------------------------------------------------
# Commande #0005 de /home/user/aas-corner-fe/wd/v8c100_TV/v8c100_TV_s02.comm.changed.py, ligne 34
tb = POST_RELEVE_T(ACTION=_F(CRITERE='RELATIF',
                             FORMAT_C='MODULE',
                             GROUP_NO='HEADV',
                             INST=0.0613636364,
                             INTITULE='R',
                             MOYE_NOEUD='OUI',
                             NOM_CHAM='REAC_NODA',
                             OPERATION='EXTRACTION',
                             PRECISION=1e-06,
                             REPERE='GLOBAL',
                             RESULTANTE='DX',
                             RESULTAT=r2),
                   INFO=1)

# Résultat commande #0005 (POST_RELEVE_T): tb ('<00000017>') de type <Table>
# Mémoire (Mo) :  7705.15 /  1954.05 /  3226.68 /  1035.03 (VmPeak / VmSize / Optimum / Minimum)
# Fin commande #0005   user+syst:        0.02s (syst:        0.00s, elaps:        0.01s)
# ----------------------------------------------------------------------------------------------

.. _stg1_txt39
# ----------------------------------------------------------------------------------------------
# Commande #0006 de /home/user/aas-corner-fe/wd/v8c100_TV/v8c100_TV_s02.comm.changed.py, ligne 39
DETRUIRE(INFO=1,
         NOM=r2)

# Mémoire (Mo) :  7705.15 /  1954.05 /  3226.68 /  1035.03 (VmPeak / VmSize / Optimum / Minimum)
# Fin commande #0006   user+syst:        0.42s (syst:        0.02s, elaps:        0.11s)
# ----------------------------------------------------------------------------------------------
/home/user/aas-corner-fe/wd/v8c100_TV/v8c100_TV_s02.comm.changed.py:56: ResourceWarning: unclosed file <_io.TextIOWrapper name='/home/user/aas-corner-fe/jobs/../results/v8c100_TV.curve' mode='a' encoding='UTF-8'>
  open(CURVE,'a').write('CURVE %g %g %g %g\n'%(tcur,tot,v['HEADT'],v['HEADV']))
AASCURVE 0.0613636 36210.2 21142.2 15068

.. _stg1_txt76
# ----------------------------------------------------------------------------------------------
# Commande #0007 de /root/mm/envs/aster/lib/python3.14/site-packages/code_aster/CodeCommands/fin.py,
ligne 76
FIN(INFO_RESU='NON',
    RETASSAGE='NON')

Saving objects...
pi                       <class 'float'>
e                        <class 'float'>
tau                      <class 'float'>
inf                      <class 'float'>
nan                      <class 'float'>
mesh                     <class 'libaster.Mesh'>
model                    <class 'libaster.Model'>
mat                      <class 'libaster.Material'>
matH                     <class 'libaster.Material'>
matHH                    <class 'libaster.Material'>
stl                      <class 'libaster.Material'>
slvm                     <class 'libaster.Material'>
fmat                     <class 'libaster.MaterialField'>
fix                      <class 'libaster.MechanicalLoadReal'>
grp                      <class 'list'>
load                     <class 'libaster.MechanicalLoadReal'>
ramp                     <class 'libaster.Function'>
steps                    <class 'libaster.ListOfFloats'>
times                    <class 'libaster.TimesList'>
LOADS                    <class 'str'>
CURVE                    <class 'str'>
common                   <class 'dict'>
tcur                     <class 'float'>
peak                     <class 'float'>
stopped                  <class 'bool'>
TARGETS                  <class 'list'>
tn                       <class 'float'>
res                      <class 'libaster.NonLinearResult'>
v                        <class 'dict'>
tot                      <class 'float'>
line                     <class 'str'>

 ╔================================================================================================╗
 ║ <I> <CATAMESS_89>                                                                              ║
 ║                                                                                                ║
 ║ Liste des alarmes émises lors de l'exécution du calcul.                                        ║
 ║                                                                                                ║
 ║     Les alarmes que vous avez choisies d'ignorer sont précédées de (*).                        ║
 ║     Nombre d'occurrences pour chacune des alarmes :                                            ║
 ║            FACTOR_75            émise    1 fois                                                ║
 ╚================================================================================================╝

 ---------------------------------------------------------------------------
 Concepts de la base: G
    Nom        Type                Taille (Mo)         Nombre      Nombre de
                                                     d'objets       segments
    TOTAL                               422.94            437            661
  
    00000001   MAILLAGE_SDASTER          14.63             34             70
    00000002   MODELE_SDASTER            14.45             11             16
    00000003   MATER_SDASTER              0.00             15             15
    00000004   MATER_SDASTER              0.00             15             15
    00000005   MATER_SDASTER              0.00              7              7
    00000006   MATER_SDASTER              0.00              7              7
    00000007   MATER_SDASTER              0.00              7              7
    00000008   CHAM_MATER                 1.17              8             13
    00000009   CHAR_MECA                 15.45             56             76
    0000000a   CHAR_MECA                 11.45             56             76
    0000000b   FONCTION_SDASTER           0.00              3              3
    0000000c   LISTR8_SDASTER             0.00              6              6
    0000000d   LIST_INST                  0.00              8              8
    0000000e   EVOL_NOLI                293.63            148            189
    &FOZERO                               0.00              2              2
    &&_NUM_C                              0.00              1              1
    &CATA                                37.45             42            103
    &&NMDOME                              0.00              2              2
    0000000f                              0.14              2             14
    &&NMCH1P                             34.29              3              3
    00000012                              0.14              2             14
    00000015                              0.14              2             14
 (*) sous-objets non accessible directement
 ---------------------------------------------------------------------------
Nom de la base                          :  GLOBALE
     Nombre d'enregistrements utilisés       :  698
     Nombre d'enregistrements maximum        :  2684354
     Nombre d'enregistrements par fichier    :  15728
     Longueur d'enregistrement (octets)      :  819200
     Nombre total d'accès en lecture         :  637
     Volume des accès en lecture             :        497.66 Mo.
     Nombre total d'accès en écriture        :  359
     Volume des accès en écriture            :        280.47 Mo.
     Nombre d'identificateurs utilisés       :  800
     Taille maximum du répertoire            :  2000
     Pourcentage d'utilisation du répertoire :  40 %

Nom de la base                          :  VOLATILE
     Nombre d'enregistrements utilisés       :  692
     Nombre d'enregistrements maximum        :  2684354
     Nombre d'enregistrements par fichier    :  15728
     Longueur d'enregistrement (octets)      :  819200
     Nombre total d'accès en lecture         :  484
     Volume des accès en lecture             :        378.12 Mo.
     Nombre total d'accès en écriture        :  2732
     Volume des accès en écriture            :       2134.38 Mo.
     Nombre d'identificateurs utilisés       :  1001
     Taille maximum du répertoire            :  2000
     Pourcentage d'utilisation du répertoire :  50 %

<I> <FIN> ARRET NORMAL DANS "FIN" PAR APPEL A "JEFINI".
  
 <I> <FIN> MEMOIRE JEVEUX MINIMALE REQUISE POUR L'EXECUTION :                    1035.03 Mo
 <I> <FIN> MEMOIRE JEVEUX OPTIMALE REQUISE POUR L'EXECUTION :                    3226.68 Mo
 <I> <FIN> MAXIMUM DE MEMOIRE UTILISEE PAR LE PROCESSUS LORS DE L'EXECUTION :    7705.15 Mo
  
 <I>       FERMETURE DES BASES EFFECTUEE
  
   STATISTIQUES CONCERNANT L'ALLOCATION DYNAMIQUE :
     TAILLE CUMULEE MAXIMUM            :                 3227  Mo.
     TAILLE CUMULEE LIBEREE            :                 2413  Mo.
     NOMBRE TOTAL D'ALLOCATIONS        :              3246531
     NOMBRE TOTAL DE LIBERATIONS       :              3246531
     APPELS AU MECANISME DE LIBERATION :                    0
     TAILLE MEMOIRE CUMULEE RECUPEREE  :                 2295  Mo.
     VOLUME DES LECTURES               :                    0  Mo.
     VOLUME DES ECRITURES              :                 1907  Mo.
  
   MEMOIRE JEVEUX MINIMALE REQUISE POUR L'EXECUTION :    1035.03 Mo
     - IMPOSE DE NOMBREUX ACCES DISQUE
     - RALENTIT LA VITESSE D'EXECUTION
   MEMOIRE JEVEUX OPTIMALE REQUISE POUR L'EXECUTION :    3226.68 Mo
     - LIMITE LES ACCES DISQUE
     - AMELIORE LA VITESSE D'EXECUTION
   MAXIMUM DE MEMOIRE UTILISEE PAR LE PROCESSUS     :    7705.15 Mo
     - COMPREND LA MEMOIRE CONSOMMEE PAR  JEVEUX, 
       LE SUPERVISEUR PYTHON, LES LIBRAIRIES EXTERNES
  
 <I>       FIN D'EXECUTION LE : LU-28-SEPT-2026 03:13:55
Signature of pickled file   : 4f4b719228909d84e084df387a766852eb012c8aa3ed4b447e12fe35f0e572d0
Signature of info file      : 0f8b260d1cd2faff2ef45299533e4af48f72e2ef695db786b77b16c0b71ea846
Signature of Jeveux database: a83c15d16ac64df0fcc00e0c499b3b0892f2c3fa552086ba1630196abaff1e41

 ********************************************************************************
 * COMMAND                  :       USER :     SYSTEM :   USER+SYS :    ELAPSED *
 ********************************************************************************
 * DEBUT                    :       0.22 :       0.34 :       0.56 :       0.57 *
 * STAT_NON_LINE            :    2086.61 :     397.49 :    2484.10 :     882.08 *
 * CALC_CHAMP               :       1.46 :       0.01 :       1.47 :       1.46 *
 * POST_RELEVE_T            :       0.03 :       0.00 :       0.03 :       0.01 *
 * POST_RELEVE_T            :       0.02 :       0.00 :       0.02 :       0.01 *
 * DETRUIRE                 :       0.42 :       0.02 :       0.44 :       0.11 *
 * FIN                      :       0.24 :       0.22 :       0.46 :       0.47 *
 *  . sdveri                :       0.00 :       0.00 :       0.00 :       0.00 *
 *  . cleanup               :       0.00 :       0.00 :       0.00 :       0.00 *
 *  . check syntax          :       0.04 :       0.02 :       0.06 :       0.05 *
 *  . fortran               :    2088.51 :     398.03 :    2486.54 :     884.54 *
 ********************************************************************************
 * TOTAL_JOB                :    2089.38 :     398.11 :    2487.49 :     884.91 *
 ********************************************************************************

# Mémoire (Mo) :  7705.15 /  1410.73 /  3226.68 /  1035.03 (VmPeak / VmSize / Optimum / Minimum)
# Fin commande #0007   user+syst:        0.24s (syst:        0.22s, elaps:        0.47s)
# ----------------------------------------------------------------------------------------------

EXECUTION_CODE_ASTER_EXIT_2643=0


saving result databases to 'BASE_PREC'...
execution ended (command file #3): <A>_ALARM
Running: /root/mm/envs/aster/bin/run_aster -w /home/user/aas-corner-fe/wd/v8c100_TV --status-file /root/.tmp_run_aster/run_aster_xk_uzkja/__status__ --no-mpi /root/.tmp_run_aster/run_aster_xk_uzkja/v8c100_TV.3

# ------------------------------------------------------------------------------
Execution of code_aster

# ------------------------------------------------------------------------------
Prepare environment in /home/user/aas-corner-fe/wd/v8c100_TV

# ------------------------------------------------------------------------------
Command file #4 / 22

Content of the file to execute:
# coding=utf-8
# original filename
__file__ = r"/home/user/aas-corner-fe/jobs/v8c100_TV_s03.comm"


# temporarly added for compatibility with code_aster legacy
from math import *

import code_aster
from code_aster.Commands import *
from code_aster import CA

POURSUITE(LANG='EN', PAR_LOT='NON')

LOADS='TV'
CURVE='/home/user/aas-corner-fe/jobs/../results/v8c100_TV.curve'
common=dict(MODELE=model, CHAM_MATER=fmat, EXCIT=(_F(CHARGE=fix), _F(CHARGE=load, FONC_MULT=ramp)),
        COMPORTEMENT=(_F(RELATION='ENDO_FISS_EXP', GROUP_MA=('CONC','HZ')), _F(RELATION='ELAS', GROUP_MA=('STEEL','SLV','HZH'))),
        NEWTON=_F(MATRICE='TANGENTE', REAC_ITER=1),
        CONVERGENCE=_F(RESI_GLOB_RELA=1.E-4, ITER_GLOB_MAXI=50), ARCHIVAGE=_F(PAS_ARCH=1), SOLVEUR=_F(METHODE='MUMPS', GESTION_MEMOIRE='OUT_OF_CORE', NPREC=10))
import os, re
tcur=0.0; peak=0.0; stopped=False
if os.path.exists(CURVE):
    for line in open(CURVE):
        m=re.match(r'CURVE\s+(\S+)\s+(\S+)', line)
        if m:
            tcur=max(tcur, float(m.group(1))); peak=max(peak, float(m.group(2)))
        if line.startswith('STOP'): stopped=True
def reac(res, t):
    r2=CALC_CHAMP(RESULTAT=res, FORCE='REAC_NODA', INST=t)
    vals={}
    for g in ('HEADT','HEADV'):
        try:
            tb=POST_RELEVE_T(ACTION=_F(OPERATION='EXTRACTION', INTITULE='R', RESULTAT=r2, NOM_CHAM='REAC_NODA',
                                       GROUP_NO=g, RESULTANTE='DX', INST=t)).EXTR_TABLE().values()
            vals[g]=-tb['DX'][-1]*2
        except Exception:
            vals[g]=0.
    DETRUIRE(NOM=r2)
    return vals
TARGETS=[0.0818181818]
for tn in TARGETS:
    if stopped or tn <= tcur+1e-9: continue
    try:
        if tcur < 1e-12 and '0'=='1':
            res=STAT_NON_LINE(INCREMENT=_F(LIST_INST=times, INST_FIN=tn), **common)
        else:
            res=STAT_NON_LINE(reuse=res, ETAT_INIT=_F(EVOL_NOLI=res), INCREMENT=_F(LIST_INST=times, INST_FIN=tn), **common)
    except Exception as exc:
        print('AASSTOP at', tcur, exc, flush=True)
        open(CURVE,'a').write('STOP solver %g\n'%tcur); stopped=True; break
    tcur=tn
    v=reac(res, tcur)
    tot=(v['HEADT'] if 'T' in LOADS else 0.)+(v['HEADV'] if 'V' in LOADS else 0.)
    peak=max(peak, tot)
    open(CURVE,'a').write('CURVE %g %g %g %g\n'%(tcur,tot,v['HEADT'],v['HEADV']))
    print('AASCURVE %g %g %g %g'%(tcur,tot,v['HEADT'],v['HEADV']), flush=True)
    if tot < 0.9*peak:
        open(CURVE,'a').write('STOP peak %g\n'%peak); stopped=True; break
FIN()



# ------------------------------------------------------------------------------
Command line #4:
    ulimit -c unlimited ; ulimit -t 100000 ; ( /root/mm/envs/aster/bin/python3 "v8c100_TV_s03.comm.changed.py" --memory 3000.0 --numthreads 4 --tpmax 20000 ; echo $? > _exit_code_ ) 2>&1 | tee -a fort.6
setting '--memory' value to 2700.00 MB (keyword RESERVE_MEMOIRE)
Ouverture en écriture du fichier ./vola.1

<INFO> Démarrage de l'exécution.

                       -- CODE_ASTER -- VERSION : DÉVELOPPEMENT (unstable) --                       
                               Version 18.1.6 modifiée le 14/09/2026                                
                                    révision n/a - branche 'n/a'                                    
                                     Copyright EDF 1991 - 2026                                      
                                                                                                    
                              Exécution du : Mon Sep 28 03:13:59 2026                               
                                       Nom de la machine : vm                                       
                                        Architecture : 64bit                                        
                                    Type de processeur : x86_64                                     
                Système d'exploitation : Linux-6.18.44-fc-v42-x86_64-with-glibc2.39                 
                                  Langue des messages : C (UTF-8)                                   
                                     Version de Python : 3.14.7                                     
                                      Version de NumPy : 2.5.3                                      
                                  Version de MEDCoupling : 9.16.0                                   
                                     Parallélisme MPI : inactif                                     
                                    Parallélisme OpenMP : actif                                     
                              Nombre de processus OpenMP utilisés : 4                               
                                Version de la librairie HDF5 : 2.2.0                                
                                Version de la librairie MED : 4.2.0                                 
                               Version de la librairie MFront : 5.1.0                               
                               Version de la librairie MUMPS : 5.8.2                                
                                  Librairie PETSc : non disponible                                  
                              Version de la librairie SCOTCH : 7.0.11                               

restarting from a previous execution...
/home/user/aas-corner-fe/wd/v8c100_TV/v8c100_TV_s03.comm.changed.py:13: DeprecationWarning: This feature is obsolete, 'PAR_LOT' has been removed.
  POURSUITE(LANG='EN', PAR_LOT='NON')
Valeur initiale du temps CPU maximum =   20000 secondes
  Valeur du temps CPU maximum passé aux commandes =   18000 secondes
  Réserve CPU prévue = 2000 secondes

Ouverture en lecture du fichier ./glob.1

Ajustement de la taille maximale des bases à 2048.00 Go.
    
Nom de la base                          :  GLOBALE
     Créée avec la version                   :  18.01.06
     Nombre d'enregistrements utilisés       :  698
     Nombre d'enregistrements maximum        :  2684354
     Nombre d'enregistrements par fichier    :  15728
     Longueur d'enregistrement (octets)      :  819200
     Nombre d'identificateurs utilisés       :  800
     Taille maximum du répertoire            :  2000
     Pourcentage d'utilisation du répertoire :  40 %

Ouverture en lecture du fichier ./glob.1

Ouverture en écriture du fichier ./vola.1

Fin de lecture (durée  0.000035  s.) 

                      Mémoire limite pour l'allocation dynamique : 3212.06 Mo                       
                         ajouté à l'initialisation du processus : 997.33 Mo                         
                               Limite cible du processus : 4209.38 Mo                               
                         Taille limite des fichiers d'échange : 2048.00 Go                          
pi                       <class 'float'>
e                        <class 'float'>
tau                      <class 'float'>
inf                      <class 'float'>
nan                      <class 'float'>
mesh                     <class 'libaster.Mesh'>
model                    <class 'libaster.Model'>
mat                      <class 'libaster.Material'>
matH                     <class 'libaster.Material'>
matHH                    <class 'libaster.Material'>
stl                      <class 'libaster.Material'>
slvm                     <class 'libaster.Material'>
fmat                     <class 'libaster.MaterialField'>
fix                      <class 'libaster.MechanicalLoadReal'>
grp                      <class 'list'>
load                     <class 'libaster.MechanicalLoadReal'>
ramp                     <class 'libaster.Function'>
steps                    <class 'libaster.ListOfFloats'>
times                    <class 'libaster.TimesList'>
LOADS                    <class 'str'>
CURVE                    <class 'str'>
common                   <class 'dict'>
tcur                     <class 'float'>
peak                     <class 'float'>
stopped                  <class 'bool'>
TARGETS                  <class 'list'>
tn                       <class 'float'>
res                      <class 'libaster.NonLinearResult'>
v                        <class 'dict'>
tot                      <class 'float'>
line                     <class 'str'>
# Mémoire (Mo) :  1268.20 /  1268.07 /   429.23 /   429.20 (VmPeak / VmSize / Optimum / Minimum)
# Fin commande #0001   user+syst:        0.23s (syst:        0.37s, elaps:        0.62s)
# ----------------------------------------------------------------------------------------------
/home/user/aas-corner-fe/wd/v8c100_TV/v8c100_TV_s03.comm.changed.py:24: ResourceWarning: unclosed file <_io.TextIOWrapper name='/home/user/aas-corner-fe/jobs/../results/v8c100_TV.curve' mode='r' encoding='UTF-8'>
  for line in open(CURVE):

.. _stg1_txt48
# ----------------------------------------------------------------------------------------------
# Commande #0002 de /home/user/aas-corner-fe/wd/v8c100_TV/v8c100_TV_s03.comm.changed.py, ligne 48
res = STAT_NON_LINE(AFFICHAGE=_F(INFO_RESIDU='NON',
                                 INFO_TEMPS='NON'),
                    ARCHIVAGE=_F(CHAM_EXCLU=('RESI_NOEU', 'RESI_RELA_NOEU'),
                                 PAS_ARCH=1),
                    CHAM_MATER=fmat,
                    COMPORTEMENT=(_F(DEFORMATION='PETIT',
                                     GROUP_MA=('CONC', 'HZ'),
                                     ITER_CPLAN_MAXI=10,
                                     ITER_INTE_MAXI=20,
                                     ITER_INTE_PAS=0,
                                     PARM_THETA=1.0,
                                     REGU_VISC='NON',
                                     RELATION='ENDO_FISS_EXP',
                                     RESI_CPLAN_RELA=1e-06,
                                     RESI_INTE=1e-06),
                                  _F(DEFORMATION='PETIT',
                                     GROUP_MA=('STEEL', 'SLV', 'HZH'),
                                     ITER_CPLAN_MAXI=10,
                                     ITER_INTE_MAXI=20,
                                     ITER_INTE_PAS=0,
                                     PARM_THETA=1.0,
                                     REGU_VISC='NON',
                                     RELATION='ELAS',
                                     RESI_CPLAN_RELA=1e-06,
                                     RESI_INTE=1e-06)),
                    CONVERGENCE=_F(ARRET='OUI',
                                   ITER_GLOB_ELAS=25,
                                   ITER_GLOB_MAXI=50,
                                   RESI_GLOB_RELA=0.0001,
                                   VERIF='TOUT'),
                    ETAT_INIT=_F(EVOL_NOLI=res),
                    EXCIT=(_F(CHARGE='<00000009>',
                              TYPE_CHARGE='FIXE_CSTE'),
                           _F(CHARGE='<0000000a>',
                              FONC_MULT=ramp,
                              TYPE_CHARGE='FIXE_CSTE')),
                    INCREMENT=_F(CRITERE='RELATIF',
                                 INST_FIN=0.0818181818,
                                 INST_INIT=0.06136363636363636,
                                 LIST_INST=times,
                                 PRECISION=1e-06),
                    MESURE=_F(TABLE='NON'),
                    METHODE='NEWTON',
                    MODELE=model,
                    NEWTON=_F(MATRICE='TANGENTE',
                              MATR_RIGI_SYME='NON',
                              REAC_INCR=1,
                              REAC_ITER=1,
                              REAC_ITER_ELAS=0),
                    SOLVEUR=_F(ACCELERATION='AUTO',
                               ELIM_LAGR='LAGR2',
                               FILTRAGE_MATRICE=-1.0,
                               GESTION_MEMOIRE='OUT_OF_CORE',
                               LOW_RANK_SEUIL=0.0,
                               MATR_DISTRIBUEE='NON',
                               METHODE='MUMPS',
                               MIXER_PRECISION='NON',
                               NB_RHS=1,
                               NPREC=10,
                               PCENT_PIVOT=35,
                               POSTTRAITEMENTS='AUTO',
                               PRETRAITEMENTS='AUTO',
                               REDUCTION_MPI=0,
                               RENUM='AUTO',
                               RESI_RELA=-1.0,
                               STOP_SINGULIER='OUI',
                               TYPE_RESOL='AUTO'),
                    reuse=res)

Liste des comportements

Affecté sur 85588 éléments
Relation                             : ENDO_FISS_EXP
Déformation                          : PETIT
Pas de régularisation visqueuse
Pas de post-traitement à la fin du pas de temps
Nombre total de variables internes   : 9
V1 : ENDO
V2 : INDIENDO
V3 : ENDORIGI
V4 : EPSEXX
V5 : EPSEYY
V6 : EPSEZZ
V7 : EPSEXY
V8 : EPSEXZ
V9 : EPSEYZ
Affecté sur 11341 éléments
Relation                             : ELAS
Déformation                          : PETIT
Pas de régularisation visqueuse
Pas de post-traitement à la fin du pas de temps
Nombre total de variables internes   : 1
V1 : VIDE
Le système linéaire à résoudre a 456148 degrés de liberté:
   - 438438 sont des degrés de liberté physiques
     (ils sont portés par 135682 noeuds du maillage)
   - 17710 sont les couples de paramètres de Lagrange associés
     aux 8855 relations linéaires dualisées.
La matrice est de taille 456148 équations.
  Elle contient 23709453 termes non nuls si elle est symétrique et 46962758 termes non nuls si elle
n'est pas symétrique.
  Soit un taux de remplissage de   0.023 %.
Lecture de l'état initial
L'état initial a été récupéré dans la structure de données résultat de nom <0000000e> pour le numéro
d'ordre 3 et à l'instant  6.136363636364e-02
Le champ <DEPL> est lu dans ETAT_INIT dans la structure de données résultat donné dans la commande.
Le champ <SIEF_ELGA> est lu dans ETAT_INIT dans la structure de données résultat donné dans la
commande.
Le champ <VARI_ELGA> est lu dans ETAT_INIT dans la structure de données résultat donné dans la
commande.
---------------------------------------------------------------------
Instant de calcul:  8.181818181818e-02 - Niveau de découpe: 1

---------------------------------------------------------------------
|     NEWTON     |     RESIDU     |     RESIDU     |     OPTION     |
|    ITERATION   |     RELATIF    |     ABSOLU     |   ASSEMBLAGE   |
|                | RESI_GLOB_RELA | RESI_GLOB_MAXI |(+ TYPE MATRICE)|
---------------------------------------------------------------------

 ╔================================================================================================╗
 ║ <A> <FACTOR_75>                                                                                ║
 ║                                                                                                ║
 ║ Attention, vous avez demandé un calcul OUT_OF_CORE, mais MUMPS estime avoir besoin pour cela   ║
 ║ d'au moins                                                                                     ║
 ║   3905 Mo  alors qu'il n'y a que 102 Mo de disponible sur ce processeur !                      ║
 ║   Le calcul pourrait donc être ralenti ou s'arrêter pour cette raison.                         ║
 ║                                                                                                ║
 ║   Pour information: mémoire déjà pré-allouée par MUMPS (exécutable, matrice...)= 569 Mo,       ║
 ║                     nombre de systèmes linéaires à factoriser en même temps    = 1.            ║
 ║                                                                                                ║
 ║ Conseils :                                                                                     ║
 ║   La prochaine fois, relancez avec plus de mémoire globale ou avec une option de calcul plus   ║
 ║ économe                                                                                        ║
 ║   (par ordre décroissant d'efficacité):                                                        ║
 ║    - Si le calcul est parallèle, réduisez la consommation MUMPS en augmentant le nombre de     ║
 ║ processeurs,                                                                                   ║
 ║    - Si le calcul est parallèle, réduisez la consommation Aster en activant l'option           ║
 ║ SOLVEUR/MATR_DISTRIBUEE,                                                                       ║
 ║   Ou, plus radicalement:                                                                       ║
 ║    - Utilisez un solveur moins exigeant en mémoire (par exemple: SOLVEUR/METHODE='PETSC' +     ║
 ║ PRECOND='LDLT_SP').                                                                            ║
 ║                                                                                                ║
 ║                                                                                                ║
 ║ Ceci est une alarme. Si vous ne comprenez pas le sens de cette                                 ║
 ║ alarme, vous pouvez obtenir des résultats inattendus !                                         ║
 ╚================================================================================================╝

|     0        X | 8.19165E-02  X | 1.42752E+02    |TANGENTE (NOSYM)|
Solveur MUMPS :
  Les informations concernant la mémoire disponible ne sont pas utilisables.
  Si vous avez choisi le mode GESTION_MEMOIRE='AUTO', par précaution on bascule en mode OUT_OF_CORE.
  Si vous avez choisi le mode GESTION_MEMOIRE='EVAL', seules les évaluations des consommations MUMPS
     seront pertinentes, les autres chiffres ne seront pas à prendre en compte.
  Si vous avez choisi un autre mode, les vérifications liées aux consommations mémoires seront
débranchées.

|     1        X | 1.01147E-02  X | 1.70106E+01    |TANGENTE (NOSYM)|
Solveur MUMPS :
  Les informations concernant la mémoire disponible ne sont pas utilisables.
  Si vous avez choisi le mode GESTION_MEMOIRE='AUTO', par précaution on bascule en mode OUT_OF_CORE.
  Si vous avez choisi le mode GESTION_MEMOIRE='EVAL', seules les évaluations des consommations MUMPS
     seront pertinentes, les autres chiffres ne seront pas à prendre en compte.
  Si vous avez choisi un autre mode, les vérifications liées aux consommations mémoires seront
débranchées.

|     2        X | 1.57485E-03  X | 2.63650E+00    |TANGENTE (NOSYM)|
Solveur MUMPS :
  Les informations concernant la mémoire disponible ne sont pas utilisables.
  Si vous avez choisi le mode GESTION_MEMOIRE='AUTO', par précaution on bascule en mode OUT_OF_CORE.
  Si vous avez choisi le mode GESTION_MEMOIRE='EVAL', seules les évaluations des consommations MUMPS
     seront pertinentes, les autres chiffres ne seront pas à prendre en compte.
  Si vous avez choisi un autre mode, les vérifications liées aux consommations mémoires seront
débranchées.

|     3        X | 4.09412E-04  X | 6.85211E-01    |TANGENTE (NOSYM)|
Solveur MUMPS :
  Les informations concernant la mémoire disponible ne sont pas utilisables.
  Si vous avez choisi le mode GESTION_MEMOIRE='AUTO', par précaution on bascule en mode OUT_OF_CORE.
  Si vous avez choisi le mode GESTION_MEMOIRE='EVAL', seules les évaluations des consommations MUMPS
     seront pertinentes, les autres chiffres ne seront pas à prendre en compte.
  Si vous avez choisi un autre mode, les vérifications liées aux consommations mémoires seront
débranchées.

|     4          | 1.97509E-06    | 3.30557E-03    |TANGENTE (NOSYM)|
---------------------------------------------------------------------
Critère(s) de convergence atteint(s)

Le résidu de type <RESI_GLOB_RELA> vaut  1.975085659033e-06 au noeud et degré de liberté <122289 
DX>
Temps CPU consommé dans ce pas de temps    : 13 min 59 s

* Nombre d'itérations de Newton                     : 5
* Temps total intégration comportement              : 40.472 s (6 intégrations)
* Temps total factorisation matrice                 : 10 min  5 s (5 factorisations)
* Temps construction second membre                  : 1.063 s
* Temps total résolution K.U=F                      : 1 min 35 s (5 résolutions)
* Temps assemblage matrice                          : 0.000 s
* Temps autres opérations                           : 1 min 36 s
Mémoire (Mo) :  7772.63 /  3940.95 /  3291.35 /  1099.70 (VmPeak / VmSize / Optimum / Minimum)

Archivage des champs

Champ stocké <DEPL> à l'instant  8.181818181818e-02 pour le numéro d'ordre 4
Champ stocké <SIEF_ELGA> à l'instant  8.181818181818e-02 pour le numéro d'ordre 4
Champ stocké <VARI_ELGA> à l'instant  8.181818181818e-02 pour le numéro d'ordre 4
Champ stocké <COMPORTEMENT> à l'instant  8.181818181818e-02 pour le numéro d'ordre 4
[100%] Instant calculé : 8.18182e-02, seul l'instant initial a été archivé
Temps CPU consommé dans le calcul          : 13 min 59 s

dont temps CPU "perdu" dans les découpes            : 0.000 s
* Nombre de pas de temps                            : 1
* Nombre d'itérations de Newton                     : 5
* Temps dans l'archivage                            : 0.064 s
* Temps dans le post-traitement                     : 0.000 s
* Temps total intégration comportement              : 40.472 s (6 intégrations)
* Temps total factorisation matrice                 : 10 min  5 s (5 factorisations)
* Temps construction second membre                  : 1.063 s
* Temps total résolution K.U=F                      : 1 min 35 s (5 résolutions)
* Temps assemblage matrice                          : 0.000 s
#1      Resolution des systemes lineaires                 CPU (USER+SYST/SYST/ELAPS):   2320.05    376.86    705.22
#2      Calculs elementaires et assemblages               CPU (USER+SYST/SYST/ELAPS):     96.34      7.19     96.62
# Résultat commande #0002 (STAT_NON_LINE): res ('<0000000e>') de type <NonLinearResult>
# Mémoire (Mo) :  7772.63 /  1979.91 /  3291.35 /  1099.70 (VmPeak / VmSize / Optimum / Minimum)
# Fin commande #0002   user+syst:     2049.42s (syst:      388.03s, elaps:      862.30s)
# ----------------------------------------------------------------------------------------------

.. _stg1_txt184
# ----------------------------------------------------------------------------------------------
# Commande #0003 de
/root/mm/envs/aster/lib/python3.14/site-packages/code_aster/Supervis/ExecuteCommand.py, ligne 184
CALC_CHAMP(CRITERE='RELATIF',
           FORCE='REAC_NODA',
           INFO=1,
           INST=0.0818181818,
           PARALLELISME_TEMPS='NON',
           PRECISION=1e-06,
           RESULTAT=res)

Le système linéaire à résoudre a 456148 degrés de liberté:
   - 438438 sont des degrés de liberté physiques
     (ils sont portés par 135682 noeuds du maillage)
   - 17710 sont les couples de paramètres de Lagrange associés
     aux 8855 relations linéaires dualisées.
#2      Calculs elementaires et assemblages               CPU (USER+SYST/SYST/ELAPS):      1.06      0.01      1.06
# Résultat commande #0003 (CALC_CHAMP): '<00000018>' de type <NonLinearResult>
# Dépend de :
# - model ('<00000002>') de type <Model>
# - fmat ('<00000008>') de type <MaterialField>
# Mémoire (Mo) :  7772.63 /  1979.91 /  3291.35 /  1099.70 (VmPeak / VmSize / Optimum / Minimum)
# Fin commande #0003   user+syst:        1.56s (syst:        0.01s, elaps:        1.56s)
# ----------------------------------------------------------------------------------------------

.. _stg1_txt34
# ----------------------------------------------------------------------------------------------
# Commande #0004 de /home/user/aas-corner-fe/wd/v8c100_TV/v8c100_TV_s03.comm.changed.py, ligne 34
tb = POST_RELEVE_T(ACTION=_F(CRITERE='RELATIF',
                             FORMAT_C='MODULE',
                             GROUP_NO='HEADT',
                             INST=0.0818181818,
                             INTITULE='R',
                             MOYE_NOEUD='OUI',
                             NOM_CHAM='REAC_NODA',
                             OPERATION='EXTRACTION',
                             PRECISION=1e-06,
                             REPERE='GLOBAL',
                             RESULTANTE='DX',
                             RESULTAT=r2),
                   INFO=1)

# Résultat commande #0004 (POST_RELEVE_T): tb ('<00000019>') de type <Table>
# Mémoire (Mo) :  7772.63 /  1979.91 /  3291.35 /  1099.70 (VmPeak / VmSize / Optimum / Minimum)
# Fin commande #0004   user+syst:        0.04s (syst:        0.00s, elaps:        0.01s)
# ----------------------------------------------------------------------------------------------

.. _stg1_txt34
# ----------------------------------------------------------------------------------------------
# Commande #0005 de /home/user/aas-corner-fe/wd/v8c100_TV/v8c100_TV_s03.comm.changed.py, ligne 34
tb = POST_RELEVE_T(ACTION=_F(CRITERE='RELATIF',
                             FORMAT_C='MODULE',
                             GROUP_NO='HEADV',
                             INST=0.0818181818,
                             INTITULE='R',
                             MOYE_NOEUD='OUI',
                             NOM_CHAM='REAC_NODA',
                             OPERATION='EXTRACTION',
                             PRECISION=1e-06,
                             REPERE='GLOBAL',
                             RESULTANTE='DX',
                             RESULTAT=r2),
                   INFO=1)

# Résultat commande #0005 (POST_RELEVE_T): tb ('<0000001a>') de type <Table>
# Mémoire (Mo) :  7772.63 /  1979.91 /  3291.35 /  1099.70 (VmPeak / VmSize / Optimum / Minimum)
# Fin commande #0005   user+syst:        0.03s (syst:        0.00s, elaps:        0.01s)
# ----------------------------------------------------------------------------------------------

.. _stg1_txt39
# ----------------------------------------------------------------------------------------------
# Commande #0006 de /home/user/aas-corner-fe/wd/v8c100_TV/v8c100_TV_s03.comm.changed.py, ligne 39
DETRUIRE(INFO=1,
         NOM=r2)

# Mémoire (Mo) :  7772.63 /  1979.91 /  3291.35 /  1099.70 (VmPeak / VmSize / Optimum / Minimum)
# Fin commande #0006   user+syst:        0.45s (syst:        0.00s, elaps:        0.12s)
# ----------------------------------------------------------------------------------------------
/home/user/aas-corner-fe/wd/v8c100_TV/v8c100_TV_s03.comm.changed.py:56: ResourceWarning: unclosed file <_io.TextIOWrapper name='/home/user/aas-corner-fe/jobs/../results/v8c100_TV.curve' mode='a' encoding='UTF-8'>
  open(CURVE,'a').write('CURVE %g %g %g %g\n'%(tcur,tot,v['HEADT'],v['HEADV']))
AASCURVE 0.0818182 44881.4 27696 17185.4

.. _stg1_txt76
# ----------------------------------------------------------------------------------------------
# Commande #0007 de /root/mm/envs/aster/lib/python3.14/site-packages/code_aster/CodeCommands/fin.py,
ligne 76
FIN(INFO_RESU='NON',
    RETASSAGE='NON')

Saving objects...
pi                       <class 'float'>
e                        <class 'float'>
tau                      <class 'float'>
inf                      <class 'float'>
nan                      <class 'float'>
mesh                     <class 'libaster.Mesh'>
model                    <class 'libaster.Model'>
mat                      <class 'libaster.Material'>
matH                     <class 'libaster.Material'>
matHH                    <class 'libaster.Material'>
stl                      <class 'libaster.Material'>
slvm                     <class 'libaster.Material'>
fmat                     <class 'libaster.MaterialField'>
fix                      <class 'libaster.MechanicalLoadReal'>
grp                      <class 'list'>
load                     <class 'libaster.MechanicalLoadReal'>
ramp                     <class 'libaster.Function'>
steps                    <class 'libaster.ListOfFloats'>
times                    <class 'libaster.TimesList'>
LOADS                    <class 'str'>
CURVE                    <class 'str'>
common                   <class 'dict'>
tcur                     <class 'float'>
peak                     <class 'float'>
stopped                  <class 'bool'>
TARGETS                  <class 'list'>
tn                       <class 'float'>
res                      <class 'libaster.NonLinearResult'>
v                        <class 'dict'>
tot                      <class 'float'>
line                     <class 'str'>

 ╔================================================================================================╗
 ║ <I> <CATAMESS_89>                                                                              ║
 ║                                                                                                ║
 ║ Liste des alarmes émises lors de l'exécution du calcul.                                        ║
 ║                                                                                                ║
 ║     Les alarmes que vous avez choisies d'ignorer sont précédées de (*).                        ║
 ║     Nombre d'occurrences pour chacune des alarmes :                                            ║
 ║            FACTOR_75            émise    1 fois                                                ║
 ╚================================================================================================╝

 ---------------------------------------------------------------------------
 Concepts de la base: G
    Nom        Type                Taille (Mo)         Nombre      Nombre de
                                                     d'objets       segments
    TOTAL                               489.05            460            701
  
    00000001   MAILLAGE_SDASTER          14.63             34             70
    00000002   MODELE_SDASTER            14.45             11             16
    00000003   MATER_SDASTER              0.00             15             15
    00000004   MATER_SDASTER              0.00             15             15
    00000005   MATER_SDASTER              0.00              7              7
    00000006   MATER_SDASTER              0.00              7              7
    00000007   MATER_SDASTER              0.00              7              7
    00000008   CHAM_MATER                 1.17              8             13
    00000009   CHAR_MECA                 15.45             56             76
    0000000a   CHAR_MECA                 11.45             56             76
    0000000b   FONCTION_SDASTER           0.00              3              3
    0000000c   LISTR8_SDASTER             0.00              6              6
    0000000d   LIST_INST                  0.00              8              8
    0000000e   EVOL_NOLI                359.61            169            215
    &FOZERO                               0.00              2              2
    &&_NUM_C                              0.00              1              1
    &CATA                                37.45             42            103
    &&NMDOME                              0.00              2              2
    0000000f                              0.14              2             14
    &&NMCH1P                             34.29              3              3
    00000012                              0.14              2             14
    00000015                              0.14              2             14
    00000018                              0.14              2             14
 (*) sous-objets non accessible directement
 ---------------------------------------------------------------------------
Nom de la base                          :  GLOBALE
     Nombre d'enregistrements utilisés       :  780
     Nombre d'enregistrements maximum        :  2684354
     Nombre d'enregistrements par fichier    :  15728
     Longueur d'enregistrement (octets)      :  819200
     Nombre total d'accès en lecture         :  724
     Volume des accès en lecture             :        565.62 Mo.
     Nombre total d'accès en écriture        :  359
     Volume des accès en écriture            :        280.47 Mo.
     Nombre d'identificateurs utilisés       :  893
     Taille maximum du répertoire            :  2000
     Pourcentage d'utilisation du répertoire :  44 %

Nom de la base                          :  VOLATILE
     Nombre d'enregistrements utilisés       :  692
     Nombre d'enregistrements maximum        :  2684354
     Nombre d'enregistrements par fichier    :  15728
     Longueur d'enregistrement (octets)      :  819200
     Nombre total d'accès en lecture         :  484
     Volume des accès en lecture             :        378.12 Mo.
     Nombre total d'accès en écriture        :  2732
     Volume des accès en écriture            :       2134.38 Mo.
     Nombre d'identificateurs utilisés       :  1000
     Taille maximum du répertoire            :  2000
     Pourcentage d'utilisation du répertoire :  50 %

<I> <FIN> ARRET NORMAL DANS "FIN" PAR APPEL A "JEFINI".
  
 <I> <FIN> MEMOIRE JEVEUX MINIMALE REQUISE POUR L'EXECUTION :                    1099.70 Mo
 <I> <FIN> MEMOIRE JEVEUX OPTIMALE REQUISE POUR L'EXECUTION :                    3291.35 Mo
 <I> <FIN> MAXIMUM DE MEMOIRE UTILISEE PAR LE PROCESSUS LORS DE L'EXECUTION :    7772.63 Mo
  
 <I>       FERMETURE DES BASES EFFECTUEE
  
   STATISTIQUES CONCERNANT L'ALLOCATION DYNAMIQUE :
     TAILLE CUMULEE MAXIMUM            :                 3291  Mo.
     TAILLE CUMULEE LIBEREE            :                 2422  Mo.
     NOMBRE TOTAL D'ALLOCATIONS        :              3246594
     NOMBRE TOTAL DE LIBERATIONS       :              3246594
     APPELS AU MECANISME DE LIBERATION :                    0
     TAILLE MEMOIRE CUMULEE RECUPEREE  :                 2295  Mo.
     VOLUME DES LECTURES               :                    0  Mo.
     VOLUME DES ECRITURES              :                 1907  Mo.
  
   MEMOIRE JEVEUX MINIMALE REQUISE POUR L'EXECUTION :    1099.70 Mo
     - IMPOSE DE NOMBREUX ACCES DISQUE
     - RALENTIT LA VITESSE D'EXECUTION
   MEMOIRE JEVEUX OPTIMALE REQUISE POUR L'EXECUTION :    3291.35 Mo
     - LIMITE LES ACCES DISQUE
     - AMELIORE LA VITESSE D'EXECUTION
   MAXIMUM DE MEMOIRE UTILISEE PAR LE PROCESSUS     :    7772.63 Mo
     - COMPREND LA MEMOIRE CONSOMMEE PAR  JEVEUX, 
       LE SUPERVISEUR PYTHON, LES LIBRAIRIES EXTERNES
  
 <I>       FIN D'EXECUTION LE : LU-28-SEPT-2026 03:28:25
Signature of pickled file   : d507ebb66d1a2057fd726ea911f794bd1468f8c597916462f0c3ca461ed09b22
Signature of info file      : 3c20f1f5640021f40864a555f5a76b13ab8fe63e18d21d969fdb5f4a54e911d8
Signature of Jeveux database: 7b769d71ad3611b896f7a8af5beba1888757d0c047d131078e0e30f57fb88fd0

 ********************************************************************************
 * COMMAND                  :       USER :     SYSTEM :   USER+SYS :    ELAPSED *
 ********************************************************************************
 * DEBUT                    :       0.23 :       0.37 :       0.60 :       0.62 *
 * STAT_NON_LINE            :    2049.42 :     388.03 :    2437.45 :     862.30 *
 * CALC_CHAMP               :       1.56 :       0.01 :       1.57 :       1.56 *
 * POST_RELEVE_T            :       0.04 :       0.00 :       0.04 :       0.01 *
 * POST_RELEVE_T            :       0.03 :       0.00 :       0.03 :       0.01 *
 * DETRUIRE                 :       0.45 :       0.00 :       0.45 :       0.12 *
 * FIN                      :       0.29 :       0.28 :       0.57 :       0.85 *
 *  . sdveri                :       0.00 :       0.00 :       0.00 :       0.00 *
 *  . cleanup               :       0.00 :       0.00 :       0.00 :       0.00 *
 *  . check syntax          :       0.05 :       0.00 :       0.05 :       0.05 *
 *  . fortran               :    2051.46 :     388.69 :    2440.15 :     865.23 *
 ********************************************************************************
 * TOTAL_JOB                :    2052.38 :     388.73 :    2441.11 :     866.15 *
 ********************************************************************************

# Mémoire (Mo) :  7772.63 /  1373.13 /  3291.35 /  1099.70 (VmPeak / VmSize / Optimum / Minimum)
# Fin commande #0007   user+syst:        0.29s (syst:        0.28s, elaps:        0.85s)
# ----------------------------------------------------------------------------------------------

EXECUTION_CODE_ASTER_EXIT_3036=0


saving result databases to 'BASE_PREC'...
execution ended (command file #4): <A>_ALARM
Running: /root/mm/envs/aster/bin/run_aster -w /home/user/aas-corner-fe/wd/v8c100_TV --status-file /root/.tmp_run_aster/run_aster_xk_uzkja/__status__ --no-mpi /root/.tmp_run_aster/run_aster_xk_uzkja/v8c100_TV.4

# ------------------------------------------------------------------------------
Execution of code_aster

# ------------------------------------------------------------------------------
Prepare environment in /home/user/aas-corner-fe/wd/v8c100_TV

# ------------------------------------------------------------------------------
Command file #5 / 22

Content of the file to execute:
# coding=utf-8
# original filename
__file__ = r"/home/user/aas-corner-fe/jobs/v8c100_TV_s04.comm"


# temporarly added for compatibility with code_aster legacy
from math import *

import code_aster
from code_aster.Commands import *
from code_aster import CA

POURSUITE(LANG='EN', PAR_LOT='NON')

LOADS='TV'
CURVE='/home/user/aas-corner-fe/jobs/../results/v8c100_TV.curve'
common=dict(MODELE=model, CHAM_MATER=fmat, EXCIT=(_F(CHARGE=fix), _F(CHARGE=load, FONC_MULT=ramp)),
        COMPORTEMENT=(_F(RELATION='ENDO_FISS_EXP', GROUP_MA=('CONC','HZ')), _F(RELATION='ELAS', GROUP_MA=('STEEL','SLV','HZH'))),
        NEWTON=_F(MATRICE='TANGENTE', REAC_ITER=1),
        CONVERGENCE=_F(RESI_GLOB_RELA=1.E-4, ITER_GLOB_MAXI=50), ARCHIVAGE=_F(PAS_ARCH=1), SOLVEUR=_F(METHODE='MUMPS', GESTION_MEMOIRE='OUT_OF_CORE', NPREC=10))
import os, re
tcur=0.0; peak=0.0; stopped=False
if os.path.exists(CURVE):
    for line in open(CURVE):
        m=re.match(r'CURVE\s+(\S+)\s+(\S+)', line)
        if m:
            tcur=max(tcur, float(m.group(1))); peak=max(peak, float(m.group(2)))
        if line.startswith('STOP'): stopped=True
def reac(res, t):
    r2=CALC_CHAMP(RESULTAT=res, FORCE='REAC_NODA', INST=t)
    vals={}
    for g in ('HEADT','HEADV'):
        try:
            tb=POST_RELEVE_T(ACTION=_F(OPERATION='EXTRACTION', INTITULE='R', RESULTAT=r2, NOM_CHAM='REAC_NODA',
                                       GROUP_NO=g, RESULTANTE='DX', INST=t)).EXTR_TABLE().values()
            vals[g]=-tb['DX'][-1]*2
        except Exception:
            vals[g]=0.
    DETRUIRE(NOM=r2)
    return vals
TARGETS=[0.1022727273]
for tn in TARGETS:
    if stopped or tn <= tcur+1e-9: continue
    try:
        if tcur < 1e-12 and '0'=='1':
            res=STAT_NON_LINE(INCREMENT=_F(LIST_INST=times, INST_FIN=tn), **common)
        else:
            res=STAT_NON_LINE(reuse=res, ETAT_INIT=_F(EVOL_NOLI=res), INCREMENT=_F(LIST_INST=times, INST_FIN=tn), **common)
    except Exception as exc:
        print('AASSTOP at', tcur, exc, flush=True)
        open(CURVE,'a').write('STOP solver %g\n'%tcur); stopped=True; break
    tcur=tn
    v=reac(res, tcur)
    tot=(v['HEADT'] if 'T' in LOADS else 0.)+(v['HEADV'] if 'V' in LOADS else 0.)
    peak=max(peak, tot)
    open(CURVE,'a').write('CURVE %g %g %g %g\n'%(tcur,tot,v['HEADT'],v['HEADV']))
    print('AASCURVE %g %g %g %g'%(tcur,tot,v['HEADT'],v['HEADV']), flush=True)
    if tot < 0.9*peak:
        open(CURVE,'a').write('STOP peak %g\n'%peak); stopped=True; break
FIN()



# ------------------------------------------------------------------------------
Command line #5:
    ulimit -c unlimited ; ulimit -t 100000 ; ( /root/mm/envs/aster/bin/python3 "v8c100_TV_s04.comm.changed.py" --memory 3000.0 --numthreads 4 --tpmax 20000 ; echo $? > _exit_code_ ) 2>&1 | tee -a fort.6
setting '--memory' value to 2700.00 MB (keyword RESERVE_MEMOIRE)
Ouverture en écriture du fichier ./vola.1

<INFO> Démarrage de l'exécution.

                       -- CODE_ASTER -- VERSION : DÉVELOPPEMENT (unstable) --                       
                               Version 18.1.6 modifiée le 14/09/2026                                
                                    révision n/a - branche 'n/a'                                    
                                     Copyright EDF 1991 - 2026                                      
                                                                                                    
                              Exécution du : Mon Sep 28 03:28:30 2026                               
                                       Nom de la machine : vm                                       
                                        Architecture : 64bit                                        
                                    Type de processeur : x86_64                                     
                Système d'exploitation : Linux-6.18.44-fc-v42-x86_64-with-glibc2.39                 
                                  Langue des messages : C (UTF-8)                                   
                                     Version de Python : 3.14.7                                     
                                      Version de NumPy : 2.5.3                                      
                                  Version de MEDCoupling : 9.16.0                                   
                                     Parallélisme MPI : inactif                                     
                                    Parallélisme OpenMP : actif                                     
                              Nombre de processus OpenMP utilisés : 4                               
                                Version de la librairie HDF5 : 2.2.0                                
                                Version de la librairie MED : 4.2.0                                 
                               Version de la librairie MFront : 5.1.0                               
                               Version de la librairie MUMPS : 5.8.2                                
                                  Librairie PETSc : non disponible                                  
                              Version de la librairie SCOTCH : 7.0.11                               

restarting from a previous execution...
/home/user/aas-corner-fe/wd/v8c100_TV/v8c100_TV_s04.comm.changed.py:13: DeprecationWarning: This feature is obsolete, 'PAR_LOT' has been removed.
  POURSUITE(LANG='EN', PAR_LOT='NON')
Valeur initiale du temps CPU maximum =   20000 secondes
  Valeur du temps CPU maximum passé aux commandes =   18000 secondes
  Réserve CPU prévue = 2000 secondes

Ouverture en lecture du fichier ./glob.1

Ajustement de la taille maximale des bases à 2048.00 Go.
    
Nom de la base                          :  GLOBALE
     Créée avec la version                   :  18.01.06
     Nombre d'enregistrements utilisés       :  780
     Nombre d'enregistrements maximum        :  2684354
     Nombre d'enregistrements par fichier    :  15728
     Longueur d'enregistrement (octets)      :  819200
     Nombre d'identificateurs utilisés       :  893
     Taille maximum du répertoire            :  2000
     Pourcentage d'utilisation du répertoire :  44 %

Ouverture en lecture du fichier ./glob.1

Ouverture en écriture du fichier ./vola.1

Fin de lecture (durée  0.000032  s.) 

                      Mémoire limite pour l'allocation dynamique : 3212.06 Mo                       
                         ajouté à l'initialisation du processus : 997.32 Mo                         
                               Limite cible du processus : 4209.38 Mo                               
                         Taille limite des fichiers d'échange : 2048.00 Go                          
pi                       <class 'float'>
e                        <class 'float'>
tau                      <class 'float'>
inf                      <class 'float'>
nan                      <class 'float'>
mesh                     <class 'libaster.Mesh'>
model                    <class 'libaster.Model'>
mat                      <class 'libaster.Material'>
matH                     <class 'libaster.Material'>
matHH                    <class 'libaster.Material'>
stl                      <class 'libaster.Material'>
slvm                     <class 'libaster.Material'>
fmat                     <class 'libaster.MaterialField'>
fix                      <class 'libaster.MechanicalLoadReal'>
grp                      <class 'list'>
load                     <class 'libaster.MechanicalLoadReal'>
ramp                     <class 'libaster.Function'>
steps                    <class 'libaster.ListOfFloats'>
times                    <class 'libaster.TimesList'>
LOADS                    <class 'str'>
CURVE                    <class 'str'>
common                   <class 'dict'>
tcur                     <class 'float'>
peak                     <class 'float'>
stopped                  <class 'bool'>
TARGETS                  <class 'list'>
tn                       <class 'float'>
res                      <class 'libaster.NonLinearResult'>
v                        <class 'dict'>
tot                      <class 'float'>
line                     <class 'str'>
# Mémoire (Mo) :  1333.00 /  1332.88 /   493.91 /   493.88 (VmPeak / VmSize / Optimum / Minimum)
# Fin commande #0001   user+syst:        0.23s (syst:        0.44s, elaps:        0.66s)
# ----------------------------------------------------------------------------------------------
/home/user/aas-corner-fe/wd/v8c100_TV/v8c100_TV_s04.comm.changed.py:24: ResourceWarning: unclosed file <_io.TextIOWrapper name='/home/user/aas-corner-fe/jobs/../results/v8c100_TV.curve' mode='r' encoding='UTF-8'>
  for line in open(CURVE):

.. _stg1_txt48
# ----------------------------------------------------------------------------------------------
# Commande #0002 de /home/user/aas-corner-fe/wd/v8c100_TV/v8c100_TV_s04.comm.changed.py, ligne 48
res = STAT_NON_LINE(AFFICHAGE=_F(INFO_RESIDU='NON',
                                 INFO_TEMPS='NON'),
                    ARCHIVAGE=_F(CHAM_EXCLU=('RESI_NOEU', 'RESI_RELA_NOEU'),
                                 PAS_ARCH=1),
                    CHAM_MATER=fmat,
                    COMPORTEMENT=(_F(DEFORMATION='PETIT',
                                     GROUP_MA=('CONC', 'HZ'),
                                     ITER_CPLAN_MAXI=10,
                                     ITER_INTE_MAXI=20,
                                     ITER_INTE_PAS=0,
                                     PARM_THETA=1.0,
                                     REGU_VISC='NON',
                                     RELATION='ENDO_FISS_EXP',
                                     RESI_CPLAN_RELA=1e-06,
                                     RESI_INTE=1e-06),
                                  _F(DEFORMATION='PETIT',
                                     GROUP_MA=('STEEL', 'SLV', 'HZH'),
                                     ITER_CPLAN_MAXI=10,
                                     ITER_INTE_MAXI=20,
                                     ITER_INTE_PAS=0,
                                     PARM_THETA=1.0,
                                     REGU_VISC='NON',
                                     RELATION='ELAS',
                                     RESI_CPLAN_RELA=1e-06,
                                     RESI_INTE=1e-06)),
                    CONVERGENCE=_F(ARRET='OUI',
                                   ITER_GLOB_ELAS=25,
                                   ITER_GLOB_MAXI=50,
                                   RESI_GLOB_RELA=0.0001,
                                   VERIF='TOUT'),
                    ETAT_INIT=_F(EVOL_NOLI=res),
                    EXCIT=(_F(CHARGE='<00000009>',
                              TYPE_CHARGE='FIXE_CSTE'),
                           _F(CHARGE='<0000000a>',
                              FONC_MULT=ramp,
                              TYPE_CHARGE='FIXE_CSTE')),
                    INCREMENT=_F(CRITERE='RELATIF',
                                 INST_FIN=0.1022727273,
                                 INST_INIT=0.08181818181818182,
                                 LIST_INST=times,
                                 PRECISION=1e-06),
                    MESURE=_F(TABLE='NON'),
                    METHODE='NEWTON',
                    MODELE=model,
                    NEWTON=_F(MATRICE='TANGENTE',
                              MATR_RIGI_SYME='NON',
                              REAC_INCR=1,
                              REAC_ITER=1,
                              REAC_ITER_ELAS=0),
                    SOLVEUR=_F(ACCELERATION='AUTO',
                               ELIM_LAGR='LAGR2',
                               FILTRAGE_MATRICE=-1.0,
                               GESTION_MEMOIRE='OUT_OF_CORE',
                               LOW_RANK_SEUIL=0.0,
                               MATR_DISTRIBUEE='NON',
                               METHODE='MUMPS',
                               MIXER_PRECISION='NON',
                               NB_RHS=1,
                               NPREC=10,
                               PCENT_PIVOT=35,
                               POSTTRAITEMENTS='AUTO',
                               PRETRAITEMENTS='AUTO',
                               REDUCTION_MPI=0,
                               RENUM='AUTO',
                               RESI_RELA=-1.0,
                               STOP_SINGULIER='OUI',
                               TYPE_RESOL='AUTO'),
                    reuse=res)

Liste des comportements

Affecté sur 85588 éléments
Relation                             : ENDO_FISS_EXP
Déformation                          : PETIT
Pas de régularisation visqueuse
Pas de post-traitement à la fin du pas de temps
Nombre total de variables internes   : 9
V1 : ENDO
V2 : INDIENDO
V3 : ENDORIGI
V4 : EPSEXX
V5 : EPSEYY
V6 : EPSEZZ
V7 : EPSEXY
V8 : EPSEXZ
V9 : EPSEYZ
Affecté sur 11341 éléments
Relation                             : ELAS
Déformation                          : PETIT
Pas de régularisation visqueuse
Pas de post-traitement à la fin du pas de temps
Nombre total de variables internes   : 1
V1 : VIDE
Le système linéaire à résoudre a 456148 degrés de liberté:
   - 438438 sont des degrés de liberté physiques
     (ils sont portés par 135682 noeuds du maillage)
   - 17710 sont les couples de paramètres de Lagrange associés
     aux 8855 relations linéaires dualisées.
La matrice est de taille 456148 équations.
  Elle contient 23709453 termes non nuls si elle est symétrique et 46962758 termes non nuls si elle
n'est pas symétrique.
  Soit un taux de remplissage de   0.023 %.
Lecture de l'état initial
L'état initial a été récupéré dans la structure de données résultat de nom <0000000e> pour le numéro
d'ordre 4 et à l'instant  8.181818181818e-02
Le champ <DEPL> est lu dans ETAT_INIT dans la structure de données résultat donné dans la commande.
Le champ <SIEF_ELGA> est lu dans ETAT_INIT dans la structure de données résultat donné dans la
commande.
Le champ <VARI_ELGA> est lu dans ETAT_INIT dans la structure de données résultat donné dans la
commande.
---------------------------------------------------------------------
Instant de calcul:  1.022727272727e-01 - Niveau de découpe: 1

---------------------------------------------------------------------
|     NEWTON     |     RESIDU     |     RESIDU     |     OPTION     |
|    ITERATION   |     RELATIF    |     ABSOLU     |   ASSEMBLAGE   |
|                | RESI_GLOB_RELA | RESI_GLOB_MAXI |(+ TYPE MATRICE)|
---------------------------------------------------------------------

 ╔================================================================================================╗
 ║ <A> <FACTOR_75>                                                                                ║
 ║                                                                                                ║
 ║ Attention, vous avez demandé un calcul OUT_OF_CORE, mais MUMPS estime avoir besoin pour cela   ║
 ║ d'au moins                                                                                     ║
 ║   3906 Mo  alors qu'il n'y a que 39 Mo de disponible sur ce processeur !                       ║
 ║   Le calcul pourrait donc être ralenti ou s'arrêter pour cette raison.                         ║
 ║                                                                                                ║
 ║   Pour information: mémoire déjà pré-allouée par MUMPS (exécutable, matrice...)= 570 Mo,       ║
 ║                     nombre de systèmes linéaires à factoriser en même temps    = 1.            ║
 ║                                                                                                ║
 ║ Conseils :                                                                                     ║
 ║   La prochaine fois, relancez avec plus de mémoire globale ou avec une option de calcul plus   ║
 ║ économe                                                                                        ║
 ║   (par ordre décroissant d'efficacité):                                                        ║
 ║    - Si le calcul est parallèle, réduisez la consommation MUMPS en augmentant le nombre de     ║
 ║ processeurs,                                                                                   ║
 ║    - Si le calcul est parallèle, réduisez la consommation Aster en activant l'option           ║
 ║ SOLVEUR/MATR_DISTRIBUEE,                                                                       ║
 ║   Ou, plus radicalement:                                                                       ║
 ║    - Utilisez un solveur moins exigeant en mémoire (par exemple: SOLVEUR/METHODE='PETSC' +     ║
 ║ PRECOND='LDLT_SP').                                                                            ║
 ║                                                                                                ║
 ║                                                                                                ║
 ║ Ceci est une alarme. Si vous ne comprenez pas le sens de cette                                 ║
 ║ alarme, vous pouvez obtenir des résultats inattendus !                                         ║
 ╚================================================================================================╝

|     0        X | 3.26505E-02  X | 5.95602E+01    |TANGENTE (NOSYM)|
Solveur MUMPS :
  Les informations concernant la mémoire disponible ne sont pas utilisables.
  Si vous avez choisi le mode GESTION_MEMOIRE='AUTO', par précaution on bascule en mode OUT_OF_CORE.
  Si vous avez choisi le mode GESTION_MEMOIRE='EVAL', seules les évaluations des consommations MUMPS
     seront pertinentes, les autres chiffres ne seront pas à prendre en compte.
  Si vous avez choisi un autre mode, les vérifications liées aux consommations mémoires seront
débranchées.

|     1        X | 3.30960E-03  X | 5.92134E+00    |TANGENTE (NOSYM)|
Solveur MUMPS :
  Les informations concernant la mémoire disponible ne sont pas utilisables.
  Si vous avez choisi le mode GESTION_MEMOIRE='AUTO', par précaution on bascule en mode OUT_OF_CORE.
  Si vous avez choisi le mode GESTION_MEMOIRE='EVAL', seules les évaluations des consommations MUMPS
     seront pertinentes, les autres chiffres ne seront pas à prendre en compte.
  Si vous avez choisi un autre mode, les vérifications liées aux consommations mémoires seront
débranchées.

|     2        X | 8.00797E-04  X | 1.42974E+00    |TANGENTE (NOSYM)|
Solveur MUMPS :
  Les informations concernant la mémoire disponible ne sont pas utilisables.
  Si vous avez choisi le mode GESTION_MEMOIRE='AUTO', par précaution on bascule en mode OUT_OF_CORE.
  Si vous avez choisi le mode GESTION_MEMOIRE='EVAL', seules les évaluations des consommations MUMPS
     seront pertinentes, les autres chiffres ne seront pas à prendre en compte.
  Si vous avez choisi un autre mode, les vérifications liées aux consommations mémoires seront
débranchées.

|     3        X | 1.32842E-04  X | 2.37160E-01    |TANGENTE (NOSYM)|
Solveur MUMPS :
  Les informations concernant la mémoire disponible ne sont pas utilisables.
  Si vous avez choisi le mode GESTION_MEMOIRE='AUTO', par précaution on bascule en mode OUT_OF_CORE.
  Si vous avez choisi le mode GESTION_MEMOIRE='EVAL', seules les évaluations des consommations MUMPS
     seront pertinentes, les autres chiffres ne seront pas à prendre en compte.
  Si vous avez choisi un autre mode, les vérifications liées aux consommations mémoires seront
débranchées.

|     4          | 4.86343E-07    | 8.68255E-04    |TANGENTE (NOSYM)|
---------------------------------------------------------------------
Critère(s) de convergence atteint(s)

Le résidu de type <RESI_GLOB_RELA> vaut  4.863428935442e-07 au noeud et degré de liberté <44506  
DX>
Temps CPU consommé dans ce pas de temps    : 13 min 51 s

* Nombre d'itérations de Newton                     : 5
* Temps total intégration comportement              : 42.343 s (6 intégrations)
* Temps total factorisation matrice                 : 9 min 59 s (5 factorisations)
* Temps construction second membre                  : 1.009 s
* Temps total résolution K.U=F                      : 1 min 32 s (5 résolutions)
* Temps assemblage matrice                          : 0.000 s
* Temps autres opérations                           : 1 min 35 s
Mémoire (Mo) :  7840.11 /  4005.71 /  3356.03 /  1164.37 (VmPeak / VmSize / Optimum / Minimum)

Archivage des champs

Champ stocké <DEPL> à l'instant  1.022727272727e-01 pour le numéro d'ordre 5
Champ stocké <SIEF_ELGA> à l'instant  1.022727272727e-01 pour le numéro d'ordre 5
Champ stocké <VARI_ELGA> à l'instant  1.022727272727e-01 pour le numéro d'ordre 5
Champ stocké <COMPORTEMENT> à l'instant  1.022727272727e-01 pour le numéro d'ordre 5
[100%] Instant calculé : 1.02273e-01, seul l'instant initial a été archivé
Temps CPU consommé dans le calcul          : 13 min 51 s

dont temps CPU "perdu" dans les découpes            : 0.000 s
* Nombre de pas de temps                            : 1
* Nombre d'itérations de Newton                     : 5
* Temps dans l'archivage                            : 0.062 s
* Temps dans le post-traitement                     : 0.000 s
* Temps total intégration comportement              : 42.343 s (6 intégrations)
* Temps total factorisation matrice                 : 9 min 59 s (5 factorisations)
* Temps construction second membre                  : 1.009 s
* Temps total résolution K.U=F                      : 1 min 32 s (5 résolutions)
* Temps assemblage matrice                          : 0.000 s
#1      Resolution des systemes lineaires                 CPU (USER+SYST/SYST/ELAPS):   2313.57    355.86    696.38
#2      Calculs elementaires et assemblages               CPU (USER+SYST/SYST/ELAPS):     99.44      7.15     99.58
# Résultat commande #0002 (STAT_NON_LINE): res ('<0000000e>') de type <NonLinearResult>
# Mémoire (Mo) :  7840.11 /  2082.14 /  3356.03 /  1164.37 (VmPeak / VmSize / Optimum / Minimum)
# Fin commande #0002   user+syst:     2067.12s (syst:      367.02s, elaps:      857.31s)
# ----------------------------------------------------------------------------------------------

.. _stg1_txt184
# ----------------------------------------------------------------------------------------------
# Commande #0003 de
/root/mm/envs/aster/lib/python3.14/site-packages/code_aster/Supervis/ExecuteCommand.py, ligne 184
CALC_CHAMP(CRITERE='RELATIF',
           FORCE='REAC_NODA',
           INFO=1,
           INST=0.1022727273,
           PARALLELISME_TEMPS='NON',
           PRECISION=1e-06,
           RESULTAT=res)

Le système linéaire à résoudre a 456148 degrés de liberté:
   - 438438 sont des degrés de liberté physiques
     (ils sont portés par 135682 noeuds du maillage)
   - 17710 sont les couples de paramètres de Lagrange associés
     aux 8855 relations linéaires dualisées.
#2      Calculs elementaires et assemblages               CPU (USER+SYST/SYST/ELAPS):      1.05      0.00      1.06
# Résultat commande #0003 (CALC_CHAMP): '<0000001b>' de type <NonLinearResult>
# Dépend de :
# - model ('<00000002>') de type <Model>
# - fmat ('<00000008>') de type <MaterialField>
# Mémoire (Mo) :  7840.11 /  2082.14 /  3356.03 /  1164.37 (VmPeak / VmSize / Optimum / Minimum)
# Fin commande #0003   user+syst:        1.53s (syst:        0.02s, elaps:        1.78s)
# ----------------------------------------------------------------------------------------------

.. _stg1_txt34
# ----------------------------------------------------------------------------------------------
# Commande #0004 de /home/user/aas-corner-fe/wd/v8c100_TV/v8c100_TV_s04.comm.changed.py, ligne 34
tb = POST_RELEVE_T(ACTION=_F(CRITERE='RELATIF',
                             FORMAT_C='MODULE',
                             GROUP_NO='HEADT',
                             INST=0.1022727273,
                             INTITULE='R',
                             MOYE_NOEUD='OUI',
                             NOM_CHAM='REAC_NODA',
                             OPERATION='EXTRACTION',
                             PRECISION=1e-06,
                             REPERE='GLOBAL',
                             RESULTANTE='DX',
                             RESULTAT=r2),
                   INFO=1)

# Résultat commande #0004 (POST_RELEVE_T): tb ('<0000001c>') de type <Table>
# Mémoire (Mo) :  7840.11 /  2082.14 /  3356.03 /  1164.37 (VmPeak / VmSize / Optimum / Minimum)
# Fin commande #0004   user+syst:        0.03s (syst:        0.00s, elaps:        0.00s)
# ----------------------------------------------------------------------------------------------

.. _stg1_txt34
# ----------------------------------------------------------------------------------------------
# Commande #0005 de /home/user/aas-corner-fe/wd/v8c100_TV/v8c100_TV_s04.comm.changed.py, ligne 34
tb = POST_RELEVE_T(ACTION=_F(CRITERE='RELATIF',
                             FORMAT_C='MODULE',
                             GROUP_NO='HEADV',
                             INST=0.1022727273,
                             INTITULE='R',
                             MOYE_NOEUD='OUI',
                             NOM_CHAM='REAC_NODA',
                             OPERATION='EXTRACTION',
                             PRECISION=1e-06,
                             REPERE='GLOBAL',
                             RESULTANTE='DX',
                             RESULTAT=r2),
                   INFO=1)

# Résultat commande #0005 (POST_RELEVE_T): tb ('<0000001d>') de type <Table>
# Mémoire (Mo) :  7840.11 /  2082.14 /  3356.03 /  1164.37 (VmPeak / VmSize / Optimum / Minimum)
# Fin commande #0005   user+syst:        0.03s (syst:        0.00s, elaps:        0.01s)
# ----------------------------------------------------------------------------------------------

.. _stg1_txt39
# ----------------------------------------------------------------------------------------------
# Commande #0006 de /home/user/aas-corner-fe/wd/v8c100_TV/v8c100_TV_s04.comm.changed.py, ligne 39
DETRUIRE(INFO=1,
         NOM=r2)

# Mémoire (Mo) :  7840.11 /  2082.14 /  3356.03 /  1164.37 (VmPeak / VmSize / Optimum / Minimum)
# Fin commande #0006   user+syst:        0.48s (syst:        0.02s, elaps:        0.13s)
# ----------------------------------------------------------------------------------------------
/home/user/aas-corner-fe/wd/v8c100_TV/v8c100_TV_s04.comm.changed.py:56: ResourceWarning: unclosed file <_io.TextIOWrapper name='/home/user/aas-corner-fe/jobs/../results/v8c100_TV.curve' mode='a' encoding='UTF-8'>
  open(CURVE,'a').write('CURVE %g %g %g %g\n'%(tcur,tot,v['HEADT'],v['HEADV']))
AASCURVE 0.102273 52642.7 34138.8 18503.8

.. _stg1_txt76
# ----------------------------------------------------------------------------------------------
# Commande #0007 de /root/mm/envs/aster/lib/python3.14/site-packages/code_aster/CodeCommands/fin.py,
ligne 76
FIN(INFO_RESU='NON',
    RETASSAGE='NON')

Saving objects...
pi                       <class 'float'>
e                        <class 'float'>
tau                      <class 'float'>
inf                      <class 'float'>
nan                      <class 'float'>
mesh                     <class 'libaster.Mesh'>
model                    <class 'libaster.Model'>
mat                      <class 'libaster.Material'>
matH                     <class 'libaster.Material'>
matHH                    <class 'libaster.Material'>
stl                      <class 'libaster.Material'>
slvm                     <class 'libaster.Material'>
fmat                     <class 'libaster.MaterialField'>
fix                      <class 'libaster.MechanicalLoadReal'>
grp                      <class 'list'>
load                     <class 'libaster.MechanicalLoadReal'>
ramp                     <class 'libaster.Function'>
steps                    <class 'libaster.ListOfFloats'>
times                    <class 'libaster.TimesList'>
LOADS                    <class 'str'>
CURVE                    <class 'str'>
common                   <class 'dict'>
tcur                     <class 'float'>
peak                     <class 'float'>
stopped                  <class 'bool'>
TARGETS                  <class 'list'>
tn                       <class 'float'>
res                      <class 'libaster.NonLinearResult'>
v                        <class 'dict'>
tot                      <class 'float'>
line                     <class 'str'>

 ╔================================================================================================╗
 ║ <I> <CATAMESS_89>                                                                              ║
 ║                                                                                                ║
 ║ Liste des alarmes émises lors de l'exécution du calcul.                                        ║
 ║                                                                                                ║
 ║     Les alarmes que vous avez choisies d'ignorer sont précédées de (*).                        ║
 ║     Nombre d'occurrences pour chacune des alarmes :                                            ║
 ║            FACTOR_75            émise    1 fois                                                ║
 ╚================================================================================================╝

 ---------------------------------------------------------------------------
 Concepts de la base: G
    Nom        Type                Taille (Mo)         Nombre      Nombre de
                                                     d'objets       segments
    TOTAL                               555.17            483            741
  
    00000001   MAILLAGE_SDASTER          14.63             34             70
    00000002   MODELE_SDASTER            14.45             11             16
    00000003   MATER_SDASTER              0.00             15             15
    00000004   MATER_SDASTER              0.00             15             15
    00000005   MATER_SDASTER              0.00              7              7
    00000006   MATER_SDASTER              0.00              7              7
    00000007   MATER_SDASTER              0.00              7              7
    00000008   CHAM_MATER                 1.17              8             13
    00000009   CHAR_MECA                 15.45             56             76
    0000000a   CHAR_MECA                 11.45             56             76
    0000000b   FONCTION_SDASTER           0.00              3              3
    0000000c   LISTR8_SDASTER             0.00              6              6
    0000000d   LIST_INST                  0.00              8              8
    0000000e   EVOL_NOLI                425.59            190            241
    &FOZERO                               0.00              2              2
    &&_NUM_C                              0.00              1              1
    &CATA                                37.45             42            103
    &&NMDOME                              0.00              2              2
    0000000f                              0.14              2             14
    &&NMCH1P                             34.29              3              3
    00000012                              0.14              2             14
    00000015                              0.14              2             14
    00000018                              0.14              2             14
    0000001b                              0.14              2             14
 (*) sous-objets non accessible directement
 ---------------------------------------------------------------------------
Nom de la base                          :  GLOBALE
     Nombre d'enregistrements utilisés       :  852
     Nombre d'enregistrements maximum        :  2684354
     Nombre d'enregistrements par fichier    :  15728
     Longueur d'enregistrement (octets)      :  819200
     Nombre total d'accès en lecture         :  811
     Volume des accès en lecture             :        633.59 Mo.
     Nombre total d'accès en écriture        :  359
     Volume des accès en écriture            :        280.47 Mo.
     Nombre d'identificateurs utilisés       :  969
     Taille maximum du répertoire            :  2000
     Pourcentage d'utilisation du répertoire :  48 %

Nom de la base                          :  VOLATILE
     Nombre d'enregistrements utilisés       :  692
     Nombre d'enregistrements maximum        :  2684354
     Nombre d'enregistrements par fichier    :  15728
     Longueur d'enregistrement (octets)      :  819200
     Nombre total d'accès en lecture         :  484
     Volume des accès en lecture             :        378.12 Mo.
     Nombre total d'accès en écriture        :  2732
     Volume des accès en écriture            :       2134.38 Mo.
     Nombre d'identificateurs utilisés       :  999
     Taille maximum du répertoire            :  2000
     Pourcentage d'utilisation du répertoire :  49 %

<I> <FIN> ARRET NORMAL DANS "FIN" PAR APPEL A "JEFINI".
  
 <I> <FIN> MEMOIRE JEVEUX MINIMALE REQUISE POUR L'EXECUTION :                    1164.37 Mo
 <I> <FIN> MEMOIRE JEVEUX OPTIMALE REQUISE POUR L'EXECUTION :                    3356.03 Mo
 <I> <FIN> MAXIMUM DE MEMOIRE UTILISEE PAR LE PROCESSUS LORS DE L'EXECUTION :    7840.11 Mo
  
 <I>       FERMETURE DES BASES EFFECTUEE
  
   STATISTIQUES CONCERNANT L'ALLOCATION DYNAMIQUE :
     TAILLE CUMULEE MAXIMUM            :                 3356  Mo.
     TAILLE CUMULEE LIBEREE            :                 2430  Mo.
     NOMBRE TOTAL D'ALLOCATIONS        :              3246657
     NOMBRE TOTAL DE LIBERATIONS       :              3246657
     APPELS AU MECANISME DE LIBERATION :                    0
     TAILLE MEMOIRE CUMULEE RECUPEREE  :                 2295  Mo.
     VOLUME DES LECTURES               :                    0  Mo.
     VOLUME DES ECRITURES              :                 1907  Mo.
  
   MEMOIRE JEVEUX MINIMALE REQUISE POUR L'EXECUTION :    1164.37 Mo
     - IMPOSE DE NOMBREUX ACCES DISQUE
     - RALENTIT LA VITESSE D'EXECUTION
   MEMOIRE JEVEUX OPTIMALE REQUISE POUR L'EXECUTION :    3356.03 Mo
     - LIMITE LES ACCES DISQUE
     - AMELIORE LA VITESSE D'EXECUTION
   MAXIMUM DE MEMOIRE UTILISEE PAR LE PROCESSUS     :    7840.11 Mo
     - COMPREND LA MEMOIRE CONSOMMEE PAR  JEVEUX, 
       LE SUPERVISEUR PYTHON, LES LIBRAIRIES EXTERNES
  
 <I>       FIN D'EXECUTION LE : LU-28-SEPT-2026 03:42:51
Signature of pickled file   : 7624393e66a52ab249b81868e660268a312c3e017c9a367557790e08b2fb5fb4
Signature of info file      : 91b84da9340d8b3f4d985d3b7c9f9334a88bcc0cbd8bbf8915401eb37f37135c
Signature of Jeveux database: 5a79ff4b99a26ffcd04da5dd1bcea1a6e7b457ce17fd575320226fe8be6554ca

 ********************************************************************************
 * COMMAND                  :       USER :     SYSTEM :   USER+SYS :    ELAPSED *
 ********************************************************************************
 * DEBUT                    :       0.23 :       0.44 :       0.67 :       0.66 *
 * STAT_NON_LINE            :    2067.12 :     367.02 :    2434.14 :     857.31 *
 * CALC_CHAMP               :       1.53 :       0.02 :       1.55 :       1.78 *
 * POST_RELEVE_T            :       0.03 :       0.00 :       0.03 :       0.00 *
 * POST_RELEVE_T            :       0.03 :       0.00 :       0.03 :       0.01 *
 * DETRUIRE                 :       0.48 :       0.02 :       0.50 :       0.13 *
 * FIN                      :       0.28 :       0.39 :       0.67 :       1.00 *
 *  . sdveri                :       0.00 :       0.00 :       0.00 :       0.00 *
 *  . cleanup               :       0.00 :       0.00 :       0.00 :       0.00 *
 *  . check syntax          :       0.03 :       0.01 :       0.04 :       0.04 *
 *  . fortran               :    2069.13 :     367.85 :    2436.98 :     860.67 *
 ********************************************************************************
 * TOTAL_JOB                :    2070.03 :     367.91 :    2437.94 :     861.13 *
 ********************************************************************************

# Mémoire (Mo) :  7840.11 /  1410.91 /  3356.03 /  1164.37 (VmPeak / VmSize / Optimum / Minimum)
# Fin commande #0007   user+syst:        0.28s (syst:        0.39s, elaps:        1.00s)
# ----------------------------------------------------------------------------------------------

EXECUTION_CODE_ASTER_EXIT_3372=0


saving result databases to 'BASE_PREC'...
execution ended (command file #5): <A>_ALARM
Running: /root/mm/envs/aster/bin/run_aster -w /home/user/aas-corner-fe/wd/v8c100_TV --status-file /root/.tmp_run_aster/run_aster_xk_uzkja/__status__ --no-mpi /root/.tmp_run_aster/run_aster_xk_uzkja/v8c100_TV.5

# ------------------------------------------------------------------------------
Execution of code_aster

# ------------------------------------------------------------------------------
Prepare environment in /home/user/aas-corner-fe/wd/v8c100_TV

# ------------------------------------------------------------------------------
Command file #6 / 22

Content of the file to execute:
# coding=utf-8
# original filename
__file__ = r"/home/user/aas-corner-fe/jobs/v8c100_TV_s05.comm"


# temporarly added for compatibility with code_aster legacy
from math import *

import code_aster
from code_aster.Commands import *
from code_aster import CA

POURSUITE(LANG='EN', PAR_LOT='NON')

LOADS='TV'
CURVE='/home/user/aas-corner-fe/jobs/../results/v8c100_TV.curve'
common=dict(MODELE=model, CHAM_MATER=fmat, EXCIT=(_F(CHARGE=fix), _F(CHARGE=load, FONC_MULT=ramp)),
        COMPORTEMENT=(_F(RELATION='ENDO_FISS_EXP', GROUP_MA=('CONC','HZ')), _F(RELATION='ELAS', GROUP_MA=('STEEL','SLV','HZH'))),
        NEWTON=_F(MATRICE='TANGENTE', REAC_ITER=1),
        CONVERGENCE=_F(RESI_GLOB_RELA=1.E-4, ITER_GLOB_MAXI=50), ARCHIVAGE=_F(PAS_ARCH=1), SOLVEUR=_F(METHODE='MUMPS', GESTION_MEMOIRE='OUT_OF_CORE', NPREC=10))
import os, re
tcur=0.0; peak=0.0; stopped=False
if os.path.exists(CURVE):
    for line in open(CURVE):
        m=re.match(r'CURVE\s+(\S+)\s+(\S+)', line)
        if m:
            tcur=max(tcur, float(m.group(1))); peak=max(peak, float(m.group(2)))
        if line.startswith('STOP'): stopped=True
def reac(res, t):
    r2=CALC_CHAMP(RESULTAT=res, FORCE='REAC_NODA', INST=t)
    vals={}
    for g in ('HEADT','HEADV'):
        try:
            tb=POST_RELEVE_T(ACTION=_F(OPERATION='EXTRACTION', INTITULE='R', RESULTAT=r2, NOM_CHAM='REAC_NODA',
                                       GROUP_NO=g, RESULTANTE='DX', INST=t)).EXTR_TABLE().values()
            vals[g]=-tb['DX'][-1]*2
        except Exception:
            vals[g]=0.
    DETRUIRE(NOM=r2)
    return vals
TARGETS=[0.1227272727]
for tn in TARGETS:
    if stopped or tn <= tcur+1e-9: continue
    try:
        if tcur < 1e-12 and '0'=='1':
            res=STAT_NON_LINE(INCREMENT=_F(LIST_INST=times, INST_FIN=tn), **common)
        else:
            res=STAT_NON_LINE(reuse=res, ETAT_INIT=_F(EVOL_NOLI=res), INCREMENT=_F(LIST_INST=times, INST_FIN=tn), **common)
    except Exception as exc:
        print('AASSTOP at', tcur, exc, flush=True)
        open(CURVE,'a').write('STOP solver %g\n'%tcur); stopped=True; break
    tcur=tn
    v=reac(res, tcur)
    tot=(v['HEADT'] if 'T' in LOADS else 0.)+(v['HEADV'] if 'V' in LOADS else 0.)
    peak=max(peak, tot)
    open(CURVE,'a').write('CURVE %g %g %g %g\n'%(tcur,tot,v['HEADT'],v['HEADV']))
    print('AASCURVE %g %g %g %g'%(tcur,tot,v['HEADT'],v['HEADV']), flush=True)
    if tot < 0.9*peak:
        open(CURVE,'a').write('STOP peak %g\n'%peak); stopped=True; break
FIN()



# ------------------------------------------------------------------------------
Command line #6:
    ulimit -c unlimited ; ulimit -t 100000 ; ( /root/mm/envs/aster/bin/python3 "v8c100_TV_s05.comm.changed.py" --memory 3000.0 --numthreads 4 --tpmax 20000 ; echo $? > _exit_code_ ) 2>&1 | tee -a fort.6
setting '--memory' value to 2700.00 MB (keyword RESERVE_MEMOIRE)
Ouverture en écriture du fichier ./vola.1

<INFO> Démarrage de l'exécution.

                       -- CODE_ASTER -- VERSION : DÉVELOPPEMENT (unstable) --                       
                               Version 18.1.6 modifiée le 14/09/2026                                
                                    révision n/a - branche 'n/a'                                    
                                     Copyright EDF 1991 - 2026                                      
                                                                                                    
                              Exécution du : Mon Sep 28 03:42:56 2026                               
                                       Nom de la machine : vm                                       
                                        Architecture : 64bit                                        
                                    Type de processeur : x86_64                                     
                Système d'exploitation : Linux-6.18.44-fc-v42-x86_64-with-glibc2.39                 
                                  Langue des messages : C (UTF-8)                                   
                                     Version de Python : 3.14.7                                     
                                      Version de NumPy : 2.5.3                                      
                                  Version de MEDCoupling : 9.16.0                                   
                                     Parallélisme MPI : inactif                                     
                                    Parallélisme OpenMP : actif                                     
                              Nombre de processus OpenMP utilisés : 4                               
                                Version de la librairie HDF5 : 2.2.0                                
                                Version de la librairie MED : 4.2.0                                 
                               Version de la librairie MFront : 5.1.0                               
                               Version de la librairie MUMPS : 5.8.2                                
                                  Librairie PETSc : non disponible                                  
                              Version de la librairie SCOTCH : 7.0.11                               

restarting from a previous execution...
/home/user/aas-corner-fe/wd/v8c100_TV/v8c100_TV_s05.comm.changed.py:13: DeprecationWarning: This feature is obsolete, 'PAR_LOT' has been removed.
  POURSUITE(LANG='EN', PAR_LOT='NON')
Valeur initiale du temps CPU maximum =   20000 secondes
  Valeur du temps CPU maximum passé aux commandes =   18000 secondes
  Réserve CPU prévue = 2000 secondes

Ouverture en lecture du fichier ./glob.1

Ajustement de la taille maximale des bases à 2048.00 Go.
    
Nom de la base                          :  GLOBALE
     Créée avec la version                   :  18.01.06
     Nombre d'enregistrements utilisés       :  852
     Nombre d'enregistrements maximum        :  2684354
     Nombre d'enregistrements par fichier    :  15728
     Longueur d'enregistrement (octets)      :  819200
     Nombre d'identificateurs utilisés       :  969
     Taille maximum du répertoire            :  2000
     Pourcentage d'utilisation du répertoire :  48 %

Ouverture en lecture du fichier ./glob.1

Ouverture en écriture du fichier ./vola.1

Fin de lecture (durée  0.000031  s.) 

                      Mémoire limite pour l'allocation dynamique : 3212.06 Mo                       
                         ajouté à l'initialisation du processus : 997.22 Mo                         
                               Limite cible du processus : 4209.28 Mo                               
                         Taille limite des fichiers d'échange : 2048.00 Go                          
pi                       <class 'float'>
e                        <class 'float'>
tau                      <class 'float'>
inf                      <class 'float'>
nan                      <class 'float'>
mesh                     <class 'libaster.Mesh'>
model                    <class 'libaster.Model'>
mat                      <class 'libaster.Material'>
matH                     <class 'libaster.Material'>
matHH                    <class 'libaster.Material'>
stl                      <class 'libaster.Material'>
slvm                     <class 'libaster.Material'>
fmat                     <class 'libaster.MaterialField'>
fix                      <class 'libaster.MechanicalLoadReal'>
grp                      <class 'list'>
load                     <class 'libaster.MechanicalLoadReal'>
ramp                     <class 'libaster.Function'>
steps                    <class 'libaster.ListOfFloats'>
times                    <class 'libaster.TimesList'>
LOADS                    <class 'str'>
CURVE                    <class 'str'>
common                   <class 'dict'>
tcur                     <class 'float'>
peak                     <class 'float'>
stopped                  <class 'bool'>
TARGETS                  <class 'list'>
tn                       <class 'float'>
res                      <class 'libaster.NonLinearResult'>
v                        <class 'dict'>
tot                      <class 'float'>
line                     <class 'str'>
# Mémoire (Mo) :  1397.68 /  1397.68 /   558.58 /   558.55 (VmPeak / VmSize / Optimum / Minimum)
# Fin commande #0001   user+syst:        0.33s (syst:        0.54s, elaps:        0.86s)
# ----------------------------------------------------------------------------------------------
/home/user/aas-corner-fe/wd/v8c100_TV/v8c100_TV_s05.comm.changed.py:24: ResourceWarning: unclosed file <_io.TextIOWrapper name='/home/user/aas-corner-fe/jobs/../results/v8c100_TV.curve' mode='r' encoding='UTF-8'>
  for line in open(CURVE):

.. _stg1_txt48
# ----------------------------------------------------------------------------------------------
# Commande #0002 de /home/user/aas-corner-fe/wd/v8c100_TV/v8c100_TV_s05.comm.changed.py, ligne 48
res = STAT_NON_LINE(AFFICHAGE=_F(INFO_RESIDU='NON',
                                 INFO_TEMPS='NON'),
                    ARCHIVAGE=_F(CHAM_EXCLU=('RESI_NOEU', 'RESI_RELA_NOEU'),
                                 PAS_ARCH=1),
                    CHAM_MATER=fmat,
                    COMPORTEMENT=(_F(DEFORMATION='PETIT',
                                     GROUP_MA=('CONC', 'HZ'),
                                     ITER_CPLAN_MAXI=10,
                                     ITER_INTE_MAXI=20,
                                     ITER_INTE_PAS=0,
                                     PARM_THETA=1.0,
                                     REGU_VISC='NON',
                                     RELATION='ENDO_FISS_EXP',
                                     RESI_CPLAN_RELA=1e-06,
                                     RESI_INTE=1e-06),
                                  _F(DEFORMATION='PETIT',
                                     GROUP_MA=('STEEL', 'SLV', 'HZH'),
                                     ITER_CPLAN_MAXI=10,
                                     ITER_INTE_MAXI=20,
                                     ITER_INTE_PAS=0,
                                     PARM_THETA=1.0,
                                     REGU_VISC='NON',
                                     RELATION='ELAS',
                                     RESI_CPLAN_RELA=1e-06,
                                     RESI_INTE=1e-06)),
                    CONVERGENCE=_F(ARRET='OUI',
                                   ITER_GLOB_ELAS=25,
                                   ITER_GLOB_MAXI=50,
                                   RESI_GLOB_RELA=0.0001,
                                   VERIF='TOUT'),
                    ETAT_INIT=_F(EVOL_NOLI=res),
                    EXCIT=(_F(CHARGE='<00000009>',
                              TYPE_CHARGE='FIXE_CSTE'),
                           _F(CHARGE='<0000000a>',
                              FONC_MULT=ramp,
                              TYPE_CHARGE='FIXE_CSTE')),
                    INCREMENT=_F(CRITERE='RELATIF',
                                 INST_FIN=0.1227272727,
                                 INST_INIT=0.10227272727272727,
                                 LIST_INST=times,
                                 PRECISION=1e-06),
                    MESURE=_F(TABLE='NON'),
                    METHODE='NEWTON',
                    MODELE=model,
                    NEWTON=_F(MATRICE='TANGENTE',
                              MATR_RIGI_SYME='NON',
                              REAC_INCR=1,
                              REAC_ITER=1,
                              REAC_ITER_ELAS=0),
                    SOLVEUR=_F(ACCELERATION='AUTO',
                               ELIM_LAGR='LAGR2',
                               FILTRAGE_MATRICE=-1.0,
                               GESTION_MEMOIRE='OUT_OF_CORE',
                               LOW_RANK_SEUIL=0.0,
                               MATR_DISTRIBUEE='NON',
                               METHODE='MUMPS',
                               MIXER_PRECISION='NON',
                               NB_RHS=1,
                               NPREC=10,
                               PCENT_PIVOT=35,
                               POSTTRAITEMENTS='AUTO',
                               PRETRAITEMENTS='AUTO',
                               REDUCTION_MPI=0,
                               RENUM='AUTO',
                               RESI_RELA=-1.0,
                               STOP_SINGULIER='OUI',
                               TYPE_RESOL='AUTO'),
                    reuse=res)

Liste des comportements

Affecté sur 85588 éléments
Relation                             : ENDO_FISS_EXP
Déformation                          : PETIT
Pas de régularisation visqueuse
Pas de post-traitement à la fin du pas de temps
Nombre total de variables internes   : 9
V1 : ENDO
V2 : INDIENDO
V3 : ENDORIGI
V4 : EPSEXX
V5 : EPSEYY
V6 : EPSEZZ
V7 : EPSEXY
V8 : EPSEXZ
V9 : EPSEYZ
Affecté sur 11341 éléments
Relation                             : ELAS
Déformation                          : PETIT
Pas de régularisation visqueuse
Pas de post-traitement à la fin du pas de temps
Nombre total de variables internes   : 1
V1 : VIDE
Le système linéaire à résoudre a 456148 degrés de liberté:
   - 438438 sont des degrés de liberté physiques
     (ils sont portés par 135682 noeuds du maillage)
   - 17710 sont les couples de paramètres de Lagrange associés
     aux 8855 relations linéaires dualisées.
La matrice est de taille 456148 équations.
  Elle contient 23709453 termes non nuls si elle est symétrique et 46962758 termes non nuls si elle
n'est pas symétrique.
  Soit un taux de remplissage de   0.023 %.
Lecture de l'état initial
L'état initial a été récupéré dans la structure de données résultat de nom <0000000e> pour le numéro
d'ordre 5 et à l'instant  1.022727272727e-01
Le champ <DEPL> est lu dans ETAT_INIT dans la structure de données résultat donné dans la commande.
Le champ <SIEF_ELGA> est lu dans ETAT_INIT dans la structure de données résultat donné dans la
commande.
Le champ <VARI_ELGA> est lu dans ETAT_INIT dans la structure de données résultat donné dans la
commande.
---------------------------------------------------------------------
Instant de calcul:  1.227272727273e-01 - Niveau de découpe: 1

---------------------------------------------------------------------
|     NEWTON     |     RESIDU     |     RESIDU     |     OPTION     |
|    ITERATION   |     RELATIF    |     ABSOLU     |   ASSEMBLAGE   |
|                | RESI_GLOB_RELA | RESI_GLOB_MAXI |(+ TYPE MATRICE)|
---------------------------------------------------------------------
Solveur MUMPS :
  Les informations concernant la mémoire disponible ne sont pas utilisables.
  Si vous avez choisi le mode GESTION_MEMOIRE='AUTO', par précaution on bascule en mode OUT_OF_CORE.
  Si vous avez choisi le mode GESTION_MEMOIRE='EVAL', seules les évaluations des consommations MUMPS
     seront pertinentes, les autres chiffres ne seront pas à prendre en compte.
  Si vous avez choisi un autre mode, les vérifications liées aux consommations mémoires seront
débranchées.

|     0        X | 5.97687E-02  X | 1.11911E+02    |TANGENTE (NOSYM)|
Solveur MUMPS :
  Les informations concernant la mémoire disponible ne sont pas utilisables.
  Si vous avez choisi le mode GESTION_MEMOIRE='AUTO', par précaution on bascule en mode OUT_OF_CORE.
  Si vous avez choisi le mode GESTION_MEMOIRE='EVAL', seules les évaluations des consommations MUMPS
     seront pertinentes, les autres chiffres ne seront pas à prendre en compte.
  Si vous avez choisi un autre mode, les vérifications liées aux consommations mémoires seront
débranchées.

|     1        X | 3.38600E-03  X | 6.31262E+00    |TANGENTE (NOSYM)|
Solveur MUMPS :
  Les informations concernant la mémoire disponible ne sont pas utilisables.
  Si vous avez choisi le mode GESTION_MEMOIRE='AUTO', par précaution on bascule en mode OUT_OF_CORE.
  Si vous avez choisi le mode GESTION_MEMOIRE='EVAL', seules les évaluations des consommations MUMPS
     seront pertinentes, les autres chiffres ne seront pas à prendre en compte.
  Si vous avez choisi un autre mode, les vérifications liées aux consommations mémoires seront
débranchées.

|     2        X | 1.01061E-03  X | 1.88333E+00    |TANGENTE (NOSYM)|
Solveur MUMPS :
  Les informations concernant la mémoire disponible ne sont pas utilisables.
  Si vous avez choisi le mode GESTION_MEMOIRE='AUTO', par précaution on bascule en mode OUT_OF_CORE.
  Si vous avez choisi le mode GESTION_MEMOIRE='EVAL', seules les évaluations des consommations MUMPS
     seront pertinentes, les autres chiffres ne seront pas à prendre en compte.
  Si vous avez choisi un autre mode, les vérifications liées aux consommations mémoires seront
débranchées.

|     3        X | 1.88215E-04  X | 3.50740E-01    |TANGENTE (NOSYM)|
Solveur MUMPS :
  Les informations concernant la mémoire disponible ne sont pas utilisables.
  Si vous avez choisi le mode GESTION_MEMOIRE='AUTO', par précaution on bascule en mode OUT_OF_CORE.
  Si vous avez choisi le mode GESTION_MEMOIRE='EVAL', seules les évaluations des consommations MUMPS
     seront pertinentes, les autres chiffres ne seront pas à prendre en compte.
  Si vous avez choisi un autre mode, les vérifications liées aux consommations mémoires seront
débranchées.

|     4          | 2.47189E-06    | 4.60638E-03    |TANGENTE (NOSYM)|
---------------------------------------------------------------------
Critère(s) de convergence atteint(s)

Le résidu de type <RESI_GLOB_RELA> vaut  2.471892811321e-06 au noeud et degré de liberté <90017  
DX>
Temps CPU consommé dans ce pas de temps    : 13 min 43 s

* Nombre d'itérations de Newton                     : 5
* Temps total intégration comportement              : 40.993 s (6 intégrations)
* Temps total factorisation matrice                 : 9 min 53 s (5 factorisations)
* Temps construction second membre                  : 1.068 s
* Temps total résolution K.U=F                      : 1 min 31 s (5 résolutions)
* Temps assemblage matrice                          : 0.000 s
* Temps autres opérations                           : 1 min 36 s
Mémoire (Mo) :  7846.10 /  4065.40 /  3349.18 /  1229.05 (VmPeak / VmSize / Optimum / Minimum)

Archivage des champs

Champ stocké <DEPL> à l'instant  1.227272727273e-01 pour le numéro d'ordre 6
Champ stocké <SIEF_ELGA> à l'instant  1.227272727273e-01 pour le numéro d'ordre 6
Champ stocké <VARI_ELGA> à l'instant  1.227272727273e-01 pour le numéro d'ordre 6
Champ stocké <COMPORTEMENT> à l'instant  1.227272727273e-01 pour le numéro d'ordre 6
[100%] Instant calculé : 1.22727e-01, seul l'instant initial a été archivé
Temps CPU consommé dans le calcul          : 13 min 43 s

dont temps CPU "perdu" dans les découpes            : 0.000 s
* Nombre de pas de temps                            : 1
* Nombre d'itérations de Newton                     : 5
* Temps dans l'archivage                            : 0.062 s
* Temps dans le post-traitement                     : 0.000 s
* Temps total intégration comportement              : 40.993 s (6 intégrations)
* Temps total factorisation matrice                 : 9 min 53 s (5 factorisations)
* Temps construction second membre                  : 1.068 s
* Temps total résolution K.U=F                      : 1 min 31 s (5 résolutions)
* Temps assemblage matrice                          : 0.000 s
#1      Resolution des systemes lineaires                 CPU (USER+SYST/SYST/ELAPS):   2288.61    360.83    689.21
#2      Calculs elementaires et assemblages               CPU (USER+SYST/SYST/ELAPS):     98.61      7.33     98.71
#3      Dechargement de la memoire sur disque             CPU (USER+SYST/SYST/ELAPS):      0.01      0.00      0.02
# Résultat commande #0002 (STAT_NON_LINE): res ('<0000000e>') de type <NonLinearResult>
# Mémoire (Mo) :  7846.10 /  2145.55 /  3349.18 /  1229.05 (VmPeak / VmSize / Optimum / Minimum)
# Fin commande #0002   user+syst:     2036.18s (syst:      371.94s, elaps:      846.98s)
# ----------------------------------------------------------------------------------------------

.. _stg1_txt184
# ----------------------------------------------------------------------------------------------
# Commande #0003 de
/root/mm/envs/aster/lib/python3.14/site-packages/code_aster/Supervis/ExecuteCommand.py, ligne 184
CALC_CHAMP(CRITERE='RELATIF',
           FORCE='REAC_NODA',
           INFO=1,
           INST=0.1227272727,
           PARALLELISME_TEMPS='NON',
           PRECISION=1e-06,
           RESULTAT=res)

Le système linéaire à résoudre a 456148 degrés de liberté:
   - 438438 sont des degrés de liberté physiques
     (ils sont portés par 135682 noeuds du maillage)
   - 17710 sont les couples de paramètres de Lagrange associés
     aux 8855 relations linéaires dualisées.
#2      Calculs elementaires et assemblages               CPU (USER+SYST/SYST/ELAPS):      0.93      0.00      0.94
# Résultat commande #0003 (CALC_CHAMP): '<0000001e>' de type <NonLinearResult>
# Dépend de :
# - model ('<00000002>') de type <Model>
# - fmat ('<00000008>') de type <MaterialField>
# Mémoire (Mo) :  7846.10 /  2145.55 /  3349.18 /  1229.05 (VmPeak / VmSize / Optimum / Minimum)
# Fin commande #0003   user+syst:        1.37s (syst:        0.01s, elaps:        1.37s)
# ----------------------------------------------------------------------------------------------

.. _stg1_txt34
# ----------------------------------------------------------------------------------------------
# Commande #0004 de /home/user/aas-corner-fe/wd/v8c100_TV/v8c100_TV_s05.comm.changed.py, ligne 34
tb = POST_RELEVE_T(ACTION=_F(CRITERE='RELATIF',
                             FORMAT_C='MODULE',
                             GROUP_NO='HEADT',
                             INST=0.1227272727,
                             INTITULE='R',
                             MOYE_NOEUD='OUI',
                             NOM_CHAM='REAC_NODA',
                             OPERATION='EXTRACTION',
                             PRECISION=1e-06,
                             REPERE='GLOBAL',
                             RESULTANTE='DX',
                             RESULTAT=r2),
                   INFO=1)

# Résultat commande #0004 (POST_RELEVE_T): tb ('<0000001f>') de type <Table>
# Mémoire (Mo) :  7846.10 /  2145.55 /  3349.18 /  1229.05 (VmPeak / VmSize / Optimum / Minimum)
# Fin commande #0004   user+syst:        0.03s (syst:        0.00s, elaps:        0.01s)
# ----------------------------------------------------------------------------------------------

.. _stg1_txt34
# ----------------------------------------------------------------------------------------------
# Commande #0005 de /home/user/aas-corner-fe/wd/v8c100_TV/v8c100_TV_s05.comm.changed.py, ligne 34
tb = POST_RELEVE_T(ACTION=_F(CRITERE='RELATIF',
                             FORMAT_C='MODULE',
                             GROUP_NO='HEADV',
                             INST=0.1227272727,
                             INTITULE='R',
                             MOYE_NOEUD='OUI',
                             NOM_CHAM='REAC_NODA',
                             OPERATION='EXTRACTION',
                             PRECISION=1e-06,
                             REPERE='GLOBAL',
                             RESULTANTE='DX',
                             RESULTAT=r2),
                   INFO=1)

# Résultat commande #0005 (POST_RELEVE_T): tb ('<00000020>') de type <Table>
# Mémoire (Mo) :  7846.10 /  2145.55 /  3349.18 /  1229.05 (VmPeak / VmSize / Optimum / Minimum)
# Fin commande #0005   user+syst:        0.03s (syst:        0.00s, elaps:        0.01s)
# ----------------------------------------------------------------------------------------------

.. _stg1_txt39
# ----------------------------------------------------------------------------------------------
# Commande #0006 de /home/user/aas-corner-fe/wd/v8c100_TV/v8c100_TV_s05.comm.changed.py, ligne 39
DETRUIRE(INFO=1,
         NOM=r2)

# Mémoire (Mo) :  7846.10 /  2145.55 /  3349.18 /  1229.05 (VmPeak / VmSize / Optimum / Minimum)
# Fin commande #0006   user+syst:        0.43s (syst:        0.01s, elaps:        0.11s)
# ----------------------------------------------------------------------------------------------
/home/user/aas-corner-fe/wd/v8c100_TV/v8c100_TV_s05.comm.changed.py:56: ResourceWarning: unclosed file <_io.TextIOWrapper name='/home/user/aas-corner-fe/jobs/../results/v8c100_TV.curve' mode='a' encoding='UTF-8'>
  open(CURVE,'a').write('CURVE %g %g %g %g\n'%(tcur,tot,v['HEADT'],v['HEADV']))
AASCURVE 0.122727 59917.6 40456.8 19460.8

.. _stg1_txt76
# ----------------------------------------------------------------------------------------------
# Commande #0007 de /root/mm/envs/aster/lib/python3.14/site-packages/code_aster/CodeCommands/fin.py,
ligne 76
FIN(INFO_RESU='NON',
    RETASSAGE='NON')

Saving objects...
pi                       <class 'float'>
e                        <class 'float'>
tau                      <class 'float'>
inf                      <class 'float'>
nan                      <class 'float'>
mesh                     <class 'libaster.Mesh'>
model                    <class 'libaster.Model'>
mat                      <class 'libaster.Material'>
matH                     <class 'libaster.Material'>
matHH                    <class 'libaster.Material'>
stl                      <class 'libaster.Material'>
slvm                     <class 'libaster.Material'>
fmat                     <class 'libaster.MaterialField'>
fix                      <class 'libaster.MechanicalLoadReal'>
grp                      <class 'list'>
load                     <class 'libaster.MechanicalLoadReal'>
ramp                     <class 'libaster.Function'>
steps                    <class 'libaster.ListOfFloats'>
times                    <class 'libaster.TimesList'>
LOADS                    <class 'str'>
CURVE                    <class 'str'>
common                   <class 'dict'>
tcur                     <class 'float'>
peak                     <class 'float'>
stopped                  <class 'bool'>
TARGETS                  <class 'list'>
tn                       <class 'float'>
res                      <class 'libaster.NonLinearResult'>
v                        <class 'dict'>
tot                      <class 'float'>
line                     <class 'str'>

 ╔================================================================================================╗
 ║ <I> <CATAMESS_89>                                                                              ║
 ║                                                                                                ║
 ║ Liste des alarmes émises lors de l'exécution du calcul.                                        ║
 ║                                                                                                ║
 ║     Les alarmes que vous avez choisies d'ignorer sont précédées de (*).                        ║
 ║     Nombre d'occurrences pour chacune des alarmes :                                            ║
 ║            aucune alarme                                                                       ║
 ╚================================================================================================╝

 ---------------------------------------------------------------------------
 Concepts de la base: G
    Nom        Type                Taille (Mo)         Nombre      Nombre de
                                                     d'objets       segments
    TOTAL                               621.29            506            781
  
    00000001   MAILLAGE_SDASTER          14.63             34             70
    00000002   MODELE_SDASTER            14.45             11             16
    00000003   MATER_SDASTER              0.00             15             15
    00000004   MATER_SDASTER              0.00             15             15
    00000005   MATER_SDASTER              0.00              7              7
    00000006   MATER_SDASTER              0.00              7              7
    00000007   MATER_SDASTER              0.00              7              7
    00000008   CHAM_MATER                 1.17              8             13
    00000009   CHAR_MECA                 15.45             56             76
    0000000a   CHAR_MECA                 11.45             56             76
    0000000b   FONCTION_SDASTER           0.00              3              3
    0000000c   LISTR8_SDASTER             0.00              6              6
    0000000d   LIST_INST                  0.00              8              8
    0000000e   EVOL_NOLI                491.57            211            267
    &FOZERO                               0.00              2              2
    &&_NUM_C                              0.00              1              1
    &CATA                                37.45             42            103
    &&NMDOME                              0.00              2              2
    0000000f                              0.14              2             14
    &&NMCH1P                             34.29              3              3
    00000012                              0.14              2             14
    00000015                              0.14              2             14
    00000018                              0.14              2             14
    0000001b                              0.14              2             14
    0000001e                              0.14              2             14
 (*) sous-objets non accessible directement
 ---------------------------------------------------------------------------
Nom de la base                          :  GLOBALE
     Nombre d'enregistrements utilisés       :  965
     Nombre d'enregistrements maximum        :  2684354
     Nombre d'enregistrements par fichier    :  15728
     Longueur d'enregistrement (octets)      :  819200
     Nombre total d'accès en lecture         :  1373
     Volume des accès en lecture             :       1072.66 Mo.
     Nombre total d'accès en écriture        :  359
     Volume des accès en écriture            :        280.47 Mo.
     Nombre d'identificateurs utilisés       :  1052
     Taille maximum du répertoire            :  2000
     Pourcentage d'utilisation du répertoire :  52 %

Nom de la base                          :  VOLATILE
     Nombre d'enregistrements utilisés       :  692
     Nombre d'enregistrements maximum        :  2684354
     Nombre d'enregistrements par fichier    :  15728
     Longueur d'enregistrement (octets)      :  819200
     Nombre total d'accès en lecture         :  484
     Volume des accès en lecture             :        378.12 Mo.
     Nombre total d'accès en écriture        :  2732
     Volume des accès en écriture            :       2134.38 Mo.
     Nombre d'identificateurs utilisés       :  995
     Taille maximum du répertoire            :  2000
     Pourcentage d'utilisation du répertoire :  49 %

<I> <FIN> ARRET NORMAL DANS "FIN" PAR APPEL A "JEFINI".
  
 <I> <FIN> MEMOIRE JEVEUX MINIMALE REQUISE POUR L'EXECUTION :                    1229.05 Mo
 <I> <FIN> MEMOIRE JEVEUX OPTIMALE REQUISE POUR L'EXECUTION :                    3349.18 Mo
 <I> <FIN> MAXIMUM DE MEMOIRE UTILISEE PAR LE PROCESSUS LORS DE L'EXECUTION :    7846.10 Mo
  
 <I>       FERMETURE DES BASES EFFECTUEE
  
   STATISTIQUES CONCERNANT L'ALLOCATION DYNAMIQUE :
     TAILLE CUMULEE MAXIMUM            :                 3349  Mo.
     TAILLE CUMULEE LIBEREE            :                 2469  Mo.
     NOMBRE TOTAL D'ALLOCATIONS        :              3247158
     NOMBRE TOTAL DE LIBERATIONS       :              3247158
     APPELS AU MECANISME DE LIBERATION :                    4
     TAILLE MEMOIRE CUMULEE RECUPEREE  :                 2546  Mo.
     VOLUME DES LECTURES               :                    0  Mo.
     VOLUME DES ECRITURES              :                 1907  Mo.
  
   MEMOIRE JEVEUX MINIMALE REQUISE POUR L'EXECUTION :    1229.05 Mo
     - IMPOSE DE NOMBREUX ACCES DISQUE
     - RALENTIT LA VITESSE D'EXECUTION
   MEMOIRE JEVEUX OPTIMALE REQUISE POUR L'EXECUTION :    3349.18 Mo
     - LIMITE LES ACCES DISQUE
     - AMELIORE LA VITESSE D'EXECUTION
   MAXIMUM DE MEMOIRE UTILISEE PAR LE PROCESSUS     :    7846.10 Mo
     - COMPREND LA MEMOIRE CONSOMMEE PAR  JEVEUX, 
       LE SUPERVISEUR PYTHON, LES LIBRAIRIES EXTERNES
  
 <I>       FIN D'EXECUTION LE : LU-28-SEPT-2026 03:57:06
Signature of pickled file   : f52335498f9faf9511be5d7c56a4c18c8e819481ccbc6cf38b23087d71d2654a
Signature of info file      : 3a11bc9cb605ab6876d380c537246c16dfaebb2040a7b4fd9505b14aa16d52fa
Signature of Jeveux database: 5707ad73c0605f276d2ebde1d9ed35aa6c65e0ec7a01e8f5c43d0a1c471f2eee

 ********************************************************************************
 * COMMAND                  :       USER :     SYSTEM :   USER+SYS :    ELAPSED *
 ********************************************************************************
 * DEBUT                    :       0.33 :       0.54 :       0.87 :       0.86 *
 * STAT_NON_LINE            :    2036.18 :     371.94 :    2408.12 :     846.98 *
 * CALC_CHAMP               :       1.37 :       0.01 :       1.38 :       1.37 *
 * POST_RELEVE_T            :       0.03 :       0.00 :       0.03 :       0.01 *
 * POST_RELEVE_T            :       0.03 :       0.00 :       0.03 :       0.01 *
 * DETRUIRE                 :       0.43 :       0.01 :       0.44 :       0.11 *
 * FIN                      :       0.28 :       0.27 :       0.55 :       0.83 *
 *  . sdveri                :       0.00 :       0.00 :       0.00 :       0.00 *
 *  . cleanup               :       0.00 :       0.00 :       0.00 :       0.00 *
 *  . check syntax          :       0.04 :       0.00 :       0.04 :       0.02 *
 *  . fortran               :    2038.16 :     372.76 :    2410.92 :     850.01 *
 ********************************************************************************
 * TOTAL_JOB                :    2039.01 :     372.80 :    2411.81 :     850.39 *
 ********************************************************************************

# Mémoire (Mo) :  7846.10 /  1417.90 /  3349.18 /  1229.05 (VmPeak / VmSize / Optimum / Minimum)
# Fin commande #0007   user+syst:        0.28s (syst:        0.27s, elaps:        0.83s)
# ----------------------------------------------------------------------------------------------

EXECUTION_CODE_ASTER_EXIT_3819=0


saving result databases to 'BASE_PREC'...
execution ended (command file #6): <A>_ALARM
Running: /root/mm/envs/aster/bin/run_aster -w /home/user/aas-corner-fe/wd/v8c100_TV --status-file /root/.tmp_run_aster/run_aster_xk_uzkja/__status__ --no-mpi /root/.tmp_run_aster/run_aster_xk_uzkja/v8c100_TV.6

# ------------------------------------------------------------------------------
Execution of code_aster

# ------------------------------------------------------------------------------
Prepare environment in /home/user/aas-corner-fe/wd/v8c100_TV

# ------------------------------------------------------------------------------
Command file #7 / 22

Content of the file to execute:
# coding=utf-8
# original filename
__file__ = r"/home/user/aas-corner-fe/jobs/v8c100_TV_s06.comm"


# temporarly added for compatibility with code_aster legacy
from math import *

import code_aster
from code_aster.Commands import *
from code_aster import CA

POURSUITE(LANG='EN', PAR_LOT='NON')

LOADS='TV'
CURVE='/home/user/aas-corner-fe/jobs/../results/v8c100_TV.curve'
common=dict(MODELE=model, CHAM_MATER=fmat, EXCIT=(_F(CHARGE=fix), _F(CHARGE=load, FONC_MULT=ramp)),
        COMPORTEMENT=(_F(RELATION='ENDO_FISS_EXP', GROUP_MA=('CONC','HZ')), _F(RELATION='ELAS', GROUP_MA=('STEEL','SLV','HZH'))),
        NEWTON=_F(MATRICE='TANGENTE', REAC_ITER=1),
        CONVERGENCE=_F(RESI_GLOB_RELA=1.E-4, ITER_GLOB_MAXI=50), ARCHIVAGE=_F(PAS_ARCH=1), SOLVEUR=_F(METHODE='MUMPS', GESTION_MEMOIRE='OUT_OF_CORE', NPREC=10))
import os, re
tcur=0.0; peak=0.0; stopped=False
if os.path.exists(CURVE):
    for line in open(CURVE):
        m=re.match(r'CURVE\s+(\S+)\s+(\S+)', line)
        if m:
            tcur=max(tcur, float(m.group(1))); peak=max(peak, float(m.group(2)))
        if line.startswith('STOP'): stopped=True
def reac(res, t):
    r2=CALC_CHAMP(RESULTAT=res, FORCE='REAC_NODA', INST=t)
    vals={}
    for g in ('HEADT','HEADV'):
        try:
            tb=POST_RELEVE_T(ACTION=_F(OPERATION='EXTRACTION', INTITULE='R', RESULTAT=r2, NOM_CHAM='REAC_NODA',
                                       GROUP_NO=g, RESULTANTE='DX', INST=t)).EXTR_TABLE().values()
            vals[g]=-tb['DX'][-1]*2
        except Exception:
            vals[g]=0.
    DETRUIRE(NOM=r2)
    return vals
TARGETS=[0.1431818182]
for tn in TARGETS:
    if stopped or tn <= tcur+1e-9: continue
    try:
        if tcur < 1e-12 and '0'=='1':
            res=STAT_NON_LINE(INCREMENT=_F(LIST_INST=times, INST_FIN=tn), **common)
        else:
            res=STAT_NON_LINE(reuse=res, ETAT_INIT=_F(EVOL_NOLI=res), INCREMENT=_F(LIST_INST=times, INST_FIN=tn), **common)
    except Exception as exc:
        print('AASSTOP at', tcur, exc, flush=True)
        open(CURVE,'a').write('STOP solver %g\n'%tcur); stopped=True; break
    tcur=tn
    v=reac(res, tcur)
    tot=(v['HEADT'] if 'T' in LOADS else 0.)+(v['HEADV'] if 'V' in LOADS else 0.)
    peak=max(peak, tot)
    open(CURVE,'a').write('CURVE %g %g %g %g\n'%(tcur,tot,v['HEADT'],v['HEADV']))
    print('AASCURVE %g %g %g %g'%(tcur,tot,v['HEADT'],v['HEADV']), flush=True)
    if tot < 0.9*peak:
        open(CURVE,'a').write('STOP peak %g\n'%peak); stopped=True; break
FIN()



# ------------------------------------------------------------------------------
Command line #7:
    ulimit -c unlimited ; ulimit -t 100000 ; ( /root/mm/envs/aster/bin/python3 "v8c100_TV_s06.comm.changed.py" --memory 3000.0 --numthreads 4 --tpmax 20000 ; echo $? > _exit_code_ ) 2>&1 | tee -a fort.6
setting '--memory' value to 2700.00 MB (keyword RESERVE_MEMOIRE)
Ouverture en écriture du fichier ./vola.1

<INFO> Démarrage de l'exécution.

                       -- CODE_ASTER -- VERSION : DÉVELOPPEMENT (unstable) --                       
                               Version 18.1.6 modifiée le 14/09/2026                                
                                    révision n/a - branche 'n/a'                                    
                                     Copyright EDF 1991 - 2026                                      
                                                                                                    
                              Exécution du : Mon Sep 28 03:57:11 2026                               
                                       Nom de la machine : vm                                       
                                        Architecture : 64bit                                        
                                    Type de processeur : x86_64                                     
                Système d'exploitation : Linux-6.18.44-fc-v42-x86_64-with-glibc2.39                 
                                  Langue des messages : C (UTF-8)                                   
                                     Version de Python : 3.14.7                                     
                                      Version de NumPy : 2.5.3                                      
                                  Version de MEDCoupling : 9.16.0                                   
                                     Parallélisme MPI : inactif                                     
                                    Parallélisme OpenMP : actif                                     
                              Nombre de processus OpenMP utilisés : 4                               
                                Version de la librairie HDF5 : 2.2.0                                
                                Version de la librairie MED : 4.2.0                                 
                               Version de la librairie MFront : 5.1.0                               
                               Version de la librairie MUMPS : 5.8.2                                
                                  Librairie PETSc : non disponible                                  
                              Version de la librairie SCOTCH : 7.0.11                               

restarting from a previous execution...
/home/user/aas-corner-fe/wd/v8c100_TV/v8c100_TV_s06.comm.changed.py:13: DeprecationWarning: This feature is obsolete, 'PAR_LOT' has been removed.
  POURSUITE(LANG='EN', PAR_LOT='NON')
Valeur initiale du temps CPU maximum =   20000 secondes
  Valeur du temps CPU maximum passé aux commandes =   18000 secondes
  Réserve CPU prévue = 2000 secondes

Ouverture en lecture du fichier ./glob.1

Ajustement de la taille maximale des bases à 2048.00 Go.
    
Nom de la base                          :  GLOBALE
     Créée avec la version                   :  18.01.06
     Nombre d'enregistrements utilisés       :  965
     Nombre d'enregistrements maximum        :  2684354
     Nombre d'enregistrements par fichier    :  15728
     Longueur d'enregistrement (octets)      :  819200
     Nombre d'identificateurs utilisés       :  1052
     Taille maximum du répertoire            :  2000
     Pourcentage d'utilisation du répertoire :  52 %

Ouverture en lecture du fichier ./glob.1

Ouverture en écriture du fichier ./vola.1

Fin de lecture (durée  0.000032  s.) 

                      Mémoire limite pour l'allocation dynamique : 3212.06 Mo                       
                         ajouté à l'initialisation du processus : 997.33 Mo                         
                               Limite cible du processus : 4209.39 Mo                               
                         Taille limite des fichiers d'échange : 2048.00 Go                          
pi                       <class 'float'>
e                        <class 'float'>
tau                      <class 'float'>
inf                      <class 'float'>
nan                      <class 'float'>
mesh                     <class 'libaster.Mesh'>
model                    <class 'libaster.Model'>
mat                      <class 'libaster.Material'>
matH                     <class 'libaster.Material'>
matHH                    <class 'libaster.Material'>
stl                      <class 'libaster.Material'>
slvm                     <class 'libaster.Material'>
fmat                     <class 'libaster.MaterialField'>
fix                      <class 'libaster.MechanicalLoadReal'>
grp                      <class 'list'>
load                     <class 'libaster.MechanicalLoadReal'>
ramp                     <class 'libaster.Function'>
steps                    <class 'libaster.ListOfFloats'>
times                    <class 'libaster.TimesList'>
LOADS                    <class 'str'>
CURVE                    <class 'str'>
common                   <class 'dict'>
tcur                     <class 'float'>
peak                     <class 'float'>
stopped                  <class 'bool'>
TARGETS                  <class 'list'>
tn                       <class 'float'>
res                      <class 'libaster.NonLinearResult'>
v                        <class 'dict'>
tot                      <class 'float'>
line                     <class 'str'>
# Mémoire (Mo) :  1462.38 /  1462.23 /   623.26 /   623.23 (VmPeak / VmSize / Optimum / Minimum)
# Fin commande #0001   user+syst:        0.25s (syst:        0.48s, elaps:        0.73s)
# ----------------------------------------------------------------------------------------------
/home/user/aas-corner-fe/wd/v8c100_TV/v8c100_TV_s06.comm.changed.py:24: ResourceWarning: unclosed file <_io.TextIOWrapper name='/home/user/aas-corner-fe/jobs/../results/v8c100_TV.curve' mode='r' encoding='UTF-8'>
  for line in open(CURVE):

.. _stg1_txt48
# ----------------------------------------------------------------------------------------------
# Commande #0002 de /home/user/aas-corner-fe/wd/v8c100_TV/v8c100_TV_s06.comm.changed.py, ligne 48
res = STAT_NON_LINE(AFFICHAGE=_F(INFO_RESIDU='NON',
                                 INFO_TEMPS='NON'),
                    ARCHIVAGE=_F(CHAM_EXCLU=('RESI_NOEU', 'RESI_RELA_NOEU'),
                                 PAS_ARCH=1),
                    CHAM_MATER=fmat,
                    COMPORTEMENT=(_F(DEFORMATION='PETIT',
                                     GROUP_MA=('CONC', 'HZ'),
                                     ITER_CPLAN_MAXI=10,
                                     ITER_INTE_MAXI=20,
                                     ITER_INTE_PAS=0,
                                     PARM_THETA=1.0,
                                     REGU_VISC='NON',
                                     RELATION='ENDO_FISS_EXP',
                                     RESI_CPLAN_RELA=1e-06,
                                     RESI_INTE=1e-06),
                                  _F(DEFORMATION='PETIT',
                                     GROUP_MA=('STEEL', 'SLV', 'HZH'),
                                     ITER_CPLAN_MAXI=10,
                                     ITER_INTE_MAXI=20,
                                     ITER_INTE_PAS=0,
                                     PARM_THETA=1.0,
                                     REGU_VISC='NON',
                                     RELATION='ELAS',
                                     RESI_CPLAN_RELA=1e-06,
                                     RESI_INTE=1e-06)),
                    CONVERGENCE=_F(ARRET='OUI',
                                   ITER_GLOB_ELAS=25,
                                   ITER_GLOB_MAXI=50,
                                   RESI_GLOB_RELA=0.0001,
                                   VERIF='TOUT'),
                    ETAT_INIT=_F(EVOL_NOLI=res),
                    EXCIT=(_F(CHARGE='<00000009>',
                              TYPE_CHARGE='FIXE_CSTE'),
                           _F(CHARGE='<0000000a>',
                              FONC_MULT=ramp,
                              TYPE_CHARGE='FIXE_CSTE')),
                    INCREMENT=_F(CRITERE='RELATIF',
                                 INST_FIN=0.1431818182,
                                 INST_INIT=0.12272727272727271,
                                 LIST_INST=times,
                                 PRECISION=1e-06),
                    MESURE=_F(TABLE='NON'),
                    METHODE='NEWTON',
                    MODELE=model,
                    NEWTON=_F(MATRICE='TANGENTE',
                              MATR_RIGI_SYME='NON',
                              REAC_INCR=1,
                              REAC_ITER=1,
                              REAC_ITER_ELAS=0),
                    SOLVEUR=_F(ACCELERATION='AUTO',
                               ELIM_LAGR='LAGR2',
                               FILTRAGE_MATRICE=-1.0,
                               GESTION_MEMOIRE='OUT_OF_CORE',
                               LOW_RANK_SEUIL=0.0,
                               MATR_DISTRIBUEE='NON',
                               METHODE='MUMPS',
                               MIXER_PRECISION='NON',
                               NB_RHS=1,
                               NPREC=10,
                               PCENT_PIVOT=35,
                               POSTTRAITEMENTS='AUTO',
                               PRETRAITEMENTS='AUTO',
                               REDUCTION_MPI=0,
                               RENUM='AUTO',
                               RESI_RELA=-1.0,
                               STOP_SINGULIER='OUI',
                               TYPE_RESOL='AUTO'),
                    reuse=res)

Liste des comportements

Affecté sur 85588 éléments
Relation                             : ENDO_FISS_EXP
Déformation                          : PETIT
Pas de régularisation visqueuse
Pas de post-traitement à la fin du pas de temps
Nombre total de variables internes   : 9
V1 : ENDO
V2 : INDIENDO
V3 : ENDORIGI
V4 : EPSEXX
V5 : EPSEYY
V6 : EPSEZZ
V7 : EPSEXY
V8 : EPSEXZ
V9 : EPSEYZ
Affecté sur 11341 éléments
Relation                             : ELAS
Déformation                          : PETIT
Pas de régularisation visqueuse
Pas de post-traitement à la fin du pas de temps
Nombre total de variables internes   : 1
V1 : VIDE
Le système linéaire à résoudre a 456148 degrés de liberté:
   - 438438 sont des degrés de liberté physiques
     (ils sont portés par 135682 noeuds du maillage)
   - 17710 sont les couples de paramètres de Lagrange associés
     aux 8855 relations linéaires dualisées.
La matrice est de taille 456148 équations.
  Elle contient 23709453 termes non nuls si elle est symétrique et 46962758 termes non nuls si elle
n'est pas symétrique.
  Soit un taux de remplissage de   0.023 %.
Lecture de l'état initial
L'état initial a été récupéré dans la structure de données résultat de nom <0000000e> pour le numéro
d'ordre 6 et à l'instant  1.227272727273e-01
Le champ <DEPL> est lu dans ETAT_INIT dans la structure de données résultat donné dans la commande.
Le champ <SIEF_ELGA> est lu dans ETAT_INIT dans la structure de données résultat donné dans la
commande.
Le champ <VARI_ELGA> est lu dans ETAT_INIT dans la structure de données résultat donné dans la
commande.
---------------------------------------------------------------------
Instant de calcul:  1.431818181818e-01 - Niveau de découpe: 1

---------------------------------------------------------------------
|     NEWTON     |     RESIDU     |     RESIDU     |     OPTION     |
|    ITERATION   |     RELATIF    |     ABSOLU     |   ASSEMBLAGE   |
|                | RESI_GLOB_RELA | RESI_GLOB_MAXI |(+ TYPE MATRICE)|
---------------------------------------------------------------------
Solveur MUMPS :
  Les informations concernant la mémoire disponible ne sont pas utilisables.
  Si vous avez choisi le mode GESTION_MEMOIRE='AUTO', par précaution on bascule en mode OUT_OF_CORE.
  Si vous avez choisi le mode GESTION_MEMOIRE='EVAL', seules les évaluations des consommations MUMPS
     seront pertinentes, les autres chiffres ne seront pas à prendre en compte.
  Si vous avez choisi un autre mode, les vérifications liées aux consommations mémoires seront
débranchées.

|     0        X | 1.88102E-02  X | 3.63247E+01    |TANGENTE (NOSYM)|
La mémoire consommée actuellement hors JEVEUX est de 1591.44 Mo.
La mémoire limite pour l'allocation dynamique est fixée à 2617.95 Mo (-750.42 Mo).
Cette valeur limite a été réactualisée lors de la mise en oeuvre d'un processus de libération.


 ╔================================================================================================╗
 ║ <A> <FACTOR_75>                                                                                ║
 ║                                                                                                ║
 ║ Attention, vous avez demandé un calcul OUT_OF_CORE, mais MUMPS estime avoir besoin pour cela   ║
 ║ d'au moins                                                                                     ║
 ║   3910 Mo  alors qu'il n'y a que 1357 Mo de disponible sur ce processeur !                     ║
 ║   Le calcul pourrait donc être ralenti ou s'arrêter pour cette raison.                         ║
 ║                                                                                                ║
 ║   Pour information: mémoire déjà pré-allouée par MUMPS (exécutable, matrice...)= 576 Mo,       ║
 ║                     nombre de systèmes linéaires à factoriser en même temps    = 1.            ║
 ║                                                                                                ║
 ║ Conseils :                                                                                     ║
 ║   La prochaine fois, relancez avec plus de mémoire globale ou avec une option de calcul plus   ║
 ║ économe                                                                                        ║
 ║   (par ordre décroissant d'efficacité):                                                        ║
 ║    - Si le calcul est parallèle, réduisez la consommation MUMPS en augmentant le nombre de     ║
 ║ processeurs,                                                                                   ║
 ║    - Si le calcul est parallèle, réduisez la consommation Aster en activant l'option           ║
 ║ SOLVEUR/MATR_DISTRIBUEE,                                                                       ║
 ║   Ou, plus radicalement:                                                                       ║
 ║    - Utilisez un solveur moins exigeant en mémoire (par exemple: SOLVEUR/METHODE='PETSC' +     ║
 ║ PRECOND='LDLT_SP').                                                                            ║
 ║                                                                                                ║
 ║                                                                                                ║
 ║ Ceci est une alarme. Si vous ne comprenez pas le sens de cette                                 ║
 ║ alarme, vous pouvez obtenir des résultats inattendus !                                         ║
 ╚================================================================================================╝

|     1        X | 1.78821E-03  X | 3.43764E+00    |TANGENTE (NOSYM)|

 ╔================================================================================================╗
 ║ <A> <FACTOR_75>                                                                                ║
 ║                                                                                                ║
 ║ Attention, vous avez demandé un calcul OUT_OF_CORE, mais MUMPS estime avoir besoin pour cela   ║
 ║ d'au moins                                                                                     ║
 ║   3910 Mo  alors qu'il n'y a que 1364 Mo de disponible sur ce processeur !                     ║
 ║   Le calcul pourrait donc être ralenti ou s'arrêter pour cette raison.                         ║
 ║                                                                                                ║
 ║   Pour information: mémoire déjà pré-allouée par MUMPS (exécutable, matrice...)= 576 Mo,       ║
 ║                     nombre de systèmes linéaires à factoriser en même temps    = 1.            ║
 ║                                                                                                ║
 ║ Conseils :                                                                                     ║
 ║   La prochaine fois, relancez avec plus de mémoire globale ou avec une option de calcul plus   ║
 ║ économe                                                                                        ║
 ║   (par ordre décroissant d'efficacité):                                                        ║
 ║    - Si le calcul est parallèle, réduisez la consommation MUMPS en augmentant le nombre de     ║
 ║ processeurs,                                                                                   ║
 ║    - Si le calcul est parallèle, réduisez la consommation Aster en activant l'option           ║
 ║ SOLVEUR/MATR_DISTRIBUEE,                                                                       ║
 ║   Ou, plus radicalement:                                                                       ║
 ║    - Utilisez un solveur moins exigeant en mémoire (par exemple: SOLVEUR/METHODE='PETSC' +     ║
 ║ PRECOND='LDLT_SP').                                                                            ║
 ║                                                                                                ║
 ║                                                                                                ║
 ║ Ceci est une alarme. Si vous ne comprenez pas le sens de cette                                 ║
 ║ alarme, vous pouvez obtenir des résultats inattendus !                                         ║
 ╚================================================================================================╝

|     2        X | 1.21186E-03  X | 2.32778E+00    |TANGENTE (NOSYM)|

 ╔================================================================================================╗
 ║ <A> <FACTOR_75>                                                                                ║
 ║                                                                                                ║
 ║ Attention, vous avez demandé un calcul OUT_OF_CORE, mais MUMPS estime avoir besoin pour cela   ║
 ║ d'au moins                                                                                     ║
 ║   3910 Mo  alors qu'il n'y a que 1364 Mo de disponible sur ce processeur !                     ║
 ║   Le calcul pourrait donc être ralenti ou s'arrêter pour cette raison.                         ║
 ║                                                                                                ║
 ║   Pour information: mémoire déjà pré-allouée par MUMPS (exécutable, matrice...)= 576 Mo,       ║
 ║                     nombre de systèmes linéaires à factoriser en même temps    = 1.            ║
 ║                                                                                                ║
 ║ Conseils :                                                                                     ║
 ║   La prochaine fois, relancez avec plus de mémoire globale ou avec une option de calcul plus   ║
 ║ économe                                                                                        ║
 ║   (par ordre décroissant d'efficacité):                                                        ║
 ║    - Si le calcul est parallèle, réduisez la consommation MUMPS en augmentant le nombre de     ║
 ║ processeurs,                                                                                   ║
 ║    - Si le calcul est parallèle, réduisez la consommation Aster en activant l'option           ║
 ║ SOLVEUR/MATR_DISTRIBUEE,                                                                       ║
 ║   Ou, plus radicalement:                                                                       ║
 ║    - Utilisez un solveur moins exigeant en mémoire (par exemple: SOLVEUR/METHODE='PETSC' +     ║
 ║ PRECOND='LDLT_SP').                                                                            ║
 ║                                                                                                ║
 ║                                                                                                ║
 ║ Ceci est une alarme. Si vous ne comprenez pas le sens de cette                                 ║
 ║ alarme, vous pouvez obtenir des résultats inattendus !                                         ║
 ╚================================================================================================╝

|     3        X | 4.22853E-04  X | 8.12159E-01    |TANGENTE (NOSYM)|

 ╔================================================================================================╗
 ║ <A> <FACTOR_75>                                                                                ║
 ║                                                                                                ║
 ║ Attention, vous avez demandé un calcul OUT_OF_CORE, mais MUMPS estime avoir besoin pour cela   ║
 ║ d'au moins                                                                                     ║
 ║   3910 Mo  alors qu'il n'y a que 1364 Mo de disponible sur ce processeur !                     ║
 ║   Le calcul pourrait donc être ralenti ou s'arrêter pour cette raison.                         ║
 ║                                                                                                ║
 ║   Pour information: mémoire déjà pré-allouée par MUMPS (exécutable, matrice...)= 576 Mo,       ║
 ║                     nombre de systèmes linéaires à factoriser en même temps    = 1.            ║
 ║                                                                                                ║
 ║ Conseils :                                                                                     ║
 ║   La prochaine fois, relancez avec plus de mémoire globale ou avec une option de calcul plus   ║
 ║ économe                                                                                        ║
 ║   (par ordre décroissant d'efficacité):                                                        ║
 ║    - Si le calcul est parallèle, réduisez la consommation MUMPS en augmentant le nombre de     ║
 ║ processeurs,                                                                                   ║
 ║    - Si le calcul est parallèle, réduisez la consommation Aster en activant l'option           ║
 ║ SOLVEUR/MATR_DISTRIBUEE,                                                                       ║
 ║   Ou, plus radicalement:                                                                       ║
 ║    - Utilisez un solveur moins exigeant en mémoire (par exemple: SOLVEUR/METHODE='PETSC' +     ║
 ║ PRECOND='LDLT_SP').                                                                            ║
 ║                                                                                                ║
 ║                                                                                                ║
 ║ Ceci est une alarme. Si vous ne comprenez pas le sens de cette                                 ║
 ║ alarme, vous pouvez obtenir des résultats inattendus !                                         ║
 ╚================================================================================================╝

|     4          | 2.34506E-05    | 4.50403E-02    |TANGENTE (NOSYM)|
---------------------------------------------------------------------
Critère(s) de convergence atteint(s)

Le résidu de type <RESI_GLOB_RELA> vaut  2.345058602982e-05 au noeud et degré de liberté <71517  
DX>
Temps CPU consommé dans ce pas de temps    : 14 min 10 s

* Nombre d'itérations de Newton                     : 5
* Temps total intégration comportement              : 40.350 s (6 intégrations)
* Temps total factorisation matrice                 : 10 min 39 s (5 factorisations)
* Temps construction second membre                  : 1.002 s
* Temps total résolution K.U=F                      : 1 min  6 s (5 résolutions)
* Temps assemblage matrice                          : 0.000 s
* Temps autres opérations                           : 1 min 43 s
Mémoire (Mo) :  7842.32 /  3823.17 /  3341.28 /  1293.72 (VmPeak / VmSize / Optimum / Minimum)

Archivage des champs

Champ stocké <DEPL> à l'instant  1.431818181818e-01 pour le numéro d'ordre 7
Champ stocké <SIEF_ELGA> à l'instant  1.431818181818e-01 pour le numéro d'ordre 7
Champ stocké <VARI_ELGA> à l'instant  1.431818181818e-01 pour le numéro d'ordre 7
Champ stocké <COMPORTEMENT> à l'instant  1.431818181818e-01 pour le numéro d'ordre 7
[100%] Instant calculé : 1.43182e-01, seul l'instant initial a été archivé
Temps CPU consommé dans le calcul          : 14 min 10 s

dont temps CPU "perdu" dans les découpes            : 0.000 s
* Nombre de pas de temps                            : 1
* Nombre d'itérations de Newton                     : 5
* Temps dans l'archivage                            : 0.060 s
* Temps dans le post-traitement                     : 0.000 s
* Temps total intégration comportement              : 40.350 s (6 intégrations)
* Temps total factorisation matrice                 : 10 min 39 s (5 factorisations)
* Temps construction second membre                  : 1.002 s
* Temps total résolution K.U=F                      : 1 min  6 s (5 résolutions)
* Temps assemblage matrice                          : 0.000 s
#1      Resolution des systemes lineaires                 CPU (USER+SYST/SYST/ELAPS):   2396.56    391.62    710.17
#2      Calculs elementaires et assemblages               CPU (USER+SYST/SYST/ELAPS):    106.89     14.32    106.60
#3      Dechargement de la memoire sur disque             CPU (USER+SYST/SYST/ELAPS):      4.67      4.48      5.32
# Résultat commande #0002 (STAT_NON_LINE): res ('<0000000e>') de type <NonLinearResult>
# Mémoire (Mo) :  7842.32 /  2286.80 /  3341.28 /  1293.72 (VmPeak / VmSize / Optimum / Minimum)
# Fin commande #0002   user+syst:     2112.22s (syst:      409.12s, elaps:      873.80s)
# ----------------------------------------------------------------------------------------------

.. _stg1_txt184
# ----------------------------------------------------------------------------------------------
# Commande #0003 de
/root/mm/envs/aster/lib/python3.14/site-packages/code_aster/Supervis/ExecuteCommand.py, ligne 184
CALC_CHAMP(CRITERE='RELATIF',
           FORCE='REAC_NODA',
           INFO=1,
           INST=0.1431818182,
           PARALLELISME_TEMPS='NON',
           PRECISION=1e-06,
           RESULTAT=res)

Le système linéaire à résoudre a 456148 degrés de liberté:
   - 438438 sont des degrés de liberté physiques
     (ils sont portés par 135682 noeuds du maillage)
   - 17710 sont les couples de paramètres de Lagrange associés
     aux 8855 relations linéaires dualisées.
#2      Calculs elementaires et assemblages               CPU (USER+SYST/SYST/ELAPS):      0.98      0.00      0.98
# Résultat commande #0003 (CALC_CHAMP): '<00000021>' de type <NonLinearResult>
# Dépend de :
# - model ('<00000002>') de type <Model>
# - fmat ('<00000008>') de type <MaterialField>
# Mémoire (Mo) :  7842.32 /  2286.80 /  3341.28 /  1293.72 (VmPeak / VmSize / Optimum / Minimum)
# Fin commande #0003   user+syst:        1.49s (syst:        0.01s, elaps:        1.49s)
# ----------------------------------------------------------------------------------------------

.. _stg1_txt34
# ----------------------------------------------------------------------------------------------
# Commande #0004 de /home/user/aas-corner-fe/wd/v8c100_TV/v8c100_TV_s06.comm.changed.py, ligne 34
tb = POST_RELEVE_T(ACTION=_F(CRITERE='RELATIF',
                             FORMAT_C='MODULE',
                             GROUP_NO='HEADT',
                             INST=0.1431818182,
                             INTITULE='R',
                             MOYE_NOEUD='OUI',
                             NOM_CHAM='REAC_NODA',
                             OPERATION='EXTRACTION',
                             PRECISION=1e-06,
                             REPERE='GLOBAL',
                             RESULTANTE='DX',
                             RESULTAT=r2),
                   INFO=1)

# Résultat commande #0004 (POST_RELEVE_T): tb ('<00000022>') de type <Table>
# Mémoire (Mo) :  7842.32 /  2286.80 /  3341.28 /  1293.72 (VmPeak / VmSize / Optimum / Minimum)
# Fin commande #0004   user+syst:        0.04s (syst:        0.00s, elaps:        0.01s)
# ----------------------------------------------------------------------------------------------

.. _stg1_txt34
# ----------------------------------------------------------------------------------------------
# Commande #0005 de /home/user/aas-corner-fe/wd/v8c100_TV/v8c100_TV_s06.comm.changed.py, ligne 34
tb = POST_RELEVE_T(ACTION=_F(CRITERE='RELATIF',
                             FORMAT_C='MODULE',
                             GROUP_NO='HEADV',
                             INST=0.1431818182,
                             INTITULE='R',
                             MOYE_NOEUD='OUI',
                             NOM_CHAM='REAC_NODA',
                             OPERATION='EXTRACTION',
                             PRECISION=1e-06,
                             REPERE='GLOBAL',
                             RESULTANTE='DX',
                             RESULTAT=r2),
                   INFO=1)

# Résultat commande #0005 (POST_RELEVE_T): tb ('<00000023>') de type <Table>
# Mémoire (Mo) :  7842.32 /  2286.80 /  3341.28 /  1293.72 (VmPeak / VmSize / Optimum / Minimum)
# Fin commande #0005   user+syst:        0.04s (syst:        0.00s, elaps:        0.01s)
# ----------------------------------------------------------------------------------------------

.. _stg1_txt39
# ----------------------------------------------------------------------------------------------
# Commande #0006 de /home/user/aas-corner-fe/wd/v8c100_TV/v8c100_TV_s06.comm.changed.py, ligne 39
DETRUIRE(INFO=1,
         NOM=r2)

# Mémoire (Mo) :  7842.32 /  2286.80 /  3341.28 /  1293.72 (VmPeak / VmSize / Optimum / Minimum)
# Fin commande #0006   user+syst:        0.44s (syst:        0.01s, elaps:        0.11s)
# ----------------------------------------------------------------------------------------------
/home/user/aas-corner-fe/wd/v8c100_TV/v8c100_TV_s06.comm.changed.py:56: ResourceWarning: unclosed file <_io.TextIOWrapper name='/home/user/aas-corner-fe/jobs/../results/v8c100_TV.curve' mode='a' encoding='UTF-8'>
  open(CURVE,'a').write('CURVE %g %g %g %g\n'%(tcur,tot,v['HEADT'],v['HEADV']))
AASCURVE 0.143182 66750.9 46585.6 20165.3

.. _stg1_txt76
# ----------------------------------------------------------------------------------------------
# Commande #0007 de /root/mm/envs/aster/lib/python3.14/site-packages/code_aster/CodeCommands/fin.py,
ligne 76
FIN(INFO_RESU='NON',
    RETASSAGE='NON')

Saving objects...
pi                       <class 'float'>
e                        <class 'float'>
tau                      <class 'float'>
inf                      <class 'float'>
nan                      <class 'float'>
mesh                     <class 'libaster.Mesh'>
model                    <class 'libaster.Model'>
mat                      <class 'libaster.Material'>
matH                     <class 'libaster.Material'>
matHH                    <class 'libaster.Material'>
stl                      <class 'libaster.Material'>
slvm                     <class 'libaster.Material'>
fmat                     <class 'libaster.MaterialField'>
fix                      <class 'libaster.MechanicalLoadReal'>
grp                      <class 'list'>
load                     <class 'libaster.MechanicalLoadReal'>
ramp                     <class 'libaster.Function'>
steps                    <class 'libaster.ListOfFloats'>
times                    <class 'libaster.TimesList'>
LOADS                    <class 'str'>
CURVE                    <class 'str'>
common                   <class 'dict'>
tcur                     <class 'float'>
peak                     <class 'float'>
stopped                  <class 'bool'>
TARGETS                  <class 'list'>
tn                       <class 'float'>
res                      <class 'libaster.NonLinearResult'>
v                        <class 'dict'>
tot                      <class 'float'>
line                     <class 'str'>

 ╔================================================================================================╗
 ║ <I> <CATAMESS_89>                                                                              ║
 ║                                                                                                ║
 ║ Liste des alarmes émises lors de l'exécution du calcul.                                        ║
 ║                                                                                                ║
 ║     Les alarmes que vous avez choisies d'ignorer sont précédées de (*).                        ║
 ║     Nombre d'occurrences pour chacune des alarmes :                                            ║
 ║            FACTOR_75            émise    4 fois                                                ║
 ╚================================================================================================╝

 ---------------------------------------------------------------------------
 Concepts de la base: G
    Nom        Type                Taille (Mo)         Nombre      Nombre de
                                                     d'objets       segments
    TOTAL                               687.40            529            821
  
    00000001   MAILLAGE_SDASTER          14.63             34             70
    00000002   MODELE_SDASTER            14.45             11             16
    00000003   MATER_SDASTER              0.00             15             15
    00000004   MATER_SDASTER              0.00             15             15
    00000005   MATER_SDASTER              0.00              7              7
    00000006   MATER_SDASTER              0.00              7              7
    00000007   MATER_SDASTER              0.00              7              7
    00000008   CHAM_MATER                 1.17              8             13
    00000009   CHAR_MECA                 15.45             56             76
    0000000a   CHAR_MECA                 11.45             56             76
    0000000b   FONCTION_SDASTER           0.00              3              3
    0000000c   LISTR8_SDASTER             0.00              6              6
    0000000d   LIST_INST                  0.00              8              8
    0000000e   EVOL_NOLI                557.55            232            293
    &FOZERO                               0.00              2              2
    &&_NUM_C                              0.00              1              1
    &CATA                                37.45             42            103
    &&NMDOME                              0.00              2              2
    0000000f                              0.14              2             14
    &&NMCH1P                             34.29              3              3
    00000012                              0.14              2             14
    00000015                              0.14              2             14
    00000018                              0.14              2             14
    0000001b                              0.14              2             14
    0000001e                              0.14              2             14
    00000021                              0.14              2             14
 (*) sous-objets non accessible directement
 ---------------------------------------------------------------------------
Nom de la base                          :  GLOBALE
     Nombre d'enregistrements utilisés       :  1037
     Nombre d'enregistrements maximum        :  2684354
     Nombre d'enregistrements par fichier    :  15728
     Longueur d'enregistrement (octets)      :  819200
     Nombre total d'accès en lecture         :  1743
     Volume des accès en lecture             :       1361.72 Mo.
     Nombre total d'accès en écriture        :  360
     Volume des accès en écriture            :        281.25 Mo.
     Nombre d'identificateurs utilisés       :  1126
     Taille maximum du répertoire            :  2000
     Pourcentage d'utilisation du répertoire :  56 %

Nom de la base                          :  VOLATILE
     Nombre d'enregistrements utilisés       :  3746
     Nombre d'enregistrements maximum        :  2684354
     Nombre d'enregistrements par fichier    :  15728
     Longueur d'enregistrement (octets)      :  819200
     Nombre total d'accès en lecture         :  8057
     Volume des accès en lecture             :       6294.53 Mo.
     Nombre total d'accès en écriture        :  13179
     Volume des accès en écriture            :      10296.09 Mo.
     Nombre d'identificateurs utilisés       :  996
     Taille maximum du répertoire            :  2000
     Pourcentage d'utilisation du répertoire :  49 %

<I> <FIN> ARRET NORMAL DANS "FIN" PAR APPEL A "JEFINI".
  
 <I> <FIN> MEMOIRE JEVEUX MINIMALE REQUISE POUR L'EXECUTION :                    1293.72 Mo
 <I> <FIN> MEMOIRE JEVEUX OPTIMALE REQUISE POUR L'EXECUTION :                    3341.28 Mo
 <I> <FIN> MAXIMUM DE MEMOIRE UTILISEE PAR LE PROCESSUS LORS DE L'EXECUTION :    7842.32 Mo
  
 <I>       FERMETURE DES BASES EFFECTUEE
  
   STATISTIQUES CONCERNANT L'ALLOCATION DYNAMIQUE :
     TAILLE CUMULEE MAXIMUM            :                 3341  Mo.
     TAILLE CUMULEE LIBEREE            :                 3127  Mo.
     NOMBRE TOTAL D'ALLOCATIONS        :              3248311
     NOMBRE TOTAL DE LIBERATIONS       :              3248311
     APPELS AU MECANISME DE LIBERATION :                   16
     TAILLE MEMOIRE CUMULEE RECUPEREE  :                14631  Mo.
     VOLUME DES LECTURES               :                    4  Mo.
     VOLUME DES ECRITURES              :                 9858  Mo.
  
   MEMOIRE JEVEUX MINIMALE REQUISE POUR L'EXECUTION :    1293.72 Mo
     - IMPOSE DE NOMBREUX ACCES DISQUE
     - RALENTIT LA VITESSE D'EXECUTION
   MEMOIRE JEVEUX OPTIMALE REQUISE POUR L'EXECUTION :    3341.28 Mo
     - LIMITE LES ACCES DISQUE
     - AMELIORE LA VITESSE D'EXECUTION
   MAXIMUM DE MEMOIRE UTILISEE PAR LE PROCESSUS     :    7842.32 Mo
     - COMPREND LA MEMOIRE CONSOMMEE PAR  JEVEUX, 
       LE SUPERVISEUR PYTHON, LES LIBRAIRIES EXTERNES
  
 <I>       FIN D'EXECUTION LE : LU-28-SEPT-2026 04:11:48
Signature of pickled file   : cd1d48b55fcde98c221f240431527f0c1b1824f05fdca8ceb566cb15270c20a2
Signature of info file      : 47c31ad3d718e362f72023415b3d78ec8c0af5f3db6bd5a449128dc23a42b6b6
Signature of Jeveux database: 919e905088b412c297d24497c6e1ecbaf05b8fe81f31fa165c2133d3b1e87189

 ********************************************************************************
 * COMMAND                  :       USER :     SYSTEM :   USER+SYS :    ELAPSED *
 ********************************************************************************
 * DEBUT                    :       0.25 :       0.48 :       0.73 :       0.73 *
 * STAT_NON_LINE            :    2112.22 :     409.12 :    2521.34 :     873.80 *
 * CALC_CHAMP               :       1.49 :       0.01 :       1.50 :       1.49 *
 * POST_RELEVE_T            :       0.04 :       0.00 :       0.04 :       0.01 *
 * POST_RELEVE_T            :       0.04 :       0.00 :       0.04 :       0.01 *
 * DETRUIRE                 :       0.44 :       0.01 :       0.45 :       0.11 *
 * FIN                      :       0.27 :       0.26 :       0.53 :       0.55 *
 *  . sdveri                :       0.00 :       0.00 :       0.00 :       0.00 *
 *  . cleanup               :       0.00 :       0.00 :       0.00 :       0.00 *
 *  . check syntax          :       0.05 :       0.00 :       0.05 :       0.03 *
 *  . fortran               :    2114.20 :     409.87 :    2524.07 :     876.54 *
 ********************************************************************************
 * TOTAL_JOB                :    2115.06 :     409.93 :    2524.99 :     876.90 *
 ********************************************************************************

# Mémoire (Mo) :  7842.32 /  1602.41 /  3341.28 /  1293.72 (VmPeak / VmSize / Optimum / Minimum)
# Fin commande #0007   user+syst:        0.27s (syst:        0.26s, elaps:        0.55s)
# ----------------------------------------------------------------------------------------------

EXECUTION_CODE_ASTER_EXIT_4124=0


saving result databases to 'BASE_PREC'...
execution ended (command file #7): <A>_ALARM
Running: /root/mm/envs/aster/bin/run_aster -w /home/user/aas-corner-fe/wd/v8c100_TV --status-file /root/.tmp_run_aster/run_aster_xk_uzkja/__status__ --no-mpi /root/.tmp_run_aster/run_aster_xk_uzkja/v8c100_TV.7

# ------------------------------------------------------------------------------
Execution of code_aster

# ------------------------------------------------------------------------------
Prepare environment in /home/user/aas-corner-fe/wd/v8c100_TV

# ------------------------------------------------------------------------------
Command file #8 / 22

Content of the file to execute:
# coding=utf-8
# original filename
__file__ = r"/home/user/aas-corner-fe/jobs/v8c100_TV_s07.comm"


# temporarly added for compatibility with code_aster legacy
from math import *

import code_aster
from code_aster.Commands import *
from code_aster import CA

POURSUITE(LANG='EN', PAR_LOT='NON')

LOADS='TV'
CURVE='/home/user/aas-corner-fe/jobs/../results/v8c100_TV.curve'
common=dict(MODELE=model, CHAM_MATER=fmat, EXCIT=(_F(CHARGE=fix), _F(CHARGE=load, FONC_MULT=ramp)),
        COMPORTEMENT=(_F(RELATION='ENDO_FISS_EXP', GROUP_MA=('CONC','HZ')), _F(RELATION='ELAS', GROUP_MA=('STEEL','SLV','HZH'))),
        NEWTON=_F(MATRICE='TANGENTE', REAC_ITER=1),
        CONVERGENCE=_F(RESI_GLOB_RELA=1.E-4, ITER_GLOB_MAXI=50), ARCHIVAGE=_F(PAS_ARCH=1), SOLVEUR=_F(METHODE='MUMPS', GESTION_MEMOIRE='OUT_OF_CORE', NPREC=10))
import os, re
tcur=0.0; peak=0.0; stopped=False
if os.path.exists(CURVE):
    for line in open(CURVE):
        m=re.match(r'CURVE\s+(\S+)\s+(\S+)', line)
        if m:
            tcur=max(tcur, float(m.group(1))); peak=max(peak, float(m.group(2)))
        if line.startswith('STOP'): stopped=True
def reac(res, t):
    r2=CALC_CHAMP(RESULTAT=res, FORCE='REAC_NODA', INST=t)
    vals={}
    for g in ('HEADT','HEADV'):
        try:
            tb=POST_RELEVE_T(ACTION=_F(OPERATION='EXTRACTION', INTITULE='R', RESULTAT=r2, NOM_CHAM='REAC_NODA',
                                       GROUP_NO=g, RESULTANTE='DX', INST=t)).EXTR_TABLE().values()
            vals[g]=-tb['DX'][-1]*2
        except Exception:
            vals[g]=0.
    DETRUIRE(NOM=r2)
    return vals
TARGETS=[0.1636363636]
for tn in TARGETS:
    if stopped or tn <= tcur+1e-9: continue
    try:
        if tcur < 1e-12 and '0'=='1':
            res=STAT_NON_LINE(INCREMENT=_F(LIST_INST=times, INST_FIN=tn), **common)
        else:
            res=STAT_NON_LINE(reuse=res, ETAT_INIT=_F(EVOL_NOLI=res), INCREMENT=_F(LIST_INST=times, INST_FIN=tn), **common)
    except Exception as exc:
        print('AASSTOP at', tcur, exc, flush=True)
        open(CURVE,'a').write('STOP solver %g\n'%tcur); stopped=True; break
    tcur=tn
    v=reac(res, tcur)
    tot=(v['HEADT'] if 'T' in LOADS else 0.)+(v['HEADV'] if 'V' in LOADS else 0.)
    peak=max(peak, tot)
    open(CURVE,'a').write('CURVE %g %g %g %g\n'%(tcur,tot,v['HEADT'],v['HEADV']))
    print('AASCURVE %g %g %g %g'%(tcur,tot,v['HEADT'],v['HEADV']), flush=True)
    if tot < 0.9*peak:
        open(CURVE,'a').write('STOP peak %g\n'%peak); stopped=True; break
FIN()



# ------------------------------------------------------------------------------
Command line #8:
    ulimit -c unlimited ; ulimit -t 100000 ; ( /root/mm/envs/aster/bin/python3 "v8c100_TV_s07.comm.changed.py" --memory 3000.0 --numthreads 4 --tpmax 20000 ; echo $? > _exit_code_ ) 2>&1 | tee -a fort.6
setting '--memory' value to 2700.00 MB (keyword RESERVE_MEMOIRE)
Ouverture en écriture du fichier ./vola.1

<INFO> Démarrage de l'exécution.

                       -- CODE_ASTER -- VERSION : DÉVELOPPEMENT (unstable) --                       
                               Version 18.1.6 modifiée le 14/09/2026                                
                                    révision n/a - branche 'n/a'                                    
                                     Copyright EDF 1991 - 2026                                      
                                                                                                    
                              Exécution du : Mon Sep 28 04:11:55 2026                               
                                       Nom de la machine : vm                                       
                                        Architecture : 64bit                                        
                                    Type de processeur : x86_64                                     
                Système d'exploitation : Linux-6.18.44-fc-v42-x86_64-with-glibc2.39                 
                                  Langue des messages : C (UTF-8)                                   
                                     Version de Python : 3.14.7                                     
                                      Version de NumPy : 2.5.3                                      
                                  Version de MEDCoupling : 9.16.0                                   
                                     Parallélisme MPI : inactif                                     
                                    Parallélisme OpenMP : actif                                     
                              Nombre de processus OpenMP utilisés : 4                               
                                Version de la librairie HDF5 : 2.2.0                                
                                Version de la librairie MED : 4.2.0                                 
                               Version de la librairie MFront : 5.1.0                               
                               Version de la librairie MUMPS : 5.8.2                                
                                  Librairie PETSc : non disponible                                  
                              Version de la librairie SCOTCH : 7.0.11                               

restarting from a previous execution...
/home/user/aas-corner-fe/wd/v8c100_TV/v8c100_TV_s07.comm.changed.py:13: DeprecationWarning: This feature is obsolete, 'PAR_LOT' has been removed.
  POURSUITE(LANG='EN', PAR_LOT='NON')
Valeur initiale du temps CPU maximum =   20000 secondes
  Valeur du temps CPU maximum passé aux commandes =   18000 secondes
  Réserve CPU prévue = 2000 secondes

Ouverture en lecture du fichier ./glob.1

Ajustement de la taille maximale des bases à 2048.00 Go.
    
Nom de la base                          :  GLOBALE
     Créée avec la version                   :  18.01.06
     Nombre d'enregistrements utilisés       :  1037
     Nombre d'enregistrements maximum        :  2684354
     Nombre d'enregistrements par fichier    :  15728
     Longueur d'enregistrement (octets)      :  819200
     Nombre d'identificateurs utilisés       :  1126
     Taille maximum du répertoire            :  2000
     Pourcentage d'utilisation du répertoire :  56 %

Ouverture en lecture du fichier ./glob.1

Ouverture en écriture du fichier ./vola.1

Fin de lecture (durée  0.000034  s.) 

                      Mémoire limite pour l'allocation dynamique : 3212.06 Mo                       
                         ajouté à l'initialisation du processus : 997.34 Mo                         
                               Limite cible du processus : 4209.39 Mo                               
                         Taille limite des fichiers d'échange : 2048.00 Go                          
pi                       <class 'float'>
e                        <class 'float'>
tau                      <class 'float'>
inf                      <class 'float'>
nan                      <class 'float'>
mesh                     <class 'libaster.Mesh'>
model                    <class 'libaster.Model'>
mat                      <class 'libaster.Material'>
matH                     <class 'libaster.Material'>
matHH                    <class 'libaster.Material'>
stl                      <class 'libaster.Material'>
slvm                     <class 'libaster.Material'>
fmat                     <class 'libaster.MaterialField'>
fix                      <class 'libaster.MechanicalLoadReal'>
grp                      <class 'list'>
load                     <class 'libaster.MechanicalLoadReal'>
ramp                     <class 'libaster.Function'>
steps                    <class 'libaster.ListOfFloats'>
times                    <class 'libaster.TimesList'>
LOADS                    <class 'str'>
CURVE                    <class 'str'>
common                   <class 'dict'>
tcur                     <class 'float'>
peak                     <class 'float'>
stopped                  <class 'bool'>
TARGETS                  <class 'list'>
tn                       <class 'float'>
res                      <class 'libaster.NonLinearResult'>
v                        <class 'dict'>
tot                      <class 'float'>
line                     <class 'str'>
# Mémoire (Mo) :  1527.06 /  1527.04 /   687.93 /   687.90 (VmPeak / VmSize / Optimum / Minimum)
# Fin commande #0001   user+syst:        0.22s (syst:        0.62s, elaps:        0.84s)
# ----------------------------------------------------------------------------------------------
/home/user/aas-corner-fe/wd/v8c100_TV/v8c100_TV_s07.comm.changed.py:24: ResourceWarning: unclosed file <_io.TextIOWrapper name='/home/user/aas-corner-fe/jobs/../results/v8c100_TV.curve' mode='r' encoding='UTF-8'>
  for line in open(CURVE):

.. _stg1_txt48
# ----------------------------------------------------------------------------------------------
# Commande #0002 de /home/user/aas-corner-fe/wd/v8c100_TV/v8c100_TV_s07.comm.changed.py, ligne 48
res = STAT_NON_LINE(AFFICHAGE=_F(INFO_RESIDU='NON',
                                 INFO_TEMPS='NON'),
                    ARCHIVAGE=_F(CHAM_EXCLU=('RESI_NOEU', 'RESI_RELA_NOEU'),
                                 PAS_ARCH=1),
                    CHAM_MATER=fmat,
                    COMPORTEMENT=(_F(DEFORMATION='PETIT',
                                     GROUP_MA=('CONC', 'HZ'),
                                     ITER_CPLAN_MAXI=10,
                                     ITER_INTE_MAXI=20,
                                     ITER_INTE_PAS=0,
                                     PARM_THETA=1.0,
                                     REGU_VISC='NON',
                                     RELATION='ENDO_FISS_EXP',
                                     RESI_CPLAN_RELA=1e-06,
                                     RESI_INTE=1e-06),
                                  _F(DEFORMATION='PETIT',
                                     GROUP_MA=('STEEL', 'SLV', 'HZH'),
                                     ITER_CPLAN_MAXI=10,
                                     ITER_INTE_MAXI=20,
                                     ITER_INTE_PAS=0,
                                     PARM_THETA=1.0,
                                     REGU_VISC='NON',
                                     RELATION='ELAS',
                                     RESI_CPLAN_RELA=1e-06,
                                     RESI_INTE=1e-06)),
                    CONVERGENCE=_F(ARRET='OUI',
                                   ITER_GLOB_ELAS=25,
                                   ITER_GLOB_MAXI=50,
                                   RESI_GLOB_RELA=0.0001,
                                   VERIF='TOUT'),
                    ETAT_INIT=_F(EVOL_NOLI=res),
                    EXCIT=(_F(CHARGE='<00000009>',
                              TYPE_CHARGE='FIXE_CSTE'),
                           _F(CHARGE='<0000000a>',
                              FONC_MULT=ramp,
                              TYPE_CHARGE='FIXE_CSTE')),
                    INCREMENT=_F(CRITERE='RELATIF',
                                 INST_FIN=0.1636363636,
                                 INST_INIT=0.14318181818181816,
                                 LIST_INST=times,
                                 PRECISION=1e-06),
                    MESURE=_F(TABLE='NON'),
                    METHODE='NEWTON',
                    MODELE=model,
                    NEWTON=_F(MATRICE='TANGENTE',
                              MATR_RIGI_SYME='NON',
                              REAC_INCR=1,
                              REAC_ITER=1,
                              REAC_ITER_ELAS=0),
                    SOLVEUR=_F(ACCELERATION='AUTO',
                               ELIM_LAGR='LAGR2',
                               FILTRAGE_MATRICE=-1.0,
                               GESTION_MEMOIRE='OUT_OF_CORE',
                               LOW_RANK_SEUIL=0.0,
                               MATR_DISTRIBUEE='NON',
                               METHODE='MUMPS',
                               MIXER_PRECISION='NON',
                               NB_RHS=1,
                               NPREC=10,
                               PCENT_PIVOT=35,
                               POSTTRAITEMENTS='AUTO',
                               PRETRAITEMENTS='AUTO',
                               REDUCTION_MPI=0,
                               RENUM='AUTO',
                               RESI_RELA=-1.0,
                               STOP_SINGULIER='OUI',
                               TYPE_RESOL='AUTO'),
                    reuse=res)

Liste des comportements

Affecté sur 85588 éléments
Relation                             : ENDO_FISS_EXP
Déformation                          : PETIT
Pas de régularisation visqueuse
Pas de post-traitement à la fin du pas de temps
Nombre total de variables internes   : 9
V1 : ENDO
V2 : INDIENDO
V3 : ENDORIGI
V4 : EPSEXX
V5 : EPSEYY
V6 : EPSEZZ
V7 : EPSEXY
V8 : EPSEXZ
V9 : EPSEYZ
Affecté sur 11341 éléments
Relation                             : ELAS
Déformation                          : PETIT
Pas de régularisation visqueuse
Pas de post-traitement à la fin du pas de temps
Nombre total de variables internes   : 1
V1 : VIDE
Le système linéaire à résoudre a 456148 degrés de liberté:
   - 438438 sont des degrés de liberté physiques
     (ils sont portés par 135682 noeuds du maillage)
   - 17710 sont les couples de paramètres de Lagrange associés
     aux 8855 relations linéaires dualisées.
La matrice est de taille 456148 équations.
  Elle contient 23709453 termes non nuls si elle est symétrique et 46962758 termes non nuls si elle
n'est pas symétrique.
  Soit un taux de remplissage de   0.023 %.
Lecture de l'état initial
L'état initial a été récupéré dans la structure de données résultat de nom <0000000e> pour le numéro
d'ordre 7 et à l'instant  1.431818181818e-01
Le champ <DEPL> est lu dans ETAT_INIT dans la structure de données résultat donné dans la commande.
Le champ <SIEF_ELGA> est lu dans ETAT_INIT dans la structure de données résultat donné dans la
commande.
Le champ <VARI_ELGA> est lu dans ETAT_INIT dans la structure de données résultat donné dans la
commande.
---------------------------------------------------------------------
Instant de calcul:  1.636363636364e-01 - Niveau de découpe: 1

---------------------------------------------------------------------
|     NEWTON     |     RESIDU     |     RESIDU     |     OPTION     |
|    ITERATION   |     RELATIF    |     ABSOLU     |   ASSEMBLAGE   |
|                | RESI_GLOB_RELA | RESI_GLOB_MAXI |(+ TYPE MATRICE)|
---------------------------------------------------------------------
La mémoire consommée actuellement hors JEVEUX est de 1360.35 Mo.
La mémoire limite pour l'allocation dynamique est fixée à 2849.04 Mo (-519.32 Mo).
Cette valeur limite a été réactualisée lors de la mise en oeuvre d'un processus de libération.


 ╔================================================================================================╗
 ║ <A> <FACTOR_75>                                                                                ║
 ║                                                                                                ║
 ║ Attention, vous avez demandé un calcul OUT_OF_CORE, mais MUMPS estime avoir besoin pour cela   ║
 ║ d'au moins                                                                                     ║
 ║   3910 Mo  alors qu'il n'y a que 1509 Mo de disponible sur ce processeur !                     ║
 ║   Le calcul pourrait donc être ralenti ou s'arrêter pour cette raison.                         ║
 ║                                                                                                ║
 ║   Pour information: mémoire déjà pré-allouée par MUMPS (exécutable, matrice...)= 576 Mo,       ║
 ║                     nombre de systèmes linéaires à factoriser en même temps    = 1.            ║
 ║                                                                                                ║
 ║ Conseils :                                                                                     ║
 ║   La prochaine fois, relancez avec plus de mémoire globale ou avec une option de calcul plus   ║
 ║ économe                                                                                        ║
 ║   (par ordre décroissant d'efficacité):                                                        ║
 ║    - Si le calcul est parallèle, réduisez la consommation MUMPS en augmentant le nombre de     ║
 ║ processeurs,                                                                                   ║
 ║    - Si le calcul est parallèle, réduisez la consommation Aster en activant l'option           ║
 ║ SOLVEUR/MATR_DISTRIBUEE,                                                                       ║
 ║   Ou, plus radicalement:                                                                       ║
 ║    - Utilisez un solveur moins exigeant en mémoire (par exemple: SOLVEUR/METHODE='PETSC' +     ║
 ║ PRECOND='LDLT_SP').                                                                            ║
 ║                                                                                                ║
 ║                                                                                                ║
 ║ Ceci est une alarme. Si vous ne comprenez pas le sens de cette                                 ║
 ║ alarme, vous pouvez obtenir des résultats inattendus !                                         ║
 ╚================================================================================================╝

|     0        X | 2.23569E-02  X | 4.40105E+01    |TANGENTE (NOSYM)|

 ╔================================================================================================╗
 ║ <A> <FACTOR_75>                                                                                ║
 ║                                                                                                ║
 ║ Attention, vous avez demandé un calcul OUT_OF_CORE, mais MUMPS estime avoir besoin pour cela   ║
 ║ d'au moins                                                                                     ║
 ║   3912 Mo  alors qu'il n'y a que 1300 Mo de disponible sur ce processeur !                     ║
 ║   Le calcul pourrait donc être ralenti ou s'arrêter pour cette raison.                         ║
 ║                                                                                                ║
 ║   Pour information: mémoire déjà pré-allouée par MUMPS (exécutable, matrice...)= 579 Mo,       ║
 ║                     nombre de systèmes linéaires à factoriser en même temps    = 1.            ║
 ║                                                                                                ║
 ║ Conseils :                                                                                     ║
 ║   La prochaine fois, relancez avec plus de mémoire globale ou avec une option de calcul plus   ║
 ║ économe                                                                                        ║
 ║   (par ordre décroissant d'efficacité):                                                        ║
 ║    - Si le calcul est parallèle, réduisez la consommation MUMPS en augmentant le nombre de     ║
 ║ processeurs,                                                                                   ║
 ║    - Si le calcul est parallèle, réduisez la consommation Aster en activant l'option           ║
 ║ SOLVEUR/MATR_DISTRIBUEE,                                                                       ║
 ║   Ou, plus radicalement:                                                                       ║
 ║    - Utilisez un solveur moins exigeant en mémoire (par exemple: SOLVEUR/METHODE='PETSC' +     ║
 ║ PRECOND='LDLT_SP').                                                                            ║
 ║                                                                                                ║
 ║                                                                                                ║
 ║ Ceci est une alarme. Si vous ne comprenez pas le sens de cette                                 ║
 ║ alarme, vous pouvez obtenir des résultats inattendus !                                         ║
 ╚================================================================================================╝

|     1        X | 3.43025E-03  X | 6.72432E+00    |TANGENTE (NOSYM)|

 ╔================================================================================================╗
 ║ <A> <FACTOR_75>                                                                                ║
 ║                                                                                                ║
 ║ Attention, vous avez demandé un calcul OUT_OF_CORE, mais MUMPS estime avoir besoin pour cela   ║
 ║ d'au moins                                                                                     ║
 ║   3912 Mo  alors qu'il n'y a que 1300 Mo de disponible sur ce processeur !                     ║
 ║   Le calcul pourrait donc être ralenti ou s'arrêter pour cette raison.                         ║
 ║                                                                                                ║
 ║   Pour information: mémoire déjà pré-allouée par MUMPS (exécutable, matrice...)= 579 Mo,       ║
 ║                     nombre de systèmes linéaires à factoriser en même temps    = 1.            ║
 ║                                                                                                ║
 ║ Conseils :                                                                                     ║
 ║   La prochaine fois, relancez avec plus de mémoire globale ou avec une option de calcul plus   ║
 ║ économe                                                                                        ║
 ║   (par ordre décroissant d'efficacité):                                                        ║
 ║    - Si le calcul est parallèle, réduisez la consommation MUMPS en augmentant le nombre de     ║
 ║ processeurs,                                                                                   ║
 ║    - Si le calcul est parallèle, réduisez la consommation Aster en activant l'option           ║
 ║ SOLVEUR/MATR_DISTRIBUEE,                                                                       ║
 ║   Ou, plus radicalement:                                                                       ║
 ║    - Utilisez un solveur moins exigeant en mémoire (par exemple: SOLVEUR/METHODE='PETSC' +     ║
 ║ PRECOND='LDLT_SP').                                                                            ║
 ║                                                                                                ║
 ║                                                                                                ║
 ║ Ceci est une alarme. Si vous ne comprenez pas le sens de cette                                 ║
 ║ alarme, vous pouvez obtenir des résultats inattendus !                                         ║
 ╚================================================================================================╝

|     2        X | 1.78749E-03  X | 3.50190E+00    |TANGENTE (NOSYM)|

 ╔================================================================================================╗
 ║ <A> <FACTOR_75>                                                                                ║
 ║                                                                                                ║
 ║ Attention, vous avez demandé un calcul OUT_OF_CORE, mais MUMPS estime avoir besoin pour cela   ║
 ║ d'au moins                                                                                     ║
 ║   3912 Mo  alors qu'il n'y a que 1300 Mo de disponible sur ce processeur !                     ║
 ║   Le calcul pourrait donc être ralenti ou s'arrêter pour cette raison.                         ║
 ║                                                                                                ║
 ║   Pour information: mémoire déjà pré-allouée par MUMPS (exécutable, matrice...)= 579 Mo,       ║
 ║                     nombre de systèmes linéaires à factoriser en même temps    = 1.            ║
 ║                                                                                                ║
 ║ Conseils :                                                                                     ║
 ║   La prochaine fois, relancez avec plus de mémoire globale ou avec une option de calcul plus   ║
 ║ économe                                                                                        ║
 ║   (par ordre décroissant d'efficacité):                                                        ║
 ║    - Si le calcul est parallèle, réduisez la consommation MUMPS en augmentant le nombre de     ║
 ║ processeurs,                                                                                   ║
 ║    - Si le calcul est parallèle, réduisez la consommation Aster en activant l'option           ║
 ║ SOLVEUR/MATR_DISTRIBUEE,                                                                       ║
 ║   Ou, plus radicalement:                                                                       ║
 ║    - Utilisez un solveur moins exigeant en mémoire (par exemple: SOLVEUR/METHODE='PETSC' +     ║
 ║ PRECOND='LDLT_SP').                                                                            ║
 ║                                                                                                ║
 ║                                                                                                ║
 ║ Ceci est une alarme. Si vous ne comprenez pas le sens de cette                                 ║
 ║ alarme, vous pouvez obtenir des résultats inattendus !                                         ║
 ╚================================================================================================╝

|     3        X | 8.48955E-04  X | 1.66290E+00    |TANGENTE (NOSYM)|

 ╔================================================================================================╗
 ║ <A> <FACTOR_75>                                                                                ║
 ║                                                                                                ║
 ║ Attention, vous avez demandé un calcul OUT_OF_CORE, mais MUMPS estime avoir besoin pour cela   ║
 ║ d'au moins                                                                                     ║
 ║   3912 Mo  alors qu'il n'y a que 1300 Mo de disponible sur ce processeur !                     ║
 ║   Le calcul pourrait donc être ralenti ou s'arrêter pour cette raison.                         ║
 ║                                                                                                ║
 ║   Pour information: mémoire déjà pré-allouée par MUMPS (exécutable, matrice...)= 579 Mo,       ║
 ║                     nombre de systèmes linéaires à factoriser en même temps    = 1.            ║
 ║                                                                                                ║
 ║ Conseils :                                                                                     ║
 ║   La prochaine fois, relancez avec plus de mémoire globale ou avec une option de calcul plus   ║
 ║ économe                                                                                        ║
 ║   (par ordre décroissant d'efficacité):                                                        ║
 ║    - Si le calcul est parallèle, réduisez la consommation MUMPS en augmentant le nombre de     ║
 ║ processeurs,                                                                                   ║
 ║    - Si le calcul est parallèle, réduisez la consommation Aster en activant l'option           ║
 ║ SOLVEUR/MATR_DISTRIBUEE,                                                                       ║
 ║   Ou, plus radicalement:                                                                       ║
 ║    - Utilisez un solveur moins exigeant en mémoire (par exemple: SOLVEUR/METHODE='PETSC' +     ║
 ║ PRECOND='LDLT_SP').                                                                            ║
 ║                                                                                                ║
 ║                                                                                                ║
 ║ Ceci est une alarme. Si vous ne comprenez pas le sens de cette                                 ║
 ║ alarme, vous pouvez obtenir des résultats inattendus !                                         ║
 ╚================================================================================================╝


 ╔================================================================================================╗
 ║ <A> <CATAMESS_41>                                                                              ║
 ║                                                                                                ║
 ║ Le message d'alarme 'FACTOR_75' a été émis 5 fois, il ne sera plus affiché.                    ║
 ║                                                                                                ║
 ║                                                                                                ║
 ║ Ceci est une alarme. Si vous ne comprenez pas le sens de cette                                 ║
 ║ alarme, vous pouvez obtenir des résultats inattendus !                                         ║
 ╚================================================================================================╝

|     4          | 5.50030E-05    | 1.07735E-01    |TANGENTE (NOSYM)|
---------------------------------------------------------------------
Critère(s) de convergence atteint(s)

Le résidu de type <RESI_GLOB_RELA> vaut  5.500304440035e-05 au noeud et degré de liberté <124882 
DX>
Temps CPU consommé dans ce pas de temps    : 14 min 20 s

* Nombre d'itérations de Newton                     : 5
* Temps total intégration comportement              : 42.299 s (6 intégrations)
* Temps total factorisation matrice                 : 10 min 26 s (5 factorisations)
* Temps construction second membre                  : 0.998 s
* Temps total résolution K.U=F                      : 1 min 18 s (5 résolutions)
* Temps assemblage matrice                          : 0.000 s
* Temps autres opérations                           : 1 min 51 s
Mémoire (Mo) :  6136.86 /  3892.67 /  3315.51 /  1358.40 (VmPeak / VmSize / Optimum / Minimum)

Archivage des champs

Champ stocké <DEPL> à l'instant  1.636363636364e-01 pour le numéro d'ordre 8
Champ stocké <SIEF_ELGA> à l'instant  1.636363636364e-01 pour le numéro d'ordre 8
Champ stocké <VARI_ELGA> à l'instant  1.636363636364e-01 pour le numéro d'ordre 8
Champ stocké <COMPORTEMENT> à l'instant  1.636363636364e-01 pour le numéro d'ordre 8
[100%] Instant calculé : 1.63636e-01, seul l'instant initial a été archivé
Temps CPU consommé dans le calcul          : 14 min 20 s

dont temps CPU "perdu" dans les découpes            : 0.000 s
* Nombre de pas de temps                            : 1
* Nombre d'itérations de Newton                     : 5
* Temps dans l'archivage                            : 0.293 s
* Temps dans le post-traitement                     : 0.000 s
* Temps total intégration comportement              : 42.299 s (6 intégrations)
* Temps total factorisation matrice                 : 10 min 26 s (5 factorisations)
* Temps construction second membre                  : 0.998 s
* Temps total résolution K.U=F                      : 1 min 18 s (5 résolutions)
* Temps assemblage matrice                          : 0.000 s
#1      Resolution des systemes lineaires                 CPU (USER+SYST/SYST/ELAPS):   2363.33    382.08    709.71
#2      Calculs elementaires et assemblages               CPU (USER+SYST/SYST/ELAPS):    110.65     18.48    111.87
#3      Dechargement de la memoire sur disque             CPU (USER+SYST/SYST/ELAPS):      8.47      8.22     11.29
# Résultat commande #0002 (STAT_NON_LINE): res ('<0000000e>') de type <NonLinearResult>
# Mémoire (Mo) :  6136.86 /  2323.14 /  3315.51 /  1358.40 (VmPeak / VmSize / Optimum / Minimum)
# Fin commande #0002   user+syst:     2088.30s (syst:      404.19s, elaps:      886.75s)
# ----------------------------------------------------------------------------------------------

.. _stg1_txt184
# ----------------------------------------------------------------------------------------------
# Commande #0003 de
/root/mm/envs/aster/lib/python3.14/site-packages/code_aster/Supervis/ExecuteCommand.py, ligne 184
CALC_CHAMP(CRITERE='RELATIF',
           FORCE='REAC_NODA',
           INFO=1,
           INST=0.1636363636,
           PARALLELISME_TEMPS='NON',
           PRECISION=1e-06,
           RESULTAT=res)

Le système linéaire à résoudre a 456148 degrés de liberté:
   - 438438 sont des degrés de liberté physiques
     (ils sont portés par 135682 noeuds du maillage)
   - 17710 sont les couples de paramètres de Lagrange associés
     aux 8855 relations linéaires dualisées.
#2      Calculs elementaires et assemblages               CPU (USER+SYST/SYST/ELAPS):      1.10      0.03      1.10
# Résultat commande #0003 (CALC_CHAMP): '<00000024>' de type <NonLinearResult>
# Dépend de :
# - model ('<00000002>') de type <Model>
# - fmat ('<00000008>') de type <MaterialField>
# Mémoire (Mo) :  6136.86 /  2323.14 /  3315.51 /  1358.40 (VmPeak / VmSize / Optimum / Minimum)
# Fin commande #0003   user+syst:        1.57s (syst:        0.04s, elaps:        1.59s)
# ----------------------------------------------------------------------------------------------

.. _stg1_txt34
# ----------------------------------------------------------------------------------------------
# Commande #0004 de /home/user/aas-corner-fe/wd/v8c100_TV/v8c100_TV_s07.comm.changed.py, ligne 34
tb = POST_RELEVE_T(ACTION=_F(CRITERE='RELATIF',
                             FORMAT_C='MODULE',
                             GROUP_NO='HEADT',
                             INST=0.1636363636,
                             INTITULE='R',
                             MOYE_NOEUD='OUI',
                             NOM_CHAM='REAC_NODA',
                             OPERATION='EXTRACTION',
                             PRECISION=1e-06,
                             REPERE='GLOBAL',
                             RESULTANTE='DX',
                             RESULTAT=r2),
                   INFO=1)

# Résultat commande #0004 (POST_RELEVE_T): tb ('<00000025>') de type <Table>
# Mémoire (Mo) :  6136.86 /  2323.14 /  3315.51 /  1358.40 (VmPeak / VmSize / Optimum / Minimum)
# Fin commande #0004   user+syst:        0.03s (syst:        0.01s, elaps:        0.01s)
# ----------------------------------------------------------------------------------------------

.. _stg1_txt34
# ----------------------------------------------------------------------------------------------
# Commande #0005 de /home/user/aas-corner-fe/wd/v8c100_TV/v8c100_TV_s07.comm.changed.py, ligne 34
tb = POST_RELEVE_T(ACTION=_F(CRITERE='RELATIF',
                             FORMAT_C='MODULE',
                             GROUP_NO='HEADV',
                             INST=0.1636363636,
                             INTITULE='R',
                             MOYE_NOEUD='OUI',
                             NOM_CHAM='REAC_NODA',
                             OPERATION='EXTRACTION',
                             PRECISION=1e-06,
                             REPERE='GLOBAL',
                             RESULTANTE='DX',
                             RESULTAT=r2),
                   INFO=1)

# Résultat commande #0005 (POST_RELEVE_T): tb ('<00000026>') de type <Table>
# Mémoire (Mo) :  6136.86 /  2323.14 /  3315.51 /  1358.40 (VmPeak / VmSize / Optimum / Minimum)
# Fin commande #0005   user+syst:        0.03s (syst:        0.00s, elaps:        0.01s)
# ----------------------------------------------------------------------------------------------

.. _stg1_txt39
# ----------------------------------------------------------------------------------------------
# Commande #0006 de /home/user/aas-corner-fe/wd/v8c100_TV/v8c100_TV_s07.comm.changed.py, ligne 39
DETRUIRE(INFO=1,
         NOM=r2)

# Mémoire (Mo) :  6136.86 /  2323.14 /  3315.51 /  1358.40 (VmPeak / VmSize / Optimum / Minimum)
# Fin commande #0006   user+syst:        0.46s (syst:        0.02s, elaps:        0.12s)
# ----------------------------------------------------------------------------------------------
/home/user/aas-corner-fe/wd/v8c100_TV/v8c100_TV_s07.comm.changed.py:56: ResourceWarning: unclosed file <_io.TextIOWrapper name='/home/user/aas-corner-fe/jobs/../results/v8c100_TV.curve' mode='a' encoding='UTF-8'>
  open(CURVE,'a').write('CURVE %g %g %g %g\n'%(tcur,tot,v['HEADT'],v['HEADV']))
AASCURVE 0.163636 72958.5 52324.8 20633.6

.. _stg1_txt76
# ----------------------------------------------------------------------------------------------
# Commande #0007 de /root/mm/envs/aster/lib/python3.14/site-packages/code_aster/CodeCommands/fin.py,
ligne 76
FIN(INFO_RESU='NON',
    RETASSAGE='NON')

Saving objects...
pi                       <class 'float'>
e                        <class 'float'>
tau                      <class 'float'>
inf                      <class 'float'>
nan                      <class 'float'>
mesh                     <class 'libaster.Mesh'>
model                    <class 'libaster.Model'>
mat                      <class 'libaster.Material'>
matH                     <class 'libaster.Material'>
matHH                    <class 'libaster.Material'>
stl                      <class 'libaster.Material'>
slvm                     <class 'libaster.Material'>
fmat                     <class 'libaster.MaterialField'>
fix                      <class 'libaster.MechanicalLoadReal'>
grp                      <class 'list'>
load                     <class 'libaster.MechanicalLoadReal'>
ramp                     <class 'libaster.Function'>
steps                    <class 'libaster.ListOfFloats'>
times                    <class 'libaster.TimesList'>
LOADS                    <class 'str'>
CURVE                    <class 'str'>
common                   <class 'dict'>
tcur                     <class 'float'>
peak                     <class 'float'>
stopped                  <class 'bool'>
TARGETS                  <class 'list'>
tn                       <class 'float'>
res                      <class 'libaster.NonLinearResult'>
v                        <class 'dict'>
tot                      <class 'float'>
line                     <class 'str'>

 ╔================================================================================================╗
 ║ <I> <CATAMESS_89>                                                                              ║
 ║                                                                                                ║
 ║ Liste des alarmes émises lors de l'exécution du calcul.                                        ║
 ║                                                                                                ║
 ║     Les alarmes que vous avez choisies d'ignorer sont précédées de (*).                        ║
 ║     Nombre d'occurrences pour chacune des alarmes :                                            ║
 ║            FACTOR_75            émise    5 fois                                                ║
 ╚================================================================================================╝

 ---------------------------------------------------------------------------
 Concepts de la base: G
    Nom        Type                Taille (Mo)         Nombre      Nombre de
                                                     d'objets       segments
    TOTAL                               753.52            552            861
  
    00000001   MAILLAGE_SDASTER          14.63             34             70
    00000002   MODELE_SDASTER            14.45             11             16
    00000003   MATER_SDASTER              0.00             15             15
    00000004   MATER_SDASTER              0.00             15             15
    00000005   MATER_SDASTER              0.00              7              7
    00000006   MATER_SDASTER              0.00              7              7
    00000007   MATER_SDASTER              0.00              7              7
    00000008   CHAM_MATER                 1.17              8             13
    00000009   CHAR_MECA                 15.45             56             76
    0000000a   CHAR_MECA                 11.45             56             76
    0000000b   FONCTION_SDASTER           0.00              3              3
    0000000c   LISTR8_SDASTER             0.00              6              6
    0000000d   LIST_INST                  0.00              8              8
    0000000e   EVOL_NOLI                623.53            253            319
    &FOZERO                               0.00              2              2
    &&_NUM_C                              0.00              1              1
    &CATA                                37.45             42            103
    &&NMDOME                              0.00              2              2
    0000000f                              0.14              2             14
    &&NMCH1P                             34.29              3              3
    00000012                              0.14              2             14
    00000024                              0.14              2             14
    00000015                              0.14              2             14
    00000018                              0.14              2             14
    0000001b                              0.14              2             14
    0000001e                              0.14              2             14
    00000021                              0.14              2             14
 (*) sous-objets non accessible directement
 ---------------------------------------------------------------------------
Nom de la base                          :  GLOBALE
     Nombre d'enregistrements utilisés       :  1113
     Nombre d'enregistrements maximum        :  2684354
     Nombre d'enregistrements par fichier    :  15728
     Longueur d'enregistrement (octets)      :  819200
     Nombre total d'accès en lecture         :  1967
     Volume des accès en lecture             :       1536.72 Mo.
     Nombre total d'accès en écriture        :  360
     Volume des accès en écriture            :        281.25 Mo.
     Nombre d'identificateurs utilisés       :  1197
     Taille maximum du répertoire            :  2000
     Pourcentage d'utilisation du répertoire :  59 %

Nom de la base                          :  VOLATILE
     Nombre d'enregistrements utilisés       :  3795
     Nombre d'enregistrements maximum        :  2684354
     Nombre d'enregistrements par fichier    :  15728
     Longueur d'enregistrement (octets)      :  819200
     Nombre total d'accès en lecture         :  10520
     Volume des accès en lecture             :       8218.75 Mo.
     Nombre total d'accès en écriture        :  15598
     Volume des accès en écriture            :      12185.94 Mo.
     Nombre d'identificateurs utilisés       :  996
     Taille maximum du répertoire            :  2000
     Pourcentage d'utilisation du répertoire :  49 %

<I> <FIN> ARRET NORMAL DANS "FIN" PAR APPEL A "JEFINI".
  
 <I> <FIN> MEMOIRE JEVEUX MINIMALE REQUISE POUR L'EXECUTION :                    1358.40 Mo
 <I> <FIN> MEMOIRE JEVEUX OPTIMALE REQUISE POUR L'EXECUTION :                    3315.51 Mo
 <I> <FIN> MAXIMUM DE MEMOIRE UTILISEE PAR LE PROCESSUS LORS DE L'EXECUTION :    6136.86 Mo
  
 <I>       FERMETURE DES BASES EFFECTUEE
  
   STATISTIQUES CONCERNANT L'ALLOCATION DYNAMIQUE :
     TAILLE CUMULEE MAXIMUM            :                 3316  Mo.
     TAILLE CUMULEE LIBEREE            :                 3353  Mo.
     NOMBRE TOTAL D'ALLOCATIONS        :              3248858
     NOMBRE TOTAL DE LIBERATIONS       :              3248858
     APPELS AU MECANISME DE LIBERATION :                   20
     TAILLE MEMOIRE CUMULEE RECUPEREE  :                17900  Mo.
     VOLUME DES LECTURES               :                    5  Mo.
     VOLUME DES ECRITURES              :                11695  Mo.
  
   MEMOIRE JEVEUX MINIMALE REQUISE POUR L'EXECUTION :    1358.40 Mo
     - IMPOSE DE NOMBREUX ACCES DISQUE
     - RALENTIT LA VITESSE D'EXECUTION
   MEMOIRE JEVEUX OPTIMALE REQUISE POUR L'EXECUTION :    3315.51 Mo
     - LIMITE LES ACCES DISQUE
     - AMELIORE LA VITESSE D'EXECUTION
   MAXIMUM DE MEMOIRE UTILISEE PAR LE PROCESSUS     :    6136.86 Mo
     - COMPREND LA MEMOIRE CONSOMMEE PAR  JEVEUX, 
       LE SUPERVISEUR PYTHON, LES LIBRAIRIES EXTERNES
  
 <I>       FIN D'EXECUTION LE : LU-28-SEPT-2026 04:26:46
Signature of pickled file   : cb3a1a2435389e42e4646622a8c862b6e608a66391c36a21be2f9592152e796d
Signature of info file      : b72a21495d3d89e61a46d0955eb2add89321ae8ba6508175dbf9857ae0fa103a
Signature of Jeveux database: aa72f73710582673bb3db7d9601756a7c803dd06157d59000b580d7ef7747fa6

 ********************************************************************************
 * COMMAND                  :       USER :     SYSTEM :   USER+SYS :    ELAPSED *
 ********************************************************************************
 * DEBUT                    :       0.22 :       0.62 :       0.84 :       0.84 *
 * STAT_NON_LINE            :    2088.30 :     404.19 :    2492.49 :     886.75 *
 * CALC_CHAMP               :       1.57 :       0.04 :       1.61 :       1.59 *
 * POST_RELEVE_T            :       0.03 :       0.01 :       0.04 :       0.01 *
 * POST_RELEVE_T            :       0.03 :       0.00 :       0.03 :       0.01 *
 * DETRUIRE                 :       0.46 :       0.02 :       0.48 :       0.12 *
 * FIN                      :       0.39 :       0.27 :       0.66 :       0.81 *
 *  . sdveri                :       0.00 :       0.00 :       0.00 :       0.00 *
 *  . cleanup               :       0.00 :       0.00 :       0.00 :       0.00 *
 *  . check syntax          :       0.05 :       0.00 :       0.05 :       0.03 *
 *  . fortran               :    2090.46 :     405.13 :    2495.59 :     889.95 *
 ********************************************************************************
 * TOTAL_JOB                :    2091.33 :     405.18 :    2496.51 :     890.34 *
 ********************************************************************************

# Mémoire (Mo) :  6136.86 /  1602.18 /  3315.51 /  1358.40 (VmPeak / VmSize / Optimum / Minimum)
# Fin commande #0007   user+syst:        0.39s (syst:        0.27s, elaps:        0.81s)
# ----------------------------------------------------------------------------------------------

EXECUTION_CODE_ASTER_EXIT_4609=0


saving result databases to 'BASE_PREC'...
execution ended (command file #8): <A>_ALARM
Running: /root/mm/envs/aster/bin/run_aster -w /home/user/aas-corner-fe/wd/v8c100_TV --status-file /root/.tmp_run_aster/run_aster_xk_uzkja/__status__ --no-mpi /root/.tmp_run_aster/run_aster_xk_uzkja/v8c100_TV.8

# ------------------------------------------------------------------------------
Execution of code_aster

# ------------------------------------------------------------------------------
Prepare environment in /home/user/aas-corner-fe/wd/v8c100_TV

# ------------------------------------------------------------------------------
Command file #9 / 22

Content of the file to execute:
# coding=utf-8
# original filename
__file__ = r"/home/user/aas-corner-fe/jobs/v8c100_TV_s08.comm"


# temporarly added for compatibility with code_aster legacy
from math import *

import code_aster
from code_aster.Commands import *
from code_aster import CA

POURSUITE(LANG='EN', PAR_LOT='NON')

LOADS='TV'
CURVE='/home/user/aas-corner-fe/jobs/../results/v8c100_TV.curve'
common=dict(MODELE=model, CHAM_MATER=fmat, EXCIT=(_F(CHARGE=fix), _F(CHARGE=load, FONC_MULT=ramp)),
        COMPORTEMENT=(_F(RELATION='ENDO_FISS_EXP', GROUP_MA=('CONC','HZ')), _F(RELATION='ELAS', GROUP_MA=('STEEL','SLV','HZH'))),
        NEWTON=_F(MATRICE='TANGENTE', REAC_ITER=1),
        CONVERGENCE=_F(RESI_GLOB_RELA=1.E-4, ITER_GLOB_MAXI=50), ARCHIVAGE=_F(PAS_ARCH=1), SOLVEUR=_F(METHODE='MUMPS', GESTION_MEMOIRE='OUT_OF_CORE', NPREC=10))
import os, re
tcur=0.0; peak=0.0; stopped=False
if os.path.exists(CURVE):
    for line in open(CURVE):
        m=re.match(r'CURVE\s+(\S+)\s+(\S+)', line)
        if m:
            tcur=max(tcur, float(m.group(1))); peak=max(peak, float(m.group(2)))
        if line.startswith('STOP'): stopped=True
def reac(res, t):
    r2=CALC_CHAMP(RESULTAT=res, FORCE='REAC_NODA', INST=t)
    vals={}
    for g in ('HEADT','HEADV'):
        try:
            tb=POST_RELEVE_T(ACTION=_F(OPERATION='EXTRACTION', INTITULE='R', RESULTAT=r2, NOM_CHAM='REAC_NODA',
                                       GROUP_NO=g, RESULTANTE='DX', INST=t)).EXTR_TABLE().values()
            vals[g]=-tb['DX'][-1]*2
        except Exception:
            vals[g]=0.
    DETRUIRE(NOM=r2)
    return vals
TARGETS=[0.1840909091]
for tn in TARGETS:
    if stopped or tn <= tcur+1e-9: continue
    try:
        if tcur < 1e-12 and '0'=='1':
            res=STAT_NON_LINE(INCREMENT=_F(LIST_INST=times, INST_FIN=tn), **common)
        else:
            res=STAT_NON_LINE(reuse=res, ETAT_INIT=_F(EVOL_NOLI=res), INCREMENT=_F(LIST_INST=times, INST_FIN=tn), **common)
    except Exception as exc:
        print('AASSTOP at', tcur, exc, flush=True)
        open(CURVE,'a').write('STOP solver %g\n'%tcur); stopped=True; break
    tcur=tn
    v=reac(res, tcur)
    tot=(v['HEADT'] if 'T' in LOADS else 0.)+(v['HEADV'] if 'V' in LOADS else 0.)
    peak=max(peak, tot)
    open(CURVE,'a').write('CURVE %g %g %g %g\n'%(tcur,tot,v['HEADT'],v['HEADV']))
    print('AASCURVE %g %g %g %g'%(tcur,tot,v['HEADT'],v['HEADV']), flush=True)
    if tot < 0.9*peak:
        open(CURVE,'a').write('STOP peak %g\n'%peak); stopped=True; break
FIN()



# ------------------------------------------------------------------------------
Command line #9:
    ulimit -c unlimited ; ulimit -t 100000 ; ( /root/mm/envs/aster/bin/python3 "v8c100_TV_s08.comm.changed.py" --memory 3000.0 --numthreads 4 --tpmax 20000 ; echo $? > _exit_code_ ) 2>&1 | tee -a fort.6
setting '--memory' value to 2700.00 MB (keyword RESERVE_MEMOIRE)
Ouverture en écriture du fichier ./vola.1

<INFO> Démarrage de l'exécution.

                       -- CODE_ASTER -- VERSION : DÉVELOPPEMENT (unstable) --                       
                               Version 18.1.6 modifiée le 14/09/2026                                
                                    révision n/a - branche 'n/a'                                    
                                     Copyright EDF 1991 - 2026                                      
                                                                                                    
                              Exécution du : Mon Sep 28 04:26:53 2026                               
                                       Nom de la machine : vm                                       
                                        Architecture : 64bit                                        
                                    Type de processeur : x86_64                                     
                Système d'exploitation : Linux-6.18.44-fc-v42-x86_64-with-glibc2.39                 
                                  Langue des messages : C (UTF-8)                                   
                                     Version de Python : 3.14.7                                     
                                      Version de NumPy : 2.5.3                                      
                                  Version de MEDCoupling : 9.16.0                                   
                                     Parallélisme MPI : inactif                                     
                                    Parallélisme OpenMP : actif                                     
                              Nombre de processus OpenMP utilisés : 4                               
                                Version de la librairie HDF5 : 2.2.0                                
                                Version de la librairie MED : 4.2.0                                 
                               Version de la librairie MFront : 5.1.0                               
                               Version de la librairie MUMPS : 5.8.2                                
                                  Librairie PETSc : non disponible                                  
                              Version de la librairie SCOTCH : 7.0.11                               

restarting from a previous execution...
/home/user/aas-corner-fe/wd/v8c100_TV/v8c100_TV_s08.comm.changed.py:13: DeprecationWarning: This feature is obsolete, 'PAR_LOT' has been removed.
  POURSUITE(LANG='EN', PAR_LOT='NON')
Valeur initiale du temps CPU maximum =   20000 secondes
  Valeur du temps CPU maximum passé aux commandes =   18000 secondes
  Réserve CPU prévue = 2000 secondes

Ouverture en lecture du fichier ./glob.1

Ajustement de la taille maximale des bases à 2048.00 Go.
    
Nom de la base                          :  GLOBALE
     Créée avec la version                   :  18.01.06
     Nombre d'enregistrements utilisés       :  1113
     Nombre d'enregistrements maximum        :  2684354
     Nombre d'enregistrements par fichier    :  15728
     Longueur d'enregistrement (octets)      :  819200
     Nombre d'identificateurs utilisés       :  1197
     Taille maximum du répertoire            :  2000
     Pourcentage d'utilisation du répertoire :  59 %

Ouverture en lecture du fichier ./glob.1

Ouverture en écriture du fichier ./vola.1

Fin de lecture (durée  0.000044  s.) 

                      Mémoire limite pour l'allocation dynamique : 3212.06 Mo                       
                         ajouté à l'initialisation du processus : 997.33 Mo                         
                               Limite cible du processus : 4209.38 Mo                               
                         Taille limite des fichiers d'échange : 2048.00 Go                          
pi                       <class 'float'>
e                        <class 'float'>
tau                      <class 'float'>
inf                      <class 'float'>
nan                      <class 'float'>
mesh                     <class 'libaster.Mesh'>
model                    <class 'libaster.Model'>
mat                      <class 'libaster.Material'>
matH                     <class 'libaster.Material'>
matHH                    <class 'libaster.Material'>
stl                      <class 'libaster.Material'>
slvm                     <class 'libaster.Material'>
fmat                     <class 'libaster.MaterialField'>
fix                      <class 'libaster.MechanicalLoadReal'>
grp                      <class 'list'>
load                     <class 'libaster.MechanicalLoadReal'>
ramp                     <class 'libaster.Function'>
steps                    <class 'libaster.ListOfFloats'>
times                    <class 'libaster.TimesList'>
LOADS                    <class 'str'>
CURVE                    <class 'str'>
common                   <class 'dict'>
tcur                     <class 'float'>
peak                     <class 'float'>
stopped                  <class 'bool'>
TARGETS                  <class 'list'>
tn                       <class 'float'>
res                      <class 'libaster.NonLinearResult'>
v                        <class 'dict'>
tot                      <class 'float'>
line                     <class 'str'>
# Mémoire (Mo) :  1591.72 /  1591.72 /   752.60 /   752.57 (VmPeak / VmSize / Optimum / Minimum)
# Fin commande #0001   user+syst:        0.30s (syst:        0.67s, elaps:        0.97s)
# ----------------------------------------------------------------------------------------------
/home/user/aas-corner-fe/wd/v8c100_TV/v8c100_TV_s08.comm.changed.py:24: ResourceWarning: unclosed file <_io.TextIOWrapper name='/home/user/aas-corner-fe/jobs/../results/v8c100_TV.curve' mode='r' encoding='UTF-8'>
  for line in open(CURVE):

.. _stg1_txt48
# ----------------------------------------------------------------------------------------------
# Commande #0002 de /home/user/aas-corner-fe/wd/v8c100_TV/v8c100_TV_s08.comm.changed.py, ligne 48
res = STAT_NON_LINE(AFFICHAGE=_F(INFO_RESIDU='NON',
                                 INFO_TEMPS='NON'),
                    ARCHIVAGE=_F(CHAM_EXCLU=('RESI_NOEU', 'RESI_RELA_NOEU'),
                                 PAS_ARCH=1),
                    CHAM_MATER=fmat,
                    COMPORTEMENT=(_F(DEFORMATION='PETIT',
                                     GROUP_MA=('CONC', 'HZ'),
                                     ITER_CPLAN_MAXI=10,
                                     ITER_INTE_MAXI=20,
                                     ITER_INTE_PAS=0,
                                     PARM_THETA=1.0,
                                     REGU_VISC='NON',
                                     RELATION='ENDO_FISS_EXP',
                                     RESI_CPLAN_RELA=1e-06,
                                     RESI_INTE=1e-06),
                                  _F(DEFORMATION='PETIT',
                                     GROUP_MA=('STEEL', 'SLV', 'HZH'),
                                     ITER_CPLAN_MAXI=10,
                                     ITER_INTE_MAXI=20,
                                     ITER_INTE_PAS=0,
                                     PARM_THETA=1.0,
                                     REGU_VISC='NON',
                                     RELATION='ELAS',
                                     RESI_CPLAN_RELA=1e-06,
                                     RESI_INTE=1e-06)),
                    CONVERGENCE=_F(ARRET='OUI',
                                   ITER_GLOB_ELAS=25,
                                   ITER_GLOB_MAXI=50,
                                   RESI_GLOB_RELA=0.0001,
                                   VERIF='TOUT'),
                    ETAT_INIT=_F(EVOL_NOLI=res),
                    EXCIT=(_F(CHARGE='<00000009>',
                              TYPE_CHARGE='FIXE_CSTE'),
                           _F(CHARGE='<0000000a>',
                              FONC_MULT=ramp,
                              TYPE_CHARGE='FIXE_CSTE')),
                    INCREMENT=_F(CRITERE='RELATIF',
                                 INST_FIN=0.1840909091,
                                 INST_INIT=0.1636363636363636,
                                 LIST_INST=times,
                                 PRECISION=1e-06),
                    MESURE=_F(TABLE='NON'),
                    METHODE='NEWTON',
                    MODELE=model,
                    NEWTON=_F(MATRICE='TANGENTE',
                              MATR_RIGI_SYME='NON',
                              REAC_INCR=1,
                              REAC_ITER=1,
                              REAC_ITER_ELAS=0),
                    SOLVEUR=_F(ACCELERATION='AUTO',
                               ELIM_LAGR='LAGR2',
                               FILTRAGE_MATRICE=-1.0,
                               GESTION_MEMOIRE='OUT_OF_CORE',
                               LOW_RANK_SEUIL=0.0,
                               MATR_DISTRIBUEE='NON',
                               METHODE='MUMPS',
                               MIXER_PRECISION='NON',
                               NB_RHS=1,
                               NPREC=10,
                               PCENT_PIVOT=35,
                               POSTTRAITEMENTS='AUTO',
                               PRETRAITEMENTS='AUTO',
                               REDUCTION_MPI=0,
                               RENUM='AUTO',
                               RESI_RELA=-1.0,
                               STOP_SINGULIER='OUI',
                               TYPE_RESOL='AUTO'),
                    reuse=res)

Liste des comportements

Affecté sur 85588 éléments
Relation                             : ENDO_FISS_EXP
Déformation                          : PETIT
Pas de régularisation visqueuse
Pas de post-traitement à la fin du pas de temps
Nombre total de variables internes   : 9
V1 : ENDO
V2 : INDIENDO
V3 : ENDORIGI
V4 : EPSEXX
V5 : EPSEYY
V6 : EPSEZZ
V7 : EPSEXY
V8 : EPSEXZ
V9 : EPSEYZ
Affecté sur 11341 éléments
Relation                             : ELAS
Déformation                          : PETIT
Pas de régularisation visqueuse
Pas de post-traitement à la fin du pas de temps
Nombre total de variables internes   : 1
V1 : VIDE
Le système linéaire à résoudre a 456148 degrés de liberté:
   - 438438 sont des degrés de liberté physiques
     (ils sont portés par 135682 noeuds du maillage)
   - 17710 sont les couples de paramètres de Lagrange associés
     aux 8855 relations linéaires dualisées.
La matrice est de taille 456148 équations.
  Elle contient 23709453 termes non nuls si elle est symétrique et 46962758 termes non nuls si elle
n'est pas symétrique.
  Soit un taux de remplissage de   0.023 %.
Lecture de l'état initial
L'état initial a été récupéré dans la structure de données résultat de nom <0000000e> pour le numéro
d'ordre 8 et à l'instant  1.636363636364e-01
Le champ <DEPL> est lu dans ETAT_INIT dans la structure de données résultat donné dans la commande.
Le champ <SIEF_ELGA> est lu dans ETAT_INIT dans la structure de données résultat donné dans la
commande.
Le champ <VARI_ELGA> est lu dans ETAT_INIT dans la structure de données résultat donné dans la
commande.
---------------------------------------------------------------------
Instant de calcul:  1.840909090909e-01 - Niveau de découpe: 1

---------------------------------------------------------------------
|     NEWTON     |     RESIDU     |     RESIDU     |     OPTION     |
|    ITERATION   |     RELATIF    |     ABSOLU     |   ASSEMBLAGE   |
|                | RESI_GLOB_RELA | RESI_GLOB_MAXI |(+ TYPE MATRICE)|
---------------------------------------------------------------------
La mémoire consommée actuellement hors JEVEUX est de 1181.33 Mo.
La mémoire limite pour l'allocation dynamique est fixée à 3028.06 Mo (-340.29 Mo).
Cette valeur limite a été réactualisée lors de la mise en oeuvre d'un processus de libération.


 ╔================================================================================================╗
 ║ <A> <FACTOR_75>                                                                                ║
 ║                                                                                                ║
 ║ Attention, vous avez demandé un calcul OUT_OF_CORE, mais MUMPS estime avoir besoin pour cela   ║
 ║ d'au moins                                                                                     ║
 ║   3912 Mo  alors qu'il n'y a que 1630 Mo de disponible sur ce processeur !                     ║
 ║   Le calcul pourrait donc être ralenti ou s'arrêter pour cette raison.                         ║
 ║                                                                                                ║
 ║   Pour information: mémoire déjà pré-allouée par MUMPS (exécutable, matrice...)= 579 Mo,       ║
 ║                     nombre de systèmes linéaires à factoriser en même temps    = 1.            ║
 ║                                                                                                ║
 ║ Conseils :                                                                                     ║
 ║   La prochaine fois, relancez avec plus de mémoire globale ou avec une option de calcul plus   ║
 ║ économe                                                                                        ║
 ║   (par ordre décroissant d'efficacité):                                                        ║
 ║    - Si le calcul est parallèle, réduisez la consommation MUMPS en augmentant le nombre de     ║
 ║ processeurs,                                                                                   ║
 ║    - Si le calcul est parallèle, réduisez la consommation Aster en activant l'option           ║
 ║ SOLVEUR/MATR_DISTRIBUEE,                                                                       ║
 ║   Ou, plus radicalement:                                                                       ║
 ║    - Utilisez un solveur moins exigeant en mémoire (par exemple: SOLVEUR/METHODE='PETSC' +     ║
 ║ PRECOND='LDLT_SP').                                                                            ║
 ║                                                                                                ║
 ║                                                                                                ║
 ║ Ceci est une alarme. Si vous ne comprenez pas le sens de cette                                 ║
 ║ alarme, vous pouvez obtenir des résultats inattendus !                                         ║
 ╚================================================================================================╝

|     0        X | 1.84813E-02  X | 3.67591E+01    |TANGENTE (NOSYM)|

 ╔================================================================================================╗
 ║ <A> <FACTOR_75>                                                                                ║
 ║                                                                                                ║
 ║ Attention, vous avez demandé un calcul OUT_OF_CORE, mais MUMPS estime avoir besoin pour cela   ║
 ║ d'au moins                                                                                     ║
 ║   3916 Mo  alors qu'il n'y a que 1421 Mo de disponible sur ce processeur !                     ║
 ║   Le calcul pourrait donc être ralenti ou s'arrêter pour cette raison.                         ║
 ║                                                                                                ║
 ║   Pour information: mémoire déjà pré-allouée par MUMPS (exécutable, matrice...)= 582 Mo,       ║
 ║                     nombre de systèmes linéaires à factoriser en même temps    = 1.            ║
 ║                                                                                                ║
 ║ Conseils :                                                                                     ║
 ║   La prochaine fois, relancez avec plus de mémoire globale ou avec une option de calcul plus   ║
 ║ économe                                                                                        ║
 ║   (par ordre décroissant d'efficacité):                                                        ║
 ║    - Si le calcul est parallèle, réduisez la consommation MUMPS en augmentant le nombre de     ║
 ║ processeurs,                                                                                   ║
 ║    - Si le calcul est parallèle, réduisez la consommation Aster en activant l'option           ║
 ║ SOLVEUR/MATR_DISTRIBUEE,                                                                       ║
 ║   Ou, plus radicalement:                                                                       ║
 ║    - Utilisez un solveur moins exigeant en mémoire (par exemple: SOLVEUR/METHODE='PETSC' +     ║
 ║ PRECOND='LDLT_SP').                                                                            ║
 ║                                                                                                ║
 ║                                                                                                ║
 ║ Ceci est une alarme. Si vous ne comprenez pas le sens de cette                                 ║
 ║ alarme, vous pouvez obtenir des résultats inattendus !                                         ║
 ╚================================================================================================╝

|     1        X | 8.50063E-02  X | 1.68668E+02    |TANGENTE (NOSYM)|

 ╔================================================================================================╗
 ║ <A> <FACTOR_75>                                                                                ║
 ║                                                                                                ║
 ║ Attention, vous avez demandé un calcul OUT_OF_CORE, mais MUMPS estime avoir besoin pour cela   ║
 ║ d'au moins                                                                                     ║
 ║   3916 Mo  alors qu'il n'y a que 1411 Mo de disponible sur ce processeur !                     ║
 ║   Le calcul pourrait donc être ralenti ou s'arrêter pour cette raison.                         ║
 ║                                                                                                ║
 ║   Pour information: mémoire déjà pré-allouée par MUMPS (exécutable, matrice...)= 582 Mo,       ║
 ║                     nombre de systèmes linéaires à factoriser en même temps    = 1.            ║
 ║                                                                                                ║
 ║ Conseils :                                                                                     ║
 ║   La prochaine fois, relancez avec plus de mémoire globale ou avec une option de calcul plus   ║
 ║ économe                                                                                        ║
 ║   (par ordre décroissant d'efficacité):                                                        ║
 ║    - Si le calcul est parallèle, réduisez la consommation MUMPS en augmentant le nombre de     ║
 ║ processeurs,                                                                                   ║
 ║    - Si le calcul est parallèle, réduisez la consommation Aster en activant l'option           ║
 ║ SOLVEUR/MATR_DISTRIBUEE,                                                                       ║
 ║   Ou, plus radicalement:                                                                       ║
 ║    - Utilisez un solveur moins exigeant en mémoire (par exemple: SOLVEUR/METHODE='PETSC' +     ║
 ║ PRECOND='LDLT_SP').                                                                            ║
 ║                                                                                                ║
 ║                                                                                                ║
 ║ Ceci est une alarme. Si vous ne comprenez pas le sens de cette                                 ║
 ║ alarme, vous pouvez obtenir des résultats inattendus !                                         ║
 ╚================================================================================================╝

|     2        X | 1.10935E-02  X | 2.19869E+01    |TANGENTE (NOSYM)|

 ╔================================================================================================╗
 ║ <A> <FACTOR_75>                                                                                ║
 ║                                                                                                ║
 ║ Attention, vous avez demandé un calcul OUT_OF_CORE, mais MUMPS estime avoir besoin pour cela   ║
 ║ d'au moins                                                                                     ║
 ║   3916 Mo  alors qu'il n'y a que 1414 Mo de disponible sur ce processeur !                     ║
 ║   Le calcul pourrait donc être ralenti ou s'arrêter pour cette raison.                         ║
 ║                                                                                                ║
 ║   Pour information: mémoire déjà pré-allouée par MUMPS (exécutable, matrice...)= 582 Mo,       ║
 ║                     nombre de systèmes linéaires à factoriser en même temps    = 1.            ║
 ║                                                                                                ║
 ║ Conseils :                                                                                     ║
 ║   La prochaine fois, relancez avec plus de mémoire globale ou avec une option de calcul plus   ║
 ║ économe                                                                                        ║
 ║   (par ordre décroissant d'efficacité):                                                        ║
 ║    - Si le calcul est parallèle, réduisez la consommation MUMPS en augmentant le nombre de     ║
 ║ processeurs,                                                                                   ║
 ║    - Si le calcul est parallèle, réduisez la consommation Aster en activant l'option           ║
 ║ SOLVEUR/MATR_DISTRIBUEE,                                                                       ║
 ║   Ou, plus radicalement:                                                                       ║
 ║    - Utilisez un solveur moins exigeant en mémoire (par exemple: SOLVEUR/METHODE='PETSC' +     ║
 ║ PRECOND='LDLT_SP').                                                                            ║
 ║                                                                                                ║
 ║                                                                                                ║
 ║ Ceci est une alarme. Si vous ne comprenez pas le sens de cette                                 ║
 ║ alarme, vous pouvez obtenir des résultats inattendus !                                         ║
 ╚================================================================================================╝

|     3        X | 5.30831E-03  X | 1.05136E+01    |TANGENTE (NOSYM)|

 ╔================================================================================================╗
 ║ <A> <FACTOR_75>                                                                                ║
 ║                                                                                                ║
 ║ Attention, vous avez demandé un calcul OUT_OF_CORE, mais MUMPS estime avoir besoin pour cela   ║
 ║ d'au moins                                                                                     ║
 ║   3916 Mo  alors qu'il n'y a que 1411 Mo de disponible sur ce processeur !                     ║
 ║   Le calcul pourrait donc être ralenti ou s'arrêter pour cette raison.                         ║
 ║                                                                                                ║
 ║   Pour information: mémoire déjà pré-allouée par MUMPS (exécutable, matrice...)= 583 Mo,       ║
 ║                     nombre de systèmes linéaires à factoriser en même temps    = 1.            ║
 ║                                                                                                ║
 ║ Conseils :                                                                                     ║
 ║   La prochaine fois, relancez avec plus de mémoire globale ou avec une option de calcul plus   ║
 ║ économe                                                                                        ║
 ║   (par ordre décroissant d'efficacité):                                                        ║
 ║    - Si le calcul est parallèle, réduisez la consommation MUMPS en augmentant le nombre de     ║
 ║ processeurs,                                                                                   ║
 ║    - Si le calcul est parallèle, réduisez la consommation Aster en activant l'option           ║
 ║ SOLVEUR/MATR_DISTRIBUEE,                                                                       ║
 ║   Ou, plus radicalement:                                                                       ║
 ║    - Utilisez un solveur moins exigeant en mémoire (par exemple: SOLVEUR/METHODE='PETSC' +     ║
 ║ PRECOND='LDLT_SP').                                                                            ║
 ║                                                                                                ║
 ║                                                                                                ║
 ║ Ceci est une alarme. Si vous ne comprenez pas le sens de cette                                 ║
 ║ alarme, vous pouvez obtenir des résultats inattendus !                                         ║
 ╚================================================================================================╝


 ╔================================================================================================╗
 ║ <A> <CATAMESS_41>                                                                              ║
 ║                                                                                                ║
 ║ Le message d'alarme 'FACTOR_75' a été émis 5 fois, il ne sera plus affiché.                    ║
 ║                                                                                                ║
 ║                                                                                                ║
 ║ Ceci est une alarme. Si vous ne comprenez pas le sens de cette                                 ║
 ║ alarme, vous pouvez obtenir des résultats inattendus !                                         ║
 ╚================================================================================================╝

|     4        X | 1.47967E-03  X | 2.93041E+00    |TANGENTE (NOSYM)|
|     5        X | 2.01834E-04  X | 3.99725E-01    |TANGENTE (NOSYM)|
|     6        X | 1.40603E-04  X | 2.78460E-01    |TANGENTE (NOSYM)|
