WARNING: If MPI_Abort is called during execution, result files could not be copied.
Running: /root/mm/envs/aster/bin/run_aster -w /home/user/aas-corner-fe/wd/v8c100_V --status-file /root/.tmp_run_aster/run_aster_x0avemju/__status__ --no-mpi /root/.tmp_run_aster/run_aster_x0avemju/v8c100_V.0

# ------------------------------------------------------------------------------
Execution of code_aster

# ------------------------------------------------------------------------------
Prepare environment in /home/user/aas-corner-fe/wd/v8c100_V

# ------------------------------------------------------------------------------
Command file #1 / 15

Content of the file to execute:
# coding=utf-8
# original filename
__file__ = r"/home/user/aas-corner-fe/jobs/v8c100_V_s00.comm"


# temporarly added for compatibility with code_aster legacy
from math import *

import code_aster
from code_aster.Commands import *
from code_aster import CA

DEBUT(LANG='EN', PAR_LOT='NON')
mesh=LIRE_MAILLAGE(UNITE=20, FORMAT='MED')
mesh=DEFI_GROUP(reuse=mesh, MAILLAGE=mesh, CREA_GROUP_NO=_F(GROUP_MA=('SYMZ','FARX','FARY','HEADT','HEADV')))
model=AFFE_MODELE(MAILLAGE=mesh, AFFE=(
    _F(GROUP_MA=('CONC','HZ'), PHENOMENE='MECANIQUE', MODELISATION='3D_GRAD_VARI'),
    _F(GROUP_MA=('STEEL','SLV','HZH'), PHENOMENE='MECANIQUE', MODELISATION='3D')))
mat=DEFI_MATER_GC(ENDO_FISS_EXP=_F(E=32836.56803133079, NU=0.2, FT=2.896468153816889, FC=38.0, GF=0.14050245330952899, P=1.5, LARG_BANDE=12, REST_RIGI_FC=0.))
matH=DEFI_MATER_GC(ENDO_FISS_EXP=_F(E=32836.56803133079, NU=0.2, FT=2.896468153816889, FC=76.0, GF=0.14050245330952899, P=1.5, LARG_BANDE=12, REST_RIGI_FC=0.))
matHH=DEFI_MATERIAU(ELAS=_F(E=32836.56803133079, NU=0.2))
stl=DEFI_MATERIAU(ELAS=_F(E=210000., NU=0.3))
slvm=DEFI_MATERIAU(ELAS=_F(E=10., NU=0.3))
fmat=AFFE_MATERIAU(MAILLAGE=mesh, AFFE=(_F(GROUP_MA='CONC', MATER=mat), _F(GROUP_MA='HZ', MATER=matH), _F(GROUP_MA='HZH', MATER=matHH), _F(GROUP_MA='STEEL', MATER=stl), _F(GROUP_MA='SLV', MATER=slvm)))
fix=AFFE_CHAR_MECA(MODELE=model, DDL_IMPO=(_F(GROUP_MA='SYMZ', DZ=0.), _F(GROUP_MA='FARX', DX=0.), _F(GROUP_MA='FARY', DY=0.)))
grp=[]
if 'T' in 'V': grp.append('HEADT')
if 'V' in 'V': grp.append('HEADV')
load=AFFE_CHAR_MECA(MODELE=model, DDL_IMPO=tuple(_F(GROUP_MA=g, DX=-1) for g in grp))
ramp=DEFI_FONCTION(NOM_PARA='INST', VALE=(0.,0.,0.45,0.45))
steps=DEFI_LIST_REEL(DEBUT=0., INTERVALLE=_F(JUSQU_A=0.45, NOMBRE=15))
times=DEFI_LIST_INST(DEFI_LIST=_F(LIST_INST=steps), ECHEC=_F(EVENEMENT='ERREUR', ACTION='DECOUPE', SUBD_METHODE='MANUEL', SUBD_PAS=2, SUBD_NIVEAU=5))

LOADS='V'
CURVE='/home/user/aas-corner-fe/jobs/../results/v8c100_V.curve'
common=dict(MODELE=model, CHAM_MATER=fmat, EXCIT=(_F(CHARGE=fix), _F(CHARGE=load, FONC_MULT=ramp)),
        COMPORTEMENT=(_F(RELATION='ENDO_FISS_EXP', GROUP_MA=('CONC','HZ')), _F(RELATION='ELAS', GROUP_MA=('STEEL','SLV','HZH'))),
        NEWTON=_F(MATRICE='TANGENTE', REAC_ITER=1),
        CONVERGENCE=_F(RESI_GLOB_RELA=1.E-4, ITER_GLOB_MAXI=30), ARCHIVAGE=_F(PAS_ARCH=1), SOLVEUR=_F(METHODE='MUMPS', GESTION_MEMOIRE='OUT_OF_CORE'))
import os, re
tcur=0.0; peak=0.0; stopped=False
if os.path.exists(CURVE):
    for line in open(CURVE):
        m=re.match(r'CURVE\s+(\S+)\s+(\S+)', line)
        if m:
            tcur=max(tcur, float(m.group(1))); peak=max(peak, float(m.group(2)))
        if line.startswith('STOP'): stopped=True
def reac(res, t):
    r2=CALC_CHAMP(RESULTAT=res, FORCE='REAC_NODA', INST=t)
    vals={}
    for g in ('HEADT','HEADV'):
        try:
            tb=POST_RELEVE_T(ACTION=_F(OPERATION='EXTRACTION', INTITULE='R', RESULTAT=r2, NOM_CHAM='REAC_NODA',
                                       GROUP_NO=g, RESULTANTE='DX', INST=t)).EXTR_TABLE().values()
            vals[g]=-tb['DX'][-1]*2
        except Exception:
            vals[g]=0.
    DETRUIRE(NOM=r2)
    return vals
TARGETS=[0.03]
for tn in TARGETS:
    if stopped or tn <= tcur+1e-9: continue
    try:
        if tcur < 1e-12 and '1'=='1':
            res=STAT_NON_LINE(INCREMENT=_F(LIST_INST=times, INST_FIN=tn), **common)
        else:
            res=STAT_NON_LINE(reuse=res, ETAT_INIT=_F(EVOL_NOLI=res), INCREMENT=_F(LIST_INST=times, INST_FIN=tn), **common)
    except Exception as exc:
        print('AASSTOP at', tcur, exc, flush=True)
        open(CURVE,'a').write('STOP solver %g\n'%tcur); stopped=True; break
    tcur=tn
    v=reac(res, tcur)
    tot=(v['HEADT'] if 'T' in LOADS else 0.)+(v['HEADV'] if 'V' in LOADS else 0.)
    peak=max(peak, tot)
    open(CURVE,'a').write('CURVE %g %g %g %g\n'%(tcur,tot,v['HEADT'],v['HEADV']))
    print('AASCURVE %g %g %g %g'%(tcur,tot,v['HEADT'],v['HEADV']), flush=True)
    if tot < 0.9*peak:
        open(CURVE,'a').write('STOP peak %g\n'%peak); stopped=True; break
FIN()



# ------------------------------------------------------------------------------
Command line #1:
    ulimit -c unlimited ; ulimit -t 25000 ; ( /root/mm/envs/aster/bin/python3 "v8c100_V_s00.comm.changed.py" --link="F::mmed::/home/user/aas-corner-fe/jobs/../mesh/m8_h100_d16_ct100_e100.med::D::20" --memory 3000.0 --numthreads 1 --tpmax 20000 ; echo $? > _exit_code_ ) 2>&1 | tee -a fort.6
setting '--memory' value to 2700.00 MB (keyword RESERVE_MEMOIRE)
copying (shutil) '/home/user/aas-corner-fe/jobs/../mesh/m8_h100_d16_ct100_e100.med' to 'fort.20'...
Ouverture en écriture du fichier ./vola.1

<INFO> Démarrage de l'exécution.

                       -- CODE_ASTER -- VERSION : DÉVELOPPEMENT (unstable) --                       
                               Version 18.1.6 modifiée le 14/09/2026                                
                                    révision n/a - branche 'n/a'                                    
                                     Copyright EDF 1991 - 2026                                      
                                                                                                    
                              Exécution du : Sun Sep 27 00:42:48 2026                               
                                       Nom de la machine : vm                                       
                                        Architecture : 64bit                                        
                                    Type de processeur : x86_64                                     
                Système d'exploitation : Linux-6.18.44-fc-v37-x86_64-with-glibc2.39                 
                                  Langue des messages : C (UTF-8)                                   
                                     Version de Python : 3.14.7                                     
                                      Version de NumPy : 2.5.3                                      
                                  Version de MEDCoupling : 9.16.0                                   
                                     Parallélisme MPI : inactif                                     
                                    Parallélisme OpenMP : actif                                     
                              Nombre de processus OpenMP utilisés : 1                               
                                Version de la librairie HDF5 : 2.2.0                                
                                Version de la librairie MED : 4.2.0                                 
                               Version de la librairie MFront : 5.1.0                               
                               Version de la librairie MUMPS : 5.8.2                                
                                  Librairie PETSc : non disponible                                  
                              Version de la librairie SCOTCH : 7.0.11                               

starting the execution...
/home/user/aas-corner-fe/wd/v8c100_V/v8c100_V_s00.comm.changed.py:13: DeprecationWarning: This feature is obsolete, 'PAR_LOT' has been removed.
  DEBUT(LANG='EN', PAR_LOT='NON')
Valeur initiale du temps CPU maximum =   20000 secondes
  Valeur du temps CPU maximum passé aux commandes =   18000 secondes
  Réserve CPU prévue = 2000 secondes

Ouverture en écriture du fichier ./glob.1

Ouverture en écriture du fichier ./vola.1

Ouverture en lecture du fichier /root/mm/envs/aster/lib/elem.1

Nom de la base                          :  ELEMBASE
     Créée avec la version                   :  18.01.06
     Nombre d'enregistrements utilisés       :  54
     Nombre d'enregistrements maximum        :  512
     Nombre d'enregistrements par fichier    :  512
     Longueur d'enregistrement (octets)      :  819200
     Nombre d'identificateurs utilisés       :  123
     Taille maximum du répertoire            :  300
     Pourcentage d'utilisation du répertoire :  41 %

Ouverture en lecture du fichier /root/mm/envs/aster/lib/elem.1

Nom de la base                          :  ELEMBASE
     Nombre d'enregistrements utilisés       :  54
     Nombre d'enregistrements maximum        :  512
     Nombre d'enregistrements par fichier    :  512
     Longueur d'enregistrement (octets)      :  819200
     Nombre total d'accès en lecture         :  72
     Volume des accès en lecture             :         56.25 Mo.
     Nombre total d'accès en écriture        :  0
     Volume des accès en écriture            :          0.00 Mo.
     Nombre d'identificateurs utilisés       :  123
     Taille maximum du répertoire            :  300
     Pourcentage d'utilisation du répertoire :  41 %

Relecture des catalogues des éléments faite.

Fin de lecture (durée  0.241598  s.) 

                      Mémoire limite pour l'allocation dynamique : 3258.98 Mo                       
                         ajouté à l'initialisation du processus : 735.97 Mo                         
                               Limite cible du processus : 3994.95 Mo                               
                         Taille limite des fichiers d'échange : 2048.00 Go                          
# Mémoire (Mo) :   735.97 /   726.65 /   216.07 /   186.93 (VmPeak / VmSize / Optimum / Minimum)
# Fin commande #0001   user+syst:        0.06s (syst:        1.92s, elaps:        2.00s)
# ----------------------------------------------------------------------------------------------

.. _stg1_txt14
# ----------------------------------------------------------------------------------------------
# Commande #0002 de /home/user/aas-corner-fe/wd/v8c100_V/v8c100_V_s00.comm.changed.py, ligne 14
mesh = LIRE_MAILLAGE(FORMAT='MED',
                     INFO=1,
                     INFO_MED=0,
                     PARTITIONNEUR='SANS',
                     UNITE=20,
                     VERI_MAIL=_F(APLAT=0.001,
                                  VERIF='OUI'))

Nom MED du maillage : untitled


------------ MAILLAGE 00000001 - IMPRESSIONS NIVEAU  1 ------------


NOMBRE DE NOEUDS                      135682

NOMBRE DE MAILLES                     101263
                              TRIA6                4334
                              TETRA10             96929

NOMBRE DE GROUPES DE MAILLES              10

--------------------------------------------------------------------------------

Vérification du maillage.

# Résultat commande #0002 (LIRE_MAILLAGE): mesh ('<00000001>') de type <Mesh>
# Mémoire (Mo) :  1155.78 /   753.91 /   234.76 /   196.52 (VmPeak / VmSize / Optimum / Minimum)
# Fin commande #0002   user+syst:        1.15s (syst:        1.86s, elaps:        3.03s)
# ----------------------------------------------------------------------------------------------

.. _stg1_txt15
# ----------------------------------------------------------------------------------------------
# Commande #0003 de /home/user/aas-corner-fe/wd/v8c100_V/v8c100_V_s00.comm.changed.py, ligne 15
mesh = DEFI_GROUP(ALARME='OUI',
                  CREA_GROUP_NO=_F(CRIT_NOEUD='TOUS',
                                   GROUP_MA=('SYMZ', 'FARX', 'FARY', 'HEADT', 'HEADV')),
                  MAILLAGE=mesh,
                  reuse=mesh)



NOMBRE  DE GROUPES DE NOEUDS CREES :      5
=======================================

               ------------------------------------------------------
               !         NOM DU GROUPE         ! NBRE DE NOEUDS DU  !
               !            NOEUDS             !      GROUPE_NO     !
               ------------------------------------------------------
               !  SYMZ                         !      8220          !
               !  FARX                         !       249          !
               !  FARY                         !       249          !
               !  HEADT                        !       122          !
               !  HEADV                        !        15          !
               ------------------------------------------------------

# Résultat commande #0003 (DEFI_GROUP): mesh ('<00000001>') de type <Mesh>
# Mémoire (Mo) :  1155.78 /   753.91 /   234.76 /   196.52 (VmPeak / VmSize / Optimum / Minimum)
# Fin commande #0003   user+syst:        0.02s (syst:        0.00s, elaps:        0.02s)
# ----------------------------------------------------------------------------------------------

.. _stg1_txt16
# ----------------------------------------------------------------------------------------------
# Commande #0004 de /home/user/aas-corner-fe/wd/v8c100_V/v8c100_V_s00.comm.changed.py, ligne 16
model = AFFE_MODELE(AFFE=(_F(GROUP_MA=('CONC', 'HZ'),
                             MODELISATION='3D_GRAD_VARI',
                             PHENOMENE='MECANIQUE'),
                          _F(GROUP_MA=('STEEL', 'SLV', 'HZH'),
                             MODELISATION='3D',
                             PHENOMENE='MECANIQUE')),
                    DISTRIBUTION=_F(METHODE='SOUS_DOMAINE',
                                    PARTITIONNEUR='METIS'),
                    INFO=1,
                    MAILLAGE=mesh,
                    VERI_FORMULATION_IFS='OUI',
                    VERI_JACOBIEN='OUI',
                    VERI_NORM_IFS='OUI',
                    VERI_PLAN='OUI')

Sur les 101263 mailles du maillage 00000001, on a demandé l'affectation de 96929, on a pu en
affecter 96929.
Modélisation     Formulation      Type maille  Élément fini     Nombre
3D               _                TETRA10      MECA_TETRA10     11341
3D_GRAD_VARI     _                TETRA10      MVCA_TETRA10     85588
#2      Calculs elementaires et assemblages               CPU (USER+SYST/SYST/ELAPS):      0.06      0.01      0.06
# Résultat commande #0004 (AFFE_MODELE): model ('<00000002>') de type <Model>
# Mémoire (Mo) :  1155.78 /   896.32 /   240.82 /   224.34 (VmPeak / VmSize / Optimum / Minimum)
# Fin commande #0004   user+syst:        0.56s (syst:        0.01s, elaps:        0.56s)
# ----------------------------------------------------------------------------------------------

.. _stg1_txt19
# ----------------------------------------------------------------------------------------------
# Commande #0005 de /home/user/aas-corner-fe/wd/v8c100_V/v8c100_V_s00.comm.changed.py, ligne 19
mat = DEFI_MATER_GC(ENDO_FISS_EXP=_F(COEF_RIGI_MINI=0.0,
                                     E=32836.56803133079,
                                     FC=38.0,
                                     FT=2.896468153816889,
                                     GF=0.14050245330952899,
                                     LARG_BANDE=12,
                                     NU=0.2,
                                     P=1.5,
                                     REST_RIGI_FC=0.0),
                    INFO=1)

# Résultat commande #0005 (DEFI_MATER_GC): mat ('<00000003>') de type <Material>
# Mémoire (Mo) :  1155.78 /   896.32 /   240.82 /   224.34 (VmPeak / VmSize / Optimum / Minimum)
# Fin commande #0005   user+syst:        0.01s (syst:        0.00s, elaps:        0.02s)
# ----------------------------------------------------------------------------------------------

.. _stg1_txt20
# ----------------------------------------------------------------------------------------------
# Commande #0007 de /home/user/aas-corner-fe/wd/v8c100_V/v8c100_V_s00.comm.changed.py, ligne 20
matH = DEFI_MATER_GC(ENDO_FISS_EXP=_F(COEF_RIGI_MINI=0.0,
                                      E=32836.56803133079,
                                      FC=76.0,
                                      FT=2.896468153816889,
                                      GF=0.14050245330952899,
                                      LARG_BANDE=12,
                                      NU=0.2,
                                      P=1.5,
                                      REST_RIGI_FC=0.0),
                     INFO=1)

# Résultat commande #0007 (DEFI_MATER_GC): matH ('<00000004>') de type <Material>
# Mémoire (Mo) :  1155.78 /   896.32 /   240.82 /   224.34 (VmPeak / VmSize / Optimum / Minimum)
# Fin commande #0007   user+syst:        0.00s (syst:        0.00s, elaps:        0.00s)
# ----------------------------------------------------------------------------------------------

.. _stg1_txt21
# ----------------------------------------------------------------------------------------------
# Commande #0009 de /home/user/aas-corner-fe/wd/v8c100_V/v8c100_V_s00.comm.changed.py, ligne 21
matHH = DEFI_MATERIAU(ELAS=_F(B_ENDOGE=0.0,
                              COEF_AMOR=1.0,
                              E=32836.56803133079,
                              K_DESSIC=0.0,
                              NU=0.2),
                      INFO=1)

# Résultat commande #0009 (DEFI_MATERIAU): matHH ('<00000005>') de type <Material>
# Mémoire (Mo) :  1155.78 /   896.32 /   240.82 /   224.34 (VmPeak / VmSize / Optimum / Minimum)
# Fin commande #0009   user+syst:        0.01s (syst:        0.00s, elaps:        0.00s)
# ----------------------------------------------------------------------------------------------

.. _stg1_txt22
# ----------------------------------------------------------------------------------------------
# Commande #0010 de /home/user/aas-corner-fe/wd/v8c100_V/v8c100_V_s00.comm.changed.py, ligne 22
stl = DEFI_MATERIAU(ELAS=_F(B_ENDOGE=0.0,
                            COEF_AMOR=1.0,
                            E=210000.0,
                            K_DESSIC=0.0,
                            NU=0.3),
                    INFO=1)

# Résultat commande #0010 (DEFI_MATERIAU): stl ('<00000006>') de type <Material>
# Mémoire (Mo) :  1155.78 /   896.32 /   240.82 /   224.34 (VmPeak / VmSize / Optimum / Minimum)
# Fin commande #0010   user+syst:        0.00s (syst:        0.00s, elaps:        0.00s)
# ----------------------------------------------------------------------------------------------

.. _stg1_txt23
# ----------------------------------------------------------------------------------------------
# Commande #0011 de /home/user/aas-corner-fe/wd/v8c100_V/v8c100_V_s00.comm.changed.py, ligne 23
slvm = DEFI_MATERIAU(ELAS=_F(B_ENDOGE=0.0,
                             COEF_AMOR=1.0,
                             E=10.0,
                             K_DESSIC=0.0,
                             NU=0.3),
                     INFO=1)

# Résultat commande #0011 (DEFI_MATERIAU): slvm ('<00000007>') de type <Material>
# Mémoire (Mo) :  1155.78 /   896.32 /   240.82 /   224.34 (VmPeak / VmSize / Optimum / Minimum)
# Fin commande #0011   user+syst:        0.00s (syst:        0.00s, elaps:        0.01s)
# ----------------------------------------------------------------------------------------------

.. _stg1_txt24
# ----------------------------------------------------------------------------------------------
# Commande #0012 de /home/user/aas-corner-fe/wd/v8c100_V/v8c100_V_s00.comm.changed.py, ligne 24
fmat = AFFE_MATERIAU(AFFE=(_F(GROUP_MA='CONC',
                              MATER=mat),
                           _F(GROUP_MA='HZ',
                              MATER=matH),
                           _F(GROUP_MA='HZH',
                              MATER=matHH),
                           _F(GROUP_MA='STEEL',
                              MATER=stl),
                           _F(GROUP_MA='SLV',
                              MATER=slvm)),
                     INFO=1,
                     MAILLAGE=mesh)

# Résultat commande #0012 (AFFE_MATERIAU): fmat ('<00000008>') de type <MaterialField>
# Mémoire (Mo) :  1155.78 /   897.49 /   240.82 /   224.34 (VmPeak / VmSize / Optimum / Minimum)
# Fin commande #0012   user+syst:        0.01s (syst:        0.00s, elaps:        0.01s)
# ----------------------------------------------------------------------------------------------

.. _stg1_txt25
# ----------------------------------------------------------------------------------------------
# Commande #0013 de /home/user/aas-corner-fe/wd/v8c100_V/v8c100_V_s00.comm.changed.py, ligne 25
fix = AFFE_CHAR_MECA(DDL_IMPO=(_F(DZ=0.0,
                                  GROUP_MA='SYMZ'),
                               _F(DX=0.0,
                                  GROUP_MA='FARX'),
                               _F(DY=0.0,
                                  GROUP_MA='FARY')),
                     DOUBLE_LAGRANGE='OUI',
                     INFO=1,
                     MODELE=model,
                     SYNTAXE='NON',
                     VERI_AFFE='OUI',
                     VERI_NORM='OUI')

# Résultat commande #0013 (AFFE_CHAR_MECA): fix ('<00000009>') de type <MechanicalLoadReal>
# Mémoire (Mo) :  1155.78 /   911.64 /   252.39 /   224.34 (VmPeak / VmSize / Optimum / Minimum)
# Fin commande #0013   user+syst:        0.08s (syst:        0.01s, elaps:        0.08s)
# ----------------------------------------------------------------------------------------------

.. _stg1_txt29
# ----------------------------------------------------------------------------------------------
# Commande #0014 de /home/user/aas-corner-fe/wd/v8c100_V/v8c100_V_s00.comm.changed.py, ligne 29
load = AFFE_CHAR_MECA(DDL_IMPO=_F(DX=-1,
                                  GROUP_MA='HEADV'),
                      DOUBLE_LAGRANGE='OUI',
                      INFO=1,
                      MODELE=model,
                      SYNTAXE='NON',
                      VERI_AFFE='OUI',
                      VERI_NORM='OUI')

# Résultat commande #0014 (AFFE_CHAR_MECA): load ('<0000000a>') de type <MechanicalLoadReal>
# Mémoire (Mo) :  1155.78 /   923.04 /   263.79 /   224.34 (VmPeak / VmSize / Optimum / Minimum)
# Fin commande #0014   user+syst:        0.01s (syst:        0.00s, elaps:        0.02s)
# ----------------------------------------------------------------------------------------------

.. _stg1_txt30
# ----------------------------------------------------------------------------------------------
# Commande #0015 de /home/user/aas-corner-fe/wd/v8c100_V/v8c100_V_s00.comm.changed.py, ligne 30
ramp = DEFI_FONCTION(INFO=1,
                     INTERPOL='LIN',
                     NOM_PARA='INST',
                     NOM_RESU='TOUTRESU',
                     PROL_DROITE='EXCLU',
                     PROL_GAUCHE='EXCLU',
                     VALE=(0.0, 0.0, 0.45, 0.45),
                     VERIF='CROISSANT')

# Résultat commande #0015 (DEFI_FONCTION): ramp ('<0000000b>') de type <Function>
# Mémoire (Mo) :  1155.78 /   923.04 /   263.79 /   224.34 (VmPeak / VmSize / Optimum / Minimum)
# Fin commande #0015   user+syst:        0.00s (syst:        0.00s, elaps:        0.00s)
# ----------------------------------------------------------------------------------------------

.. _stg1_txt31
# ----------------------------------------------------------------------------------------------
# Commande #0016 de /home/user/aas-corner-fe/wd/v8c100_V/v8c100_V_s00.comm.changed.py, ligne 31
steps = DEFI_LIST_REEL(DEBUT=0.0,
                       INFO=1,
                       INTERVALLE=_F(JUSQU_A=0.45,
                                     NOMBRE=15))

# Résultat commande #0016 (DEFI_LIST_REEL): steps ('<0000000c>') de type <ListOfFloats>
# Mémoire (Mo) :  1155.78 /   923.04 /   263.79 /   224.34 (VmPeak / VmSize / Optimum / Minimum)
# Fin commande #0016   user+syst:        0.00s (syst:        0.00s, elaps:        0.00s)
# ----------------------------------------------------------------------------------------------

.. _stg1_txt32
# ----------------------------------------------------------------------------------------------
# Commande #0017 de /home/user/aas-corner-fe/wd/v8c100_V/v8c100_V_s00.comm.changed.py, ligne 32
times = DEFI_LIST_INST(DEFI_LIST=_F(LIST_INST=steps),
                       ECHEC=_F(ACTION='DECOUPE',
                                EVENEMENT='ERREUR',
                                SUBD_METHODE='MANUEL',
                                SUBD_NIVEAU=5,
                                SUBD_PAS=2,
                                SUBD_PAS_MINI=0.0),
                       INFO=1,
                       METHODE='MANUEL')

Gestion manuelle de la liste d'instants.
La liste d'instants contient 16 pas de temps et le pas de temps minimum vaut          0.03.
Il y a 1 événements.
L'événement 1 est pour capturer les erreurs.
Si cet événement se déclenche, on découpe le pas de temps.
La découpe du pas de temps est manuelle.
On découpe le pas de temps en 2 incréments jusqu'à ce que le niveau atteigne 5.
# Résultat commande #0017 (DEFI_LIST_INST): times ('<0000000d>') de type <TimesList>
# Dépend de :
# - steps ('<0000000c>') de type <ListOfFloats>
# Mémoire (Mo) :  1155.78 /   923.04 /   263.79 /   224.34 (VmPeak / VmSize / Optimum / Minimum)
# Fin commande #0017   user+syst:        0.00s (syst:        0.00s, elaps:        0.00s)
# ----------------------------------------------------------------------------------------------

.. _stg1_txt65
# ----------------------------------------------------------------------------------------------
# Commande #0018 de /home/user/aas-corner-fe/wd/v8c100_V/v8c100_V_s00.comm.changed.py, ligne 65
res = STAT_NON_LINE(AFFICHAGE=_F(INFO_RESIDU='NON',
                                 INFO_TEMPS='NON'),
                    ARCHIVAGE=_F(CHAM_EXCLU=('RESI_NOEU', 'RESI_RELA_NOEU'),
                                 PAS_ARCH=1),
                    CHAM_MATER=fmat,
                    COMPORTEMENT=(_F(DEFORMATION='PETIT',
                                     GROUP_MA=('CONC', 'HZ'),
                                     ITER_CPLAN_MAXI=10,
                                     ITER_INTE_MAXI=20,
                                     ITER_INTE_PAS=0,
                                     PARM_THETA=1.0,
                                     REGU_VISC='NON',
                                     RELATION='ENDO_FISS_EXP',
                                     RESI_CPLAN_RELA=1e-06,
                                     RESI_INTE=1e-06),
                                  _F(DEFORMATION='PETIT',
                                     GROUP_MA=('STEEL', 'SLV', 'HZH'),
                                     ITER_CPLAN_MAXI=10,
                                     ITER_INTE_MAXI=20,
                                     ITER_INTE_PAS=0,
                                     PARM_THETA=1.0,
                                     REGU_VISC='NON',
                                     RELATION='ELAS',
                                     RESI_CPLAN_RELA=1e-06,
                                     RESI_INTE=1e-06)),
                    CONVERGENCE=_F(ARRET='OUI',
                                   ITER_GLOB_ELAS=25,
                                   ITER_GLOB_MAXI=30,
                                   RESI_GLOB_RELA=0.0001,
                                   VERIF='TOUT'),
                    EXCIT=(_F(CHARGE=fix,
                              TYPE_CHARGE='FIXE_CSTE'),
                           _F(CHARGE=load,
                              FONC_MULT=ramp,
                              TYPE_CHARGE='FIXE_CSTE')),
                    INCREMENT=_F(CRITERE='RELATIF',
                                 INST_FIN=0.03,
                                 LIST_INST=times,
                                 NUME_INST_INIT=0,
                                 PRECISION=1e-06),
                    MESURE=_F(TABLE='NON'),
                    METHODE='NEWTON',
                    MODELE=model,
                    NEWTON=_F(MATRICE='TANGENTE',
                              MATR_RIGI_SYME='NON',
                              REAC_INCR=1,
                              REAC_ITER=1,
                              REAC_ITER_ELAS=0),
                    SOLVEUR=_F(ACCELERATION='AUTO',
                               ELIM_LAGR='LAGR2',
                               FILTRAGE_MATRICE=-1.0,
                               GESTION_MEMOIRE='OUT_OF_CORE',
                               LOW_RANK_SEUIL=0.0,
                               MATR_DISTRIBUEE='NON',
                               METHODE='MUMPS',
                               MIXER_PRECISION='NON',
                               NB_RHS=1,
                               NPREC=8,
                               PCENT_PIVOT=35,
                               POSTTRAITEMENTS='AUTO',
                               PRETRAITEMENTS='AUTO',
                               REDUCTION_MPI=0,
                               RENUM='AUTO',
                               RESI_RELA=-1.0,
                               STOP_SINGULIER='OUI',
                               TYPE_RESOL='AUTO'))

Liste des comportements

Affecté sur 85588 éléments
Relation                             : ENDO_FISS_EXP
Déformation                          : PETIT
Pas de régularisation visqueuse
Pas de post-traitement à la fin du pas de temps
Nombre total de variables internes   : 9
V1 : ENDO
V2 : INDIENDO
V3 : ENDORIGI
V4 : EPSEXX
V5 : EPSEYY
V6 : EPSEZZ
V7 : EPSEXY
V8 : EPSEXZ
V9 : EPSEYZ
Affecté sur 11341 éléments
Relation                             : ELAS
Déformation                          : PETIT
Pas de régularisation visqueuse
Pas de post-traitement à la fin du pas de temps
Nombre total de variables internes   : 1
V1 : VIDE
Le système linéaire à résoudre a 455904 degrés de liberté:
   - 438438 sont des degrés de liberté physiques
     (ils sont portés par 135682 noeuds du maillage)
   - 17466 sont les couples de paramètres de Lagrange associés
     aux 8733 relations linéaires dualisées.
La matrice est de taille 455904 équations.
  Elle contient 23708355 termes non nuls si elle est symétrique et 46960806 termes non nuls si elle
n'est pas symétrique.
  Soit un taux de remplissage de   0.023 %.
Il n'y a pas d'état initial défini. On prend un état initial nul.
Le champ <DEPL> est initialisé a zéro
Le champ <SIEF_ELGA> est initialisé a zéro
Le champ <VARI_ELGA> est initialisé a zéro
Archivage de l'état initial
Archivage des champs

Champ stocké <DEPL> à l'instant  0.000000000000e+00 pour le numéro d'ordre 0
Champ stocké <SIEF_ELGA> à l'instant  0.000000000000e+00 pour le numéro d'ordre 0
Champ stocké <VARI_ELGA> à l'instant  0.000000000000e+00 pour le numéro d'ordre 0
Champ stocké <COMPORTEMENT> à l'instant  0.000000000000e+00 pour le numéro d'ordre 0
---------------------------------------------------------------------
Instant de calcul:  3.000000000000e-02 - Niveau de découpe: 1

---------------------------------------------------------------------
|     NEWTON     |     RESIDU     |     RESIDU     |     OPTION     |
|    ITERATION   |     RELATIF    |     ABSOLU     |   ASSEMBLAGE   |
|                | RESI_GLOB_RELA | RESI_GLOB_MAXI |(+ TYPE MATRICE)|
---------------------------------------------------------------------

 ╔================================================================================================╗
 ║ <A> <FACTOR_75>                                                                                ║
 ║                                                                                                ║
 ║ Attention, vous avez demandé un calcul OUT_OF_CORE, mais MUMPS estime avoir besoin pour cela   ║
 ║ d'au moins                                                                                     ║
 ║   4131 Mo  alors qu'il n'y a que 342 Mo de disponible sur ce processeur !                      ║
 ║   Le calcul pourrait donc être ralenti ou s'arrêter pour cette raison.                         ║
 ║                                                                                                ║
 ║   Pour information: mémoire déjà pré-allouée par MUMPS (exécutable, matrice...)= 567 Mo,       ║
 ║                     nombre de systèmes linéaires à factoriser en même temps    = 1.            ║
 ║                                                                                                ║
 ║ Conseils :                                                                                     ║
 ║   La prochaine fois, relancez avec plus de mémoire globale ou avec une option de calcul plus   ║
 ║ économe                                                                                        ║
 ║   (par ordre décroissant d'efficacité):                                                        ║
 ║    - Si le calcul est parallèle, réduisez la consommation MUMPS en augmentant le nombre de     ║
 ║ processeurs,                                                                                   ║
 ║    - Si le calcul est parallèle, réduisez la consommation Aster en activant l'option           ║
 ║ SOLVEUR/MATR_DISTRIBUEE,                                                                       ║
 ║   Ou, plus radicalement:                                                                       ║
 ║    - Utilisez un solveur moins exigeant en mémoire (par exemple: SOLVEUR/METHODE='PETSC' +     ║
 ║ PRECOND='LDLT_SP').                                                                            ║
 ║                                                                                                ║
 ║                                                                                                ║
 ║ Ceci est une alarme. Si vous ne comprenez pas le sens de cette                                 ║
 ║ alarme, vous pouvez obtenir des résultats inattendus !                                         ║
 ╚================================================================================================╝

|     0        X | 3.44503E-01  X | 3.88993E+02    |TANGENTE (NOSYM)|

 ╔================================================================================================╗
 ║ <A> <FACTOR_75>                                                                                ║
 ║                                                                                                ║
 ║ Attention, vous avez demandé un calcul OUT_OF_CORE, mais MUMPS estime avoir besoin pour cela   ║
 ║ d'au moins                                                                                     ║
 ║   4133 Mo  alors qu'il n'y a que 273 Mo de disponible sur ce processeur !                      ║
 ║   Le calcul pourrait donc être ralenti ou s'arrêter pour cette raison.                         ║
 ║                                                                                                ║
 ║   Pour information: mémoire déjà pré-allouée par MUMPS (exécutable, matrice...)= 568 Mo,       ║
 ║                     nombre de systèmes linéaires à factoriser en même temps    = 1.            ║
 ║                                                                                                ║
 ║ Conseils :                                                                                     ║
 ║   La prochaine fois, relancez avec plus de mémoire globale ou avec une option de calcul plus   ║
 ║ économe                                                                                        ║
 ║   (par ordre décroissant d'efficacité):                                                        ║
 ║    - Si le calcul est parallèle, réduisez la consommation MUMPS en augmentant le nombre de     ║
 ║ processeurs,                                                                                   ║
 ║    - Si le calcul est parallèle, réduisez la consommation Aster en activant l'option           ║
 ║ SOLVEUR/MATR_DISTRIBUEE,                                                                       ║
 ║   Ou, plus radicalement:                                                                       ║
 ║    - Utilisez un solveur moins exigeant en mémoire (par exemple: SOLVEUR/METHODE='PETSC' +     ║
 ║ PRECOND='LDLT_SP').                                                                            ║
 ║                                                                                                ║
 ║                                                                                                ║
 ║ Ceci est une alarme. Si vous ne comprenez pas le sens de cette                                 ║
 ║ alarme, vous pouvez obtenir des résultats inattendus !                                         ║
 ╚================================================================================================╝

|     1        X | 8.45821E-01  X | 8.68815E+02    |TANGENTE (NOSYM)|

 ╔================================================================================================╗
 ║ <A> <FACTOR_75>                                                                                ║
 ║                                                                                                ║
 ║ Attention, vous avez demandé un calcul OUT_OF_CORE, mais MUMPS estime avoir besoin pour cela   ║
 ║ d'au moins                                                                                     ║
 ║   4133 Mo  alors qu'il n'y a que 271 Mo de disponible sur ce processeur !                      ║
 ║   Le calcul pourrait donc être ralenti ou s'arrêter pour cette raison.                         ║
 ║                                                                                                ║
 ║   Pour information: mémoire déjà pré-allouée par MUMPS (exécutable, matrice...)= 568 Mo,       ║
 ║                     nombre de systèmes linéaires à factoriser en même temps    = 1.            ║
 ║                                                                                                ║
 ║ Conseils :                                                                                     ║
 ║   La prochaine fois, relancez avec plus de mémoire globale ou avec une option de calcul plus   ║
 ║ économe                                                                                        ║
 ║   (par ordre décroissant d'efficacité):                                                        ║
 ║    - Si le calcul est parallèle, réduisez la consommation MUMPS en augmentant le nombre de     ║
 ║ processeurs,                                                                                   ║
 ║    - Si le calcul est parallèle, réduisez la consommation Aster en activant l'option           ║
 ║ SOLVEUR/MATR_DISTRIBUEE,                                                                       ║
 ║   Ou, plus radicalement:                                                                       ║
 ║    - Utilisez un solveur moins exigeant en mémoire (par exemple: SOLVEUR/METHODE='PETSC' +     ║
 ║ PRECOND='LDLT_SP').                                                                            ║
 ║                                                                                                ║
 ║                                                                                                ║
 ║ Ceci est une alarme. Si vous ne comprenez pas le sens de cette                                 ║
 ║ alarme, vous pouvez obtenir des résultats inattendus !                                         ║
 ╚================================================================================================╝

|     2        X | 8.93483E+00  X | 9.50125E+03    |TANGENTE (NOSYM)|

 ╔================================================================================================╗
 ║ <A> <FACTOR_75>                                                                                ║
 ║                                                                                                ║
 ║ Attention, vous avez demandé un calcul OUT_OF_CORE, mais MUMPS estime avoir besoin pour cela   ║
 ║ d'au moins                                                                                     ║
 ║   4133 Mo  alors qu'il n'y a que 271 Mo de disponible sur ce processeur !                      ║
 ║   Le calcul pourrait donc être ralenti ou s'arrêter pour cette raison.                         ║
 ║                                                                                                ║
 ║   Pour information: mémoire déjà pré-allouée par MUMPS (exécutable, matrice...)= 568 Mo,       ║
 ║                     nombre de systèmes linéaires à factoriser en même temps    = 1.            ║
 ║                                                                                                ║
 ║ Conseils :                                                                                     ║
 ║   La prochaine fois, relancez avec plus de mémoire globale ou avec une option de calcul plus   ║
 ║ économe                                                                                        ║
 ║   (par ordre décroissant d'efficacité):                                                        ║
 ║    - Si le calcul est parallèle, réduisez la consommation MUMPS en augmentant le nombre de     ║
 ║ processeurs,                                                                                   ║
 ║    - Si le calcul est parallèle, réduisez la consommation Aster en activant l'option           ║
 ║ SOLVEUR/MATR_DISTRIBUEE,                                                                       ║
 ║   Ou, plus radicalement:                                                                       ║
 ║    - Utilisez un solveur moins exigeant en mémoire (par exemple: SOLVEUR/METHODE='PETSC' +     ║
 ║ PRECOND='LDLT_SP').                                                                            ║
 ║                                                                                                ║
 ║                                                                                                ║
 ║ Ceci est une alarme. Si vous ne comprenez pas le sens de cette                                 ║
 ║ alarme, vous pouvez obtenir des résultats inattendus !                                         ║
 ╚================================================================================================╝

|     3        X | 5.36797E-01  X | 5.17616E+02    |TANGENTE (NOSYM)|

 ╔================================================================================================╗
 ║ <A> <FACTOR_75>                                                                                ║
 ║                                                                                                ║
 ║ Attention, vous avez demandé un calcul OUT_OF_CORE, mais MUMPS estime avoir besoin pour cela   ║
 ║ d'au moins                                                                                     ║
 ║   4132 Mo  alors qu'il n'y a que 271 Mo de disponible sur ce processeur !                      ║
 ║   Le calcul pourrait donc être ralenti ou s'arrêter pour cette raison.                         ║
 ║                                                                                                ║
 ║   Pour information: mémoire déjà pré-allouée par MUMPS (exécutable, matrice...)= 568 Mo,       ║
 ║                     nombre de systèmes linéaires à factoriser en même temps    = 1.            ║
 ║                                                                                                ║
 ║ Conseils :                                                                                     ║
 ║   La prochaine fois, relancez avec plus de mémoire globale ou avec une option de calcul plus   ║
 ║ économe                                                                                        ║
 ║   (par ordre décroissant d'efficacité):                                                        ║
 ║    - Si le calcul est parallèle, réduisez la consommation MUMPS en augmentant le nombre de     ║
 ║ processeurs,                                                                                   ║
 ║    - Si le calcul est parallèle, réduisez la consommation Aster en activant l'option           ║
 ║ SOLVEUR/MATR_DISTRIBUEE,                                                                       ║
 ║   Ou, plus radicalement:                                                                       ║
 ║    - Utilisez un solveur moins exigeant en mémoire (par exemple: SOLVEUR/METHODE='PETSC' +     ║
 ║ PRECOND='LDLT_SP').                                                                            ║
 ║                                                                                                ║
 ║                                                                                                ║
 ║ Ceci est une alarme. Si vous ne comprenez pas le sens de cette                                 ║
 ║ alarme, vous pouvez obtenir des résultats inattendus !                                         ║
 ╚================================================================================================╝


 ╔================================================================================================╗
 ║ <A> <CATAMESS_41>                                                                              ║
 ║                                                                                                ║
 ║ Le message d'alarme 'FACTOR_75' a été émis 5 fois, il ne sera plus affiché.                    ║
 ║                                                                                                ║
 ║                                                                                                ║
 ║ Ceci est une alarme. Si vous ne comprenez pas le sens de cette                                 ║
 ║ alarme, vous pouvez obtenir des résultats inattendus !                                         ║
 ╚================================================================================================╝

|     4        X | 6.89353E-01  X | 6.17636E+02    |TANGENTE (NOSYM)|
|     5        X | 1.58726E-01  X | 1.41218E+02    |TANGENTE (NOSYM)|
|     6        E |              X |                |TANGENTE (NOSYM)|
---------------------------------------------------------------------
<Erreur> Échec dans l'intégration de la loi de comportement

<Action> On essaie de découper le pas de temps.

On utilise la découpe manuelle.
Découpe uniforme à partir de l'instant  0.000000000000e+00 en 2 pas de temps.
(soit un incrément constant de  1.500000000000e-02)
<Action> On découpe le pas de temps.
Temps CPU consommé dans ce pas de temps    : 24 min 11 s

* Nombre d'itérations de Newton                     : 7
* Temps total intégration comportement              : 42.251 s (8 intégrations)
* Temps total factorisation matrice                 : 20 min 54 s (7 factorisations)
* Temps construction second membre                  : 0.576 s
* Temps total résolution K.U=F                      : 1 min 31 s (7 résolutions)
* Temps assemblage matrice                          : 0.000 s
* Temps autres opérations                           : 1 min  3 s
Mémoire (Mo) :  7278.84 /  3253.61 /  3137.27 /   851.30 (VmPeak / VmSize / Optimum / Minimum)

---------------------------------------------------------------------
Instant de calcul:  1.500000000000e-02 - Niveau de découpe: 2

---------------------------------------------------------------------
|     NEWTON     |     RESIDU     |     RESIDU     |     OPTION     |
|    ITERATION   |     RELATIF    |     ABSOLU     |   ASSEMBLAGE   |
|                | RESI_GLOB_RELA | RESI_GLOB_MAXI |(+ TYPE MATRICE)|
---------------------------------------------------------------------
|     0        X | 3.09048E-01  X | 1.74480E+02    |TANGENTE (NOSYM)|
|     1        X | 6.70474E-01  X | 3.62510E+02    |TANGENTE (NOSYM)|
|     2        X | 6.92135E-01  X | 3.47561E+02    |TANGENTE (NOSYM)|
|     3        X | 1.12058E-01  X | 5.54296E+01    |TANGENTE (NOSYM)|
|     4        X | 1.42423E-02  X | 6.90962E+00    |TANGENTE (NOSYM)|
|     5        X | 3.40471E-03  X | 1.64896E+00    |TANGENTE (NOSYM)|
|     6          | 8.18212E-05    | 3.96220E-02    |TANGENTE (NOSYM)|
---------------------------------------------------------------------
Critère(s) de convergence atteint(s)

Le résidu de type <RESI_GLOB_RELA> vaut  8.182122209900e-05 au noeud et degré de liberté <11875  
DZ>
Temps CPU consommé dans ce pas de temps    : 24 min 29 s

* Nombre d'itérations de Newton                     : 7
* Temps total intégration comportement              : 36.495 s (8 intégrations)
* Temps total factorisation matrice                 : 21 min  3 s (7 factorisations)
* Temps construction second membre                  : 1.430 s
* Temps total résolution K.U=F                      : 1 min 42 s (7 résolutions)
* Temps assemblage matrice                          : 0.000 s
* Temps autres opérations                           : 1 min  6 s
Mémoire (Mo) :  7278.84 /  3253.23 /  3137.27 /   851.30 (VmPeak / VmSize / Optimum / Minimum)

Archivage des champs

Champ stocké <DEPL> à l'instant  1.500000000000e-02 pour le numéro d'ordre 1
Champ stocké <SIEF_ELGA> à l'instant  1.500000000000e-02 pour le numéro d'ordre 1
Champ stocké <VARI_ELGA> à l'instant  1.500000000000e-02 pour le numéro d'ordre 1
Champ stocké <COMPORTEMENT> à l'instant  1.500000000000e-02 pour le numéro d'ordre 1
[ 50%] Instant calculé : 1.50000e-02, dernier instant archivé : 1.50000e-02, au numéro d'ordre :    
1
---------------------------------------------------------------------
Instant de calcul:  3.000000000000e-02 - Niveau de découpe: 2

---------------------------------------------------------------------
|     NEWTON     |     RESIDU     |     RESIDU     |     OPTION     |
|    ITERATION   |     RELATIF    |     ABSOLU     |   ASSEMBLAGE   |
|                | RESI_GLOB_RELA | RESI_GLOB_MAXI |(+ TYPE MATRICE)|
---------------------------------------------------------------------
|     0        X | 3.46539E-02  X | 3.26737E+01    |TANGENTE (NOSYM)|
|     1        X | 6.95987E-03  X | 6.30730E+00    |TANGENTE (NOSYM)|
|     2        X | 1.70065E-03  X | 1.53453E+00    |TANGENTE (NOSYM)|
|     3        X | 1.99446E-04  X | 1.79896E-01    |TANGENTE (NOSYM)|
|     4          | 3.43701E-07    | 3.10006E-04    |TANGENTE (NOSYM)|
---------------------------------------------------------------------
Critère(s) de convergence atteint(s)

Le résidu de type <RESI_GLOB_RELA> vaut  3.437007451123e-07 au noeud et degré de liberté <707    
DY>
Temps CPU consommé dans ce pas de temps    : 17 min 15 s

* Nombre d'itérations de Newton                     : 5
* Temps total intégration comportement              : 26.956 s (6 intégrations)
* Temps total factorisation matrice                 : 14 min 48 s (5 factorisations)
* Temps construction second membre                  : 0.534 s
* Temps total résolution K.U=F                      : 1 min 13 s (5 résolutions)
* Temps assemblage matrice                          : 0.000 s
* Temps autres opérations                           : 46.602 s
Mémoire (Mo) :  7342.16 /  3318.27 /  3203.25 /   851.30 (VmPeak / VmSize / Optimum / Minimum)

Archivage des champs

Champ stocké <DEPL> à l'instant  3.000000000000e-02 pour le numéro d'ordre 2
Champ stocké <SIEF_ELGA> à l'instant  3.000000000000e-02 pour le numéro d'ordre 2
Champ stocké <VARI_ELGA> à l'instant  3.000000000000e-02 pour le numéro d'ordre 2
Champ stocké <COMPORTEMENT> à l'instant  3.000000000000e-02 pour le numéro d'ordre 2
[100%] Instant calculé : 3.00000e-02, dernier instant archivé : 3.00000e-02, au numéro d'ordre :    
2
Temps CPU consommé dans le calcul          : 1 h  5 min 57 s

dont temps CPU "perdu" dans les découpes            : 24 min 11 s
* Nombre de pas de temps                            : 3
* Nombre d'itérations de Newton                     : 19
* Temps dans l'archivage                            : 0.095 s
* Temps dans le post-traitement                     : 0.000 s
* Temps total intégration comportement              : 1 min 45 s (22 intégrations)
* Temps total factorisation matrice                 : 56 min 45 s (19 factorisations)
* Temps construction second membre                  : 2.540 s
* Temps total résolution K.U=F                      : 4 min 27 s (19 résolutions)
* Temps assemblage matrice                          : 0.000 s
#1      Resolution des systemes lineaires                 CPU (USER+SYST/SYST/ELAPS):   3916.89    808.65   3677.71
#2      Calculs elementaires et assemblages               CPU (USER+SYST/SYST/ELAPS):    266.54     27.51    269.76
# Résultat commande #0018 (STAT_NON_LINE): res ('<0000000e>') de type <NonLinearResult>
# Mémoire (Mo) :  7342.16 /  1397.38 /  3203.25 /   851.30 (VmPeak / VmSize / Optimum / Minimum)
# Fin commande #0018   user+syst:     3362.34s (syst:      843.20s, elaps:     3969.94s)
# ----------------------------------------------------------------------------------------------

.. _stg1_txt184
# ----------------------------------------------------------------------------------------------
# Commande #0019 de
/root/mm/envs/aster/lib/python3.14/site-packages/code_aster/Supervis/ExecuteCommand.py, ligne 184
CALC_CHAMP(CRITERE='RELATIF',
           FORCE='REAC_NODA',
           INFO=1,
           INST=0.03,
           PARALLELISME_TEMPS='NON',
           PRECISION=1e-06,
           RESULTAT=res)

Le système linéaire à résoudre a 455904 degrés de liberté:
   - 438438 sont des degrés de liberté physiques
     (ils sont portés par 135682 noeuds du maillage)
   - 17466 sont les couples de paramètres de Lagrange associés
     aux 8733 relations linéaires dualisées.
#2      Calculs elementaires et assemblages               CPU (USER+SYST/SYST/ELAPS):      0.44      0.00      0.45
# Résultat commande #0019 (CALC_CHAMP): '<0000000f>' de type <NonLinearResult>
# Dépend de :
# - model ('<00000002>') de type <Model>
# - fmat ('<00000008>') de type <MaterialField>
# Mémoire (Mo) :  7342.16 /  1397.38 /  3203.25 /   851.30 (VmPeak / VmSize / Optimum / Minimum)
# Fin commande #0019   user+syst:        0.77s (syst:        0.00s, elaps:        0.78s)
# ----------------------------------------------------------------------------------------------

.. _stg1_txt53
# ----------------------------------------------------------------------------------------------
# Commande #0020 de /home/user/aas-corner-fe/wd/v8c100_V/v8c100_V_s00.comm.changed.py, ligne 53
tb = POST_RELEVE_T(ACTION=_F(CRITERE='RELATIF',
                             FORMAT_C='MODULE',
                             GROUP_NO='HEADT',
                             INST=0.03,
                             INTITULE='R',
                             MOYE_NOEUD='OUI',
                             NOM_CHAM='REAC_NODA',
                             OPERATION='EXTRACTION',
                             PRECISION=1e-06,
                             REPERE='GLOBAL',
                             RESULTANTE='DX',
                             RESULTAT=r2),
                   INFO=1)

# Résultat commande #0020 (POST_RELEVE_T): tb ('<00000010>') de type <Table>
# Mémoire (Mo) :  7342.16 /  1397.38 /  3203.25 /   851.30 (VmPeak / VmSize / Optimum / Minimum)
# Fin commande #0020   user+syst:        0.01s (syst:        0.00s, elaps:        0.00s)
# ----------------------------------------------------------------------------------------------

.. _stg1_txt53
# ----------------------------------------------------------------------------------------------
# Commande #0021 de /home/user/aas-corner-fe/wd/v8c100_V/v8c100_V_s00.comm.changed.py, ligne 53
tb = POST_RELEVE_T(ACTION=_F(CRITERE='RELATIF',
                             FORMAT_C='MODULE',
                             GROUP_NO='HEADV',
                             INST=0.03,
                             INTITULE='R',
                             MOYE_NOEUD='OUI',
                             NOM_CHAM='REAC_NODA',
                             OPERATION='EXTRACTION',
                             PRECISION=1e-06,
                             REPERE='GLOBAL',
                             RESULTANTE='DX',
                             RESULTAT=r2),
                   INFO=1)

# Résultat commande #0021 (POST_RELEVE_T): tb ('<00000011>') de type <Table>
# Mémoire (Mo) :  7342.16 /  1397.38 /  3203.25 /   851.30 (VmPeak / VmSize / Optimum / Minimum)
# Fin commande #0021   user+syst:        0.01s (syst:        0.00s, elaps:        0.00s)
# ----------------------------------------------------------------------------------------------

.. _stg1_txt58
# ----------------------------------------------------------------------------------------------
# Commande #0022 de /home/user/aas-corner-fe/wd/v8c100_V/v8c100_V_s00.comm.changed.py, ligne 58
DETRUIRE(INFO=1,
         NOM=r2)

# Mémoire (Mo) :  7342.16 /  1397.38 /  3203.25 /   851.30 (VmPeak / VmSize / Optimum / Minimum)
# Fin commande #0022   user+syst:        0.06s (syst:        0.00s, elaps:        0.06s)
# ----------------------------------------------------------------------------------------------
/home/user/aas-corner-fe/wd/v8c100_V/v8c100_V_s00.comm.changed.py:75: ResourceWarning: unclosed file <_io.TextIOWrapper name='/home/user/aas-corner-fe/jobs/../results/v8c100_V.curve' mode='a' encoding='UTF-8'>
  open(CURVE,'a').write('CURVE %g %g %g %g\n'%(tcur,tot,v['HEADT'],v['HEADV']))
AASCURVE 0.03 9774.29 -7.39545e-13 9774.29

.. _stg1_txt76
# ----------------------------------------------------------------------------------------------
# Commande #0023 de /root/mm/envs/aster/lib/python3.14/site-packages/code_aster/CodeCommands/fin.py,
ligne 76
FIN(INFO_RESU='NON',
    RETASSAGE='NON')

Saving objects...
pi                       <class 'float'>
e                        <class 'float'>
tau                      <class 'float'>
inf                      <class 'float'>
nan                      <class 'float'>
mesh                     <class 'libaster.Mesh'>
model                    <class 'libaster.Model'>
mat                      <class 'libaster.Material'>
matH                     <class 'libaster.Material'>
matHH                    <class 'libaster.Material'>
stl                      <class 'libaster.Material'>
slvm                     <class 'libaster.Material'>
fmat                     <class 'libaster.MaterialField'>
fix                      <class 'libaster.MechanicalLoadReal'>
grp                      <class 'list'>
load                     <class 'libaster.MechanicalLoadReal'>
ramp                     <class 'libaster.Function'>
steps                    <class 'libaster.ListOfFloats'>
times                    <class 'libaster.TimesList'>
LOADS                    <class 'str'>
CURVE                    <class 'str'>
common                   <class 'dict'>
tcur                     <class 'float'>
peak                     <class 'float'>
stopped                  <class 'bool'>
TARGETS                  <class 'list'>
tn                       <class 'float'>
res                      <class 'libaster.NonLinearResult'>
v                        <class 'dict'>
tot                      <class 'float'>

 ╔================================================================================================╗
 ║ <I> <CATAMESS_89>                                                                              ║
 ║                                                                                                ║
 ║ Liste des alarmes émises lors de l'exécution du calcul.                                        ║
 ║                                                                                                ║
 ║     Les alarmes que vous avez choisies d'ignorer sont précédées de (*).                        ║
 ║     Nombre d'occurrences pour chacune des alarmes :                                            ║
 ║            FACTOR_75            émise   19 fois                                                ║
 ╚================================================================================================╝

 ---------------------------------------------------------------------------
 Concepts de la base: G
    Nom        Type                Taille (Mo)         Nombre      Nombre de
                                                     d'objets       segments
    TOTAL                               322.30            405            600
  
    00000001   MAILLAGE_SDASTER          14.63             34             70
    00000002   MODELE_SDASTER            14.45             11             16
    00000003   MATER_SDASTER              0.00             15             15
    00000004   MATER_SDASTER              0.00             15             15
    00000005   MATER_SDASTER              0.00              7              7
    00000006   MATER_SDASTER              0.00              7              7
    00000007   MATER_SDASTER              0.00              7              7
    00000008   CHAM_MATER                 1.17              8             13
    00000009   CHAR_MECA                 15.45             56             76
    0000000a   CHAR_MECA                 11.40             56             76
    0000000b   FONCTION_SDASTER           0.00              3              3
    0000000c   LISTR8_SDASTER             0.00              6              6
    0000000d   LIST_INST                  0.00              8              8
    0000000e   EVOL_NOLI                227.61            123            159
    &FOZERO                               0.00              2              2
    &&_NUM_C                              0.00              1              1
    &CATA                                37.45             42            103
    &&NMDOME                              0.00              2              2
    0000000f                              0.13              2             14
 (*) sous-objets non accessible directement
 ---------------------------------------------------------------------------
Nom de la base                          :  GLOBALE
     Nombre d'enregistrements utilisés       :  539
     Nombre d'enregistrements maximum        :  2684354
     Nombre d'enregistrements par fichier    :  15728
     Longueur d'enregistrement (octets)      :  819200
     Nombre total d'accès en lecture         :  196
     Volume des accès en lecture             :        153.12 Mo.
     Nombre total d'accès en écriture        :  761
     Volume des accès en écriture            :        594.53 Mo.
     Nombre d'identificateurs utilisés       :  653
     Taille maximum du répertoire            :  2000
     Pourcentage d'utilisation du répertoire :  32 %

Nom de la base                          :  VOLATILE
     Nombre d'enregistrements utilisés       :  692
     Nombre d'enregistrements maximum        :  2684354
     Nombre d'enregistrements par fichier    :  15728
     Longueur d'enregistrement (octets)      :  819200
     Nombre total d'accès en lecture         :  2178
     Volume des accès en lecture             :       1701.56 Mo.
     Nombre total d'accès en écriture        :  9228
     Volume des accès en écriture            :       7209.38 Mo.
     Nombre d'identificateurs utilisés       :  1062
     Taille maximum du répertoire            :  2000
     Pourcentage d'utilisation du répertoire :  53 %

<I> <FIN> ARRET NORMAL DANS "FIN" PAR APPEL A "JEFINI".
  
 <I> <FIN> MEMOIRE JEVEUX MINIMALE REQUISE POUR L'EXECUTION :                     851.30 Mo
 <I> <FIN> MEMOIRE JEVEUX OPTIMALE REQUISE POUR L'EXECUTION :                    3203.25 Mo
 <I> <FIN> MAXIMUM DE MEMOIRE UTILISEE PAR LE PROCESSUS LORS DE L'EXECUTION :    7342.16 Mo
  
 <I>       FERMETURE DES BASES EFFECTUEE
  
   STATISTIQUES CONCERNANT L'ALLOCATION DYNAMIQUE :
     TAILLE CUMULEE MAXIMUM            :                 3203  Mo.
     TAILLE CUMULEE LIBEREE            :                 7173  Mo.
     NOMBRE TOTAL D'ALLOCATIONS        :              4837091
     NOMBRE TOTAL DE LIBERATIONS       :              4837071
     APPELS AU MECANISME DE LIBERATION :                    0
     TAILLE MEMOIRE CUMULEE RECUPEREE  :                 8721  Mo.
     VOLUME DES LECTURES               :                    0  Mo.
     VOLUME DES ECRITURES              :                 6990  Mo.
  
   MEMOIRE JEVEUX MINIMALE REQUISE POUR L'EXECUTION :     851.30 Mo
     - IMPOSE DE NOMBREUX ACCES DISQUE
     - RALENTIT LA VITESSE D'EXECUTION
   MEMOIRE JEVEUX OPTIMALE REQUISE POUR L'EXECUTION :    3203.25 Mo
     - LIMITE LES ACCES DISQUE
     - AMELIORE LA VITESSE D'EXECUTION
   MAXIMUM DE MEMOIRE UTILISEE PAR LE PROCESSUS     :    7342.16 Mo
     - COMPREND LA MEMOIRE CONSOMMEE PAR  JEVEUX, 
       LE SUPERVISEUR PYTHON, LES LIBRAIRIES EXTERNES
  
 <I>       FIN D'EXECUTION LE : DI-27-SEPT-2026 01:49:06
Signature of pickled file   : 8e25df44a925f414819e0350833794cb1744cf7c8c0a31fd33394edba0e21156
Signature of info file      : d28609a40e64d85a36b6330bc32d7d8f6c5c15c0623eaca4ed196a7e0fe7f5b7
Signature of Jeveux database: 44470a41203be9f8ebc4f79a8d6ea5bb1cd7751d661e4ed85a251bf2c9f3981f

 ********************************************************************************
 * COMMAND                  :       USER :     SYSTEM :   USER+SYS :    ELAPSED *
 ********************************************************************************
 * DEBUT                    :       0.06 :       1.92 :       1.98 :       2.00 *
 * LIRE_MAILLAGE            :       1.15 :       1.86 :       3.01 :       3.03 *
 * DEFI_GROUP               :       0.02 :       0.00 :       0.02 :       0.02 *
 * AFFE_MODELE              :       0.56 :       0.01 :       0.57 :       0.56 *
 * DEFI_MATER_GC            :       0.01 :       0.00 :       0.01 :       0.02 *
 * DEFI_MATER_GC            :       0.00 :       0.00 :       0.00 :       0.00 *
 * DEFI_MATERIAU            :       0.01 :       0.00 :       0.01 :       0.00 *
 * DEFI_MATERIAU            :       0.00 :       0.00 :       0.00 :       0.00 *
 * DEFI_MATERIAU            :       0.00 :       0.00 :       0.00 :       0.01 *
 * AFFE_MATERIAU            :       0.01 :       0.00 :       0.01 :       0.01 *
 * AFFE_CHAR_MECA           :       0.08 :       0.01 :       0.09 :       0.08 *
 * AFFE_CHAR_MECA           :       0.01 :       0.00 :       0.01 :       0.02 *
 * DEFI_FONCTION            :       0.00 :       0.00 :       0.00 :       0.00 *
 * DEFI_LIST_REEL           :       0.00 :       0.00 :       0.00 :       0.00 *
 * DEFI_LIST_INST           :       0.00 :       0.00 :       0.00 :       0.00 *
 * STAT_NON_LINE            :    3362.34 :     843.20 :    4205.54 :    3969.94 *
 * CALC_CHAMP               :       0.77 :       0.00 :       0.77 :       0.78 *
 * POST_RELEVE_T            :       0.01 :       0.00 :       0.01 :       0.00 *
 * POST_RELEVE_T            :       0.01 :       0.00 :       0.01 :       0.00 *
 * DETRUIRE                 :       0.06 :       0.00 :       0.06 :       0.06 *
 * FIN                      :       0.18 :       0.26 :       0.44 :       0.47 *
 *  . sdveri                :       0.00 :       0.00 :       0.00 :       0.00 *
 *  . check syntax          :       0.11 :       0.00 :       0.11 :       0.11 *
 *  . fortran               :    3363.92 :     845.40 :    4209.32 :    3973.76 *
 *  . cleanup               :       0.00 :       0.00 :       0.00 :       0.01 *
 ********************************************************************************
 * TOTAL_JOB                :    3365.39 :     847.37 :    4212.76 :    3977.22 *
 ********************************************************************************

# Mémoire (Mo) :  7342.16 /   918.61 /  3203.25 /   851.30 (VmPeak / VmSize / Optimum / Minimum)
# Fin commande #0023   user+syst:        0.18s (syst:        0.26s, elaps:        0.47s)
# ----------------------------------------------------------------------------------------------

EXECUTION_CODE_ASTER_EXIT_1395=0


saving result databases to 'BASE_PREC'...
execution ended (command file #1): <A>_ALARM
Running: /root/mm/envs/aster/bin/run_aster -w /home/user/aas-corner-fe/wd/v8c100_V --status-file /root/.tmp_run_aster/run_aster_x0avemju/__status__ --no-mpi /root/.tmp_run_aster/run_aster_x0avemju/v8c100_V.1

# ------------------------------------------------------------------------------
Execution of code_aster

# ------------------------------------------------------------------------------
Prepare environment in /home/user/aas-corner-fe/wd/v8c100_V

# ------------------------------------------------------------------------------
Command file #2 / 15

Content of the file to execute:
# coding=utf-8
# original filename
__file__ = r"/home/user/aas-corner-fe/jobs/v8c100_V_s01.comm"


# temporarly added for compatibility with code_aster legacy
from math import *

import code_aster
from code_aster.Commands import *
from code_aster import CA

POURSUITE(LANG='EN', PAR_LOT='NON')

LOADS='V'
CURVE='/home/user/aas-corner-fe/jobs/../results/v8c100_V.curve'
common=dict(MODELE=model, CHAM_MATER=fmat, EXCIT=(_F(CHARGE=fix), _F(CHARGE=load, FONC_MULT=ramp)),
        COMPORTEMENT=(_F(RELATION='ENDO_FISS_EXP', GROUP_MA=('CONC','HZ')), _F(RELATION='ELAS', GROUP_MA=('STEEL','SLV','HZH'))),
        NEWTON=_F(MATRICE='TANGENTE', REAC_ITER=1),
        CONVERGENCE=_F(RESI_GLOB_RELA=1.E-4, ITER_GLOB_MAXI=30), ARCHIVAGE=_F(PAS_ARCH=1), SOLVEUR=_F(METHODE='MUMPS', GESTION_MEMOIRE='OUT_OF_CORE'))
import os, re
tcur=0.0; peak=0.0; stopped=False
if os.path.exists(CURVE):
    for line in open(CURVE):
        m=re.match(r'CURVE\s+(\S+)\s+(\S+)', line)
        if m:
            tcur=max(tcur, float(m.group(1))); peak=max(peak, float(m.group(2)))
        if line.startswith('STOP'): stopped=True
def reac(res, t):
    r2=CALC_CHAMP(RESULTAT=res, FORCE='REAC_NODA', INST=t)
    vals={}
    for g in ('HEADT','HEADV'):
        try:
            tb=POST_RELEVE_T(ACTION=_F(OPERATION='EXTRACTION', INTITULE='R', RESULTAT=r2, NOM_CHAM='REAC_NODA',
                                       GROUP_NO=g, RESULTANTE='DX', INST=t)).EXTR_TABLE().values()
            vals[g]=-tb['DX'][-1]*2
        except Exception:
            vals[g]=0.
    DETRUIRE(NOM=r2)
    return vals
TARGETS=[0.06]
for tn in TARGETS:
    if stopped or tn <= tcur+1e-9: continue
    try:
        if tcur < 1e-12 and '0'=='1':
            res=STAT_NON_LINE(INCREMENT=_F(LIST_INST=times, INST_FIN=tn), **common)
        else:
            res=STAT_NON_LINE(reuse=res, ETAT_INIT=_F(EVOL_NOLI=res), INCREMENT=_F(LIST_INST=times, INST_FIN=tn), **common)
    except Exception as exc:
        print('AASSTOP at', tcur, exc, flush=True)
        open(CURVE,'a').write('STOP solver %g\n'%tcur); stopped=True; break
    tcur=tn
    v=reac(res, tcur)
    tot=(v['HEADT'] if 'T' in LOADS else 0.)+(v['HEADV'] if 'V' in LOADS else 0.)
    peak=max(peak, tot)
    open(CURVE,'a').write('CURVE %g %g %g %g\n'%(tcur,tot,v['HEADT'],v['HEADV']))
    print('AASCURVE %g %g %g %g'%(tcur,tot,v['HEADT'],v['HEADV']), flush=True)
    if tot < 0.9*peak:
        open(CURVE,'a').write('STOP peak %g\n'%peak); stopped=True; break
FIN()



# ------------------------------------------------------------------------------
Command line #2:
    ulimit -c unlimited ; ulimit -t 25000 ; ( /root/mm/envs/aster/bin/python3 "v8c100_V_s01.comm.changed.py" --memory 3000.0 --numthreads 1 --tpmax 20000 ; echo $? > _exit_code_ ) 2>&1 | tee -a fort.6
setting '--memory' value to 2700.00 MB (keyword RESERVE_MEMOIRE)
Ouverture en écriture du fichier ./vola.1

<INFO> Démarrage de l'exécution.

                       -- CODE_ASTER -- VERSION : DÉVELOPPEMENT (unstable) --                       
                               Version 18.1.6 modifiée le 14/09/2026                                
                                    révision n/a - branche 'n/a'                                    
                                     Copyright EDF 1991 - 2026                                      
                                                                                                    
                              Exécution du : Sun Sep 27 01:49:07 2026                               
                                       Nom de la machine : vm                                       
                                        Architecture : 64bit                                        
                                    Type de processeur : x86_64                                     
                Système d'exploitation : Linux-6.18.44-fc-v37-x86_64-with-glibc2.39                 
                                  Langue des messages : C (UTF-8)                                   
                                     Version de Python : 3.14.7                                     
                                      Version de NumPy : 2.5.3                                      
                                  Version de MEDCoupling : 9.16.0                                   
                                     Parallélisme MPI : inactif                                     
                                    Parallélisme OpenMP : actif                                     
                              Nombre de processus OpenMP utilisés : 1                               
                                Version de la librairie HDF5 : 2.2.0                                
                                Version de la librairie MED : 4.2.0                                 
                               Version de la librairie MFront : 5.1.0                               
                               Version de la librairie MUMPS : 5.8.2                                
                                  Librairie PETSc : non disponible                                  
                              Version de la librairie SCOTCH : 7.0.11                               

restarting from a previous execution...
/home/user/aas-corner-fe/wd/v8c100_V/v8c100_V_s01.comm.changed.py:13: DeprecationWarning: This feature is obsolete, 'PAR_LOT' has been removed.
  POURSUITE(LANG='EN', PAR_LOT='NON')
Valeur initiale du temps CPU maximum =   20000 secondes
  Valeur du temps CPU maximum passé aux commandes =   18000 secondes
  Réserve CPU prévue = 2000 secondes

Ouverture en lecture du fichier ./glob.1

Ajustement de la taille maximale des bases à 2048.00 Go.
    
Nom de la base                          :  GLOBALE
     Créée avec la version                   :  18.01.06
     Nombre d'enregistrements utilisés       :  539
     Nombre d'enregistrements maximum        :  2684354
     Nombre d'enregistrements par fichier    :  15728
     Longueur d'enregistrement (octets)      :  819200
     Nombre d'identificateurs utilisés       :  653
     Taille maximum du répertoire            :  2000
     Pourcentage d'utilisation du répertoire :  32 %

Ouverture en lecture du fichier ./glob.1

Ouverture en écriture du fichier ./vola.1

Fin de lecture (durée  0.000029  s.) 

                      Mémoire limite pour l'allocation dynamique : 3212.06 Mo                       
                         ajouté à l'initialisation du processus : 613.33 Mo                         
                               Limite cible du processus : 3825.38 Mo                               
                         Taille limite des fichiers d'échange : 2048.00 Go                          
pi                       <class 'float'>
e                        <class 'float'>
tau                      <class 'float'>
inf                      <class 'float'>
nan                      <class 'float'>
mesh                     <class 'libaster.Mesh'>
model                    <class 'libaster.Model'>
mat                      <class 'libaster.Material'>
matH                     <class 'libaster.Material'>
matHH                    <class 'libaster.Material'>
stl                      <class 'libaster.Material'>
slvm                     <class 'libaster.Material'>
fmat                     <class 'libaster.MaterialField'>
fix                      <class 'libaster.MechanicalLoadReal'>
grp                      <class 'list'>
load                     <class 'libaster.MechanicalLoadReal'>
ramp                     <class 'libaster.Function'>
steps                    <class 'libaster.ListOfFloats'>
times                    <class 'libaster.TimesList'>
LOADS                    <class 'str'>
CURVE                    <class 'str'>
common                   <class 'dict'>
tcur                     <class 'float'>
peak                     <class 'float'>
stopped                  <class 'bool'>
TARGETS                  <class 'list'>
tn                       <class 'float'>
res                      <class 'libaster.NonLinearResult'>
v                        <class 'dict'>
tot                      <class 'float'>
# Mémoire (Mo) :   819.51 /   819.37 /   364.55 /   364.52 (VmPeak / VmSize / Optimum / Minimum)
# Fin commande #0001   user+syst:        0.18s (syst:        0.23s, elaps:        0.42s)
# ----------------------------------------------------------------------------------------------
/home/user/aas-corner-fe/wd/v8c100_V/v8c100_V_s01.comm.changed.py:24: ResourceWarning: unclosed file <_io.TextIOWrapper name='/home/user/aas-corner-fe/jobs/../results/v8c100_V.curve' mode='r' encoding='UTF-8'>
  for line in open(CURVE):

.. _stg1_txt48
# ----------------------------------------------------------------------------------------------
# Commande #0002 de /home/user/aas-corner-fe/wd/v8c100_V/v8c100_V_s01.comm.changed.py, ligne 48
res = STAT_NON_LINE(AFFICHAGE=_F(INFO_RESIDU='NON',
                                 INFO_TEMPS='NON'),
                    ARCHIVAGE=_F(CHAM_EXCLU=('RESI_NOEU', 'RESI_RELA_NOEU'),
                                 PAS_ARCH=1),
                    CHAM_MATER=fmat,
                    COMPORTEMENT=(_F(DEFORMATION='PETIT',
                                     GROUP_MA=('CONC', 'HZ'),
                                     ITER_CPLAN_MAXI=10,
                                     ITER_INTE_MAXI=20,
                                     ITER_INTE_PAS=0,
                                     PARM_THETA=1.0,
                                     REGU_VISC='NON',
                                     RELATION='ENDO_FISS_EXP',
                                     RESI_CPLAN_RELA=1e-06,
                                     RESI_INTE=1e-06),
                                  _F(DEFORMATION='PETIT',
                                     GROUP_MA=('STEEL', 'SLV', 'HZH'),
                                     ITER_CPLAN_MAXI=10,
                                     ITER_INTE_MAXI=20,
                                     ITER_INTE_PAS=0,
                                     PARM_THETA=1.0,
                                     REGU_VISC='NON',
                                     RELATION='ELAS',
                                     RESI_CPLAN_RELA=1e-06,
                                     RESI_INTE=1e-06)),
                    CONVERGENCE=_F(ARRET='OUI',
                                   ITER_GLOB_ELAS=25,
                                   ITER_GLOB_MAXI=30,
                                   RESI_GLOB_RELA=0.0001,
                                   VERIF='TOUT'),
                    ETAT_INIT=_F(EVOL_NOLI=res),
                    EXCIT=(_F(CHARGE='<00000009>',
                              TYPE_CHARGE='FIXE_CSTE'),
                           _F(CHARGE='<0000000a>',
                              FONC_MULT=ramp,
                              TYPE_CHARGE='FIXE_CSTE')),
                    INCREMENT=_F(CRITERE='RELATIF',
                                 INST_FIN=0.06,
                                 INST_INIT=0.030000000000000002,
                                 LIST_INST=times,
                                 PRECISION=1e-06),
                    MESURE=_F(TABLE='NON'),
                    METHODE='NEWTON',
                    MODELE=model,
                    NEWTON=_F(MATRICE='TANGENTE',
                              MATR_RIGI_SYME='NON',
                              REAC_INCR=1,
                              REAC_ITER=1,
                              REAC_ITER_ELAS=0),
                    SOLVEUR=_F(ACCELERATION='AUTO',
                               ELIM_LAGR='LAGR2',
                               FILTRAGE_MATRICE=-1.0,
                               GESTION_MEMOIRE='OUT_OF_CORE',
                               LOW_RANK_SEUIL=0.0,
                               MATR_DISTRIBUEE='NON',
                               METHODE='MUMPS',
                               MIXER_PRECISION='NON',
                               NB_RHS=1,
                               NPREC=8,
                               PCENT_PIVOT=35,
                               POSTTRAITEMENTS='AUTO',
                               PRETRAITEMENTS='AUTO',
                               REDUCTION_MPI=0,
                               RENUM='AUTO',
                               RESI_RELA=-1.0,
                               STOP_SINGULIER='OUI',
                               TYPE_RESOL='AUTO'),
                    reuse=res)

Liste des comportements

Affecté sur 85588 éléments
Relation                             : ENDO_FISS_EXP
Déformation                          : PETIT
Pas de régularisation visqueuse
Pas de post-traitement à la fin du pas de temps
Nombre total de variables internes   : 9
V1 : ENDO
V2 : INDIENDO
V3 : ENDORIGI
V4 : EPSEXX
V5 : EPSEYY
V6 : EPSEZZ
V7 : EPSEXY
V8 : EPSEXZ
V9 : EPSEYZ
Affecté sur 11341 éléments
Relation                             : ELAS
Déformation                          : PETIT
Pas de régularisation visqueuse
Pas de post-traitement à la fin du pas de temps
Nombre total de variables internes   : 1
V1 : VIDE
Le système linéaire à résoudre a 455904 degrés de liberté:
   - 438438 sont des degrés de liberté physiques
     (ils sont portés par 135682 noeuds du maillage)
   - 17466 sont les couples de paramètres de Lagrange associés
     aux 8733 relations linéaires dualisées.
La matrice est de taille 455904 équations.
  Elle contient 23708355 termes non nuls si elle est symétrique et 46960806 termes non nuls si elle
n'est pas symétrique.
  Soit un taux de remplissage de   0.023 %.
Lecture de l'état initial
L'état initial a été récupéré dans la structure de données résultat de nom <0000000e> pour le numéro
d'ordre 2 et à l'instant  3.000000000000e-02
Le champ <DEPL> est lu dans ETAT_INIT dans la structure de données résultat donné dans la commande.
Le champ <SIEF_ELGA> est lu dans ETAT_INIT dans la structure de données résultat donné dans la
commande.
Le champ <VARI_ELGA> est lu dans ETAT_INIT dans la structure de données résultat donné dans la
commande.
---------------------------------------------------------------------
Instant de calcul:  6.000000000000e-02 - Niveau de découpe: 1

---------------------------------------------------------------------
|     NEWTON     |     RESIDU     |     RESIDU     |     OPTION     |
|    ITERATION   |     RELATIF    |     ABSOLU     |   ASSEMBLAGE   |
|                | RESI_GLOB_RELA | RESI_GLOB_MAXI |(+ TYPE MATRICE)|
---------------------------------------------------------------------

 ╔================================================================================================╗
 ║ <A> <FACTOR_75>                                                                                ║
 ║                                                                                                ║
 ║ Attention, vous avez demandé un calcul OUT_OF_CORE, mais MUMPS estime avoir besoin pour cela   ║
 ║ d'au moins                                                                                     ║
 ║   4132 Mo  alors qu'il n'y a que 164 Mo de disponible sur ce processeur !                      ║
 ║   Le calcul pourrait donc être ralenti ou s'arrêter pour cette raison.                         ║
 ║                                                                                                ║
 ║   Pour information: mémoire déjà pré-allouée par MUMPS (exécutable, matrice...)= 567 Mo,       ║
 ║                     nombre de systèmes linéaires à factoriser en même temps    = 1.            ║
 ║                                                                                                ║
 ║ Conseils :                                                                                     ║
 ║   La prochaine fois, relancez avec plus de mémoire globale ou avec une option de calcul plus   ║
 ║ économe                                                                                        ║
 ║   (par ordre décroissant d'efficacité):                                                        ║
 ║    - Si le calcul est parallèle, réduisez la consommation MUMPS en augmentant le nombre de     ║
 ║ processeurs,                                                                                   ║
 ║    - Si le calcul est parallèle, réduisez la consommation Aster en activant l'option           ║
 ║ SOLVEUR/MATR_DISTRIBUEE,                                                                       ║
 ║   Ou, plus radicalement:                                                                       ║
 ║    - Utilisez un solveur moins exigeant en mémoire (par exemple: SOLVEUR/METHODE='PETSC' +     ║
 ║ PRECOND='LDLT_SP').                                                                            ║
 ║                                                                                                ║
 ║                                                                                                ║
 ║ Ceci est une alarme. Si vous ne comprenez pas le sens de cette                                 ║
 ║ alarme, vous pouvez obtenir des résultats inattendus !                                         ║
 ╚================================================================================================╝

|     0        X | 1.62956E-01  X | 2.57962E+02    |TANGENTE (NOSYM)|

 ╔================================================================================================╗
 ║ <A> <FACTOR_75>                                                                                ║
 ║                                                                                                ║
 ║ Attention, vous avez demandé un calcul OUT_OF_CORE, mais MUMPS estime avoir besoin pour cela   ║
 ║ d'au moins                                                                                     ║
 ║   4133 Mo  alors qu'il n'y a que 88 Mo de disponible sur ce processeur !                       ║
 ║   Le calcul pourrait donc être ralenti ou s'arrêter pour cette raison.                         ║
 ║                                                                                                ║
 ║   Pour information: mémoire déjà pré-allouée par MUMPS (exécutable, matrice...)= 568 Mo,       ║
 ║                     nombre de systèmes linéaires à factoriser en même temps    = 1.            ║
 ║                                                                                                ║
 ║ Conseils :                                                                                     ║
 ║   La prochaine fois, relancez avec plus de mémoire globale ou avec une option de calcul plus   ║
 ║ économe                                                                                        ║
 ║   (par ordre décroissant d'efficacité):                                                        ║
 ║    - Si le calcul est parallèle, réduisez la consommation MUMPS en augmentant le nombre de     ║
 ║ processeurs,                                                                                   ║
 ║    - Si le calcul est parallèle, réduisez la consommation Aster en activant l'option           ║
 ║ SOLVEUR/MATR_DISTRIBUEE,                                                                       ║
 ║   Ou, plus radicalement:                                                                       ║
 ║    - Utilisez un solveur moins exigeant en mémoire (par exemple: SOLVEUR/METHODE='PETSC' +     ║
 ║ PRECOND='LDLT_SP').                                                                            ║
 ║                                                                                                ║
 ║                                                                                                ║
 ║ Ceci est une alarme. Si vous ne comprenez pas le sens de cette                                 ║
 ║ alarme, vous pouvez obtenir des résultats inattendus !                                         ║
 ╚================================================================================================╝

|     1        X | 3.00175E-02  X | 4.55061E+01    |TANGENTE (NOSYM)|

 ╔================================================================================================╗
 ║ <A> <FACTOR_75>                                                                                ║
 ║                                                                                                ║
 ║ Attention, vous avez demandé un calcul OUT_OF_CORE, mais MUMPS estime avoir besoin pour cela   ║
 ║ d'au moins                                                                                     ║
 ║   4132 Mo  alors qu'il n'y a que 88 Mo de disponible sur ce processeur !                       ║
 ║   Le calcul pourrait donc être ralenti ou s'arrêter pour cette raison.                         ║
 ║                                                                                                ║
 ║   Pour information: mémoire déjà pré-allouée par MUMPS (exécutable, matrice...)= 568 Mo,       ║
 ║                     nombre de systèmes linéaires à factoriser en même temps    = 1.            ║
 ║                                                                                                ║
 ║ Conseils :                                                                                     ║
 ║   La prochaine fois, relancez avec plus de mémoire globale ou avec une option de calcul plus   ║
 ║ économe                                                                                        ║
 ║   (par ordre décroissant d'efficacité):                                                        ║
 ║    - Si le calcul est parallèle, réduisez la consommation MUMPS en augmentant le nombre de     ║
 ║ processeurs,                                                                                   ║
 ║    - Si le calcul est parallèle, réduisez la consommation Aster en activant l'option           ║
 ║ SOLVEUR/MATR_DISTRIBUEE,                                                                       ║
 ║   Ou, plus radicalement:                                                                       ║
 ║    - Utilisez un solveur moins exigeant en mémoire (par exemple: SOLVEUR/METHODE='PETSC' +     ║
 ║ PRECOND='LDLT_SP').                                                                            ║
 ║                                                                                                ║
 ║                                                                                                ║
 ║ Ceci est une alarme. Si vous ne comprenez pas le sens de cette                                 ║
 ║ alarme, vous pouvez obtenir des résultats inattendus !                                         ║
 ╚================================================================================================╝

|     2        X | 6.43440E-03  X | 9.52068E+00    |TANGENTE (NOSYM)|

 ╔================================================================================================╗
 ║ <A> <FACTOR_75>                                                                                ║
 ║                                                                                                ║
 ║ Attention, vous avez demandé un calcul OUT_OF_CORE, mais MUMPS estime avoir besoin pour cela   ║
 ║ d'au moins                                                                                     ║
 ║   4132 Mo  alors qu'il n'y a que 88 Mo de disponible sur ce processeur !                       ║
 ║   Le calcul pourrait donc être ralenti ou s'arrêter pour cette raison.                         ║
 ║                                                                                                ║
 ║   Pour information: mémoire déjà pré-allouée par MUMPS (exécutable, matrice...)= 568 Mo,       ║
 ║                     nombre de systèmes linéaires à factoriser en même temps    = 1.            ║
 ║                                                                                                ║
 ║ Conseils :                                                                                     ║
 ║   La prochaine fois, relancez avec plus de mémoire globale ou avec une option de calcul plus   ║
 ║ économe                                                                                        ║
 ║   (par ordre décroissant d'efficacité):                                                        ║
 ║    - Si le calcul est parallèle, réduisez la consommation MUMPS en augmentant le nombre de     ║
 ║ processeurs,                                                                                   ║
 ║    - Si le calcul est parallèle, réduisez la consommation Aster en activant l'option           ║
 ║ SOLVEUR/MATR_DISTRIBUEE,                                                                       ║
 ║   Ou, plus radicalement:                                                                       ║
 ║    - Utilisez un solveur moins exigeant en mémoire (par exemple: SOLVEUR/METHODE='PETSC' +     ║
 ║ PRECOND='LDLT_SP').                                                                            ║
 ║                                                                                                ║
 ║                                                                                                ║
 ║ Ceci est une alarme. Si vous ne comprenez pas le sens de cette                                 ║
 ║ alarme, vous pouvez obtenir des résultats inattendus !                                         ║
 ╚================================================================================================╝

|     3        X | 4.63393E-04  X | 6.83034E-01    |TANGENTE (NOSYM)|

 ╔================================================================================================╗
 ║ <A> <FACTOR_75>                                                                                ║
 ║                                                                                                ║
 ║ Attention, vous avez demandé un calcul OUT_OF_CORE, mais MUMPS estime avoir besoin pour cela   ║
 ║ d'au moins                                                                                     ║
 ║   4132 Mo  alors qu'il n'y a que 88 Mo de disponible sur ce processeur !                       ║
 ║   Le calcul pourrait donc être ralenti ou s'arrêter pour cette raison.                         ║
 ║                                                                                                ║
 ║   Pour information: mémoire déjà pré-allouée par MUMPS (exécutable, matrice...)= 568 Mo,       ║
 ║                     nombre de systèmes linéaires à factoriser en même temps    = 1.            ║
 ║                                                                                                ║
 ║ Conseils :                                                                                     ║
 ║   La prochaine fois, relancez avec plus de mémoire globale ou avec une option de calcul plus   ║
 ║ économe                                                                                        ║
 ║   (par ordre décroissant d'efficacité):                                                        ║
 ║    - Si le calcul est parallèle, réduisez la consommation MUMPS en augmentant le nombre de     ║
 ║ processeurs,                                                                                   ║
 ║    - Si le calcul est parallèle, réduisez la consommation Aster en activant l'option           ║
 ║ SOLVEUR/MATR_DISTRIBUEE,                                                                       ║
 ║   Ou, plus radicalement:                                                                       ║
 ║    - Utilisez un solveur moins exigeant en mémoire (par exemple: SOLVEUR/METHODE='PETSC' +     ║
 ║ PRECOND='LDLT_SP').                                                                            ║
 ║                                                                                                ║
 ║                                                                                                ║
 ║ Ceci est une alarme. Si vous ne comprenez pas le sens de cette                                 ║
 ║ alarme, vous pouvez obtenir des résultats inattendus !                                         ║
 ╚================================================================================================╝


 ╔================================================================================================╗
 ║ <A> <CATAMESS_41>                                                                              ║
 ║                                                                                                ║
 ║ Le message d'alarme 'FACTOR_75' a été émis 5 fois, il ne sera plus affiché.                    ║
 ║                                                                                                ║
 ║                                                                                                ║
 ║ Ceci est une alarme. Si vous ne comprenez pas le sens de cette                                 ║
 ║ alarme, vous pouvez obtenir des résultats inattendus !                                         ║
 ╚================================================================================================╝

|     4          | 4.14559E-05    | 6.10960E-02    |TANGENTE (NOSYM)|
---------------------------------------------------------------------
Critère(s) de convergence atteint(s)

Le résidu de type <RESI_GLOB_RELA> vaut  4.145594899502e-05 au noeud et degré de liberté <60482  
DX>
Temps CPU consommé dans ce pas de temps    : 16 min 51 s

* Nombre d'itérations de Newton                     : 5
* Temps total intégration comportement              : 24.976 s (6 intégrations)
* Temps total factorisation matrice                 : 14 min 32 s (5 factorisations)
* Temps construction second membre                  : 0.545 s
* Temps total résolution K.U=F                      : 1 min  8 s (5 résolutions)
* Temps assemblage matrice                          : 0.000 s
* Temps autres opérations                           : 44.554 s
Mémoire (Mo) :  7301.97 /  3276.71 /  3226.47 /  1034.97 (VmPeak / VmSize / Optimum / Minimum)

Archivage des champs

Champ stocké <DEPL> à l'instant  6.000000000000e-02 pour le numéro d'ordre 3
Champ stocké <SIEF_ELGA> à l'instant  6.000000000000e-02 pour le numéro d'ordre 3
Champ stocké <VARI_ELGA> à l'instant  6.000000000000e-02 pour le numéro d'ordre 3
Champ stocké <COMPORTEMENT> à l'instant  6.000000000000e-02 pour le numéro d'ordre 3
[100%] Instant calculé : 6.00000e-02, seul l'instant initial a été archivé
Temps CPU consommé dans le calcul          : 16 min 51 s

dont temps CPU "perdu" dans les découpes            : 0.000 s
* Nombre de pas de temps                            : 1
* Nombre d'itérations de Newton                     : 5
* Temps dans l'archivage                            : 0.045 s
* Temps dans le post-traitement                     : 0.000 s
* Temps total intégration comportement              : 24.976 s (6 intégrations)
* Temps total factorisation matrice                 : 14 min 32 s (5 factorisations)
* Temps construction second membre                  : 0.545 s
* Temps total résolution K.U=F                      : 1 min  8 s (5 résolutions)
* Temps assemblage matrice                          : 0.000 s
#1      Resolution des systemes lineaires                 CPU (USER+SYST/SYST/ELAPS):   1000.34    205.77    945.14
#2      Calculs elementaires et assemblages               CPU (USER+SYST/SYST/ELAPS):     66.03      4.86     66.61
# Résultat commande #0002 (STAT_NON_LINE): res ('<0000000e>') de type <NonLinearResult>
# Mémoire (Mo) :  7301.97 /  1324.36 /  3226.47 /  1034.97 (VmPeak / VmSize / Optimum / Minimum)
# Fin commande #0002   user+syst:      865.35s (syst:      213.36s, elaps:     1024.16s)
# ----------------------------------------------------------------------------------------------

.. _stg1_txt184
# ----------------------------------------------------------------------------------------------
# Commande #0003 de
/root/mm/envs/aster/lib/python3.14/site-packages/code_aster/Supervis/ExecuteCommand.py, ligne 184
CALC_CHAMP(CRITERE='RELATIF',
           FORCE='REAC_NODA',
           INFO=1,
           INST=0.06,
           PARALLELISME_TEMPS='NON',
           PRECISION=1e-06,
           RESULTAT=res)

Le système linéaire à résoudre a 455904 degrés de liberté:
   - 438438 sont des degrés de liberté physiques
     (ils sont portés par 135682 noeuds du maillage)
   - 17466 sont les couples de paramètres de Lagrange associés
     aux 8733 relations linéaires dualisées.
#2      Calculs elementaires et assemblages               CPU (USER+SYST/SYST/ELAPS):      0.54      0.00      0.54
# Résultat commande #0003 (CALC_CHAMP): '<00000012>' de type <NonLinearResult>
# Dépend de :
# - model ('<00000002>') de type <Model>
# - fmat ('<00000008>') de type <MaterialField>
# Mémoire (Mo) :  7301.97 /  1324.36 /  3226.47 /  1034.97 (VmPeak / VmSize / Optimum / Minimum)
# Fin commande #0003   user+syst:        0.84s (syst:        0.00s, elaps:        0.86s)
# ----------------------------------------------------------------------------------------------

.. _stg1_txt34
# ----------------------------------------------------------------------------------------------
# Commande #0004 de /home/user/aas-corner-fe/wd/v8c100_V/v8c100_V_s01.comm.changed.py, ligne 34
tb = POST_RELEVE_T(ACTION=_F(CRITERE='RELATIF',
                             FORMAT_C='MODULE',
                             GROUP_NO='HEADT',
                             INST=0.06,
                             INTITULE='R',
                             MOYE_NOEUD='OUI',
                             NOM_CHAM='REAC_NODA',
                             OPERATION='EXTRACTION',
                             PRECISION=1e-06,
                             REPERE='GLOBAL',
                             RESULTANTE='DX',
                             RESULTAT=r2),
                   INFO=1)

# Résultat commande #0004 (POST_RELEVE_T): tb ('<00000013>') de type <Table>
# Mémoire (Mo) :  7301.97 /  1324.36 /  3226.47 /  1034.97 (VmPeak / VmSize / Optimum / Minimum)
# Fin commande #0004   user+syst:        0.01s (syst:        0.00s, elaps:        0.00s)
# ----------------------------------------------------------------------------------------------

.. _stg1_txt34
# ----------------------------------------------------------------------------------------------
# Commande #0005 de /home/user/aas-corner-fe/wd/v8c100_V/v8c100_V_s01.comm.changed.py, ligne 34
tb = POST_RELEVE_T(ACTION=_F(CRITERE='RELATIF',
                             FORMAT_C='MODULE',
                             GROUP_NO='HEADV',
                             INST=0.06,
                             INTITULE='R',
                             MOYE_NOEUD='OUI',
                             NOM_CHAM='REAC_NODA',
                             OPERATION='EXTRACTION',
                             PRECISION=1e-06,
                             REPERE='GLOBAL',
                             RESULTANTE='DX',
                             RESULTAT=r2),
                   INFO=1)

# Résultat commande #0005 (POST_RELEVE_T): tb ('<00000014>') de type <Table>
# Mémoire (Mo) :  7301.97 /  1324.36 /  3226.47 /  1034.97 (VmPeak / VmSize / Optimum / Minimum)
# Fin commande #0005   user+syst:        0.00s (syst:        0.00s, elaps:        0.01s)
# ----------------------------------------------------------------------------------------------

.. _stg1_txt39
# ----------------------------------------------------------------------------------------------
# Commande #0006 de /home/user/aas-corner-fe/wd/v8c100_V/v8c100_V_s01.comm.changed.py, ligne 39
DETRUIRE(INFO=1,
         NOM=r2)

# Mémoire (Mo) :  7301.97 /  1324.36 /  3226.47 /  1034.97 (VmPeak / VmSize / Optimum / Minimum)
# Fin commande #0006   user+syst:        0.07s (syst:        0.00s, elaps:        0.06s)
# ----------------------------------------------------------------------------------------------
/home/user/aas-corner-fe/wd/v8c100_V/v8c100_V_s01.comm.changed.py:56: ResourceWarning: unclosed file <_io.TextIOWrapper name='/home/user/aas-corner-fe/jobs/../results/v8c100_V.curve' mode='a' encoding='UTF-8'>
  open(CURVE,'a').write('CURVE %g %g %g %g\n'%(tcur,tot,v['HEADT'],v['HEADV']))
AASCURVE 0.06 15188.1 -9.92325e-13 15188.1

.. _stg1_txt76
# ----------------------------------------------------------------------------------------------
# Commande #0007 de /root/mm/envs/aster/lib/python3.14/site-packages/code_aster/CodeCommands/fin.py,
ligne 76
FIN(INFO_RESU='NON',
    RETASSAGE='NON')

Saving objects...
pi                       <class 'float'>
e                        <class 'float'>
tau                      <class 'float'>
inf                      <class 'float'>
nan                      <class 'float'>
mesh                     <class 'libaster.Mesh'>
model                    <class 'libaster.Model'>
mat                      <class 'libaster.Material'>
matH                     <class 'libaster.Material'>
matHH                    <class 'libaster.Material'>
stl                      <class 'libaster.Material'>
slvm                     <class 'libaster.Material'>
fmat                     <class 'libaster.MaterialField'>
fix                      <class 'libaster.MechanicalLoadReal'>
grp                      <class 'list'>
load                     <class 'libaster.MechanicalLoadReal'>
ramp                     <class 'libaster.Function'>
steps                    <class 'libaster.ListOfFloats'>
times                    <class 'libaster.TimesList'>
LOADS                    <class 'str'>
CURVE                    <class 'str'>
common                   <class 'dict'>
tcur                     <class 'float'>
peak                     <class 'float'>
stopped                  <class 'bool'>
TARGETS                  <class 'list'>
tn                       <class 'float'>
res                      <class 'libaster.NonLinearResult'>
v                        <class 'dict'>
tot                      <class 'float'>
line                     <class 'str'>

 ╔================================================================================================╗
 ║ <I> <CATAMESS_89>                                                                              ║
 ║                                                                                                ║
 ║ Liste des alarmes émises lors de l'exécution du calcul.                                        ║
 ║                                                                                                ║
 ║     Les alarmes que vous avez choisies d'ignorer sont précédées de (*).                        ║
 ║     Nombre d'occurrences pour chacune des alarmes :                                            ║
 ║            FACTOR_75            émise    5 fois                                                ║
 ╚================================================================================================╝

 ---------------------------------------------------------------------------
 Concepts de la base: G
    Nom        Type                Taille (Mo)         Nombre      Nombre de
                                                     d'objets       segments
    TOTAL                               422.70            431            643
  
    00000001   MAILLAGE_SDASTER          14.63             34             70
    00000002   MODELE_SDASTER            14.45             11             16
    00000003   MATER_SDASTER              0.00             15             15
    00000004   MATER_SDASTER              0.00             15             15
    00000005   MATER_SDASTER              0.00              7              7
    00000006   MATER_SDASTER              0.00              7              7
    00000007   MATER_SDASTER              0.00              7              7
    00000008   CHAM_MATER                 1.17              8             13
    00000009   CHAR_MECA                 15.45             56             76
    0000000a   CHAR_MECA                 11.40             56             76
    0000000b   FONCTION_SDASTER           0.00              3              3
    0000000c   LISTR8_SDASTER             0.00              6              6
    0000000d   LIST_INST                  0.00              8              8
    0000000e   EVOL_NOLI                293.59            144            185
    &FOZERO                               0.00              2              2
    &&_NUM_C                              0.00              1              1
    &CATA                                37.45             42            103
    &&NMDOME                              0.00              2              2
    0000000f                              0.13              2             14
    &&NMCH1P                             34.29              3              3
    00000012                              0.13              2             14
 (*) sous-objets non accessible directement
 ---------------------------------------------------------------------------
Nom de la base                          :  GLOBALE
     Nombre d'enregistrements utilisés       :  672
     Nombre d'enregistrements maximum        :  2684354
     Nombre d'enregistrements par fichier    :  15728
     Longueur d'enregistrement (octets)      :  819200
     Nombre total d'accès en lecture         :  633
     Volume des accès en lecture             :        494.53 Mo.
     Nombre total d'accès en écriture        :  358
     Volume des accès en écriture            :        279.69 Mo.
     Nombre d'identificateurs utilisés       :  751
     Taille maximum du répertoire            :  2000
     Pourcentage d'utilisation du répertoire :  37 %

Nom de la base                          :  VOLATILE
     Nombre d'enregistrements utilisés       :  692
     Nombre d'enregistrements maximum        :  2684354
     Nombre d'enregistrements par fichier    :  15728
     Longueur d'enregistrement (octets)      :  819200
     Nombre total d'accès en lecture         :  484
     Volume des accès en lecture             :        378.12 Mo.
     Nombre total d'accès en écriture        :  2732
     Volume des accès en écriture            :       2134.38 Mo.
     Nombre d'identificateurs utilisés       :  999
     Taille maximum du répertoire            :  2000
     Pourcentage d'utilisation du répertoire :  49 %

<I> <FIN> ARRET NORMAL DANS "FIN" PAR APPEL A "JEFINI".
  
 <I> <FIN> MEMOIRE JEVEUX MINIMALE REQUISE POUR L'EXECUTION :                    1034.97 Mo
 <I> <FIN> MEMOIRE JEVEUX OPTIMALE REQUISE POUR L'EXECUTION :                    3226.47 Mo
 <I> <FIN> MAXIMUM DE MEMOIRE UTILISEE PAR LE PROCESSUS LORS DE L'EXECUTION :    7301.97 Mo
  
 <I>       FERMETURE DES BASES EFFECTUEE
  
   STATISTIQUES CONCERNANT L'ALLOCATION DYNAMIQUE :
     TAILLE CUMULEE MAXIMUM            :                 3226  Mo.
     TAILLE CUMULEE LIBEREE            :                 2413  Mo.
     NOMBRE TOTAL D'ALLOCATIONS        :              3246277
     NOMBRE TOTAL DE LIBERATIONS       :              3246277
     APPELS AU MECANISME DE LIBERATION :                    0
     TAILLE MEMOIRE CUMULEE RECUPEREE  :                 2295  Mo.
     VOLUME DES LECTURES               :                    0  Mo.
     VOLUME DES ECRITURES              :                 1907  Mo.
  
   MEMOIRE JEVEUX MINIMALE REQUISE POUR L'EXECUTION :    1034.97 Mo
     - IMPOSE DE NOMBREUX ACCES DISQUE
     - RALENTIT LA VITESSE D'EXECUTION
   MEMOIRE JEVEUX OPTIMALE REQUISE POUR L'EXECUTION :    3226.47 Mo
     - LIMITE LES ACCES DISQUE
     - AMELIORE LA VITESSE D'EXECUTION
   MAXIMUM DE MEMOIRE UTILISEE PAR LE PROCESSUS     :    7301.97 Mo
     - COMPREND LA MEMOIRE CONSOMMEE PAR  JEVEUX, 
       LE SUPERVISEUR PYTHON, LES LIBRAIRIES EXTERNES
  
 <I>       FIN D'EXECUTION LE : DI-27-SEPT-2026 02:06:13
Signature of pickled file   : 888a2cb4794cc00e1ea83d456bc337aacd310e1ac66ab9123d6f0367fc56c72a
Signature of info file      : f6689dee8c6c45f895c8f6ad7feaf633e27208987e10d7e6269090618ffbcde4
Signature of Jeveux database: 397f0641112f50f421c07e5260210fb0681b36c790d33c85a7193aeacd0f2835

 ********************************************************************************
 * COMMAND                  :       USER :     SYSTEM :   USER+SYS :    ELAPSED *
 ********************************************************************************
 * DEBUT                    :       0.18 :       0.23 :       0.41 :       0.42 *
 * STAT_NON_LINE            :     865.35 :     213.36 :    1078.71 :    1024.16 *
 * CALC_CHAMP               :       0.84 :       0.00 :       0.84 :       0.86 *
 * POST_RELEVE_T            :       0.01 :       0.00 :       0.01 :       0.00 *
 * POST_RELEVE_T            :       0.00 :       0.00 :       0.00 :       0.01 *
 * DETRUIRE                 :       0.07 :       0.00 :       0.07 :       0.06 *
 * FIN                      :       0.16 :       0.18 :       0.34 :       0.36 *
 *  . sdveri                :       0.00 :       0.00 :       0.00 :       0.00 *
 *  . cleanup               :       0.00 :       0.00 :       0.00 :       0.00 *
 *  . check syntax          :       0.02 :       0.00 :       0.02 :       0.03 *
 *  . fortran               :     866.51 :     213.77 :    1080.28 :    1025.77 *
 ********************************************************************************
 * TOTAL_JOB                :     866.68 :     213.79 :    1080.47 :    1025.98 *
 ********************************************************************************

# Mémoire (Mo) :  7301.97 /   781.21 /  3226.47 /  1034.97 (VmPeak / VmSize / Optimum / Minimum)
# Fin commande #0007   user+syst:        0.16s (syst:        0.18s, elaps:        0.36s)
# ----------------------------------------------------------------------------------------------

EXECUTION_CODE_ASTER_EXIT_2904=0


saving result databases to 'BASE_PREC'...
execution ended (command file #2): <A>_ALARM
Running: /root/mm/envs/aster/bin/run_aster -w /home/user/aas-corner-fe/wd/v8c100_V --status-file /root/.tmp_run_aster/run_aster_x0avemju/__status__ --no-mpi /root/.tmp_run_aster/run_aster_x0avemju/v8c100_V.2

# ------------------------------------------------------------------------------
Execution of code_aster

# ------------------------------------------------------------------------------
Prepare environment in /home/user/aas-corner-fe/wd/v8c100_V

# ------------------------------------------------------------------------------
Command file #3 / 15

Content of the file to execute:
# coding=utf-8
# original filename
__file__ = r"/home/user/aas-corner-fe/jobs/v8c100_V_s02.comm"


# temporarly added for compatibility with code_aster legacy
from math import *

import code_aster
from code_aster.Commands import *
from code_aster import CA

POURSUITE(LANG='EN', PAR_LOT='NON')

LOADS='V'
CURVE='/home/user/aas-corner-fe/jobs/../results/v8c100_V.curve'
common=dict(MODELE=model, CHAM_MATER=fmat, EXCIT=(_F(CHARGE=fix), _F(CHARGE=load, FONC_MULT=ramp)),
        COMPORTEMENT=(_F(RELATION='ENDO_FISS_EXP', GROUP_MA=('CONC','HZ')), _F(RELATION='ELAS', GROUP_MA=('STEEL','SLV','HZH'))),
        NEWTON=_F(MATRICE='TANGENTE', REAC_ITER=1),
        CONVERGENCE=_F(RESI_GLOB_RELA=1.E-4, ITER_GLOB_MAXI=30), ARCHIVAGE=_F(PAS_ARCH=1), SOLVEUR=_F(METHODE='MUMPS', GESTION_MEMOIRE='OUT_OF_CORE'))
import os, re
tcur=0.0; peak=0.0; stopped=False
if os.path.exists(CURVE):
    for line in open(CURVE):
        m=re.match(r'CURVE\s+(\S+)\s+(\S+)', line)
        if m:
            tcur=max(tcur, float(m.group(1))); peak=max(peak, float(m.group(2)))
        if line.startswith('STOP'): stopped=True
def reac(res, t):
    r2=CALC_CHAMP(RESULTAT=res, FORCE='REAC_NODA', INST=t)
    vals={}
    for g in ('HEADT','HEADV'):
        try:
            tb=POST_RELEVE_T(ACTION=_F(OPERATION='EXTRACTION', INTITULE='R', RESULTAT=r2, NOM_CHAM='REAC_NODA',
                                       GROUP_NO=g, RESULTANTE='DX', INST=t)).EXTR_TABLE().values()
            vals[g]=-tb['DX'][-1]*2
        except Exception:
            vals[g]=0.
    DETRUIRE(NOM=r2)
    return vals
TARGETS=[0.09]
for tn in TARGETS:
    if stopped or tn <= tcur+1e-9: continue
    try:
        if tcur < 1e-12 and '0'=='1':
            res=STAT_NON_LINE(INCREMENT=_F(LIST_INST=times, INST_FIN=tn), **common)
        else:
            res=STAT_NON_LINE(reuse=res, ETAT_INIT=_F(EVOL_NOLI=res), INCREMENT=_F(LIST_INST=times, INST_FIN=tn), **common)
    except Exception as exc:
        print('AASSTOP at', tcur, exc, flush=True)
        open(CURVE,'a').write('STOP solver %g\n'%tcur); stopped=True; break
    tcur=tn
    v=reac(res, tcur)
    tot=(v['HEADT'] if 'T' in LOADS else 0.)+(v['HEADV'] if 'V' in LOADS else 0.)
    peak=max(peak, tot)
    open(CURVE,'a').write('CURVE %g %g %g %g\n'%(tcur,tot,v['HEADT'],v['HEADV']))
    print('AASCURVE %g %g %g %g'%(tcur,tot,v['HEADT'],v['HEADV']), flush=True)
    if tot < 0.9*peak:
        open(CURVE,'a').write('STOP peak %g\n'%peak); stopped=True; break
FIN()



# ------------------------------------------------------------------------------
Command line #3:
    ulimit -c unlimited ; ulimit -t 25000 ; ( /root/mm/envs/aster/bin/python3 "v8c100_V_s02.comm.changed.py" --memory 3000.0 --numthreads 1 --tpmax 20000 ; echo $? > _exit_code_ ) 2>&1 | tee -a fort.6
setting '--memory' value to 2700.00 MB (keyword RESERVE_MEMOIRE)
Ouverture en écriture du fichier ./vola.1

<INFO> Démarrage de l'exécution.

                       -- CODE_ASTER -- VERSION : DÉVELOPPEMENT (unstable) --                       
                               Version 18.1.6 modifiée le 14/09/2026                                
                                    révision n/a - branche 'n/a'                                    
                                     Copyright EDF 1991 - 2026                                      
                                                                                                    
                              Exécution du : Sun Sep 27 02:06:15 2026                               
                                       Nom de la machine : vm                                       
                                        Architecture : 64bit                                        
                                    Type de processeur : x86_64                                     
                Système d'exploitation : Linux-6.18.44-fc-v37-x86_64-with-glibc2.39                 
                                  Langue des messages : C (UTF-8)                                   
                                     Version de Python : 3.14.7                                     
                                      Version de NumPy : 2.5.3                                      
                                  Version de MEDCoupling : 9.16.0                                   
                                     Parallélisme MPI : inactif                                     
                                    Parallélisme OpenMP : actif                                     
                              Nombre de processus OpenMP utilisés : 1                               
                                Version de la librairie HDF5 : 2.2.0                                
                                Version de la librairie MED : 4.2.0                                 
                               Version de la librairie MFront : 5.1.0                               
                               Version de la librairie MUMPS : 5.8.2                                
                                  Librairie PETSc : non disponible                                  
                              Version de la librairie SCOTCH : 7.0.11                               

restarting from a previous execution...
/home/user/aas-corner-fe/wd/v8c100_V/v8c100_V_s02.comm.changed.py:13: DeprecationWarning: This feature is obsolete, 'PAR_LOT' has been removed.
  POURSUITE(LANG='EN', PAR_LOT='NON')
Valeur initiale du temps CPU maximum =   20000 secondes
  Valeur du temps CPU maximum passé aux commandes =   18000 secondes
  Réserve CPU prévue = 2000 secondes

Ouverture en lecture du fichier ./glob.1

Ajustement de la taille maximale des bases à 2048.00 Go.
    
Nom de la base                          :  GLOBALE
     Créée avec la version                   :  18.01.06
     Nombre d'enregistrements utilisés       :  672
     Nombre d'enregistrements maximum        :  2684354
     Nombre d'enregistrements par fichier    :  15728
     Longueur d'enregistrement (octets)      :  819200
     Nombre d'identificateurs utilisés       :  751
     Taille maximum du répertoire            :  2000
     Pourcentage d'utilisation du répertoire :  37 %

Ouverture en lecture du fichier ./glob.1

Ouverture en écriture du fichier ./vola.1

Fin de lecture (durée  0.000024  s.) 

                      Mémoire limite pour l'allocation dynamique : 3212.06 Mo                       
                         ajouté à l'initialisation du processus : 613.34 Mo                         
                               Limite cible du processus : 3825.40 Mo                               
                         Taille limite des fichiers d'échange : 2048.00 Go                          
pi                       <class 'float'>
e                        <class 'float'>
tau                      <class 'float'>
inf                      <class 'float'>
nan                      <class 'float'>
mesh                     <class 'libaster.Mesh'>
model                    <class 'libaster.Model'>
mat                      <class 'libaster.Material'>
matH                     <class 'libaster.Material'>
matHH                    <class 'libaster.Material'>
stl                      <class 'libaster.Material'>
slvm                     <class 'libaster.Material'>
fmat                     <class 'libaster.MaterialField'>
fix                      <class 'libaster.MechanicalLoadReal'>
grp                      <class 'list'>
load                     <class 'libaster.MechanicalLoadReal'>
ramp                     <class 'libaster.Function'>
steps                    <class 'libaster.ListOfFloats'>
times                    <class 'libaster.TimesList'>
LOADS                    <class 'str'>
CURVE                    <class 'str'>
common                   <class 'dict'>
tcur                     <class 'float'>
peak                     <class 'float'>
stopped                  <class 'bool'>
TARGETS                  <class 'list'>
tn                       <class 'float'>
res                      <class 'libaster.NonLinearResult'>
v                        <class 'dict'>
tot                      <class 'float'>
line                     <class 'str'>
# Mémoire (Mo) :   884.19 /   884.19 /   429.22 /   429.19 (VmPeak / VmSize / Optimum / Minimum)
# Fin commande #0001   user+syst:        0.17s (syst:        0.26s, elaps:        0.44s)
# ----------------------------------------------------------------------------------------------
/home/user/aas-corner-fe/wd/v8c100_V/v8c100_V_s02.comm.changed.py:24: ResourceWarning: unclosed file <_io.TextIOWrapper name='/home/user/aas-corner-fe/jobs/../results/v8c100_V.curve' mode='r' encoding='UTF-8'>
  for line in open(CURVE):

.. _stg1_txt48
# ----------------------------------------------------------------------------------------------
# Commande #0002 de /home/user/aas-corner-fe/wd/v8c100_V/v8c100_V_s02.comm.changed.py, ligne 48
res = STAT_NON_LINE(AFFICHAGE=_F(INFO_RESIDU='NON',
                                 INFO_TEMPS='NON'),
                    ARCHIVAGE=_F(CHAM_EXCLU=('RESI_NOEU', 'RESI_RELA_NOEU'),
                                 PAS_ARCH=1),
                    CHAM_MATER=fmat,
                    COMPORTEMENT=(_F(DEFORMATION='PETIT',
                                     GROUP_MA=('CONC', 'HZ'),
                                     ITER_CPLAN_MAXI=10,
                                     ITER_INTE_MAXI=20,
                                     ITER_INTE_PAS=0,
                                     PARM_THETA=1.0,
                                     REGU_VISC='NON',
                                     RELATION='ENDO_FISS_EXP',
                                     RESI_CPLAN_RELA=1e-06,
                                     RESI_INTE=1e-06),
                                  _F(DEFORMATION='PETIT',
                                     GROUP_MA=('STEEL', 'SLV', 'HZH'),
                                     ITER_CPLAN_MAXI=10,
                                     ITER_INTE_MAXI=20,
                                     ITER_INTE_PAS=0,
                                     PARM_THETA=1.0,
                                     REGU_VISC='NON',
                                     RELATION='ELAS',
                                     RESI_CPLAN_RELA=1e-06,
                                     RESI_INTE=1e-06)),
                    CONVERGENCE=_F(ARRET='OUI',
                                   ITER_GLOB_ELAS=25,
                                   ITER_GLOB_MAXI=30,
                                   RESI_GLOB_RELA=0.0001,
                                   VERIF='TOUT'),
                    ETAT_INIT=_F(EVOL_NOLI=res),
                    EXCIT=(_F(CHARGE='<00000009>',
                              TYPE_CHARGE='FIXE_CSTE'),
                           _F(CHARGE='<0000000a>',
                              FONC_MULT=ramp,
                              TYPE_CHARGE='FIXE_CSTE')),
                    INCREMENT=_F(CRITERE='RELATIF',
                                 INST_FIN=0.09,
                                 INST_INIT=0.060000000000000005,
                                 LIST_INST=times,
                                 PRECISION=1e-06),
                    MESURE=_F(TABLE='NON'),
                    METHODE='NEWTON',
                    MODELE=model,
                    NEWTON=_F(MATRICE='TANGENTE',
                              MATR_RIGI_SYME='NON',
                              REAC_INCR=1,
                              REAC_ITER=1,
                              REAC_ITER_ELAS=0),
                    SOLVEUR=_F(ACCELERATION='AUTO',
                               ELIM_LAGR='LAGR2',
                               FILTRAGE_MATRICE=-1.0,
                               GESTION_MEMOIRE='OUT_OF_CORE',
                               LOW_RANK_SEUIL=0.0,
                               MATR_DISTRIBUEE='NON',
                               METHODE='MUMPS',
                               MIXER_PRECISION='NON',
                               NB_RHS=1,
                               NPREC=8,
                               PCENT_PIVOT=35,
                               POSTTRAITEMENTS='AUTO',
                               PRETRAITEMENTS='AUTO',
                               REDUCTION_MPI=0,
                               RENUM='AUTO',
                               RESI_RELA=-1.0,
                               STOP_SINGULIER='OUI',
                               TYPE_RESOL='AUTO'),
                    reuse=res)

Liste des comportements

Affecté sur 85588 éléments
Relation                             : ENDO_FISS_EXP
Déformation                          : PETIT
Pas de régularisation visqueuse
Pas de post-traitement à la fin du pas de temps
Nombre total de variables internes   : 9
V1 : ENDO
V2 : INDIENDO
V3 : ENDORIGI
V4 : EPSEXX
V5 : EPSEYY
V6 : EPSEZZ
V7 : EPSEXY
V8 : EPSEXZ
V9 : EPSEYZ
Affecté sur 11341 éléments
Relation                             : ELAS
Déformation                          : PETIT
Pas de régularisation visqueuse
Pas de post-traitement à la fin du pas de temps
Nombre total de variables internes   : 1
V1 : VIDE
Le système linéaire à résoudre a 455904 degrés de liberté:
   - 438438 sont des degrés de liberté physiques
     (ils sont portés par 135682 noeuds du maillage)
   - 17466 sont les couples de paramètres de Lagrange associés
     aux 8733 relations linéaires dualisées.
La matrice est de taille 455904 équations.
  Elle contient 23708355 termes non nuls si elle est symétrique et 46960806 termes non nuls si elle
n'est pas symétrique.
  Soit un taux de remplissage de   0.023 %.
Lecture de l'état initial
L'état initial a été récupéré dans la structure de données résultat de nom <0000000e> pour le numéro
d'ordre 3 et à l'instant  6.000000000000e-02
Le champ <DEPL> est lu dans ETAT_INIT dans la structure de données résultat donné dans la commande.
Le champ <SIEF_ELGA> est lu dans ETAT_INIT dans la structure de données résultat donné dans la
commande.
Le champ <VARI_ELGA> est lu dans ETAT_INIT dans la structure de données résultat donné dans la
commande.
---------------------------------------------------------------------
Instant de calcul:  9.000000000000e-02 - Niveau de découpe: 1

---------------------------------------------------------------------
|     NEWTON     |     RESIDU     |     RESIDU     |     OPTION     |
|    ITERATION   |     RELATIF    |     ABSOLU     |   ASSEMBLAGE   |
|                | RESI_GLOB_RELA | RESI_GLOB_MAXI |(+ TYPE MATRICE)|
---------------------------------------------------------------------

 ╔================================================================================================╗
 ║ <A> <FACTOR_75>                                                                                ║
 ║                                                                                                ║
 ║ Attention, vous avez demandé un calcul OUT_OF_CORE, mais MUMPS estime avoir besoin pour cela   ║
 ║ d'au moins                                                                                     ║
 ║   4132 Mo  alors qu'il n'y a que 102 Mo de disponible sur ce processeur !                      ║
 ║   Le calcul pourrait donc être ralenti ou s'arrêter pour cette raison.                         ║
 ║                                                                                                ║
 ║   Pour information: mémoire déjà pré-allouée par MUMPS (exécutable, matrice...)= 568 Mo,       ║
 ║                     nombre de systèmes linéaires à factoriser en même temps    = 1.            ║
 ║                                                                                                ║
 ║ Conseils :                                                                                     ║
 ║   La prochaine fois, relancez avec plus de mémoire globale ou avec une option de calcul plus   ║
 ║ économe                                                                                        ║
 ║   (par ordre décroissant d'efficacité):                                                        ║
 ║    - Si le calcul est parallèle, réduisez la consommation MUMPS en augmentant le nombre de     ║
 ║ processeurs,                                                                                   ║
 ║    - Si le calcul est parallèle, réduisez la consommation Aster en activant l'option           ║
 ║ SOLVEUR/MATR_DISTRIBUEE,                                                                       ║
 ║   Ou, plus radicalement:                                                                       ║
 ║    - Utilisez un solveur moins exigeant en mémoire (par exemple: SOLVEUR/METHODE='PETSC' +     ║
 ║ PRECOND='LDLT_SP').                                                                            ║
 ║                                                                                                ║
 ║                                                                                                ║
 ║ Ceci est une alarme. Si vous ne comprenez pas le sens de cette                                 ║
 ║ alarme, vous pouvez obtenir des résultats inattendus !                                         ║
 ╚================================================================================================╝

|     0        X | 1.38343E-01  X | 2.62398E+02    |TANGENTE (NOSYM)|

 ╔================================================================================================╗
 ║ <A> <FACTOR_75>                                                                                ║
 ║                                                                                                ║
 ║ Attention, vous avez demandé un calcul OUT_OF_CORE, mais MUMPS estime avoir besoin pour cela   ║
 ║ d'au moins                                                                                     ║
 ║   4133 Mo  alors qu'il n'y a que 25 Mo de disponible sur ce processeur !                       ║
 ║   Le calcul pourrait donc être ralenti ou s'arrêter pour cette raison.                         ║
 ║                                                                                                ║
 ║   Pour information: mémoire déjà pré-allouée par MUMPS (exécutable, matrice...)= 569 Mo,       ║
 ║                     nombre de systèmes linéaires à factoriser en même temps    = 1.            ║
 ║                                                                                                ║
 ║ Conseils :                                                                                     ║
 ║   La prochaine fois, relancez avec plus de mémoire globale ou avec une option de calcul plus   ║
 ║ économe                                                                                        ║
 ║   (par ordre décroissant d'efficacité):                                                        ║
 ║    - Si le calcul est parallèle, réduisez la consommation MUMPS en augmentant le nombre de     ║
 ║ processeurs,                                                                                   ║
 ║    - Si le calcul est parallèle, réduisez la consommation Aster en activant l'option           ║
 ║ SOLVEUR/MATR_DISTRIBUEE,                                                                       ║
 ║   Ou, plus radicalement:                                                                       ║
 ║    - Utilisez un solveur moins exigeant en mémoire (par exemple: SOLVEUR/METHODE='PETSC' +     ║
 ║ PRECOND='LDLT_SP').                                                                            ║
 ║                                                                                                ║
 ║                                                                                                ║
 ║ Ceci est une alarme. Si vous ne comprenez pas le sens de cette                                 ║
 ║ alarme, vous pouvez obtenir des résultats inattendus !                                         ║
 ╚================================================================================================╝

|     1        X | 3.32267E-02  X | 5.91291E+01    |TANGENTE (NOSYM)|

 ╔================================================================================================╗
 ║ <A> <FACTOR_75>                                                                                ║
 ║                                                                                                ║
 ║ Attention, vous avez demandé un calcul OUT_OF_CORE, mais MUMPS estime avoir besoin pour cela   ║
 ║ d'au moins                                                                                     ║
 ║   4133 Mo  alors qu'il n'y a que 25 Mo de disponible sur ce processeur !                       ║
 ║   Le calcul pourrait donc être ralenti ou s'arrêter pour cette raison.                         ║
 ║                                                                                                ║
 ║   Pour information: mémoire déjà pré-allouée par MUMPS (exécutable, matrice...)= 569 Mo,       ║
 ║                     nombre de systèmes linéaires à factoriser en même temps    = 1.            ║
 ║                                                                                                ║
 ║ Conseils :                                                                                     ║
 ║   La prochaine fois, relancez avec plus de mémoire globale ou avec une option de calcul plus   ║
 ║ économe                                                                                        ║
 ║   (par ordre décroissant d'efficacité):                                                        ║
 ║    - Si le calcul est parallèle, réduisez la consommation MUMPS en augmentant le nombre de     ║
 ║ processeurs,                                                                                   ║
 ║    - Si le calcul est parallèle, réduisez la consommation Aster en activant l'option           ║
 ║ SOLVEUR/MATR_DISTRIBUEE,                                                                       ║
 ║   Ou, plus radicalement:                                                                       ║
 ║    - Utilisez un solveur moins exigeant en mémoire (par exemple: SOLVEUR/METHODE='PETSC' +     ║
 ║ PRECOND='LDLT_SP').                                                                            ║
 ║                                                                                                ║
 ║                                                                                                ║
 ║ Ceci est une alarme. Si vous ne comprenez pas le sens de cette                                 ║
 ║ alarme, vous pouvez obtenir des résultats inattendus !                                         ║
 ╚================================================================================================╝

|     2        X | 7.33997E-03  X | 1.28739E+01    |TANGENTE (NOSYM)|

 ╔================================================================================================╗
 ║ <A> <FACTOR_75>                                                                                ║
 ║                                                                                                ║
 ║ Attention, vous avez demandé un calcul OUT_OF_CORE, mais MUMPS estime avoir besoin pour cela   ║
 ║ d'au moins                                                                                     ║
 ║   4133 Mo  alors qu'il n'y a que 25 Mo de disponible sur ce processeur !                       ║
 ║   Le calcul pourrait donc être ralenti ou s'arrêter pour cette raison.                         ║
 ║                                                                                                ║
 ║   Pour information: mémoire déjà pré-allouée par MUMPS (exécutable, matrice...)= 569 Mo,       ║
 ║                     nombre de systèmes linéaires à factoriser en même temps    = 1.            ║
 ║                                                                                                ║
 ║ Conseils :                                                                                     ║
 ║   La prochaine fois, relancez avec plus de mémoire globale ou avec une option de calcul plus   ║
 ║ économe                                                                                        ║
 ║   (par ordre décroissant d'efficacité):                                                        ║
 ║    - Si le calcul est parallèle, réduisez la consommation MUMPS en augmentant le nombre de     ║
 ║ processeurs,                                                                                   ║
 ║    - Si le calcul est parallèle, réduisez la consommation Aster en activant l'option           ║
 ║ SOLVEUR/MATR_DISTRIBUEE,                                                                       ║
 ║   Ou, plus radicalement:                                                                       ║
 ║    - Utilisez un solveur moins exigeant en mémoire (par exemple: SOLVEUR/METHODE='PETSC' +     ║
 ║ PRECOND='LDLT_SP').                                                                            ║
 ║                                                                                                ║
 ║                                                                                                ║
 ║ Ceci est une alarme. Si vous ne comprenez pas le sens de cette                                 ║
 ║ alarme, vous pouvez obtenir des résultats inattendus !                                         ║
 ╚================================================================================================╝

|     3        X | 2.26033E-04  X | 3.95140E-01    |TANGENTE (NOSYM)|

 ╔================================================================================================╗
 ║ <A> <FACTOR_75>                                                                                ║
 ║                                                                                                ║
 ║ Attention, vous avez demandé un calcul OUT_OF_CORE, mais MUMPS estime avoir besoin pour cela   ║
 ║ d'au moins                                                                                     ║
 ║   4133 Mo  alors qu'il n'y a que 25 Mo de disponible sur ce processeur !                       ║
 ║   Le calcul pourrait donc être ralenti ou s'arrêter pour cette raison.                         ║
 ║                                                                                                ║
 ║   Pour information: mémoire déjà pré-allouée par MUMPS (exécutable, matrice...)= 568 Mo,       ║
 ║                     nombre de systèmes linéaires à factoriser en même temps    = 1.            ║
 ║                                                                                                ║
 ║ Conseils :                                                                                     ║
 ║   La prochaine fois, relancez avec plus de mémoire globale ou avec une option de calcul plus   ║
 ║ économe                                                                                        ║
 ║   (par ordre décroissant d'efficacité):                                                        ║
 ║    - Si le calcul est parallèle, réduisez la consommation MUMPS en augmentant le nombre de     ║
 ║ processeurs,                                                                                   ║
 ║    - Si le calcul est parallèle, réduisez la consommation Aster en activant l'option           ║
 ║ SOLVEUR/MATR_DISTRIBUEE,                                                                       ║
 ║   Ou, plus radicalement:                                                                       ║
 ║    - Utilisez un solveur moins exigeant en mémoire (par exemple: SOLVEUR/METHODE='PETSC' +     ║
 ║ PRECOND='LDLT_SP').                                                                            ║
 ║                                                                                                ║
 ║                                                                                                ║
 ║ Ceci est une alarme. Si vous ne comprenez pas le sens de cette                                 ║
 ║ alarme, vous pouvez obtenir des résultats inattendus !                                         ║
 ╚================================================================================================╝


 ╔================================================================================================╗
 ║ <A> <CATAMESS_41>                                                                              ║
 ║                                                                                                ║
 ║ Le message d'alarme 'FACTOR_75' a été émis 5 fois, il ne sera plus affiché.                    ║
 ║                                                                                                ║
 ║                                                                                                ║
 ║ Ceci est une alarme. Si vous ne comprenez pas le sens de cette                                 ║
 ║ alarme, vous pouvez obtenir des résultats inattendus !                                         ║
 ╚================================================================================================╝

|     4          | 2.65401E-07    | 4.63924E-04    |TANGENTE (NOSYM)|
---------------------------------------------------------------------
Critère(s) de convergence atteint(s)

Le résidu de type <RESI_GLOB_RELA> vaut  2.654007133142e-07 au noeud et degré de liberté <686    
DX>
Temps CPU consommé dans ce pas de temps    : 17 min  3 s

* Nombre d'itérations de Newton                     : 5
* Temps total intégration comportement              : 26.242 s (6 intégrations)
* Temps total factorisation matrice                 : 14 min 41 s (5 factorisations)
* Temps construction second membre                  : 0.498 s
* Temps total résolution K.U=F                      : 1 min  9 s (5 résolutions)
* Temps assemblage matrice                          : 0.000 s
* Temps autres opérations                           : 45.242 s
Mémoire (Mo) :  7368.57 /  3342.57 /  3291.14 /  1099.64 (VmPeak / VmSize / Optimum / Minimum)

Archivage des champs

Champ stocké <DEPL> à l'instant  9.000000000000e-02 pour le numéro d'ordre 4
Champ stocké <SIEF_ELGA> à l'instant  9.000000000000e-02 pour le numéro d'ordre 4
Champ stocké <VARI_ELGA> à l'instant  9.000000000000e-02 pour le numéro d'ordre 4
Champ stocké <COMPORTEMENT> à l'instant  9.000000000000e-02 pour le numéro d'ordre 4
[100%] Instant calculé : 9.00000e-02, seul l'instant initial a été archivé
Temps CPU consommé dans le calcul          : 17 min  3 s

dont temps CPU "perdu" dans les découpes            : 0.000 s
* Nombre de pas de temps                            : 1
* Nombre d'itérations de Newton                     : 5
* Temps dans l'archivage                            : 0.052 s
* Temps dans le post-traitement                     : 0.000 s
* Temps total intégration comportement              : 26.242 s (6 intégrations)
* Temps total factorisation matrice                 : 14 min 41 s (5 factorisations)
* Temps construction second membre                  : 0.498 s
* Temps total résolution K.U=F                      : 1 min  9 s (5 résolutions)
* Temps assemblage matrice                          : 0.000 s
#1      Resolution des systemes lineaires                 CPU (USER+SYST/SYST/ELAPS):   1013.63    208.33    955.19
#2      Calculs elementaires et assemblages               CPU (USER+SYST/SYST/ELAPS):     68.26      5.04     68.70
# Résultat commande #0002 (STAT_NON_LINE): res ('<0000000e>') de type <NonLinearResult>
# Mémoire (Mo) :  7368.57 /  1571.41 /  3291.14 /  1099.64 (VmPeak / VmSize / Optimum / Minimum)
# Fin commande #0002   user+syst:      877.72s (syst:      215.61s, elaps:     1035.44s)
# ----------------------------------------------------------------------------------------------

.. _stg1_txt184
# ----------------------------------------------------------------------------------------------
# Commande #0003 de
/root/mm/envs/aster/lib/python3.14/site-packages/code_aster/Supervis/ExecuteCommand.py, ligne 184
CALC_CHAMP(CRITERE='RELATIF',
           FORCE='REAC_NODA',
           INFO=1,
           INST=0.09,
           PARALLELISME_TEMPS='NON',
           PRECISION=1e-06,
           RESULTAT=res)

Le système linéaire à résoudre a 455904 degrés de liberté:
   - 438438 sont des degrés de liberté physiques
     (ils sont portés par 135682 noeuds du maillage)
   - 17466 sont les couples de paramètres de Lagrange associés
     aux 8733 relations linéaires dualisées.
#2      Calculs elementaires et assemblages               CPU (USER+SYST/SYST/ELAPS):      0.45      0.00      0.45
# Résultat commande #0003 (CALC_CHAMP): '<00000015>' de type <NonLinearResult>
# Dépend de :
# - model ('<00000002>') de type <Model>
# - fmat ('<00000008>') de type <MaterialField>
# Mémoire (Mo) :  7368.57 /  1571.41 /  3291.14 /  1099.64 (VmPeak / VmSize / Optimum / Minimum)
# Fin commande #0003   user+syst:        0.85s (syst:        0.00s, elaps:        0.87s)
# ----------------------------------------------------------------------------------------------

.. _stg1_txt34
# ----------------------------------------------------------------------------------------------
# Commande #0004 de /home/user/aas-corner-fe/wd/v8c100_V/v8c100_V_s02.comm.changed.py, ligne 34
tb = POST_RELEVE_T(ACTION=_F(CRITERE='RELATIF',
                             FORMAT_C='MODULE',
                             GROUP_NO='HEADT',
                             INST=0.09,
                             INTITULE='R',
                             MOYE_NOEUD='OUI',
                             NOM_CHAM='REAC_NODA',
                             OPERATION='EXTRACTION',
                             PRECISION=1e-06,
                             REPERE='GLOBAL',
                             RESULTANTE='DX',
                             RESULTAT=r2),
                   INFO=1)

# Résultat commande #0004 (POST_RELEVE_T): tb ('<00000016>') de type <Table>
# Mémoire (Mo) :  7368.57 /  1571.41 /  3291.14 /  1099.64 (VmPeak / VmSize / Optimum / Minimum)
# Fin commande #0004   user+syst:        0.01s (syst:        0.00s, elaps:        0.00s)
# ----------------------------------------------------------------------------------------------

.. _stg1_txt34
# ----------------------------------------------------------------------------------------------
# Commande #0005 de /home/user/aas-corner-fe/wd/v8c100_V/v8c100_V_s02.comm.changed.py, ligne 34
tb = POST_RELEVE_T(ACTION=_F(CRITERE='RELATIF',
                             FORMAT_C='MODULE',
                             GROUP_NO='HEADV',
                             INST=0.09,
                             INTITULE='R',
                             MOYE_NOEUD='OUI',
                             NOM_CHAM='REAC_NODA',
                             OPERATION='EXTRACTION',
                             PRECISION=1e-06,
                             REPERE='GLOBAL',
                             RESULTANTE='DX',
                             RESULTAT=r2),
                   INFO=1)

# Résultat commande #0005 (POST_RELEVE_T): tb ('<00000017>') de type <Table>
# Mémoire (Mo) :  7368.57 /  1571.41 /  3291.14 /  1099.64 (VmPeak / VmSize / Optimum / Minimum)
# Fin commande #0005   user+syst:        0.01s (syst:        0.00s, elaps:        0.01s)
# ----------------------------------------------------------------------------------------------

.. _stg1_txt39
# ----------------------------------------------------------------------------------------------
# Commande #0006 de /home/user/aas-corner-fe/wd/v8c100_V/v8c100_V_s02.comm.changed.py, ligne 39
DETRUIRE(INFO=1,
         NOM=r2)

# Mémoire (Mo) :  7368.57 /  1571.41 /  3291.14 /  1099.64 (VmPeak / VmSize / Optimum / Minimum)
# Fin commande #0006   user+syst:        0.06s (syst:        0.00s, elaps:        0.07s)
# ----------------------------------------------------------------------------------------------
/home/user/aas-corner-fe/wd/v8c100_V/v8c100_V_s02.comm.changed.py:56: ResourceWarning: unclosed file <_io.TextIOWrapper name='/home/user/aas-corner-fe/jobs/../results/v8c100_V.curve' mode='a' encoding='UTF-8'>
  open(CURVE,'a').write('CURVE %g %g %g %g\n'%(tcur,tot,v['HEADT'],v['HEADV']))
AASCURVE 0.09 18090.6 5.85619e-13 18090.6

.. _stg1_txt76
# ----------------------------------------------------------------------------------------------
# Commande #0007 de /root/mm/envs/aster/lib/python3.14/site-packages/code_aster/CodeCommands/fin.py,
ligne 76
FIN(INFO_RESU='NON',
    RETASSAGE='NON')

Saving objects...
pi                       <class 'float'>
e                        <class 'float'>
tau                      <class 'float'>
inf                      <class 'float'>
nan                      <class 'float'>
mesh                     <class 'libaster.Mesh'>
model                    <class 'libaster.Model'>
mat                      <class 'libaster.Material'>
matH                     <class 'libaster.Material'>
matHH                    <class 'libaster.Material'>
stl                      <class 'libaster.Material'>
slvm                     <class 'libaster.Material'>
fmat                     <class 'libaster.MaterialField'>
fix                      <class 'libaster.MechanicalLoadReal'>
grp                      <class 'list'>
load                     <class 'libaster.MechanicalLoadReal'>
ramp                     <class 'libaster.Function'>
steps                    <class 'libaster.ListOfFloats'>
times                    <class 'libaster.TimesList'>
LOADS                    <class 'str'>
CURVE                    <class 'str'>
common                   <class 'dict'>
tcur                     <class 'float'>
peak                     <class 'float'>
stopped                  <class 'bool'>
TARGETS                  <class 'list'>
tn                       <class 'float'>
res                      <class 'libaster.NonLinearResult'>
v                        <class 'dict'>
tot                      <class 'float'>
line                     <class 'str'>

 ╔================================================================================================╗
 ║ <I> <CATAMESS_89>                                                                              ║
 ║                                                                                                ║
 ║ Liste des alarmes émises lors de l'exécution du calcul.                                        ║
 ║                                                                                                ║
 ║     Les alarmes que vous avez choisies d'ignorer sont précédées de (*).                        ║
 ║     Nombre d'occurrences pour chacune des alarmes :                                            ║
 ║            FACTOR_75            émise    5 fois                                                ║
 ╚================================================================================================╝

 ---------------------------------------------------------------------------
 Concepts de la base: G
    Nom        Type                Taille (Mo)         Nombre      Nombre de
                                                     d'objets       segments
    TOTAL                               488.81            454            683
  
    00000001   MAILLAGE_SDASTER          14.63             34             70
    00000002   MODELE_SDASTER            14.45             11             16
    00000003   MATER_SDASTER              0.00             15             15
    00000004   MATER_SDASTER              0.00             15             15
    00000005   MATER_SDASTER              0.00              7              7
    00000006   MATER_SDASTER              0.00              7              7
    00000007   MATER_SDASTER              0.00              7              7
    00000008   CHAM_MATER                 1.17              8             13
    00000009   CHAR_MECA                 15.45             56             76
    0000000a   CHAR_MECA                 11.40             56             76
    0000000b   FONCTION_SDASTER           0.00              3              3
    0000000c   LISTR8_SDASTER             0.00              6              6
    0000000d   LIST_INST                  0.00              8              8
    0000000e   EVOL_NOLI                359.57            165            211
    &FOZERO                               0.00              2              2
    &&_NUM_C                              0.00              1              1
    &CATA                                37.45             42            103
    &&NMDOME                              0.00              2              2
    0000000f                              0.13              2             14
    &&NMCH1P                             34.29              3              3
    00000012                              0.13              2             14
    00000015                              0.13              2             14
 (*) sous-objets non accessible directement
 ---------------------------------------------------------------------------
Nom de la base                          :  GLOBALE
     Nombre d'enregistrements utilisés       :  762
     Nombre d'enregistrements maximum        :  2684354
     Nombre d'enregistrements par fichier    :  15728
     Longueur d'enregistrement (octets)      :  819200
     Nombre total d'accès en lecture         :  722
     Volume des accès en lecture             :        564.06 Mo.
     Nombre total d'accès en écriture        :  359
     Volume des accès en écriture            :        280.47 Mo.
     Nombre d'identificateurs utilisés       :  822
     Taille maximum du répertoire            :  2000
     Pourcentage d'utilisation du répertoire :  41 %

Nom de la base                          :  VOLATILE
     Nombre d'enregistrements utilisés       :  692
     Nombre d'enregistrements maximum        :  2684354
     Nombre d'enregistrements par fichier    :  15728
     Longueur d'enregistrement (octets)      :  819200
     Nombre total d'accès en lecture         :  484
     Volume des accès en lecture             :        378.12 Mo.
     Nombre total d'accès en écriture        :  2732
     Volume des accès en écriture            :       2134.38 Mo.
     Nombre d'identificateurs utilisés       :  1001
     Taille maximum du répertoire            :  2000
     Pourcentage d'utilisation du répertoire :  50 %

<I> <FIN> ARRET NORMAL DANS "FIN" PAR APPEL A "JEFINI".
  
 <I> <FIN> MEMOIRE JEVEUX MINIMALE REQUISE POUR L'EXECUTION :                    1099.64 Mo
 <I> <FIN> MEMOIRE JEVEUX OPTIMALE REQUISE POUR L'EXECUTION :                    3291.14 Mo
 <I> <FIN> MAXIMUM DE MEMOIRE UTILISEE PAR LE PROCESSUS LORS DE L'EXECUTION :    7368.57 Mo
  
 <I>       FERMETURE DES BASES EFFECTUEE
  
   STATISTIQUES CONCERNANT L'ALLOCATION DYNAMIQUE :
     TAILLE CUMULEE MAXIMUM            :                 3291  Mo.
     TAILLE CUMULEE LIBEREE            :                 2421  Mo.
     NOMBRE TOTAL D'ALLOCATIONS        :              3246340
     NOMBRE TOTAL DE LIBERATIONS       :              3246340
     APPELS AU MECANISME DE LIBERATION :                    0
     TAILLE MEMOIRE CUMULEE RECUPEREE  :                 2295  Mo.
     VOLUME DES LECTURES               :                    0  Mo.
     VOLUME DES ECRITURES              :                 1907  Mo.
  
   MEMOIRE JEVEUX MINIMALE REQUISE POUR L'EXECUTION :    1099.64 Mo
     - IMPOSE DE NOMBREUX ACCES DISQUE
     - RALENTIT LA VITESSE D'EXECUTION
   MEMOIRE JEVEUX OPTIMALE REQUISE POUR L'EXECUTION :    3291.14 Mo
     - LIMITE LES ACCES DISQUE
     - AMELIORE LA VITESSE D'EXECUTION
   MAXIMUM DE MEMOIRE UTILISEE PAR LE PROCESSUS     :    7368.57 Mo
     - COMPREND LA MEMOIRE CONSOMMEE PAR  JEVEUX, 
       LE SUPERVISEUR PYTHON, LES LIBRAIRIES EXTERNES
  
 <I>       FIN D'EXECUTION LE : DI-27-SEPT-2026 02:23:33
Signature of pickled file   : 18d8e884d169dedca4454005e8c268c87cab732ed5501871c13e57ccdbad26b4
Signature of info file      : 0f8b260d1cd2faff2ef45299533e4af48f72e2ef695db786b77b16c0b71ea846
Signature of Jeveux database: 542fbea2645b322619d3d9d2791a3bf1dc23fbdcf0b649a928d696edfe49b9a6

 ********************************************************************************
 * COMMAND                  :       USER :     SYSTEM :   USER+SYS :    ELAPSED *
 ********************************************************************************
 * DEBUT                    :       0.17 :       0.26 :       0.43 :       0.44 *
 * STAT_NON_LINE            :     877.72 :     215.61 :    1093.33 :    1035.44 *
 * CALC_CHAMP               :       0.85 :       0.00 :       0.85 :       0.87 *
 * POST_RELEVE_T            :       0.01 :       0.00 :       0.01 :       0.00 *
 * POST_RELEVE_T            :       0.01 :       0.00 :       0.01 :       0.01 *
 * DETRUIRE                 :       0.06 :       0.00 :       0.06 :       0.07 *
 * FIN                      :       0.20 :       0.16 :       0.36 :       0.37 *
 *  . sdveri                :       0.00 :       0.00 :       0.00 :       0.00 *
 *  . cleanup               :       0.00 :       0.00 :       0.00 :       0.00 *
 *  . check syntax          :       0.03 :       0.00 :       0.03 :       0.03 *
 *  . fortran               :     878.92 :     216.03 :    1094.95 :    1037.08 *
 ********************************************************************************
 * TOTAL_JOB                :     879.09 :     216.05 :    1095.14 :    1037.30 *
 ********************************************************************************

# Mémoire (Mo) :  7368.57 /  1001.98 /  3291.14 /  1099.64 (VmPeak / VmSize / Optimum / Minimum)
# Fin commande #0007   user+syst:        0.20s (syst:        0.16s, elaps:        0.37s)
# ----------------------------------------------------------------------------------------------

EXECUTION_CODE_ASTER_EXIT_3322=0


saving result databases to 'BASE_PREC'...
execution ended (command file #3): <A>_ALARM
Running: /root/mm/envs/aster/bin/run_aster -w /home/user/aas-corner-fe/wd/v8c100_V --status-file /root/.tmp_run_aster/run_aster_x0avemju/__status__ --no-mpi /root/.tmp_run_aster/run_aster_x0avemju/v8c100_V.3

# ------------------------------------------------------------------------------
Execution of code_aster

# ------------------------------------------------------------------------------
Prepare environment in /home/user/aas-corner-fe/wd/v8c100_V

# ------------------------------------------------------------------------------
Command file #4 / 15

Content of the file to execute:
# coding=utf-8
# original filename
__file__ = r"/home/user/aas-corner-fe/jobs/v8c100_V_s03.comm"


# temporarly added for compatibility with code_aster legacy
from math import *

import code_aster
from code_aster.Commands import *
from code_aster import CA

POURSUITE(LANG='EN', PAR_LOT='NON')

LOADS='V'
CURVE='/home/user/aas-corner-fe/jobs/../results/v8c100_V.curve'
common=dict(MODELE=model, CHAM_MATER=fmat, EXCIT=(_F(CHARGE=fix), _F(CHARGE=load, FONC_MULT=ramp)),
        COMPORTEMENT=(_F(RELATION='ENDO_FISS_EXP', GROUP_MA=('CONC','HZ')), _F(RELATION='ELAS', GROUP_MA=('STEEL','SLV','HZH'))),
        NEWTON=_F(MATRICE='TANGENTE', REAC_ITER=1),
        CONVERGENCE=_F(RESI_GLOB_RELA=1.E-4, ITER_GLOB_MAXI=30), ARCHIVAGE=_F(PAS_ARCH=1), SOLVEUR=_F(METHODE='MUMPS', GESTION_MEMOIRE='OUT_OF_CORE'))
import os, re
tcur=0.0; peak=0.0; stopped=False
if os.path.exists(CURVE):
    for line in open(CURVE):
        m=re.match(r'CURVE\s+(\S+)\s+(\S+)', line)
        if m:
            tcur=max(tcur, float(m.group(1))); peak=max(peak, float(m.group(2)))
        if line.startswith('STOP'): stopped=True
def reac(res, t):
    r2=CALC_CHAMP(RESULTAT=res, FORCE='REAC_NODA', INST=t)
    vals={}
    for g in ('HEADT','HEADV'):
        try:
            tb=POST_RELEVE_T(ACTION=_F(OPERATION='EXTRACTION', INTITULE='R', RESULTAT=r2, NOM_CHAM='REAC_NODA',
                                       GROUP_NO=g, RESULTANTE='DX', INST=t)).EXTR_TABLE().values()
            vals[g]=-tb['DX'][-1]*2
        except Exception:
            vals[g]=0.
    DETRUIRE(NOM=r2)
    return vals
TARGETS=[0.12]
for tn in TARGETS:
    if stopped or tn <= tcur+1e-9: continue
    try:
        if tcur < 1e-12 and '0'=='1':
            res=STAT_NON_LINE(INCREMENT=_F(LIST_INST=times, INST_FIN=tn), **common)
        else:
            res=STAT_NON_LINE(reuse=res, ETAT_INIT=_F(EVOL_NOLI=res), INCREMENT=_F(LIST_INST=times, INST_FIN=tn), **common)
    except Exception as exc:
        print('AASSTOP at', tcur, exc, flush=True)
        open(CURVE,'a').write('STOP solver %g\n'%tcur); stopped=True; break
    tcur=tn
    v=reac(res, tcur)
    tot=(v['HEADT'] if 'T' in LOADS else 0.)+(v['HEADV'] if 'V' in LOADS else 0.)
    peak=max(peak, tot)
    open(CURVE,'a').write('CURVE %g %g %g %g\n'%(tcur,tot,v['HEADT'],v['HEADV']))
    print('AASCURVE %g %g %g %g'%(tcur,tot,v['HEADT'],v['HEADV']), flush=True)
    if tot < 0.9*peak:
        open(CURVE,'a').write('STOP peak %g\n'%peak); stopped=True; break
FIN()



# ------------------------------------------------------------------------------
Command line #4:
    ulimit -c unlimited ; ulimit -t 25000 ; ( /root/mm/envs/aster/bin/python3 "v8c100_V_s03.comm.changed.py" --memory 3000.0 --numthreads 1 --tpmax 20000 ; echo $? > _exit_code_ ) 2>&1 | tee -a fort.6
setting '--memory' value to 2700.00 MB (keyword RESERVE_MEMOIRE)
Ouverture en écriture du fichier ./vola.1

<INFO> Démarrage de l'exécution.

                       -- CODE_ASTER -- VERSION : DÉVELOPPEMENT (unstable) --                       
                               Version 18.1.6 modifiée le 14/09/2026                                
                                    révision n/a - branche 'n/a'                                    
                                     Copyright EDF 1991 - 2026                                      
                                                                                                    
                              Exécution du : Sun Sep 27 02:23:35 2026                               
                                       Nom de la machine : vm                                       
                                        Architecture : 64bit                                        
                                    Type de processeur : x86_64                                     
                Système d'exploitation : Linux-6.18.44-fc-v37-x86_64-with-glibc2.39                 
                                  Langue des messages : C (UTF-8)                                   
                                     Version de Python : 3.14.7                                     
                                      Version de NumPy : 2.5.3                                      
                                  Version de MEDCoupling : 9.16.0                                   
                                     Parallélisme MPI : inactif                                     
                                    Parallélisme OpenMP : actif                                     
                              Nombre de processus OpenMP utilisés : 1                               
                                Version de la librairie HDF5 : 2.2.0                                
                                Version de la librairie MED : 4.2.0                                 
                               Version de la librairie MFront : 5.1.0                               
                               Version de la librairie MUMPS : 5.8.2                                
                                  Librairie PETSc : non disponible                                  
                              Version de la librairie SCOTCH : 7.0.11                               

restarting from a previous execution...
/home/user/aas-corner-fe/wd/v8c100_V/v8c100_V_s03.comm.changed.py:13: DeprecationWarning: This feature is obsolete, 'PAR_LOT' has been removed.
  POURSUITE(LANG='EN', PAR_LOT='NON')
Valeur initiale du temps CPU maximum =   20000 secondes
  Valeur du temps CPU maximum passé aux commandes =   18000 secondes
  Réserve CPU prévue = 2000 secondes

Ouverture en lecture du fichier ./glob.1

Ajustement de la taille maximale des bases à 2048.00 Go.
    
Nom de la base                          :  GLOBALE
     Créée avec la version                   :  18.01.06
     Nombre d'enregistrements utilisés       :  762
     Nombre d'enregistrements maximum        :  2684354
     Nombre d'enregistrements par fichier    :  15728
     Longueur d'enregistrement (octets)      :  819200
     Nombre d'identificateurs utilisés       :  822
     Taille maximum du répertoire            :  2000
     Pourcentage d'utilisation du répertoire :  41 %

Ouverture en lecture du fichier ./glob.1

Ouverture en écriture du fichier ./vola.1

Fin de lecture (durée  0.000059  s.) 

                      Mémoire limite pour l'allocation dynamique : 3212.06 Mo                       
                         ajouté à l'initialisation du processus : 613.21 Mo                         
                               Limite cible du processus : 3825.27 Mo                               
                         Taille limite des fichiers d'échange : 2048.00 Go                          
pi                       <class 'float'>
e                        <class 'float'>
tau                      <class 'float'>
inf                      <class 'float'>
nan                      <class 'float'>
mesh                     <class 'libaster.Mesh'>
model                    <class 'libaster.Model'>
mat                      <class 'libaster.Material'>
matH                     <class 'libaster.Material'>
matHH                    <class 'libaster.Material'>
stl                      <class 'libaster.Material'>
slvm                     <class 'libaster.Material'>
fmat                     <class 'libaster.MaterialField'>
fix                      <class 'libaster.MechanicalLoadReal'>
grp                      <class 'list'>
load                     <class 'libaster.MechanicalLoadReal'>
ramp                     <class 'libaster.Function'>
steps                    <class 'libaster.ListOfFloats'>
times                    <class 'libaster.TimesList'>
LOADS                    <class 'str'>
CURVE                    <class 'str'>
common                   <class 'dict'>
tcur                     <class 'float'>
peak                     <class 'float'>
stopped                  <class 'bool'>
TARGETS                  <class 'list'>
tn                       <class 'float'>
res                      <class 'libaster.NonLinearResult'>
v                        <class 'dict'>
tot                      <class 'float'>
line                     <class 'str'>
# Mémoire (Mo) :   948.87 /   948.87 /   493.90 /   493.87 (VmPeak / VmSize / Optimum / Minimum)
# Fin commande #0001   user+syst:        0.22s (syst:        0.32s, elaps:        0.55s)
# ----------------------------------------------------------------------------------------------
/home/user/aas-corner-fe/wd/v8c100_V/v8c100_V_s03.comm.changed.py:24: ResourceWarning: unclosed file <_io.TextIOWrapper name='/home/user/aas-corner-fe/jobs/../results/v8c100_V.curve' mode='r' encoding='UTF-8'>
  for line in open(CURVE):

.. _stg1_txt48
# ----------------------------------------------------------------------------------------------
# Commande #0002 de /home/user/aas-corner-fe/wd/v8c100_V/v8c100_V_s03.comm.changed.py, ligne 48
res = STAT_NON_LINE(AFFICHAGE=_F(INFO_RESIDU='NON',
                                 INFO_TEMPS='NON'),
                    ARCHIVAGE=_F(CHAM_EXCLU=('RESI_NOEU', 'RESI_RELA_NOEU'),
                                 PAS_ARCH=1),
                    CHAM_MATER=fmat,
                    COMPORTEMENT=(_F(DEFORMATION='PETIT',
                                     GROUP_MA=('CONC', 'HZ'),
                                     ITER_CPLAN_MAXI=10,
                                     ITER_INTE_MAXI=20,
                                     ITER_INTE_PAS=0,
                                     PARM_THETA=1.0,
                                     REGU_VISC='NON',
                                     RELATION='ENDO_FISS_EXP',
                                     RESI_CPLAN_RELA=1e-06,
                                     RESI_INTE=1e-06),
                                  _F(DEFORMATION='PETIT',
                                     GROUP_MA=('STEEL', 'SLV', 'HZH'),
                                     ITER_CPLAN_MAXI=10,
                                     ITER_INTE_MAXI=20,
                                     ITER_INTE_PAS=0,
                                     PARM_THETA=1.0,
                                     REGU_VISC='NON',
                                     RELATION='ELAS',
                                     RESI_CPLAN_RELA=1e-06,
                                     RESI_INTE=1e-06)),
                    CONVERGENCE=_F(ARRET='OUI',
                                   ITER_GLOB_ELAS=25,
                                   ITER_GLOB_MAXI=30,
                                   RESI_GLOB_RELA=0.0001,
                                   VERIF='TOUT'),
                    ETAT_INIT=_F(EVOL_NOLI=res),
                    EXCIT=(_F(CHARGE='<00000009>',
                              TYPE_CHARGE='FIXE_CSTE'),
                           _F(CHARGE='<0000000a>',
                              FONC_MULT=ramp,
                              TYPE_CHARGE='FIXE_CSTE')),
                    INCREMENT=_F(CRITERE='RELATIF',
                                 INST_FIN=0.12,
                                 INST_INIT=0.09000000000000001,
                                 LIST_INST=times,
                                 PRECISION=1e-06),
                    MESURE=_F(TABLE='NON'),
                    METHODE='NEWTON',
                    MODELE=model,
                    NEWTON=_F(MATRICE='TANGENTE',
                              MATR_RIGI_SYME='NON',
                              REAC_INCR=1,
                              REAC_ITER=1,
                              REAC_ITER_ELAS=0),
                    SOLVEUR=_F(ACCELERATION='AUTO',
                               ELIM_LAGR='LAGR2',
                               FILTRAGE_MATRICE=-1.0,
                               GESTION_MEMOIRE='OUT_OF_CORE',
                               LOW_RANK_SEUIL=0.0,
                               MATR_DISTRIBUEE='NON',
                               METHODE='MUMPS',
                               MIXER_PRECISION='NON',
                               NB_RHS=1,
                               NPREC=8,
                               PCENT_PIVOT=35,
                               POSTTRAITEMENTS='AUTO',
                               PRETRAITEMENTS='AUTO',
                               REDUCTION_MPI=0,
                               RENUM='AUTO',
                               RESI_RELA=-1.0,
                               STOP_SINGULIER='OUI',
                               TYPE_RESOL='AUTO'),
                    reuse=res)

Liste des comportements

Affecté sur 85588 éléments
Relation                             : ENDO_FISS_EXP
Déformation                          : PETIT
Pas de régularisation visqueuse
Pas de post-traitement à la fin du pas de temps
Nombre total de variables internes   : 9
V1 : ENDO
V2 : INDIENDO
V3 : ENDORIGI
V4 : EPSEXX
V5 : EPSEYY
V6 : EPSEZZ
V7 : EPSEXY
V8 : EPSEXZ
V9 : EPSEYZ
Affecté sur 11341 éléments
Relation                             : ELAS
Déformation                          : PETIT
Pas de régularisation visqueuse
Pas de post-traitement à la fin du pas de temps
Nombre total de variables internes   : 1
V1 : VIDE
Le système linéaire à résoudre a 455904 degrés de liberté:
   - 438438 sont des degrés de liberté physiques
     (ils sont portés par 135682 noeuds du maillage)
   - 17466 sont les couples de paramètres de Lagrange associés
     aux 8733 relations linéaires dualisées.
La matrice est de taille 455904 équations.
  Elle contient 23708355 termes non nuls si elle est symétrique et 46960806 termes non nuls si elle
n'est pas symétrique.
  Soit un taux de remplissage de   0.023 %.
Lecture de l'état initial
L'état initial a été récupéré dans la structure de données résultat de nom <0000000e> pour le numéro
d'ordre 4 et à l'instant  9.000000000000e-02
Le champ <DEPL> est lu dans ETAT_INIT dans la structure de données résultat donné dans la commande.
Le champ <SIEF_ELGA> est lu dans ETAT_INIT dans la structure de données résultat donné dans la
commande.
Le champ <VARI_ELGA> est lu dans ETAT_INIT dans la structure de données résultat donné dans la
commande.
---------------------------------------------------------------------
Instant de calcul:  1.200000000000e-01 - Niveau de découpe: 1

---------------------------------------------------------------------
|     NEWTON     |     RESIDU     |     RESIDU     |     OPTION     |
|    ITERATION   |     RELATIF    |     ABSOLU     |   ASSEMBLAGE   |
|                | RESI_GLOB_RELA | RESI_GLOB_MAXI |(+ TYPE MATRICE)|
---------------------------------------------------------------------

 ╔================================================================================================╗
 ║ <A> <FACTOR_75>                                                                                ║
 ║                                                                                                ║
 ║ Attention, vous avez demandé un calcul OUT_OF_CORE, mais MUMPS estime avoir besoin pour cela   ║
 ║ d'au moins                                                                                     ║
 ║   4133 Mo  alors qu'il n'y a que 41 Mo de disponible sur ce processeur !                       ║
 ║   Le calcul pourrait donc être ralenti ou s'arrêter pour cette raison.                         ║
 ║                                                                                                ║
 ║   Pour information: mémoire déjà pré-allouée par MUMPS (exécutable, matrice...)= 568 Mo,       ║
 ║                     nombre de systèmes linéaires à factoriser en même temps    = 1.            ║
 ║                                                                                                ║
 ║ Conseils :                                                                                     ║
 ║   La prochaine fois, relancez avec plus de mémoire globale ou avec une option de calcul plus   ║
 ║ économe                                                                                        ║
 ║   (par ordre décroissant d'efficacité):                                                        ║
 ║    - Si le calcul est parallèle, réduisez la consommation MUMPS en augmentant le nombre de     ║
 ║ processeurs,                                                                                   ║
 ║    - Si le calcul est parallèle, réduisez la consommation Aster en activant l'option           ║
 ║ SOLVEUR/MATR_DISTRIBUEE,                                                                       ║
 ║   Ou, plus radicalement:                                                                       ║
 ║    - Utilisez un solveur moins exigeant en mémoire (par exemple: SOLVEUR/METHODE='PETSC' +     ║
 ║ PRECOND='LDLT_SP').                                                                            ║
 ║                                                                                                ║
 ║                                                                                                ║
 ║ Ceci est une alarme. Si vous ne comprenez pas le sens de cette                                 ║
 ║ alarme, vous pouvez obtenir des résultats inattendus !                                         ║
 ╚================================================================================================╝

|     0        X | 7.70531E-02  X | 1.47772E+02    |TANGENTE (NOSYM)|
Solveur MUMPS :
  Les informations concernant la mémoire disponible ne sont pas utilisables.
  Si vous avez choisi le mode GESTION_MEMOIRE='AUTO', par précaution on bascule en mode OUT_OF_CORE.
  Si vous avez choisi le mode GESTION_MEMOIRE='EVAL', seules les évaluations des consommations MUMPS
     seront pertinentes, les autres chiffres ne seront pas à prendre en compte.
  Si vous avez choisi un autre mode, les vérifications liées aux consommations mémoires seront
débranchées.

|     1        X | 1.63283E-03  X | 3.08150E+00    |TANGENTE (NOSYM)|
Solveur MUMPS :
  Les informations concernant la mémoire disponible ne sont pas utilisables.
  Si vous avez choisi le mode GESTION_MEMOIRE='AUTO', par précaution on bascule en mode OUT_OF_CORE.
  Si vous avez choisi le mode GESTION_MEMOIRE='EVAL', seules les évaluations des consommations MUMPS
     seront pertinentes, les autres chiffres ne seront pas à prendre en compte.
  Si vous avez choisi un autre mode, les vérifications liées aux consommations mémoires seront
débranchées.

|     2          | 7.44488E-05    | 1.40338E-01    |TANGENTE (NOSYM)|
---------------------------------------------------------------------
Critère(s) de convergence atteint(s)

Le résidu de type <RESI_GLOB_RELA> vaut  7.444875401832e-05 au noeud et degré de liberté <99602  
DX>
Temps CPU consommé dans ce pas de temps    : 10 min 23 s

* Nombre d'itérations de Newton                     : 3
* Temps total intégration comportement              : 16.901 s (4 intégrations)
* Temps total factorisation matrice                 : 8 min 54 s (3 factorisations)
* Temps construction second membre                  : 0.545 s
* Temps total résolution K.U=F                      : 43.484 s (3 résolutions)
* Temps assemblage matrice                          : 0.000 s
* Temps autres opérations                           : 27.340 s
Mémoire (Mo) :  7431.25 /  3404.80 /  3355.81 /  1164.31 (VmPeak / VmSize / Optimum / Minimum)

Archivage des champs

Champ stocké <DEPL> à l'instant  1.200000000000e-01 pour le numéro d'ordre 5
Champ stocké <SIEF_ELGA> à l'instant  1.200000000000e-01 pour le numéro d'ordre 5
Champ stocké <VARI_ELGA> à l'instant  1.200000000000e-01 pour le numéro d'ordre 5
Champ stocké <COMPORTEMENT> à l'instant  1.200000000000e-01 pour le numéro d'ordre 5
[100%] Instant calculé : 1.20000e-01, seul l'instant initial a été archivé
Temps CPU consommé dans le calcul          : 10 min 23 s

dont temps CPU "perdu" dans les découpes            : 0.000 s
* Nombre de pas de temps                            : 1
* Nombre d'itérations de Newton                     : 3
* Temps dans l'archivage                            : 0.044 s
* Temps dans le post-traitement                     : 0.000 s
* Temps total intégration comportement              : 16.901 s (4 intégrations)
* Temps total factorisation matrice                 : 8 min 54 s (3 factorisations)
* Temps construction second membre                  : 0.545 s
* Temps total résolution K.U=F                      : 43.484 s (3 résolutions)
* Temps assemblage matrice                          : 0.000 s
#1      Resolution des systemes lineaires                 CPU (USER+SYST/SYST/ELAPS):    617.98    132.57    581.64
#2      Calculs elementaires et assemblages               CPU (USER+SYST/SYST/ELAPS):     42.60      3.16     42.89
# Résultat commande #0002 (STAT_NON_LINE): res ('<0000000e>') de type <NonLinearResult>
# Mémoire (Mo) :  7431.25 /  1419.78 /  3355.81 /  1164.31 (VmPeak / VmSize / Optimum / Minimum)
# Fin commande #0002   user+syst:      533.35s (syst:      137.82s, elaps:      635.19s)
# ----------------------------------------------------------------------------------------------

.. _stg1_txt184
# ----------------------------------------------------------------------------------------------
# Commande #0003 de
/root/mm/envs/aster/lib/python3.14/site-packages/code_aster/Supervis/ExecuteCommand.py, ligne 184
CALC_CHAMP(CRITERE='RELATIF',
           FORCE='REAC_NODA',
           INFO=1,
           INST=0.12,
           PARALLELISME_TEMPS='NON',
           PRECISION=1e-06,
           RESULTAT=res)

Le système linéaire à résoudre a 455904 degrés de liberté:
   - 438438 sont des degrés de liberté physiques
     (ils sont portés par 135682 noeuds du maillage)
   - 17466 sont les couples de paramètres de Lagrange associés
     aux 8733 relations linéaires dualisées.
#2      Calculs elementaires et assemblages               CPU (USER+SYST/SYST/ELAPS):      0.44      0.00      0.44
# Résultat commande #0003 (CALC_CHAMP): '<00000018>' de type <NonLinearResult>
# Dépend de :
# - model ('<00000002>') de type <Model>
# - fmat ('<00000008>') de type <MaterialField>
# Mémoire (Mo) :  7431.25 /  1419.78 /  3355.81 /  1164.31 (VmPeak / VmSize / Optimum / Minimum)
# Fin commande #0003   user+syst:        0.77s (syst:        0.00s, elaps:        0.78s)
# ----------------------------------------------------------------------------------------------

.. _stg1_txt34
# ----------------------------------------------------------------------------------------------
# Commande #0004 de /home/user/aas-corner-fe/wd/v8c100_V/v8c100_V_s03.comm.changed.py, ligne 34
tb = POST_RELEVE_T(ACTION=_F(CRITERE='RELATIF',
                             FORMAT_C='MODULE',
                             GROUP_NO='HEADT',
                             INST=0.12,
                             INTITULE='R',
                             MOYE_NOEUD='OUI',
                             NOM_CHAM='REAC_NODA',
                             OPERATION='EXTRACTION',
                             PRECISION=1e-06,
                             REPERE='GLOBAL',
                             RESULTANTE='DX',
                             RESULTAT=r2),
                   INFO=1)

# Résultat commande #0004 (POST_RELEVE_T): tb ('<00000019>') de type <Table>
# Mémoire (Mo) :  7431.25 /  1419.78 /  3355.81 /  1164.31 (VmPeak / VmSize / Optimum / Minimum)
# Fin commande #0004   user+syst:        0.01s (syst:        0.00s, elaps:        0.01s)
# ----------------------------------------------------------------------------------------------

.. _stg1_txt34
# ----------------------------------------------------------------------------------------------
# Commande #0005 de /home/user/aas-corner-fe/wd/v8c100_V/v8c100_V_s03.comm.changed.py, ligne 34
tb = POST_RELEVE_T(ACTION=_F(CRITERE='RELATIF',
                             FORMAT_C='MODULE',
                             GROUP_NO='HEADV',
                             INST=0.12,
                             INTITULE='R',
                             MOYE_NOEUD='OUI',
                             NOM_CHAM='REAC_NODA',
                             OPERATION='EXTRACTION',
                             PRECISION=1e-06,
                             REPERE='GLOBAL',
                             RESULTANTE='DX',
                             RESULTAT=r2),
                   INFO=1)

# Résultat commande #0005 (POST_RELEVE_T): tb ('<0000001a>') de type <Table>
# Mémoire (Mo) :  7431.25 /  1419.78 /  3355.81 /  1164.31 (VmPeak / VmSize / Optimum / Minimum)
# Fin commande #0005   user+syst:        0.00s (syst:        0.00s, elaps:        0.00s)
# ----------------------------------------------------------------------------------------------

.. _stg1_txt39
# ----------------------------------------------------------------------------------------------
# Commande #0006 de /home/user/aas-corner-fe/wd/v8c100_V/v8c100_V_s03.comm.changed.py, ligne 39
DETRUIRE(INFO=1,
         NOM=r2)

# Mémoire (Mo) :  7431.25 /  1419.78 /  3355.81 /  1164.31 (VmPeak / VmSize / Optimum / Minimum)
# Fin commande #0006   user+syst:        0.07s (syst:        0.00s, elaps:        0.07s)
# ----------------------------------------------------------------------------------------------
/home/user/aas-corner-fe/wd/v8c100_V/v8c100_V_s03.comm.changed.py:56: ResourceWarning: unclosed file <_io.TextIOWrapper name='/home/user/aas-corner-fe/jobs/../results/v8c100_V.curve' mode='a' encoding='UTF-8'>
  open(CURVE,'a').write('CURVE %g %g %g %g\n'%(tcur,tot,v['HEADT'],v['HEADV']))
AASCURVE 0.12 19770.4 -8.74586e-14 19770.4

.. _stg1_txt76
# ----------------------------------------------------------------------------------------------
# Commande #0007 de /root/mm/envs/aster/lib/python3.14/site-packages/code_aster/CodeCommands/fin.py,
ligne 76
FIN(INFO_RESU='NON',
    RETASSAGE='NON')

Saving objects...
pi                       <class 'float'>
e                        <class 'float'>
tau                      <class 'float'>
inf                      <class 'float'>
nan                      <class 'float'>
mesh                     <class 'libaster.Mesh'>
model                    <class 'libaster.Model'>
mat                      <class 'libaster.Material'>
matH                     <class 'libaster.Material'>
matHH                    <class 'libaster.Material'>
stl                      <class 'libaster.Material'>
slvm                     <class 'libaster.Material'>
fmat                     <class 'libaster.MaterialField'>
fix                      <class 'libaster.MechanicalLoadReal'>
grp                      <class 'list'>
load                     <class 'libaster.MechanicalLoadReal'>
ramp                     <class 'libaster.Function'>
steps                    <class 'libaster.ListOfFloats'>
times                    <class 'libaster.TimesList'>
LOADS                    <class 'str'>
CURVE                    <class 'str'>
common                   <class 'dict'>
tcur                     <class 'float'>
peak                     <class 'float'>
stopped                  <class 'bool'>
TARGETS                  <class 'list'>
tn                       <class 'float'>
res                      <class 'libaster.NonLinearResult'>
v                        <class 'dict'>
tot                      <class 'float'>
line                     <class 'str'>

 ╔================================================================================================╗
 ║ <I> <CATAMESS_89>                                                                              ║
 ║                                                                                                ║
 ║ Liste des alarmes émises lors de l'exécution du calcul.                                        ║
 ║                                                                                                ║
 ║     Les alarmes que vous avez choisies d'ignorer sont précédées de (*).                        ║
 ║     Nombre d'occurrences pour chacune des alarmes :                                            ║
 ║            FACTOR_75            émise    1 fois                                                ║
 ╚================================================================================================╝

 ---------------------------------------------------------------------------
 Concepts de la base: G
    Nom        Type                Taille (Mo)         Nombre      Nombre de
                                                     d'objets       segments
    TOTAL                               554.93            477            723
  
    00000001   MAILLAGE_SDASTER          14.63             34             70
    00000002   MODELE_SDASTER            14.45             11             16
    00000003   MATER_SDASTER              0.00             15             15
    00000004   MATER_SDASTER              0.00             15             15
    00000005   MATER_SDASTER              0.00              7              7
    00000006   MATER_SDASTER              0.00              7              7
    00000007   MATER_SDASTER              0.00              7              7
    00000008   CHAM_MATER                 1.17              8             13
    00000009   CHAR_MECA                 15.45             56             76
    0000000a   CHAR_MECA                 11.40             56             76
    0000000b   FONCTION_SDASTER           0.00              3              3
    0000000c   LISTR8_SDASTER             0.00              6              6
    0000000d   LIST_INST                  0.00              8              8
    0000000e   EVOL_NOLI                425.55            186            237
    &FOZERO                               0.00              2              2
    &&_NUM_C                              0.00              1              1
    &CATA                                37.45             42            103
    &&NMDOME                              0.00              2              2
    0000000f                              0.13              2             14
    &&NMCH1P                             34.29              3              3
    00000012                              0.13              2             14
    00000015                              0.13              2             14
    00000018                              0.13              2             14
 (*) sous-objets non accessible directement
 ---------------------------------------------------------------------------
Nom de la base                          :  GLOBALE
     Nombre d'enregistrements utilisés       :  875
     Nombre d'enregistrements maximum        :  2684354
     Nombre d'enregistrements par fichier    :  15728
     Longueur d'enregistrement (octets)      :  819200
     Nombre total d'accès en lecture         :  789
     Volume des accès en lecture             :        616.41 Mo.
     Nombre total d'accès en écriture        :  359
     Volume des accès en écriture            :        280.47 Mo.
     Nombre d'identificateurs utilisés       :  917
     Taille maximum du répertoire            :  2000
     Pourcentage d'utilisation du répertoire :  45 %

Nom de la base                          :  VOLATILE
     Nombre d'enregistrements utilisés       :  692
     Nombre d'enregistrements maximum        :  2684354
     Nombre d'enregistrements par fichier    :  15728
     Longueur d'enregistrement (octets)      :  819200
     Nombre total d'accès en lecture         :  242
     Volume des accès en lecture             :        189.06 Mo.
     Nombre total d'accès en écriture        :  1804
     Volume des accès en écriture            :       1409.38 Mo.
     Nombre d'identificateurs utilisés       :  999
     Taille maximum du répertoire            :  2000
     Pourcentage d'utilisation du répertoire :  49 %

<I> <FIN> ARRET NORMAL DANS "FIN" PAR APPEL A "JEFINI".
  
 <I> <FIN> MEMOIRE JEVEUX MINIMALE REQUISE POUR L'EXECUTION :                    1164.31 Mo
 <I> <FIN> MEMOIRE JEVEUX OPTIMALE REQUISE POUR L'EXECUTION :                    3355.81 Mo
 <I> <FIN> MAXIMUM DE MEMOIRE UTILISEE PAR LE PROCESSUS LORS DE L'EXECUTION :    7431.25 Mo
  
 <I>       FERMETURE DES BASES EFFECTUEE
  
   STATISTIQUES CONCERNANT L'ALLOCATION DYNAMIQUE :
     TAILLE CUMULEE MAXIMUM            :                 3356  Mo.
     TAILLE CUMULEE LIBEREE            :                 1824  Mo.
     NOMBRE TOTAL D'ALLOCATIONS        :              3224037
     NOMBRE TOTAL DE LIBERATIONS       :              3224037
     APPELS AU MECANISME DE LIBERATION :                    0
     TAILLE MEMOIRE CUMULEE RECUPEREE  :                 1377  Mo.
     VOLUME DES LECTURES               :                    0  Mo.
     VOLUME DES ECRITURES              :                 1182  Mo.
  
   MEMOIRE JEVEUX MINIMALE REQUISE POUR L'EXECUTION :    1164.31 Mo
     - IMPOSE DE NOMBREUX ACCES DISQUE
     - RALENTIT LA VITESSE D'EXECUTION
   MEMOIRE JEVEUX OPTIMALE REQUISE POUR L'EXECUTION :    3355.81 Mo
     - LIMITE LES ACCES DISQUE
     - AMELIORE LA VITESSE D'EXECUTION
   MAXIMUM DE MEMOIRE UTILISEE PAR LE PROCESSUS     :    7431.25 Mo
     - COMPREND LA MEMOIRE CONSOMMEE PAR  JEVEUX, 
       LE SUPERVISEUR PYTHON, LES LIBRAIRIES EXTERNES
  
 <I>       FIN D'EXECUTION LE : DI-27-SEPT-2026 02:34:12
Signature of pickled file   : 6e2030d3fbd19f84dec1bd42673b86a50148b2aa79fd7cda2ad18b5b7a8f22c1
Signature of info file      : 3c20f1f5640021f40864a555f5a76b13ab8fe63e18d21d969fdb5f4a54e911d8
Signature of Jeveux database: bac5bed7196ce593baa5cc3afa2253791b938848d27c6a0f4cd7f52639672a15

 ********************************************************************************
 * COMMAND                  :       USER :     SYSTEM :   USER+SYS :    ELAPSED *
 ********************************************************************************
 * DEBUT                    :       0.22 :       0.32 :       0.54 :       0.55 *
 * STAT_NON_LINE            :     533.35 :     137.82 :     671.17 :     635.19 *
 * CALC_CHAMP               :       0.77 :       0.00 :       0.77 :       0.78 *
 * POST_RELEVE_T            :       0.01 :       0.00 :       0.01 :       0.01 *
 * POST_RELEVE_T            :       0.00 :       0.00 :       0.00 :       0.00 *
 * DETRUIRE                 :       0.07 :       0.00 :       0.07 :       0.07 *
 * FIN                      :       0.19 :       0.19 :       0.38 :       0.39 *
 *  . sdveri                :       0.00 :       0.00 :       0.00 :       0.00 *
 *  . cleanup               :       0.00 :       0.00 :       0.00 :       0.00 *
 *  . check syntax          :       0.02 :       0.00 :       0.02 :       0.02 *
 *  . fortran               :     534.50 :     138.33 :     672.83 :     636.88 *
 ********************************************************************************
 * TOTAL_JOB                :     534.68 :     138.34 :     673.02 :     637.09 *
 ********************************************************************************

# Mémoire (Mo) :  7431.25 /   750.22 /  3355.81 /  1164.31 (VmPeak / VmSize / Optimum / Minimum)
# Fin commande #0007   user+syst:        0.19s (syst:        0.19s, elaps:        0.39s)
# ----------------------------------------------------------------------------------------------

EXECUTION_CODE_ASTER_EXIT_3650=0


saving result databases to 'BASE_PREC'...
execution ended (command file #4): <A>_ALARM
Running: /root/mm/envs/aster/bin/run_aster -w /home/user/aas-corner-fe/wd/v8c100_V --status-file /root/.tmp_run_aster/run_aster_x0avemju/__status__ --no-mpi /root/.tmp_run_aster/run_aster_x0avemju/v8c100_V.4

# ------------------------------------------------------------------------------
Execution of code_aster

# ------------------------------------------------------------------------------
Prepare environment in /home/user/aas-corner-fe/wd/v8c100_V

# ------------------------------------------------------------------------------
Command file #5 / 15

Content of the file to execute:
# coding=utf-8
# original filename
__file__ = r"/home/user/aas-corner-fe/jobs/v8c100_V_s04.comm"


# temporarly added for compatibility with code_aster legacy
from math import *

import code_aster
from code_aster.Commands import *
from code_aster import CA

POURSUITE(LANG='EN', PAR_LOT='NON')

LOADS='V'
CURVE='/home/user/aas-corner-fe/jobs/../results/v8c100_V.curve'
common=dict(MODELE=model, CHAM_MATER=fmat, EXCIT=(_F(CHARGE=fix), _F(CHARGE=load, FONC_MULT=ramp)),
        COMPORTEMENT=(_F(RELATION='ENDO_FISS_EXP', GROUP_MA=('CONC','HZ')), _F(RELATION='ELAS', GROUP_MA=('STEEL','SLV','HZH'))),
        NEWTON=_F(MATRICE='TANGENTE', REAC_ITER=1),
        CONVERGENCE=_F(RESI_GLOB_RELA=1.E-4, ITER_GLOB_MAXI=30), ARCHIVAGE=_F(PAS_ARCH=1), SOLVEUR=_F(METHODE='MUMPS', GESTION_MEMOIRE='OUT_OF_CORE'))
import os, re
tcur=0.0; peak=0.0; stopped=False
if os.path.exists(CURVE):
    for line in open(CURVE):
        m=re.match(r'CURVE\s+(\S+)\s+(\S+)', line)
        if m:
            tcur=max(tcur, float(m.group(1))); peak=max(peak, float(m.group(2)))
        if line.startswith('STOP'): stopped=True
def reac(res, t):
    r2=CALC_CHAMP(RESULTAT=res, FORCE='REAC_NODA', INST=t)
    vals={}
    for g in ('HEADT','HEADV'):
        try:
            tb=POST_RELEVE_T(ACTION=_F(OPERATION='EXTRACTION', INTITULE='R', RESULTAT=r2, NOM_CHAM='REAC_NODA',
                                       GROUP_NO=g, RESULTANTE='DX', INST=t)).EXTR_TABLE().values()
            vals[g]=-tb['DX'][-1]*2
        except Exception:
            vals[g]=0.
    DETRUIRE(NOM=r2)
    return vals
TARGETS=[0.15]
for tn in TARGETS:
    if stopped or tn <= tcur+1e-9: continue
    try:
        if tcur < 1e-12 and '0'=='1':
            res=STAT_NON_LINE(INCREMENT=_F(LIST_INST=times, INST_FIN=tn), **common)
        else:
            res=STAT_NON_LINE(reuse=res, ETAT_INIT=_F(EVOL_NOLI=res), INCREMENT=_F(LIST_INST=times, INST_FIN=tn), **common)
    except Exception as exc:
        print('AASSTOP at', tcur, exc, flush=True)
        open(CURVE,'a').write('STOP solver %g\n'%tcur); stopped=True; break
    tcur=tn
    v=reac(res, tcur)
    tot=(v['HEADT'] if 'T' in LOADS else 0.)+(v['HEADV'] if 'V' in LOADS else 0.)
    peak=max(peak, tot)
    open(CURVE,'a').write('CURVE %g %g %g %g\n'%(tcur,tot,v['HEADT'],v['HEADV']))
    print('AASCURVE %g %g %g %g'%(tcur,tot,v['HEADT'],v['HEADV']), flush=True)
    if tot < 0.9*peak:
        open(CURVE,'a').write('STOP peak %g\n'%peak); stopped=True; break
FIN()



# ------------------------------------------------------------------------------
Command line #5:
    ulimit -c unlimited ; ulimit -t 25000 ; ( /root/mm/envs/aster/bin/python3 "v8c100_V_s04.comm.changed.py" --memory 3000.0 --numthreads 1 --tpmax 20000 ; echo $? > _exit_code_ ) 2>&1 | tee -a fort.6
setting '--memory' value to 2700.00 MB (keyword RESERVE_MEMOIRE)
Ouverture en écriture du fichier ./vola.1

<INFO> Démarrage de l'exécution.

                       -- CODE_ASTER -- VERSION : DÉVELOPPEMENT (unstable) --                       
                               Version 18.1.6 modifiée le 14/09/2026                                
                                    révision n/a - branche 'n/a'                                    
                                     Copyright EDF 1991 - 2026                                      
                                                                                                    
                              Exécution du : Sun Sep 27 02:34:14 2026                               
                                       Nom de la machine : vm                                       
                                        Architecture : 64bit                                        
                                    Type de processeur : x86_64                                     
                Système d'exploitation : Linux-6.18.44-fc-v37-x86_64-with-glibc2.39                 
                                  Langue des messages : C (UTF-8)                                   
                                     Version de Python : 3.14.7                                     
                                      Version de NumPy : 2.5.3                                      
                                  Version de MEDCoupling : 9.16.0                                   
                                     Parallélisme MPI : inactif                                     
                                    Parallélisme OpenMP : actif                                     
                              Nombre de processus OpenMP utilisés : 1                               
                                Version de la librairie HDF5 : 2.2.0                                
                                Version de la librairie MED : 4.2.0                                 
                               Version de la librairie MFront : 5.1.0                               
                               Version de la librairie MUMPS : 5.8.2                                
                                  Librairie PETSc : non disponible                                  
                              Version de la librairie SCOTCH : 7.0.11                               

restarting from a previous execution...
/home/user/aas-corner-fe/wd/v8c100_V/v8c100_V_s04.comm.changed.py:13: DeprecationWarning: This feature is obsolete, 'PAR_LOT' has been removed.
  POURSUITE(LANG='EN', PAR_LOT='NON')
Valeur initiale du temps CPU maximum =   20000 secondes
  Valeur du temps CPU maximum passé aux commandes =   18000 secondes
  Réserve CPU prévue = 2000 secondes

Ouverture en lecture du fichier ./glob.1

Ajustement de la taille maximale des bases à 2048.00 Go.
    
Nom de la base                          :  GLOBALE
     Créée avec la version                   :  18.01.06
     Nombre d'enregistrements utilisés       :  875
     Nombre d'enregistrements maximum        :  2684354
     Nombre d'enregistrements par fichier    :  15728
     Longueur d'enregistrement (octets)      :  819200
     Nombre d'identificateurs utilisés       :  917
     Taille maximum du répertoire            :  2000
     Pourcentage d'utilisation du répertoire :  45 %

Ouverture en lecture du fichier ./glob.1

Ouverture en écriture du fichier ./vola.1

Fin de lecture (durée  0.000026  s.) 

                      Mémoire limite pour l'allocation dynamique : 3212.06 Mo                       
                         ajouté à l'initialisation du processus : 613.21 Mo                         
                               Limite cible du processus : 3825.27 Mo                               
                         Taille limite des fichiers d'échange : 2048.00 Go                          
pi                       <class 'float'>
e                        <class 'float'>
tau                      <class 'float'>
inf                      <class 'float'>
nan                      <class 'float'>
mesh                     <class 'libaster.Mesh'>
model                    <class 'libaster.Model'>
mat                      <class 'libaster.Material'>
matH                     <class 'libaster.Material'>
matHH                    <class 'libaster.Material'>
stl                      <class 'libaster.Material'>
slvm                     <class 'libaster.Material'>
fmat                     <class 'libaster.MaterialField'>
fix                      <class 'libaster.MechanicalLoadReal'>
grp                      <class 'list'>
load                     <class 'libaster.MechanicalLoadReal'>
ramp                     <class 'libaster.Function'>
steps                    <class 'libaster.ListOfFloats'>
times                    <class 'libaster.TimesList'>
LOADS                    <class 'str'>
CURVE                    <class 'str'>
common                   <class 'dict'>
tcur                     <class 'float'>
peak                     <class 'float'>
stopped                  <class 'bool'>
TARGETS                  <class 'list'>
tn                       <class 'float'>
res                      <class 'libaster.NonLinearResult'>
v                        <class 'dict'>
tot                      <class 'float'>
line                     <class 'str'>
# Mémoire (Mo) :  1013.55 /  1013.54 /   558.57 /   558.54 (VmPeak / VmSize / Optimum / Minimum)
# Fin commande #0001   user+syst:        0.22s (syst:        0.41s, elaps:        0.63s)
# ----------------------------------------------------------------------------------------------
/home/user/aas-corner-fe/wd/v8c100_V/v8c100_V_s04.comm.changed.py:24: ResourceWarning: unclosed file <_io.TextIOWrapper name='/home/user/aas-corner-fe/jobs/../results/v8c100_V.curve' mode='r' encoding='UTF-8'>
  for line in open(CURVE):

.. _stg1_txt48
# ----------------------------------------------------------------------------------------------
# Commande #0002 de /home/user/aas-corner-fe/wd/v8c100_V/v8c100_V_s04.comm.changed.py, ligne 48
res = STAT_NON_LINE(AFFICHAGE=_F(INFO_RESIDU='NON',
                                 INFO_TEMPS='NON'),
                    ARCHIVAGE=_F(CHAM_EXCLU=('RESI_NOEU', 'RESI_RELA_NOEU'),
                                 PAS_ARCH=1),
                    CHAM_MATER=fmat,
                    COMPORTEMENT=(_F(DEFORMATION='PETIT',
                                     GROUP_MA=('CONC', 'HZ'),
                                     ITER_CPLAN_MAXI=10,
                                     ITER_INTE_MAXI=20,
                                     ITER_INTE_PAS=0,
                                     PARM_THETA=1.0,
                                     REGU_VISC='NON',
                                     RELATION='ENDO_FISS_EXP',
                                     RESI_CPLAN_RELA=1e-06,
                                     RESI_INTE=1e-06),
                                  _F(DEFORMATION='PETIT',
                                     GROUP_MA=('STEEL', 'SLV', 'HZH'),
                                     ITER_CPLAN_MAXI=10,
                                     ITER_INTE_MAXI=20,
                                     ITER_INTE_PAS=0,
                                     PARM_THETA=1.0,
                                     REGU_VISC='NON',
                                     RELATION='ELAS',
                                     RESI_CPLAN_RELA=1e-06,
                                     RESI_INTE=1e-06)),
                    CONVERGENCE=_F(ARRET='OUI',
                                   ITER_GLOB_ELAS=25,
                                   ITER_GLOB_MAXI=30,
                                   RESI_GLOB_RELA=0.0001,
                                   VERIF='TOUT'),
                    ETAT_INIT=_F(EVOL_NOLI=res),
                    EXCIT=(_F(CHARGE='<00000009>',
                              TYPE_CHARGE='FIXE_CSTE'),
                           _F(CHARGE='<0000000a>',
                              FONC_MULT=ramp,
                              TYPE_CHARGE='FIXE_CSTE')),
                    INCREMENT=_F(CRITERE='RELATIF',
                                 INST_FIN=0.15,
                                 INST_INIT=0.12000000000000001,
                                 LIST_INST=times,
                                 PRECISION=1e-06),
                    MESURE=_F(TABLE='NON'),
                    METHODE='NEWTON',
                    MODELE=model,
                    NEWTON=_F(MATRICE='TANGENTE',
                              MATR_RIGI_SYME='NON',
                              REAC_INCR=1,
                              REAC_ITER=1,
                              REAC_ITER_ELAS=0),
                    SOLVEUR=_F(ACCELERATION='AUTO',
                               ELIM_LAGR='LAGR2',
                               FILTRAGE_MATRICE=-1.0,
                               GESTION_MEMOIRE='OUT_OF_CORE',
                               LOW_RANK_SEUIL=0.0,
                               MATR_DISTRIBUEE='NON',
                               METHODE='MUMPS',
                               MIXER_PRECISION='NON',
                               NB_RHS=1,
                               NPREC=8,
                               PCENT_PIVOT=35,
                               POSTTRAITEMENTS='AUTO',
                               PRETRAITEMENTS='AUTO',
                               REDUCTION_MPI=0,
                               RENUM='AUTO',
                               RESI_RELA=-1.0,
                               STOP_SINGULIER='OUI',
                               TYPE_RESOL='AUTO'),
                    reuse=res)

Liste des comportements

Affecté sur 85588 éléments
Relation                             : ENDO_FISS_EXP
Déformation                          : PETIT
Pas de régularisation visqueuse
Pas de post-traitement à la fin du pas de temps
Nombre total de variables internes   : 9
V1 : ENDO
V2 : INDIENDO
V3 : ENDORIGI
V4 : EPSEXX
V5 : EPSEYY
V6 : EPSEZZ
V7 : EPSEXY
V8 : EPSEXZ
V9 : EPSEYZ
Affecté sur 11341 éléments
Relation                             : ELAS
Déformation                          : PETIT
Pas de régularisation visqueuse
Pas de post-traitement à la fin du pas de temps
Nombre total de variables internes   : 1
V1 : VIDE
Le système linéaire à résoudre a 455904 degrés de liberté:
   - 438438 sont des degrés de liberté physiques
     (ils sont portés par 135682 noeuds du maillage)
   - 17466 sont les couples de paramètres de Lagrange associés
     aux 8733 relations linéaires dualisées.
La matrice est de taille 455904 équations.
  Elle contient 23708355 termes non nuls si elle est symétrique et 46960806 termes non nuls si elle
n'est pas symétrique.
  Soit un taux de remplissage de   0.023 %.
Lecture de l'état initial
L'état initial a été récupéré dans la structure de données résultat de nom <0000000e> pour le numéro
d'ordre 5 et à l'instant  1.200000000000e-01
Le champ <DEPL> est lu dans ETAT_INIT dans la structure de données résultat donné dans la commande.
Le champ <SIEF_ELGA> est lu dans ETAT_INIT dans la structure de données résultat donné dans la
commande.
Le champ <VARI_ELGA> est lu dans ETAT_INIT dans la structure de données résultat donné dans la
commande.
---------------------------------------------------------------------
Instant de calcul:  1.500000000000e-01 - Niveau de découpe: 1

---------------------------------------------------------------------
|     NEWTON     |     RESIDU     |     RESIDU     |     OPTION     |
|    ITERATION   |     RELATIF    |     ABSOLU     |   ASSEMBLAGE   |
|                | RESI_GLOB_RELA | RESI_GLOB_MAXI |(+ TYPE MATRICE)|
---------------------------------------------------------------------
Solveur MUMPS :
  Les informations concernant la mémoire disponible ne sont pas utilisables.
  Si vous avez choisi le mode GESTION_MEMOIRE='AUTO', par précaution on bascule en mode OUT_OF_CORE.
  Si vous avez choisi le mode GESTION_MEMOIRE='EVAL', seules les évaluations des consommations MUMPS
     seront pertinentes, les autres chiffres ne seront pas à prendre en compte.
  Si vous avez choisi un autre mode, les vérifications liées aux consommations mémoires seront
débranchées.

|     0        X | 3.69566E-02  X | 7.38476E+01    |TANGENTE (NOSYM)|
Solveur MUMPS :
  Les informations concernant la mémoire disponible ne sont pas utilisables.
  Si vous avez choisi le mode GESTION_MEMOIRE='AUTO', par précaution on bascule en mode OUT_OF_CORE.
  Si vous avez choisi le mode GESTION_MEMOIRE='EVAL', seules les évaluations des consommations MUMPS
     seront pertinentes, les autres chiffres ne seront pas à prendre en compte.
  Si vous avez choisi un autre mode, les vérifications liées aux consommations mémoires seront
débranchées.

|     1        X | 3.30398E-03  X | 6.53721E+00    |TANGENTE (NOSYM)|
Solveur MUMPS :
  Les informations concernant la mémoire disponible ne sont pas utilisables.
  Si vous avez choisi le mode GESTION_MEMOIRE='AUTO', par précaution on bascule en mode OUT_OF_CORE.
  Si vous avez choisi le mode GESTION_MEMOIRE='EVAL', seules les évaluations des consommations MUMPS
     seront pertinentes, les autres chiffres ne seront pas à prendre en compte.
  Si vous avez choisi un autre mode, les vérifications liées aux consommations mémoires seront
débranchées.

|     2        X | 6.53554E-04  X | 1.29143E+00    |TANGENTE (NOSYM)|
Solveur MUMPS :
  Les informations concernant la mémoire disponible ne sont pas utilisables.
  Si vous avez choisi le mode GESTION_MEMOIRE='AUTO', par précaution on bascule en mode OUT_OF_CORE.
  Si vous avez choisi le mode GESTION_MEMOIRE='EVAL', seules les évaluations des consommations MUMPS
     seront pertinentes, les autres chiffres ne seront pas à prendre en compte.
  Si vous avez choisi un autre mode, les vérifications liées aux consommations mémoires seront
débranchées.

|     3          | 2.91802E-07    | 5.76584E-04    |TANGENTE (NOSYM)|
---------------------------------------------------------------------
Critère(s) de convergence atteint(s)

Le résidu de type <RESI_GLOB_RELA> vaut  2.918017851973e-07 au noeud et degré de liberté <687    
DX>
Temps CPU consommé dans ce pas de temps    : 13 min 39 s

* Nombre d'itérations de Newton                     : 4
* Temps total intégration comportement              : 21.616 s (5 intégrations)
* Temps total factorisation matrice                 : 11 min 46 s (4 factorisations)
* Temps construction second membre                  : 0.510 s
* Temps total résolution K.U=F                      : 55.417 s (4 résolutions)
* Temps assemblage matrice                          : 0.000 s
* Temps autres opérations                           : 35.501 s
Mémoire (Mo) :  7432.76 /  3461.57 /  3349.02 /  1228.98 (VmPeak / VmSize / Optimum / Minimum)

Archivage des champs

Champ stocké <DEPL> à l'instant  1.500000000000e-01 pour le numéro d'ordre 6
Champ stocké <SIEF_ELGA> à l'instant  1.500000000000e-01 pour le numéro d'ordre 6
Champ stocké <VARI_ELGA> à l'instant  1.500000000000e-01 pour le numéro d'ordre 6
Champ stocké <COMPORTEMENT> à l'instant  1.500000000000e-01 pour le numéro d'ordre 6
[100%] Instant calculé : 1.50000e-01, seul l'instant initial a été archivé
Temps CPU consommé dans le calcul          : 13 min 39 s

dont temps CPU "perdu" dans les découpes            : 0.000 s
* Nombre de pas de temps                            : 1
* Nombre d'itérations de Newton                     : 4
* Temps dans l'archivage                            : 0.044 s
* Temps dans le post-traitement                     : 0.000 s
* Temps total intégration comportement              : 21.616 s (5 intégrations)
* Temps total factorisation matrice                 : 11 min 46 s (4 factorisations)
* Temps construction second membre                  : 0.510 s
* Temps total résolution K.U=F                      : 55.417 s (4 résolutions)
* Temps assemblage matrice                          : 0.000 s
#1      Resolution des systemes lineaires                 CPU (USER+SYST/SYST/ELAPS):    811.49    167.88    765.44
#2      Calculs elementaires et assemblages               CPU (USER+SYST/SYST/ELAPS):     54.69      4.43     55.02
#3      Dechargement de la memoire sur disque             CPU (USER+SYST/SYST/ELAPS):      0.01      0.01      0.01
# Résultat commande #0002 (STAT_NON_LINE): res ('<0000000e>') de type <NonLinearResult>
# Mémoire (Mo) :  7432.76 /  1504.66 /  3349.02 /  1228.98 (VmPeak / VmSize / Optimum / Minimum)
# Fin commande #0002   user+syst:      702.89s (syst:      174.76s, elaps:      831.96s)
# ----------------------------------------------------------------------------------------------

.. _stg1_txt184
# ----------------------------------------------------------------------------------------------
# Commande #0003 de
/root/mm/envs/aster/lib/python3.14/site-packages/code_aster/Supervis/ExecuteCommand.py, ligne 184
CALC_CHAMP(CRITERE='RELATIF',
           FORCE='REAC_NODA',
           INFO=1,
           INST=0.15,
           PARALLELISME_TEMPS='NON',
           PRECISION=1e-06,
           RESULTAT=res)

Le système linéaire à résoudre a 455904 degrés de liberté:
   - 438438 sont des degrés de liberté physiques
     (ils sont portés par 135682 noeuds du maillage)
   - 17466 sont les couples de paramètres de Lagrange associés
     aux 8733 relations linéaires dualisées.
#2      Calculs elementaires et assemblages               CPU (USER+SYST/SYST/ELAPS):      0.46      0.00      0.46
# Résultat commande #0003 (CALC_CHAMP): '<0000001b>' de type <NonLinearResult>
# Dépend de :
# - model ('<00000002>') de type <Model>
# - fmat ('<00000008>') de type <MaterialField>
# Mémoire (Mo) :  7432.76 /  1504.66 /  3349.02 /  1228.98 (VmPeak / VmSize / Optimum / Minimum)
# Fin commande #0003   user+syst:        0.79s (syst:        0.00s, elaps:        0.80s)
# ----------------------------------------------------------------------------------------------

.. _stg1_txt34
# ----------------------------------------------------------------------------------------------
# Commande #0004 de /home/user/aas-corner-fe/wd/v8c100_V/v8c100_V_s04.comm.changed.py, ligne 34
tb = POST_RELEVE_T(ACTION=_F(CRITERE='RELATIF',
                             FORMAT_C='MODULE',
                             GROUP_NO='HEADT',
                             INST=0.15,
                             INTITULE='R',
                             MOYE_NOEUD='OUI',
                             NOM_CHAM='REAC_NODA',
                             OPERATION='EXTRACTION',
                             PRECISION=1e-06,
                             REPERE='GLOBAL',
                             RESULTANTE='DX',
                             RESULTAT=r2),
                   INFO=1)

# Résultat commande #0004 (POST_RELEVE_T): tb ('<0000001c>') de type <Table>
# Mémoire (Mo) :  7432.76 /  1505.66 /  3349.02 /  1228.98 (VmPeak / VmSize / Optimum / Minimum)
# Fin commande #0004   user+syst:        0.01s (syst:        0.00s, elaps:        0.01s)
# ----------------------------------------------------------------------------------------------

.. _stg1_txt34
# ----------------------------------------------------------------------------------------------
# Commande #0005 de /home/user/aas-corner-fe/wd/v8c100_V/v8c100_V_s04.comm.changed.py, ligne 34
tb = POST_RELEVE_T(ACTION=_F(CRITERE='RELATIF',
                             FORMAT_C='MODULE',
                             GROUP_NO='HEADV',
                             INST=0.15,
                             INTITULE='R',
                             MOYE_NOEUD='OUI',
                             NOM_CHAM='REAC_NODA',
                             OPERATION='EXTRACTION',
                             PRECISION=1e-06,
                             REPERE='GLOBAL',
                             RESULTANTE='DX',
                             RESULTAT=r2),
                   INFO=1)

# Résultat commande #0005 (POST_RELEVE_T): tb ('<0000001d>') de type <Table>
# Mémoire (Mo) :  7432.76 /  1505.66 /  3349.02 /  1228.98 (VmPeak / VmSize / Optimum / Minimum)
# Fin commande #0005   user+syst:        0.00s (syst:        0.00s, elaps:        0.01s)
# ----------------------------------------------------------------------------------------------

.. _stg1_txt39
# ----------------------------------------------------------------------------------------------
# Commande #0006 de /home/user/aas-corner-fe/wd/v8c100_V/v8c100_V_s04.comm.changed.py, ligne 39
DETRUIRE(INFO=1,
         NOM=r2)

# Mémoire (Mo) :  7432.76 /  1505.66 /  3349.02 /  1228.98 (VmPeak / VmSize / Optimum / Minimum)
# Fin commande #0006   user+syst:        0.07s (syst:        0.00s, elaps:        0.06s)
# ----------------------------------------------------------------------------------------------
/home/user/aas-corner-fe/wd/v8c100_V/v8c100_V_s04.comm.changed.py:56: ResourceWarning: unclosed file <_io.TextIOWrapper name='/home/user/aas-corner-fe/jobs/../results/v8c100_V.curve' mode='a' encoding='UTF-8'>
  open(CURVE,'a').write('CURVE %g %g %g %g\n'%(tcur,tot,v['HEADT'],v['HEADV']))
AASCURVE 0.15 20924.9 2.69681e-13 20924.9

.. _stg1_txt76
# ----------------------------------------------------------------------------------------------
# Commande #0007 de /root/mm/envs/aster/lib/python3.14/site-packages/code_aster/CodeCommands/fin.py,
ligne 76
FIN(INFO_RESU='NON',
    RETASSAGE='NON')

Saving objects...
pi                       <class 'float'>
e                        <class 'float'>
tau                      <class 'float'>
inf                      <class 'float'>
nan                      <class 'float'>
mesh                     <class 'libaster.Mesh'>
model                    <class 'libaster.Model'>
mat                      <class 'libaster.Material'>
matH                     <class 'libaster.Material'>
matHH                    <class 'libaster.Material'>
stl                      <class 'libaster.Material'>
slvm                     <class 'libaster.Material'>
fmat                     <class 'libaster.MaterialField'>
fix                      <class 'libaster.MechanicalLoadReal'>
grp                      <class 'list'>
load                     <class 'libaster.MechanicalLoadReal'>
ramp                     <class 'libaster.Function'>
steps                    <class 'libaster.ListOfFloats'>
times                    <class 'libaster.TimesList'>
LOADS                    <class 'str'>
CURVE                    <class 'str'>
common                   <class 'dict'>
tcur                     <class 'float'>
peak                     <class 'float'>
stopped                  <class 'bool'>
TARGETS                  <class 'list'>
tn                       <class 'float'>
res                      <class 'libaster.NonLinearResult'>
v                        <class 'dict'>
tot                      <class 'float'>
line                     <class 'str'>

 ╔================================================================================================╗
 ║ <I> <CATAMESS_89>                                                                              ║
 ║                                                                                                ║
 ║ Liste des alarmes émises lors de l'exécution du calcul.                                        ║
 ║                                                                                                ║
 ║     Les alarmes que vous avez choisies d'ignorer sont précédées de (*).                        ║
 ║     Nombre d'occurrences pour chacune des alarmes :                                            ║
 ║            aucune alarme                                                                       ║
 ╚================================================================================================╝

 ---------------------------------------------------------------------------
 Concepts de la base: G
    Nom        Type                Taille (Mo)         Nombre      Nombre de
                                                     d'objets       segments
    TOTAL                               621.04            500            763
  
    00000001   MAILLAGE_SDASTER          14.63             34             70
    00000002   MODELE_SDASTER            14.45             11             16
    00000003   MATER_SDASTER              0.00             15             15
    00000004   MATER_SDASTER              0.00             15             15
    00000005   MATER_SDASTER              0.00              7              7
    00000006   MATER_SDASTER              0.00              7              7
    00000007   MATER_SDASTER              0.00              7              7
    00000008   CHAM_MATER                 1.17              8             13
    00000009   CHAR_MECA                 15.45             56             76
    0000000a   CHAR_MECA                 11.40             56             76
    0000000b   FONCTION_SDASTER           0.00              3              3
    0000000c   LISTR8_SDASTER             0.00              6              6
    0000000d   LIST_INST                  0.00              8              8
    0000000e   EVOL_NOLI                491.52            207            263
    &FOZERO                               0.00              2              2
    &&_NUM_C                              0.00              1              1
    &CATA                                37.45             42            103
    &&NMDOME                              0.00              2              2
    0000000f                              0.13              2             14
    &&NMCH1P                             34.29              3              3
    00000012                              0.13              2             14
    00000015                              0.13              2             14
    00000018                              0.13              2             14
    0000001b                              0.13              2             14
 (*) sous-objets non accessible directement
 ---------------------------------------------------------------------------
Nom de la base                          :  GLOBALE
     Nombre d'enregistrements utilisés       :  947
     Nombre d'enregistrements maximum        :  2684354
     Nombre d'enregistrements par fichier    :  15728
     Longueur d'enregistrement (octets)      :  819200
     Nombre total d'accès en lecture         :  1244
     Volume des accès en lecture             :        971.88 Mo.
     Nombre total d'accès en écriture        :  359
     Volume des accès en écriture            :        280.47 Mo.
     Nombre d'identificateurs utilisés       :  994
     Taille maximum du répertoire            :  2000
     Pourcentage d'utilisation du répertoire :  49 %

Nom de la base                          :  VOLATILE
     Nombre d'enregistrements utilisés       :  692
     Nombre d'enregistrements maximum        :  2684354
     Nombre d'enregistrements par fichier    :  15728
     Longueur d'enregistrement (octets)      :  819200
     Nombre total d'accès en lecture         :  363
     Volume des accès en lecture             :        283.59 Mo.
     Nombre total d'accès en écriture        :  2268
     Volume des accès en écriture            :       1771.88 Mo.
     Nombre d'identificateurs utilisés       :  998
     Taille maximum du répertoire            :  2000
     Pourcentage d'utilisation du répertoire :  49 %

<I> <FIN> ARRET NORMAL DANS "FIN" PAR APPEL A "JEFINI".
  
 <I> <FIN> MEMOIRE JEVEUX MINIMALE REQUISE POUR L'EXECUTION :                    1228.98 Mo
 <I> <FIN> MEMOIRE JEVEUX OPTIMALE REQUISE POUR L'EXECUTION :                    3349.02 Mo
 <I> <FIN> MAXIMUM DE MEMOIRE UTILISEE PAR LE PROCESSUS LORS DE L'EXECUTION :    7432.76 Mo
  
 <I>       FERMETURE DES BASES EFFECTUEE
  
   STATISTIQUES CONCERNANT L'ALLOCATION DYNAMIQUE :
     TAILLE CUMULEE MAXIMUM            :                 3349  Mo.
     TAILLE CUMULEE LIBEREE            :                 2158  Mo.
     NOMBRE TOTAL D'ALLOCATIONS        :              3235621
     NOMBRE TOTAL DE LIBERATIONS       :              3235621
     APPELS AU MECANISME DE LIBERATION :                    3
     TAILLE MEMOIRE CUMULEE RECUPEREE  :                 2026  Mo.
     VOLUME DES LECTURES               :                    0  Mo.
     VOLUME DES ECRITURES              :                 1545  Mo.
  
   MEMOIRE JEVEUX MINIMALE REQUISE POUR L'EXECUTION :    1228.98 Mo
     - IMPOSE DE NOMBREUX ACCES DISQUE
     - RALENTIT LA VITESSE D'EXECUTION
   MEMOIRE JEVEUX OPTIMALE REQUISE POUR L'EXECUTION :    3349.02 Mo
     - LIMITE LES ACCES DISQUE
     - AMELIORE LA VITESSE D'EXECUTION
   MAXIMUM DE MEMOIRE UTILISEE PAR LE PROCESSUS     :    7432.76 Mo
     - COMPREND LA MEMOIRE CONSOMMEE PAR  JEVEUX, 
       LE SUPERVISEUR PYTHON, LES LIBRAIRIES EXTERNES
  
 <I>       FIN D'EXECUTION LE : DI-27-SEPT-2026 02:48:08
Signature of pickled file   : ddf3b43ca359682b71a5362873a6de800e3ffb819fa6397b83780c55d0ff11f0
Signature of info file      : 91b84da9340d8b3f4d985d3b7c9f9334a88bcc0cbd8bbf8915401eb37f37135c
Signature of Jeveux database: e8c37de06e961240fbaacbb1a1ee1ee018061241b970cd539461aa24e66f0e6c

 ********************************************************************************
 * COMMAND                  :       USER :     SYSTEM :   USER+SYS :    ELAPSED *
 ********************************************************************************
 * DEBUT                    :       0.22 :       0.41 :       0.63 :       0.63 *
 * STAT_NON_LINE            :     702.89 :     174.76 :     877.65 :     831.96 *
 * CALC_CHAMP               :       0.79 :       0.00 :       0.79 :       0.80 *
 * POST_RELEVE_T            :       0.01 :       0.00 :       0.01 :       0.01 *
 * POST_RELEVE_T            :       0.00 :       0.00 :       0.00 :       0.01 *
 * DETRUIRE                 :       0.07 :       0.00 :       0.07 :       0.06 *
 * FIN                      :       0.23 :       0.17 :       0.40 :       0.41 *
 *  . sdveri                :       0.00 :       0.00 :       0.00 :       0.00 *
 *  . cleanup               :       0.00 :       0.00 :       0.00 :       0.00 *
 *  . check syntax          :       0.03 :       0.00 :       0.03 :       0.03 *
 *  . fortran               :     704.10 :     175.34 :     879.44 :     833.77 *
 ********************************************************************************
 * TOTAL_JOB                :     704.28 :     175.36 :     879.64 :     833.99 *
 ********************************************************************************

# Mémoire (Mo) :  7432.76 /   776.48 /  3349.02 /  1228.98 (VmPeak / VmSize / Optimum / Minimum)
# Fin commande #0007   user+syst:        0.23s (syst:        0.17s, elaps:        0.41s)
# ----------------------------------------------------------------------------------------------

EXECUTION_CODE_ASTER_EXIT_3895=0


saving result databases to 'BASE_PREC'...
execution ended (command file #5): <A>_ALARM
Running: /root/mm/envs/aster/bin/run_aster -w /home/user/aas-corner-fe/wd/v8c100_V --status-file /root/.tmp_run_aster/run_aster_x0avemju/__status__ --no-mpi /root/.tmp_run_aster/run_aster_x0avemju/v8c100_V.5

# ------------------------------------------------------------------------------
Execution of code_aster

# ------------------------------------------------------------------------------
Prepare environment in /home/user/aas-corner-fe/wd/v8c100_V

# ------------------------------------------------------------------------------
Command file #6 / 15

Content of the file to execute:
# coding=utf-8
# original filename
__file__ = r"/home/user/aas-corner-fe/jobs/v8c100_V_s05.comm"


# temporarly added for compatibility with code_aster legacy
from math import *

import code_aster
from code_aster.Commands import *
from code_aster import CA

POURSUITE(LANG='EN', PAR_LOT='NON')

LOADS='V'
CURVE='/home/user/aas-corner-fe/jobs/../results/v8c100_V.curve'
common=dict(MODELE=model, CHAM_MATER=fmat, EXCIT=(_F(CHARGE=fix), _F(CHARGE=load, FONC_MULT=ramp)),
        COMPORTEMENT=(_F(RELATION='ENDO_FISS_EXP', GROUP_MA=('CONC','HZ')), _F(RELATION='ELAS', GROUP_MA=('STEEL','SLV','HZH'))),
        NEWTON=_F(MATRICE='TANGENTE', REAC_ITER=1),
        CONVERGENCE=_F(RESI_GLOB_RELA=1.E-4, ITER_GLOB_MAXI=30), ARCHIVAGE=_F(PAS_ARCH=1), SOLVEUR=_F(METHODE='MUMPS', GESTION_MEMOIRE='OUT_OF_CORE'))
import os, re
tcur=0.0; peak=0.0; stopped=False
if os.path.exists(CURVE):
    for line in open(CURVE):
        m=re.match(r'CURVE\s+(\S+)\s+(\S+)', line)
        if m:
            tcur=max(tcur, float(m.group(1))); peak=max(peak, float(m.group(2)))
        if line.startswith('STOP'): stopped=True
def reac(res, t):
    r2=CALC_CHAMP(RESULTAT=res, FORCE='REAC_NODA', INST=t)
    vals={}
    for g in ('HEADT','HEADV'):
        try:
            tb=POST_RELEVE_T(ACTION=_F(OPERATION='EXTRACTION', INTITULE='R', RESULTAT=r2, NOM_CHAM='REAC_NODA',
                                       GROUP_NO=g, RESULTANTE='DX', INST=t)).EXTR_TABLE().values()
            vals[g]=-tb['DX'][-1]*2
        except Exception:
            vals[g]=0.
    DETRUIRE(NOM=r2)
    return vals
TARGETS=[0.18]
for tn in TARGETS:
    if stopped or tn <= tcur+1e-9: continue
    try:
        if tcur < 1e-12 and '0'=='1':
            res=STAT_NON_LINE(INCREMENT=_F(LIST_INST=times, INST_FIN=tn), **common)
        else:
            res=STAT_NON_LINE(reuse=res, ETAT_INIT=_F(EVOL_NOLI=res), INCREMENT=_F(LIST_INST=times, INST_FIN=tn), **common)
    except Exception as exc:
        print('AASSTOP at', tcur, exc, flush=True)
        open(CURVE,'a').write('STOP solver %g\n'%tcur); stopped=True; break
    tcur=tn
    v=reac(res, tcur)
    tot=(v['HEADT'] if 'T' in LOADS else 0.)+(v['HEADV'] if 'V' in LOADS else 0.)
    peak=max(peak, tot)
    open(CURVE,'a').write('CURVE %g %g %g %g\n'%(tcur,tot,v['HEADT'],v['HEADV']))
    print('AASCURVE %g %g %g %g'%(tcur,tot,v['HEADT'],v['HEADV']), flush=True)
    if tot < 0.9*peak:
        open(CURVE,'a').write('STOP peak %g\n'%peak); stopped=True; break
FIN()



# ------------------------------------------------------------------------------
Command line #6:
    ulimit -c unlimited ; ulimit -t 25000 ; ( /root/mm/envs/aster/bin/python3 "v8c100_V_s05.comm.changed.py" --memory 3000.0 --numthreads 1 --tpmax 20000 ; echo $? > _exit_code_ ) 2>&1 | tee -a fort.6
setting '--memory' value to 2700.00 MB (keyword RESERVE_MEMOIRE)
Ouverture en écriture du fichier ./vola.1

<INFO> Démarrage de l'exécution.

                       -- CODE_ASTER -- VERSION : DÉVELOPPEMENT (unstable) --                       
                               Version 18.1.6 modifiée le 14/09/2026                                
                                    révision n/a - branche 'n/a'                                    
                                     Copyright EDF 1991 - 2026                                      
                                                                                                    
                              Exécution du : Sun Sep 27 02:48:11 2026                               
                                       Nom de la machine : vm                                       
                                        Architecture : 64bit                                        
                                    Type de processeur : x86_64                                     
                Système d'exploitation : Linux-6.18.44-fc-v37-x86_64-with-glibc2.39                 
                                  Langue des messages : C (UTF-8)                                   
                                     Version de Python : 3.14.7                                     
                                      Version de NumPy : 2.5.3                                      
                                  Version de MEDCoupling : 9.16.0                                   
                                     Parallélisme MPI : inactif                                     
                                    Parallélisme OpenMP : actif                                     
                              Nombre de processus OpenMP utilisés : 1                               
                                Version de la librairie HDF5 : 2.2.0                                
                                Version de la librairie MED : 4.2.0                                 
                               Version de la librairie MFront : 5.1.0                               
                               Version de la librairie MUMPS : 5.8.2                                
                                  Librairie PETSc : non disponible                                  
                              Version de la librairie SCOTCH : 7.0.11                               

restarting from a previous execution...
/home/user/aas-corner-fe/wd/v8c100_V/v8c100_V_s05.comm.changed.py:13: DeprecationWarning: This feature is obsolete, 'PAR_LOT' has been removed.
  POURSUITE(LANG='EN', PAR_LOT='NON')
Valeur initiale du temps CPU maximum =   20000 secondes
  Valeur du temps CPU maximum passé aux commandes =   18000 secondes
  Réserve CPU prévue = 2000 secondes

Ouverture en lecture du fichier ./glob.1

Ajustement de la taille maximale des bases à 2048.00 Go.
    
Nom de la base                          :  GLOBALE
     Créée avec la version                   :  18.01.06
     Nombre d'enregistrements utilisés       :  947
     Nombre d'enregistrements maximum        :  2684354
     Nombre d'enregistrements par fichier    :  15728
     Longueur d'enregistrement (octets)      :  819200
     Nombre d'identificateurs utilisés       :  994
     Taille maximum du répertoire            :  2000
     Pourcentage d'utilisation du répertoire :  49 %

Ouverture en lecture du fichier ./glob.1

Ouverture en écriture du fichier ./vola.1

Fin de lecture (durée  0.000036  s.) 

                      Mémoire limite pour l'allocation dynamique : 3212.06 Mo                       
                         ajouté à l'initialisation du processus : 613.34 Mo                         
                               Limite cible du processus : 3825.40 Mo                               
                         Taille limite des fichiers d'échange : 2048.00 Go                          
pi                       <class 'float'>
e                        <class 'float'>
tau                      <class 'float'>
inf                      <class 'float'>
nan                      <class 'float'>
mesh                     <class 'libaster.Mesh'>
model                    <class 'libaster.Model'>
mat                      <class 'libaster.Material'>
matH                     <class 'libaster.Material'>
matHH                    <class 'libaster.Material'>
stl                      <class 'libaster.Material'>
slvm                     <class 'libaster.Material'>
fmat                     <class 'libaster.MaterialField'>
fix                      <class 'libaster.MechanicalLoadReal'>
grp                      <class 'list'>
load                     <class 'libaster.MechanicalLoadReal'>
ramp                     <class 'libaster.Function'>
steps                    <class 'libaster.ListOfFloats'>
times                    <class 'libaster.TimesList'>
LOADS                    <class 'str'>
CURVE                    <class 'str'>
common                   <class 'dict'>
tcur                     <class 'float'>
peak                     <class 'float'>
stopped                  <class 'bool'>
TARGETS                  <class 'list'>
tn                       <class 'float'>
res                      <class 'libaster.NonLinearResult'>
v                        <class 'dict'>
tot                      <class 'float'>
line                     <class 'str'>
# Mémoire (Mo) :  1078.36 /  1078.36 /   623.24 /   623.21 (VmPeak / VmSize / Optimum / Minimum)
# Fin commande #0001   user+syst:        0.21s (syst:        0.42s, elaps:        0.64s)
# ----------------------------------------------------------------------------------------------
/home/user/aas-corner-fe/wd/v8c100_V/v8c100_V_s05.comm.changed.py:24: ResourceWarning: unclosed file <_io.TextIOWrapper name='/home/user/aas-corner-fe/jobs/../results/v8c100_V.curve' mode='r' encoding='UTF-8'>
  for line in open(CURVE):

.. _stg1_txt48
# ----------------------------------------------------------------------------------------------
# Commande #0002 de /home/user/aas-corner-fe/wd/v8c100_V/v8c100_V_s05.comm.changed.py, ligne 48
res = STAT_NON_LINE(AFFICHAGE=_F(INFO_RESIDU='NON',
                                 INFO_TEMPS='NON'),
                    ARCHIVAGE=_F(CHAM_EXCLU=('RESI_NOEU', 'RESI_RELA_NOEU'),
                                 PAS_ARCH=1),
                    CHAM_MATER=fmat,
                    COMPORTEMENT=(_F(DEFORMATION='PETIT',
                                     GROUP_MA=('CONC', 'HZ'),
                                     ITER_CPLAN_MAXI=10,
                                     ITER_INTE_MAXI=20,
                                     ITER_INTE_PAS=0,
                                     PARM_THETA=1.0,
                                     REGU_VISC='NON',
                                     RELATION='ENDO_FISS_EXP',
                                     RESI_CPLAN_RELA=1e-06,
                                     RESI_INTE=1e-06),
                                  _F(DEFORMATION='PETIT',
                                     GROUP_MA=('STEEL', 'SLV', 'HZH'),
                                     ITER_CPLAN_MAXI=10,
                                     ITER_INTE_MAXI=20,
                                     ITER_INTE_PAS=0,
                                     PARM_THETA=1.0,
                                     REGU_VISC='NON',
                                     RELATION='ELAS',
                                     RESI_CPLAN_RELA=1e-06,
                                     RESI_INTE=1e-06)),
                    CONVERGENCE=_F(ARRET='OUI',
                                   ITER_GLOB_ELAS=25,
                                   ITER_GLOB_MAXI=30,
                                   RESI_GLOB_RELA=0.0001,
                                   VERIF='TOUT'),
                    ETAT_INIT=_F(EVOL_NOLI=res),
                    EXCIT=(_F(CHARGE='<00000009>',
                              TYPE_CHARGE='FIXE_CSTE'),
                           _F(CHARGE='<0000000a>',
                              FONC_MULT=ramp,
                              TYPE_CHARGE='FIXE_CSTE')),
                    INCREMENT=_F(CRITERE='RELATIF',
                                 INST_FIN=0.18,
                                 INST_INIT=0.15000000000000002,
                                 LIST_INST=times,
                                 PRECISION=1e-06),
                    MESURE=_F(TABLE='NON'),
                    METHODE='NEWTON',
                    MODELE=model,
                    NEWTON=_F(MATRICE='TANGENTE',
                              MATR_RIGI_SYME='NON',
                              REAC_INCR=1,
                              REAC_ITER=1,
                              REAC_ITER_ELAS=0),
                    SOLVEUR=_F(ACCELERATION='AUTO',
                               ELIM_LAGR='LAGR2',
                               FILTRAGE_MATRICE=-1.0,
                               GESTION_MEMOIRE='OUT_OF_CORE',
                               LOW_RANK_SEUIL=0.0,
                               MATR_DISTRIBUEE='NON',
                               METHODE='MUMPS',
                               MIXER_PRECISION='NON',
                               NB_RHS=1,
                               NPREC=8,
                               PCENT_PIVOT=35,
                               POSTTRAITEMENTS='AUTO',
                               PRETRAITEMENTS='AUTO',
                               REDUCTION_MPI=0,
                               RENUM='AUTO',
                               RESI_RELA=-1.0,
                               STOP_SINGULIER='OUI',
                               TYPE_RESOL='AUTO'),
                    reuse=res)

Liste des comportements

Affecté sur 85588 éléments
Relation                             : ENDO_FISS_EXP
Déformation                          : PETIT
Pas de régularisation visqueuse
Pas de post-traitement à la fin du pas de temps
Nombre total de variables internes   : 9
V1 : ENDO
V2 : INDIENDO
V3 : ENDORIGI
V4 : EPSEXX
V5 : EPSEYY
V6 : EPSEZZ
V7 : EPSEXY
V8 : EPSEXZ
V9 : EPSEYZ
Affecté sur 11341 éléments
Relation                             : ELAS
Déformation                          : PETIT
Pas de régularisation visqueuse
Pas de post-traitement à la fin du pas de temps
Nombre total de variables internes   : 1
V1 : VIDE
Le système linéaire à résoudre a 455904 degrés de liberté:
   - 438438 sont des degrés de liberté physiques
     (ils sont portés par 135682 noeuds du maillage)
   - 17466 sont les couples de paramètres de Lagrange associés
     aux 8733 relations linéaires dualisées.
La matrice est de taille 455904 équations.
  Elle contient 23708355 termes non nuls si elle est symétrique et 46960806 termes non nuls si elle
n'est pas symétrique.
  Soit un taux de remplissage de   0.023 %.
Lecture de l'état initial
L'état initial a été récupéré dans la structure de données résultat de nom <0000000e> pour le numéro
d'ordre 6 et à l'instant  1.500000000000e-01
Le champ <DEPL> est lu dans ETAT_INIT dans la structure de données résultat donné dans la commande.
Le champ <SIEF_ELGA> est lu dans ETAT_INIT dans la structure de données résultat donné dans la
commande.
Le champ <VARI_ELGA> est lu dans ETAT_INIT dans la structure de données résultat donné dans la
commande.
---------------------------------------------------------------------
Instant de calcul:  1.800000000000e-01 - Niveau de découpe: 1

---------------------------------------------------------------------
|     NEWTON     |     RESIDU     |     RESIDU     |     OPTION     |
|    ITERATION   |     RELATIF    |     ABSOLU     |   ASSEMBLAGE   |
|                | RESI_GLOB_RELA | RESI_GLOB_MAXI |(+ TYPE MATRICE)|
---------------------------------------------------------------------
Solveur MUMPS :
  Les informations concernant la mémoire disponible ne sont pas utilisables.
  Si vous avez choisi le mode GESTION_MEMOIRE='AUTO', par précaution on bascule en mode OUT_OF_CORE.
  Si vous avez choisi le mode GESTION_MEMOIRE='EVAL', seules les évaluations des consommations MUMPS
     seront pertinentes, les autres chiffres ne seront pas à prendre en compte.
  Si vous avez choisi un autre mode, les vérifications liées aux consommations mémoires seront
débranchées.

|     0        X | 2.71210E-02  X | 5.55200E+01    |TANGENTE (NOSYM)|
La mémoire consommée actuellement hors JEVEUX est de 844.76 Mo.
La mémoire limite pour l'allocation dynamique est fixée à 2980.63 Mo (-387.73 Mo).
Cette valeur limite a été réactualisée lors de la mise en oeuvre d'un processus de libération.


 ╔================================================================================================╗
 ║ <A> <FACTOR_75>                                                                                ║
 ║                                                                                                ║
 ║ Attention, vous avez demandé un calcul OUT_OF_CORE, mais MUMPS estime avoir besoin pour cela   ║
 ║ d'au moins                                                                                     ║
 ║   4133 Mo  alors qu'il n'y a que 1712 Mo de disponible sur ce processeur !                     ║
 ║   Le calcul pourrait donc être ralenti ou s'arrêter pour cette raison.                         ║
 ║                                                                                                ║
 ║   Pour information: mémoire déjà pré-allouée par MUMPS (exécutable, matrice...)= 569 Mo,       ║
 ║                     nombre de systèmes linéaires à factoriser en même temps    = 1.            ║
 ║                                                                                                ║
 ║ Conseils :                                                                                     ║
 ║   La prochaine fois, relancez avec plus de mémoire globale ou avec une option de calcul plus   ║
 ║ économe                                                                                        ║
 ║   (par ordre décroissant d'efficacité):                                                        ║
 ║    - Si le calcul est parallèle, réduisez la consommation MUMPS en augmentant le nombre de     ║
 ║ processeurs,                                                                                   ║
 ║    - Si le calcul est parallèle, réduisez la consommation Aster en activant l'option           ║
 ║ SOLVEUR/MATR_DISTRIBUEE,                                                                       ║
 ║   Ou, plus radicalement:                                                                       ║
 ║    - Utilisez un solveur moins exigeant en mémoire (par exemple: SOLVEUR/METHODE='PETSC' +     ║
 ║ PRECOND='LDLT_SP').                                                                            ║
 ║                                                                                                ║
 ║                                                                                                ║
 ║ Ceci est une alarme. Si vous ne comprenez pas le sens de cette                                 ║
 ║ alarme, vous pouvez obtenir des résultats inattendus !                                         ║
 ╚================================================================================================╝

|     1        X | 2.82375E-03  X | 5.74892E+00    |TANGENTE (NOSYM)|

 ╔================================================================================================╗
 ║ <A> <FACTOR_75>                                                                                ║
 ║                                                                                                ║
 ║ Attention, vous avez demandé un calcul OUT_OF_CORE, mais MUMPS estime avoir besoin pour cela   ║
 ║ d'au moins                                                                                     ║
 ║   4133 Mo  alors qu'il n'y a que 1718 Mo de disponible sur ce processeur !                     ║
 ║   Le calcul pourrait donc être ralenti ou s'arrêter pour cette raison.                         ║
 ║                                                                                                ║
 ║   Pour information: mémoire déjà pré-allouée par MUMPS (exécutable, matrice...)= 569 Mo,       ║
 ║                     nombre de systèmes linéaires à factoriser en même temps    = 1.            ║
 ║                                                                                                ║
 ║ Conseils :                                                                                     ║
 ║   La prochaine fois, relancez avec plus de mémoire globale ou avec une option de calcul plus   ║
 ║ économe                                                                                        ║
 ║   (par ordre décroissant d'efficacité):                                                        ║
 ║    - Si le calcul est parallèle, réduisez la consommation MUMPS en augmentant le nombre de     ║
 ║ processeurs,                                                                                   ║
 ║    - Si le calcul est parallèle, réduisez la consommation Aster en activant l'option           ║
 ║ SOLVEUR/MATR_DISTRIBUEE,                                                                       ║
 ║   Ou, plus radicalement:                                                                       ║
 ║    - Utilisez un solveur moins exigeant en mémoire (par exemple: SOLVEUR/METHODE='PETSC' +     ║
 ║ PRECOND='LDLT_SP').                                                                            ║
 ║                                                                                                ║
 ║                                                                                                ║
 ║ Ceci est une alarme. Si vous ne comprenez pas le sens de cette                                 ║
 ║ alarme, vous pouvez obtenir des résultats inattendus !                                         ║
 ╚================================================================================================╝

|     2          | 2.42230E-05    | 4.92925E-02    |TANGENTE (NOSYM)|
---------------------------------------------------------------------
Critère(s) de convergence atteint(s)

Le résidu de type <RESI_GLOB_RELA> vaut  2.422301880795e-05 au noeud et degré de liberté <6124   
DX>
Temps CPU consommé dans ce pas de temps    : 10 min 15 s

* Nombre d'itérations de Newton                     : 3
* Temps total intégration comportement              : 16.740 s (4 intégrations)
* Temps total factorisation matrice                 : 8 min 56 s (3 factorisations)
* Temps construction second membre                  : 0.516 s
* Temps total résolution K.U=F                      : 34.350 s (3 résolutions)
* Temps assemblage matrice                          : 0.000 s
* Temps autres opérations                           : 27.596 s
Mémoire (Mo) :  7426.91 /  3214.77 /  3341.13 /  1293.66 (VmPeak / VmSize / Optimum / Minimum)

Archivage des champs

Champ stocké <DEPL> à l'instant  1.800000000000e-01 pour le numéro d'ordre 7
Champ stocké <SIEF_ELGA> à l'instant  1.800000000000e-01 pour le numéro d'ordre 7
Champ stocké <VARI_ELGA> à l'instant  1.800000000000e-01 pour le numéro d'ordre 7
Champ stocké <COMPORTEMENT> à l'instant  1.800000000000e-01 pour le numéro d'ordre 7
[100%] Instant calculé : 1.80000e-01, seul l'instant initial a été archivé
Temps CPU consommé dans le calcul          : 10 min 15 s

dont temps CPU "perdu" dans les découpes            : 0.000 s
* Nombre de pas de temps                            : 1
* Nombre d'itérations de Newton                     : 3
* Temps dans l'archivage                            : 0.048 s
* Temps dans le post-traitement                     : 0.000 s
* Temps total intégration comportement              : 16.740 s (4 intégrations)
* Temps total factorisation matrice                 : 8 min 56 s (3 factorisations)
* Temps construction second membre                  : 0.516 s
* Temps total résolution K.U=F                      : 34.350 s (3 résolutions)
* Temps assemblage matrice                          : 0.000 s
#1      Resolution des systemes lineaires                 CPU (USER+SYST/SYST/ELAPS):    614.32    133.11    574.44
#2      Calculs elementaires et assemblages               CPU (USER+SYST/SYST/ELAPS):     43.23      3.77     43.61
#3      Dechargement de la memoire sur disque             CPU (USER+SYST/SYST/ELAPS):      1.62      1.52      3.23
# Résultat commande #0002 (STAT_NON_LINE): res ('<0000000e>') de type <NonLinearResult>
# Mémoire (Mo) :  7426.91 /  1617.09 /  3341.13 /  1293.66 (VmPeak / VmSize / Optimum / Minimum)
# Fin commande #0002   user+syst:      528.49s (syst:      138.97s, elaps:      628.17s)
# ----------------------------------------------------------------------------------------------

.. _stg1_txt184
# ----------------------------------------------------------------------------------------------
# Commande #0003 de
/root/mm/envs/aster/lib/python3.14/site-packages/code_aster/Supervis/ExecuteCommand.py, ligne 184
CALC_CHAMP(CRITERE='RELATIF',
           FORCE='REAC_NODA',
           INFO=1,
           INST=0.18,
           PARALLELISME_TEMPS='NON',
           PRECISION=1e-06,
           RESULTAT=res)

Le système linéaire à résoudre a 455904 degrés de liberté:
   - 438438 sont des degrés de liberté physiques
     (ils sont portés par 135682 noeuds du maillage)
   - 17466 sont les couples de paramètres de Lagrange associés
     aux 8733 relations linéaires dualisées.
#2      Calculs elementaires et assemblages               CPU (USER+SYST/SYST/ELAPS):      0.50      0.01      0.50
# Résultat commande #0003 (CALC_CHAMP): '<0000001e>' de type <NonLinearResult>
# Dépend de :
# - model ('<00000002>') de type <Model>
# - fmat ('<00000008>') de type <MaterialField>
# Mémoire (Mo) :  7426.91 /  1617.09 /  3341.13 /  1293.66 (VmPeak / VmSize / Optimum / Minimum)
# Fin commande #0003   user+syst:        0.82s (syst:        0.01s, elaps:        0.83s)
# ----------------------------------------------------------------------------------------------

.. _stg1_txt34
# ----------------------------------------------------------------------------------------------
# Commande #0004 de /home/user/aas-corner-fe/wd/v8c100_V/v8c100_V_s05.comm.changed.py, ligne 34
tb = POST_RELEVE_T(ACTION=_F(CRITERE='RELATIF',
                             FORMAT_C='MODULE',
                             GROUP_NO='HEADT',
                             INST=0.18,
                             INTITULE='R',
                             MOYE_NOEUD='OUI',
                             NOM_CHAM='REAC_NODA',
                             OPERATION='EXTRACTION',
                             PRECISION=1e-06,
                             REPERE='GLOBAL',
                             RESULTANTE='DX',
                             RESULTAT=r2),
                   INFO=1)

# Résultat commande #0004 (POST_RELEVE_T): tb ('<0000001f>') de type <Table>
# Mémoire (Mo) :  7426.91 /  1617.09 /  3341.13 /  1293.66 (VmPeak / VmSize / Optimum / Minimum)
# Fin commande #0004   user+syst:        0.00s (syst:        0.00s, elaps:        0.01s)
# ----------------------------------------------------------------------------------------------

.. _stg1_txt34
# ----------------------------------------------------------------------------------------------
# Commande #0005 de /home/user/aas-corner-fe/wd/v8c100_V/v8c100_V_s05.comm.changed.py, ligne 34
tb = POST_RELEVE_T(ACTION=_F(CRITERE='RELATIF',
                             FORMAT_C='MODULE',
                             GROUP_NO='HEADV',
                             INST=0.18,
                             INTITULE='R',
                             MOYE_NOEUD='OUI',
                             NOM_CHAM='REAC_NODA',
                             OPERATION='EXTRACTION',
                             PRECISION=1e-06,
                             REPERE='GLOBAL',
                             RESULTANTE='DX',
                             RESULTAT=r2),
                   INFO=1)

# Résultat commande #0005 (POST_RELEVE_T): tb ('<00000020>') de type <Table>
# Mémoire (Mo) :  7426.91 /  1617.09 /  3341.13 /  1293.66 (VmPeak / VmSize / Optimum / Minimum)
# Fin commande #0005   user+syst:        0.00s (syst:        0.00s, elaps:        0.00s)
# ----------------------------------------------------------------------------------------------

.. _stg1_txt39
# ----------------------------------------------------------------------------------------------
# Commande #0006 de /home/user/aas-corner-fe/wd/v8c100_V/v8c100_V_s05.comm.changed.py, ligne 39
DETRUIRE(INFO=1,
         NOM=r2)

# Mémoire (Mo) :  7426.91 /  1617.09 /  3341.13 /  1293.66 (VmPeak / VmSize / Optimum / Minimum)
# Fin commande #0006   user+syst:        0.06s (syst:        0.00s, elaps:        0.06s)
# ----------------------------------------------------------------------------------------------
/home/user/aas-corner-fe/wd/v8c100_V/v8c100_V_s05.comm.changed.py:56: ResourceWarning: unclosed file <_io.TextIOWrapper name='/home/user/aas-corner-fe/jobs/../results/v8c100_V.curve' mode='a' encoding='UTF-8'>
  open(CURVE,'a').write('CURVE %g %g %g %g\n'%(tcur,tot,v['HEADT'],v['HEADV']))
AASCURVE 0.18 21712.5 -3.27217e-14 21712.5

.. _stg1_txt76
# ----------------------------------------------------------------------------------------------
# Commande #0007 de /root/mm/envs/aster/lib/python3.14/site-packages/code_aster/CodeCommands/fin.py,
ligne 76
FIN(INFO_RESU='NON',
    RETASSAGE='NON')

Saving objects...
pi                       <class 'float'>
e                        <class 'float'>
tau                      <class 'float'>
inf                      <class 'float'>
nan                      <class 'float'>
mesh                     <class 'libaster.Mesh'>
model                    <class 'libaster.Model'>
mat                      <class 'libaster.Material'>
matH                     <class 'libaster.Material'>
matHH                    <class 'libaster.Material'>
stl                      <class 'libaster.Material'>
slvm                     <class 'libaster.Material'>
fmat                     <class 'libaster.MaterialField'>
fix                      <class 'libaster.MechanicalLoadReal'>
grp                      <class 'list'>
load                     <class 'libaster.MechanicalLoadReal'>
ramp                     <class 'libaster.Function'>
steps                    <class 'libaster.ListOfFloats'>
times                    <class 'libaster.TimesList'>
LOADS                    <class 'str'>
CURVE                    <class 'str'>
common                   <class 'dict'>
tcur                     <class 'float'>
peak                     <class 'float'>
stopped                  <class 'bool'>
TARGETS                  <class 'list'>
tn                       <class 'float'>
res                      <class 'libaster.NonLinearResult'>
v                        <class 'dict'>
tot                      <class 'float'>
line                     <class 'str'>

 ╔================================================================================================╗
 ║ <I> <CATAMESS_89>                                                                              ║
 ║                                                                                                ║
 ║ Liste des alarmes émises lors de l'exécution du calcul.                                        ║
 ║                                                                                                ║
 ║     Les alarmes que vous avez choisies d'ignorer sont précédées de (*).                        ║
 ║     Nombre d'occurrences pour chacune des alarmes :                                            ║
 ║            FACTOR_75            émise    2 fois                                                ║
 ╚================================================================================================╝

 ---------------------------------------------------------------------------
 Concepts de la base: G
    Nom        Type                Taille (Mo)         Nombre      Nombre de
                                                     d'objets       segments
    TOTAL                               687.15            523            803
  
    00000001   MAILLAGE_SDASTER          14.63             34             70
    00000002   MODELE_SDASTER            14.45             11             16
    00000003   MATER_SDASTER              0.00             15             15
    00000004   MATER_SDASTER              0.00             15             15
    00000005   MATER_SDASTER              0.00              7              7
    00000006   MATER_SDASTER              0.00              7              7
    00000007   MATER_SDASTER              0.00              7              7
    00000008   CHAM_MATER                 1.17              8             13
    00000009   CHAR_MECA                 15.45             56             76
    0000000a   CHAR_MECA                 11.40             56             76
    0000000b   FONCTION_SDASTER           0.00              3              3
    0000000c   LISTR8_SDASTER             0.00              6              6
    0000000d   LIST_INST                  0.00              8              8
    0000000e   EVOL_NOLI                557.50            228            289
    &FOZERO                               0.00              2              2
    &&_NUM_C                              0.00              1              1
    &CATA                                37.45             42            103
    &&NMDOME                              0.00              2              2
    0000000f                              0.13              2             14
    &&NMCH1P                             34.29              3              3
    00000012                              0.13              2             14
    00000015                              0.13              2             14
    00000018                              0.13              2             14
    0000001b                              0.13              2             14
    0000001e                              0.13              2             14
 (*) sous-objets non accessible directement
 ---------------------------------------------------------------------------
Nom de la base                          :  GLOBALE
     Nombre d'enregistrements utilisés       :  1027
     Nombre d'enregistrements maximum        :  2684354
     Nombre d'enregistrements par fichier    :  15728
     Longueur d'enregistrement (octets)      :  819200
     Nombre total d'accès en lecture         :  1434
     Volume des accès en lecture             :       1120.31 Mo.
     Nombre total d'accès en écriture        :  360
     Volume des accès en écriture            :        281.25 Mo.
     Nombre d'identificateurs utilisés       :  1075
     Taille maximum du répertoire            :  2000
     Pourcentage d'utilisation du répertoire :  53 %

Nom de la base                          :  VOLATILE
     Nombre d'enregistrements utilisés       :  3653
     Nombre d'enregistrements maximum        :  2684354
     Nombre d'enregistrements par fichier    :  15728
     Longueur d'enregistrement (octets)      :  819200
     Nombre total d'accès en lecture         :  837
     Volume des accès en lecture             :        653.91 Mo.
     Nombre total d'accès en écriture        :  7313
     Volume des accès en écriture            :       5713.28 Mo.
     Nombre d'identificateurs utilisés       :  995
     Taille maximum du répertoire            :  2000
     Pourcentage d'utilisation du répertoire :  49 %

<I> <FIN> ARRET NORMAL DANS "FIN" PAR APPEL A "JEFINI".
  
 <I> <FIN> MEMOIRE JEVEUX MINIMALE REQUISE POUR L'EXECUTION :                    1293.66 Mo
 <I> <FIN> MEMOIRE JEVEUX OPTIMALE REQUISE POUR L'EXECUTION :                    3341.13 Mo
 <I> <FIN> MAXIMUM DE MEMOIRE UTILISEE PAR LE PROCESSUS LORS DE L'EXECUTION :    7426.91 Mo
  
 <I>       FERMETURE DES BASES EFFECTUEE
  
   STATISTIQUES CONCERNANT L'ALLOCATION DYNAMIQUE :
     TAILLE CUMULEE MAXIMUM            :                 3341  Mo.
     TAILLE CUMULEE LIBEREE            :                 1898  Mo.
     NOMBRE TOTAL D'ALLOCATIONS        :              3224719
     NOMBRE TOTAL DE LIBERATIONS       :              3224719
     APPELS AU MECANISME DE LIBERATION :                    7
     TAILLE MEMOIRE CUMULEE RECUPEREE  :                 5525  Mo.
     VOLUME DES LECTURES               :                    2  Mo.
     VOLUME DES ECRITURES              :                 5376  Mo.
  
   MEMOIRE JEVEUX MINIMALE REQUISE POUR L'EXECUTION :    1293.66 Mo
     - IMPOSE DE NOMBREUX ACCES DISQUE
     - RALENTIT LA VITESSE D'EXECUTION
   MEMOIRE JEVEUX OPTIMALE REQUISE POUR L'EXECUTION :    3341.13 Mo
     - LIMITE LES ACCES DISQUE
     - AMELIORE LA VITESSE D'EXECUTION
   MAXIMUM DE MEMOIRE UTILISEE PAR LE PROCESSUS     :    7426.91 Mo
     - COMPREND LA MEMOIRE CONSOMMEE PAR  JEVEUX, 
       LE SUPERVISEUR PYTHON, LES LIBRAIRIES EXTERNES
  
 <I>       FIN D'EXECUTION LE : DI-27-SEPT-2026 02:58:41
Signature of pickled file   : 7b633a56a2aaf1e455eab1d43eb393ad046a991d5ecdd788a2ec2e686da52907
Signature of info file      : 3a11bc9cb605ab6876d380c537246c16dfaebb2040a7b4fd9505b14aa16d52fa
Signature of Jeveux database: 49b6238c724d464d9637aebeb47e2df6c348a053bebd7e31fd3633d83d49f7a3

 ********************************************************************************
 * COMMAND                  :       USER :     SYSTEM :   USER+SYS :    ELAPSED *
 ********************************************************************************
 * DEBUT                    :       0.21 :       0.42 :       0.63 :       0.64 *
 * STAT_NON_LINE            :     528.49 :     138.97 :     667.46 :     628.17 *
 * CALC_CHAMP               :       0.82 :       0.01 :       0.83 :       0.83 *
 * POST_RELEVE_T            :       0.00 :       0.00 :       0.00 :       0.01 *
 * POST_RELEVE_T            :       0.00 :       0.00 :       0.00 :       0.00 *
 * DETRUIRE                 :       0.06 :       0.00 :       0.06 :       0.06 *
 * FIN                      :       0.23 :       0.16 :       0.39 :       0.40 *
 *  . sdveri                :       0.00 :       0.00 :       0.00 :       0.00 *
 *  . cleanup               :       0.00 :       0.00 :       0.00 :       0.00 *
 *  . check syntax          :       0.02 :       0.00 :       0.02 :       0.02 *
 *  . fortran               :     529.72 :     139.56 :     669.28 :     630.00 *
 ********************************************************************************
 * TOTAL_JOB                :     529.89 :     139.59 :     669.48 :     630.22 *
 ********************************************************************************

# Mémoire (Mo) :  7426.91 /   852.19 /  3341.13 /  1293.66 (VmPeak / VmSize / Optimum / Minimum)
# Fin commande #0007   user+syst:        0.23s (syst:        0.16s, elaps:        0.40s)
# ----------------------------------------------------------------------------------------------

EXECUTION_CODE_ASTER_EXIT_4362=0


saving result databases to 'BASE_PREC'...
execution ended (command file #6): <A>_ALARM
Running: /root/mm/envs/aster/bin/run_aster -w /home/user/aas-corner-fe/wd/v8c100_V --status-file /root/.tmp_run_aster/run_aster_x0avemju/__status__ --no-mpi /root/.tmp_run_aster/run_aster_x0avemju/v8c100_V.6

# ------------------------------------------------------------------------------
Execution of code_aster

# ------------------------------------------------------------------------------
Prepare environment in /home/user/aas-corner-fe/wd/v8c100_V

# ------------------------------------------------------------------------------
Command file #7 / 15

Content of the file to execute:
# coding=utf-8
# original filename
__file__ = r"/home/user/aas-corner-fe/jobs/v8c100_V_s06.comm"


# temporarly added for compatibility with code_aster legacy
from math import *

import code_aster
from code_aster.Commands import *
from code_aster import CA

POURSUITE(LANG='EN', PAR_LOT='NON')

LOADS='V'
CURVE='/home/user/aas-corner-fe/jobs/../results/v8c100_V.curve'
common=dict(MODELE=model, CHAM_MATER=fmat, EXCIT=(_F(CHARGE=fix), _F(CHARGE=load, FONC_MULT=ramp)),
        COMPORTEMENT=(_F(RELATION='ENDO_FISS_EXP', GROUP_MA=('CONC','HZ')), _F(RELATION='ELAS', GROUP_MA=('STEEL','SLV','HZH'))),
        NEWTON=_F(MATRICE='TANGENTE', REAC_ITER=1),
        CONVERGENCE=_F(RESI_GLOB_RELA=1.E-4, ITER_GLOB_MAXI=30), ARCHIVAGE=_F(PAS_ARCH=1), SOLVEUR=_F(METHODE='MUMPS', GESTION_MEMOIRE='OUT_OF_CORE'))
import os, re
tcur=0.0; peak=0.0; stopped=False
if os.path.exists(CURVE):
    for line in open(CURVE):
        m=re.match(r'CURVE\s+(\S+)\s+(\S+)', line)
        if m:
            tcur=max(tcur, float(m.group(1))); peak=max(peak, float(m.group(2)))
        if line.startswith('STOP'): stopped=True
def reac(res, t):
    r2=CALC_CHAMP(RESULTAT=res, FORCE='REAC_NODA', INST=t)
    vals={}
    for g in ('HEADT','HEADV'):
        try:
            tb=POST_RELEVE_T(ACTION=_F(OPERATION='EXTRACTION', INTITULE='R', RESULTAT=r2, NOM_CHAM='REAC_NODA',
                                       GROUP_NO=g, RESULTANTE='DX', INST=t)).EXTR_TABLE().values()
            vals[g]=-tb['DX'][-1]*2
        except Exception:
            vals[g]=0.
    DETRUIRE(NOM=r2)
    return vals
TARGETS=[0.21]
for tn in TARGETS:
    if stopped or tn <= tcur+1e-9: continue
    try:
        if tcur < 1e-12 and '0'=='1':
            res=STAT_NON_LINE(INCREMENT=_F(LIST_INST=times, INST_FIN=tn), **common)
        else:
            res=STAT_NON_LINE(reuse=res, ETAT_INIT=_F(EVOL_NOLI=res), INCREMENT=_F(LIST_INST=times, INST_FIN=tn), **common)
    except Exception as exc:
        print('AASSTOP at', tcur, exc, flush=True)
        open(CURVE,'a').write('STOP solver %g\n'%tcur); stopped=True; break
    tcur=tn
    v=reac(res, tcur)
    tot=(v['HEADT'] if 'T' in LOADS else 0.)+(v['HEADV'] if 'V' in LOADS else 0.)
    peak=max(peak, tot)
    open(CURVE,'a').write('CURVE %g %g %g %g\n'%(tcur,tot,v['HEADT'],v['HEADV']))
    print('AASCURVE %g %g %g %g'%(tcur,tot,v['HEADT'],v['HEADV']), flush=True)
    if tot < 0.9*peak:
        open(CURVE,'a').write('STOP peak %g\n'%peak); stopped=True; break
FIN()



# ------------------------------------------------------------------------------
Command line #7:
    ulimit -c unlimited ; ulimit -t 25000 ; ( /root/mm/envs/aster/bin/python3 "v8c100_V_s06.comm.changed.py" --memory 3000.0 --numthreads 1 --tpmax 20000 ; echo $? > _exit_code_ ) 2>&1 | tee -a fort.6
setting '--memory' value to 2700.00 MB (keyword RESERVE_MEMOIRE)
Ouverture en écriture du fichier ./vola.1

<INFO> Démarrage de l'exécution.

                       -- CODE_ASTER -- VERSION : DÉVELOPPEMENT (unstable) --                       
                               Version 18.1.6 modifiée le 14/09/2026                                
                                    révision n/a - branche 'n/a'                                    
                                     Copyright EDF 1991 - 2026                                      
                                                                                                    
                              Exécution du : Sun Sep 27 02:58:43 2026                               
                                       Nom de la machine : vm                                       
                                        Architecture : 64bit                                        
                                    Type de processeur : x86_64                                     
                Système d'exploitation : Linux-6.18.44-fc-v37-x86_64-with-glibc2.39                 
                                  Langue des messages : C (UTF-8)                                   
                                     Version de Python : 3.14.7                                     
                                      Version de NumPy : 2.5.3                                      
                                  Version de MEDCoupling : 9.16.0                                   
                                     Parallélisme MPI : inactif                                     
                                    Parallélisme OpenMP : actif                                     
                              Nombre de processus OpenMP utilisés : 1                               
                                Version de la librairie HDF5 : 2.2.0                                
                                Version de la librairie MED : 4.2.0                                 
                               Version de la librairie MFront : 5.1.0                               
                               Version de la librairie MUMPS : 5.8.2                                
                                  Librairie PETSc : non disponible                                  
                              Version de la librairie SCOTCH : 7.0.11                               

restarting from a previous execution...
/home/user/aas-corner-fe/wd/v8c100_V/v8c100_V_s06.comm.changed.py:13: DeprecationWarning: This feature is obsolete, 'PAR_LOT' has been removed.
  POURSUITE(LANG='EN', PAR_LOT='NON')
Valeur initiale du temps CPU maximum =   20000 secondes
  Valeur du temps CPU maximum passé aux commandes =   18000 secondes
  Réserve CPU prévue = 2000 secondes

Ouverture en lecture du fichier ./glob.1

Ajustement de la taille maximale des bases à 2048.00 Go.
    
Nom de la base                          :  GLOBALE
     Créée avec la version                   :  18.01.06
     Nombre d'enregistrements utilisés       :  1027
     Nombre d'enregistrements maximum        :  2684354
     Nombre d'enregistrements par fichier    :  15728
     Longueur d'enregistrement (octets)      :  819200
     Nombre d'identificateurs utilisés       :  1075
     Taille maximum du répertoire            :  2000
     Pourcentage d'utilisation du répertoire :  53 %

Ouverture en lecture du fichier ./glob.1

Ouverture en écriture du fichier ./vola.1

Fin de lecture (durée  0.000027  s.) 

                      Mémoire limite pour l'allocation dynamique : 3212.06 Mo                       
                         ajouté à l'initialisation du processus : 613.34 Mo                         
                               Limite cible du processus : 3825.40 Mo                               
                         Taille limite des fichiers d'échange : 2048.00 Go                          
pi                       <class 'float'>
e                        <class 'float'>
tau                      <class 'float'>
inf                      <class 'float'>
nan                      <class 'float'>
mesh                     <class 'libaster.Mesh'>
model                    <class 'libaster.Model'>
mat                      <class 'libaster.Material'>
matH                     <class 'libaster.Material'>
matHH                    <class 'libaster.Material'>
stl                      <class 'libaster.Material'>
slvm                     <class 'libaster.Material'>
fmat                     <class 'libaster.MaterialField'>
fix                      <class 'libaster.MechanicalLoadReal'>
grp                      <class 'list'>
load                     <class 'libaster.MechanicalLoadReal'>
ramp                     <class 'libaster.Function'>
steps                    <class 'libaster.ListOfFloats'>
times                    <class 'libaster.TimesList'>
LOADS                    <class 'str'>
CURVE                    <class 'str'>
common                   <class 'dict'>
tcur                     <class 'float'>
peak                     <class 'float'>
stopped                  <class 'bool'>
TARGETS                  <class 'list'>
tn                       <class 'float'>
res                      <class 'libaster.NonLinearResult'>
v                        <class 'dict'>
tot                      <class 'float'>
line                     <class 'str'>
# Mémoire (Mo) :  1143.04 /  1142.90 /   687.91 /   687.88 (VmPeak / VmSize / Optimum / Minimum)
# Fin commande #0001   user+syst:        0.19s (syst:        0.39s, elaps:        0.59s)
# ----------------------------------------------------------------------------------------------
/home/user/aas-corner-fe/wd/v8c100_V/v8c100_V_s06.comm.changed.py:24: ResourceWarning: unclosed file <_io.TextIOWrapper name='/home/user/aas-corner-fe/jobs/../results/v8c100_V.curve' mode='r' encoding='UTF-8'>
  for line in open(CURVE):

.. _stg1_txt48
# ----------------------------------------------------------------------------------------------
# Commande #0002 de /home/user/aas-corner-fe/wd/v8c100_V/v8c100_V_s06.comm.changed.py, ligne 48
res = STAT_NON_LINE(AFFICHAGE=_F(INFO_RESIDU='NON',
                                 INFO_TEMPS='NON'),
                    ARCHIVAGE=_F(CHAM_EXCLU=('RESI_NOEU', 'RESI_RELA_NOEU'),
                                 PAS_ARCH=1),
                    CHAM_MATER=fmat,
                    COMPORTEMENT=(_F(DEFORMATION='PETIT',
                                     GROUP_MA=('CONC', 'HZ'),
                                     ITER_CPLAN_MAXI=10,
                                     ITER_INTE_MAXI=20,
                                     ITER_INTE_PAS=0,
                                     PARM_THETA=1.0,
                                     REGU_VISC='NON',
                                     RELATION='ENDO_FISS_EXP',
                                     RESI_CPLAN_RELA=1e-06,
                                     RESI_INTE=1e-06),
                                  _F(DEFORMATION='PETIT',
                                     GROUP_MA=('STEEL', 'SLV', 'HZH'),
                                     ITER_CPLAN_MAXI=10,
                                     ITER_INTE_MAXI=20,
                                     ITER_INTE_PAS=0,
                                     PARM_THETA=1.0,
                                     REGU_VISC='NON',
                                     RELATION='ELAS',
                                     RESI_CPLAN_RELA=1e-06,
                                     RESI_INTE=1e-06)),
                    CONVERGENCE=_F(ARRET='OUI',
                                   ITER_GLOB_ELAS=25,
                                   ITER_GLOB_MAXI=30,
                                   RESI_GLOB_RELA=0.0001,
                                   VERIF='TOUT'),
                    ETAT_INIT=_F(EVOL_NOLI=res),
                    EXCIT=(_F(CHARGE='<00000009>',
                              TYPE_CHARGE='FIXE_CSTE'),
                           _F(CHARGE='<0000000a>',
                              FONC_MULT=ramp,
                              TYPE_CHARGE='FIXE_CSTE')),
                    INCREMENT=_F(CRITERE='RELATIF',
                                 INST_FIN=0.21,
                                 INST_INIT=0.18000000000000002,
                                 LIST_INST=times,
                                 PRECISION=1e-06),
                    MESURE=_F(TABLE='NON'),
                    METHODE='NEWTON',
                    MODELE=model,
                    NEWTON=_F(MATRICE='TANGENTE',
                              MATR_RIGI_SYME='NON',
                              REAC_INCR=1,
                              REAC_ITER=1,
                              REAC_ITER_ELAS=0),
                    SOLVEUR=_F(ACCELERATION='AUTO',
                               ELIM_LAGR='LAGR2',
                               FILTRAGE_MATRICE=-1.0,
                               GESTION_MEMOIRE='OUT_OF_CORE',
                               LOW_RANK_SEUIL=0.0,
                               MATR_DISTRIBUEE='NON',
                               METHODE='MUMPS',
                               MIXER_PRECISION='NON',
                               NB_RHS=1,
                               NPREC=8,
                               PCENT_PIVOT=35,
                               POSTTRAITEMENTS='AUTO',
                               PRETRAITEMENTS='AUTO',
                               REDUCTION_MPI=0,
                               RENUM='AUTO',
                               RESI_RELA=-1.0,
                               STOP_SINGULIER='OUI',
                               TYPE_RESOL='AUTO'),
                    reuse=res)

Liste des comportements

Affecté sur 85588 éléments
Relation                             : ENDO_FISS_EXP
Déformation                          : PETIT
Pas de régularisation visqueuse
Pas de post-traitement à la fin du pas de temps
Nombre total de variables internes   : 9
V1 : ENDO
V2 : INDIENDO
V3 : ENDORIGI
V4 : EPSEXX
V5 : EPSEYY
V6 : EPSEZZ
V7 : EPSEXY
V8 : EPSEXZ
V9 : EPSEYZ
Affecté sur 11341 éléments
Relation                             : ELAS
Déformation                          : PETIT
Pas de régularisation visqueuse
Pas de post-traitement à la fin du pas de temps
Nombre total de variables internes   : 1
V1 : VIDE
Le système linéaire à résoudre a 455904 degrés de liberté:
   - 438438 sont des degrés de liberté physiques
     (ils sont portés par 135682 noeuds du maillage)
   - 17466 sont les couples de paramètres de Lagrange associés
     aux 8733 relations linéaires dualisées.
La matrice est de taille 455904 équations.
  Elle contient 23708355 termes non nuls si elle est symétrique et 46960806 termes non nuls si elle
n'est pas symétrique.
  Soit un taux de remplissage de   0.023 %.
Lecture de l'état initial
L'état initial a été récupéré dans la structure de données résultat de nom <0000000e> pour le numéro
d'ordre 7 et à l'instant  1.800000000000e-01
Le champ <DEPL> est lu dans ETAT_INIT dans la structure de données résultat donné dans la commande.
Le champ <SIEF_ELGA> est lu dans ETAT_INIT dans la structure de données résultat donné dans la
commande.
Le champ <VARI_ELGA> est lu dans ETAT_INIT dans la structure de données résultat donné dans la
commande.
---------------------------------------------------------------------
Instant de calcul:  2.100000000000e-01 - Niveau de découpe: 1

---------------------------------------------------------------------
|     NEWTON     |     RESIDU     |     RESIDU     |     OPTION     |
|    ITERATION   |     RELATIF    |     ABSOLU     |   ASSEMBLAGE   |
|                | RESI_GLOB_RELA | RESI_GLOB_MAXI |(+ TYPE MATRICE)|
---------------------------------------------------------------------
La mémoire consommée actuellement hors JEVEUX est de 976.47 Mo.
La mémoire limite pour l'allocation dynamique est fixée à 2848.93 Mo (-519.44 Mo).
Cette valeur limite a été réactualisée lors de la mise en oeuvre d'un processus de libération.


 ╔================================================================================================╗
 ║ <A> <FACTOR_75>                                                                                ║
 ║                                                                                                ║
 ║ Attention, vous avez demandé un calcul OUT_OF_CORE, mais MUMPS estime avoir besoin pour cela   ║
 ║ d'au moins                                                                                     ║
 ║   4133 Mo  alors qu'il n'y a que 1515 Mo de disponible sur ce processeur !                     ║
 ║   Le calcul pourrait donc être ralenti ou s'arrêter pour cette raison.                         ║
 ║                                                                                                ║
 ║   Pour information: mémoire déjà pré-allouée par MUMPS (exécutable, matrice...)= 569 Mo,       ║
 ║                     nombre de systèmes linéaires à factoriser en même temps    = 1.            ║
 ║                                                                                                ║
 ║ Conseils :                                                                                     ║
 ║   La prochaine fois, relancez avec plus de mémoire globale ou avec une option de calcul plus   ║
 ║ économe                                                                                        ║
 ║   (par ordre décroissant d'efficacité):                                                        ║
 ║    - Si le calcul est parallèle, réduisez la consommation MUMPS en augmentant le nombre de     ║
 ║ processeurs,                                                                                   ║
 ║    - Si le calcul est parallèle, réduisez la consommation Aster en activant l'option           ║
 ║ SOLVEUR/MATR_DISTRIBUEE,                                                                       ║
 ║   Ou, plus radicalement:                                                                       ║
 ║    - Utilisez un solveur moins exigeant en mémoire (par exemple: SOLVEUR/METHODE='PETSC' +     ║
 ║ PRECOND='LDLT_SP').                                                                            ║
 ║                                                                                                ║
 ║                                                                                                ║
 ║ Ceci est une alarme. Si vous ne comprenez pas le sens de cette                                 ║
 ║ alarme, vous pouvez obtenir des résultats inattendus !                                         ║
 ╚================================================================================================╝

|     0        X | 1.56530E-02  X | 3.25834E+01    |TANGENTE (NOSYM)|

 ╔================================================================================================╗
 ║ <A> <FACTOR_75>                                                                                ║
 ║                                                                                                ║
 ║ Attention, vous avez demandé un calcul OUT_OF_CORE, mais MUMPS estime avoir besoin pour cela   ║
 ║ d'au moins                                                                                     ║
 ║   4134 Mo  alors qu'il n'y a que 1507 Mo de disponible sur ce processeur !                     ║
 ║   Le calcul pourrait donc être ralenti ou s'arrêter pour cette raison.                         ║
 ║                                                                                                ║
 ║   Pour information: mémoire déjà pré-allouée par MUMPS (exécutable, matrice...)= 569 Mo,       ║
 ║                     nombre de systèmes linéaires à factoriser en même temps    = 1.            ║
 ║                                                                                                ║
 ║ Conseils :                                                                                     ║
 ║   La prochaine fois, relancez avec plus de mémoire globale ou avec une option de calcul plus   ║
 ║ économe                                                                                        ║
 ║   (par ordre décroissant d'efficacité):                                                        ║
 ║    - Si le calcul est parallèle, réduisez la consommation MUMPS en augmentant le nombre de     ║
 ║ processeurs,                                                                                   ║
 ║    - Si le calcul est parallèle, réduisez la consommation Aster en activant l'option           ║
 ║ SOLVEUR/MATR_DISTRIBUEE,                                                                       ║
 ║   Ou, plus radicalement:                                                                       ║
 ║    - Utilisez un solveur moins exigeant en mémoire (par exemple: SOLVEUR/METHODE='PETSC' +     ║
 ║ PRECOND='LDLT_SP').                                                                            ║
 ║                                                                                                ║
 ║                                                                                                ║
 ║ Ceci est une alarme. Si vous ne comprenez pas le sens de cette                                 ║
 ║ alarme, vous pouvez obtenir des résultats inattendus !                                         ║
 ╚================================================================================================╝

|     1        X | 8.73363E-04  X | 1.81130E+00    |TANGENTE (NOSYM)|

 ╔================================================================================================╗
 ║ <A> <FACTOR_75>                                                                                ║
 ║                                                                                                ║
 ║ Attention, vous avez demandé un calcul OUT_OF_CORE, mais MUMPS estime avoir besoin pour cela   ║
 ║ d'au moins                                                                                     ║
 ║   4133 Mo  alors qu'il n'y a que 1504 Mo de disponible sur ce processeur !                     ║
 ║   Le calcul pourrait donc être ralenti ou s'arrêter pour cette raison.                         ║
 ║                                                                                                ║
 ║   Pour information: mémoire déjà pré-allouée par MUMPS (exécutable, matrice...)= 569 Mo,       ║
 ║                     nombre de systèmes linéaires à factoriser en même temps    = 1.            ║
 ║                                                                                                ║
 ║ Conseils :                                                                                     ║
 ║   La prochaine fois, relancez avec plus de mémoire globale ou avec une option de calcul plus   ║
 ║ économe                                                                                        ║
 ║   (par ordre décroissant d'efficacité):                                                        ║
 ║    - Si le calcul est parallèle, réduisez la consommation MUMPS en augmentant le nombre de     ║
 ║ processeurs,                                                                                   ║
 ║    - Si le calcul est parallèle, réduisez la consommation Aster en activant l'option           ║
 ║ SOLVEUR/MATR_DISTRIBUEE,                                                                       ║
 ║   Ou, plus radicalement:                                                                       ║
 ║    - Utilisez un solveur moins exigeant en mémoire (par exemple: SOLVEUR/METHODE='PETSC' +     ║
 ║ PRECOND='LDLT_SP').                                                                            ║
 ║                                                                                                ║
 ║                                                                                                ║
 ║ Ceci est une alarme. Si vous ne comprenez pas le sens de cette                                 ║
 ║ alarme, vous pouvez obtenir des résultats inattendus !                                         ║
 ╚================================================================================================╝

|     2        X | 6.32202E-04  X | 1.31072E+00    |TANGENTE (NOSYM)|

 ╔================================================================================================╗
 ║ <A> <FACTOR_75>                                                                                ║
 ║                                                                                                ║
 ║ Attention, vous avez demandé un calcul OUT_OF_CORE, mais MUMPS estime avoir besoin pour cela   ║
 ║ d'au moins                                                                                     ║
 ║   4134 Mo  alors qu'il n'y a que 1635 Mo de disponible sur ce processeur !                     ║
 ║   Le calcul pourrait donc être ralenti ou s'arrêter pour cette raison.                         ║
 ║                                                                                                ║
 ║   Pour information: mémoire déjà pré-allouée par MUMPS (exécutable, matrice...)= 569 Mo,       ║
 ║                     nombre de systèmes linéaires à factoriser en même temps    = 1.            ║
 ║                                                                                                ║
 ║ Conseils :                                                                                     ║
 ║   La prochaine fois, relancez avec plus de mémoire globale ou avec une option de calcul plus   ║
 ║ économe                                                                                        ║
 ║   (par ordre décroissant d'efficacité):                                                        ║
 ║    - Si le calcul est parallèle, réduisez la consommation MUMPS en augmentant le nombre de     ║
 ║ processeurs,                                                                                   ║
 ║    - Si le calcul est parallèle, réduisez la consommation Aster en activant l'option           ║
 ║ SOLVEUR/MATR_DISTRIBUEE,                                                                       ║
 ║   Ou, plus radicalement:                                                                       ║
 ║    - Utilisez un solveur moins exigeant en mémoire (par exemple: SOLVEUR/METHODE='PETSC' +     ║
 ║ PRECOND='LDLT_SP').                                                                            ║
 ║                                                                                                ║
 ║                                                                                                ║
 ║ Ceci est une alarme. Si vous ne comprenez pas le sens de cette                                 ║
 ║ alarme, vous pouvez obtenir des résultats inattendus !                                         ║
 ╚================================================================================================╝

|     3          | 5.71391E-05    | 1.18459E-01    |TANGENTE (NOSYM)|
---------------------------------------------------------------------
Critère(s) de convergence atteint(s)

Le résidu de type <RESI_GLOB_RELA> vaut  5.713905246989e-05 au noeud et degré de liberté <84455  
DZ>
Temps CPU consommé dans ce pas de temps    : 13 min 53 s

* Nombre d'itérations de Newton                     : 4
* Temps total intégration comportement              : 26.516 s (5 intégrations)
* Temps total factorisation matrice                 : 11 min 54 s (4 factorisations)
* Temps construction second membre                  : 0.586 s
* Temps total résolution K.U=F                      : 49.204 s (4 résolutions)
* Temps assemblage matrice                          : 0.000 s
* Temps autres opérations                           : 42.799 s
Mémoire (Mo) :  5591.16 /  3278.10 /  3315.36 /  1358.33 (VmPeak / VmSize / Optimum / Minimum)

Archivage des champs

Champ stocké <DEPL> à l'instant  2.100000000000e-01 pour le numéro d'ordre 8
Champ stocké <SIEF_ELGA> à l'instant  2.100000000000e-01 pour le numéro d'ordre 8
Champ stocké <VARI_ELGA> à l'instant  2.100000000000e-01 pour le numéro d'ordre 8
Champ stocké <COMPORTEMENT> à l'instant  2.100000000000e-01 pour le numéro d'ordre 8
[100%] Instant calculé : 2.10000e-01, seul l'instant initial a été archivé
Temps CPU consommé dans le calcul          : 13 min 53 s

dont temps CPU "perdu" dans les découpes            : 0.000 s
* Nombre de pas de temps                            : 1
* Nombre d'itérations de Newton                     : 4
* Temps dans l'archivage                            : 0.111 s
* Temps dans le post-traitement                     : 0.000 s
* Temps total intégration comportement              : 26.516 s (5 intégrations)
* Temps total factorisation matrice                 : 11 min 54 s (4 factorisations)
* Temps construction second membre                  : 0.586 s
* Temps total résolution K.U=F                      : 49.204 s (4 résolutions)
* Temps assemblage matrice                          : 0.000 s
#1      Resolution des systemes lineaires                 CPU (USER+SYST/SYST/ELAPS):    820.08    170.40    766.55
#2      Calculs elementaires et assemblages               CPU (USER+SYST/SYST/ELAPS):     66.40     15.59     68.02
#3      Dechargement de la memoire sur disque             CPU (USER+SYST/SYST/ELAPS):      4.50      4.40      5.76
# Résultat commande #0002 (STAT_NON_LINE): res ('<0000000e>') de type <NonLinearResult>
# Mémoire (Mo) :  5591.16 /  1763.51 /  3315.36 /  1358.33 (VmPeak / VmSize / Optimum / Minimum)
# Fin commande #0002   user+syst:      707.62s (syst:      187.98s, elaps:      844.84s)
# ----------------------------------------------------------------------------------------------

.. _stg1_txt184
# ----------------------------------------------------------------------------------------------
# Commande #0003 de
/root/mm/envs/aster/lib/python3.14/site-packages/code_aster/Supervis/ExecuteCommand.py, ligne 184
CALC_CHAMP(CRITERE='RELATIF',
           FORCE='REAC_NODA',
           INFO=1,
           INST=0.21,
           PARALLELISME_TEMPS='NON',
           PRECISION=1e-06,
           RESULTAT=res)

Le système linéaire à résoudre a 455904 degrés de liberté:
   - 438438 sont des degrés de liberté physiques
     (ils sont portés par 135682 noeuds du maillage)
   - 17466 sont les couples de paramètres de Lagrange associés
     aux 8733 relations linéaires dualisées.
#2      Calculs elementaires et assemblages               CPU (USER+SYST/SYST/ELAPS):      0.44      0.00      0.44
# Résultat commande #0003 (CALC_CHAMP): '<00000021>' de type <NonLinearResult>
# Dépend de :
# - model ('<00000002>') de type <Model>
# - fmat ('<00000008>') de type <MaterialField>
# Mémoire (Mo) :  5591.16 /  1763.51 /  3315.36 /  1358.33 (VmPeak / VmSize / Optimum / Minimum)
# Fin commande #0003   user+syst:        0.79s (syst:        0.01s, elaps:        0.80s)
# ----------------------------------------------------------------------------------------------

.. _stg1_txt34
# ----------------------------------------------------------------------------------------------
# Commande #0004 de /home/user/aas-corner-fe/wd/v8c100_V/v8c100_V_s06.comm.changed.py, ligne 34
tb = POST_RELEVE_T(ACTION=_F(CRITERE='RELATIF',
                             FORMAT_C='MODULE',
                             GROUP_NO='HEADT',
                             INST=0.21,
                             INTITULE='R',
                             MOYE_NOEUD='OUI',
                             NOM_CHAM='REAC_NODA',
                             OPERATION='EXTRACTION',
                             PRECISION=1e-06,
                             REPERE='GLOBAL',
                             RESULTANTE='DX',
                             RESULTAT=r2),
                   INFO=1)

# Résultat commande #0004 (POST_RELEVE_T): tb ('<00000022>') de type <Table>
# Mémoire (Mo) :  5591.16 /  1763.51 /  3315.36 /  1358.33 (VmPeak / VmSize / Optimum / Minimum)
# Fin commande #0004   user+syst:        0.01s (syst:        0.00s, elaps:        0.01s)
# ----------------------------------------------------------------------------------------------

.. _stg1_txt34
# ----------------------------------------------------------------------------------------------
# Commande #0005 de /home/user/aas-corner-fe/wd/v8c100_V/v8c100_V_s06.comm.changed.py, ligne 34
tb = POST_RELEVE_T(ACTION=_F(CRITERE='RELATIF',
                             FORMAT_C='MODULE',
                             GROUP_NO='HEADV',
                             INST=0.21,
                             INTITULE='R',
                             MOYE_NOEUD='OUI',
                             NOM_CHAM='REAC_NODA',
                             OPERATION='EXTRACTION',
                             PRECISION=1e-06,
                             REPERE='GLOBAL',
                             RESULTANTE='DX',
                             RESULTAT=r2),
                   INFO=1)

# Résultat commande #0005 (POST_RELEVE_T): tb ('<00000023>') de type <Table>
# Mémoire (Mo) :  5591.16 /  1763.51 /  3315.36 /  1358.33 (VmPeak / VmSize / Optimum / Minimum)
# Fin commande #0005   user+syst:        0.00s (syst:        0.00s, elaps:        0.01s)
# ----------------------------------------------------------------------------------------------

.. _stg1_txt39
# ----------------------------------------------------------------------------------------------
# Commande #0006 de /home/user/aas-corner-fe/wd/v8c100_V/v8c100_V_s06.comm.changed.py, ligne 39
DETRUIRE(INFO=1,
         NOM=r2)

# Mémoire (Mo) :  5591.16 /  1763.51 /  3315.36 /  1358.33 (VmPeak / VmSize / Optimum / Minimum)
# Fin commande #0006   user+syst:        0.07s (syst:        0.00s, elaps:        0.07s)
# ----------------------------------------------------------------------------------------------
/home/user/aas-corner-fe/wd/v8c100_V/v8c100_V_s06.comm.changed.py:56: ResourceWarning: unclosed file <_io.TextIOWrapper name='/home/user/aas-corner-fe/jobs/../results/v8c100_V.curve' mode='a' encoding='UTF-8'>
  open(CURVE,'a').write('CURVE %g %g %g %g\n'%(tcur,tot,v['HEADT'],v['HEADV']))
AASCURVE 0.21 22256.3 1.96105e-14 22256.3

.. _stg1_txt76
# ----------------------------------------------------------------------------------------------
# Commande #0007 de /root/mm/envs/aster/lib/python3.14/site-packages/code_aster/CodeCommands/fin.py,
ligne 76
FIN(INFO_RESU='NON',
    RETASSAGE='NON')

Saving objects...
pi                       <class 'float'>
e                        <class 'float'>
tau                      <class 'float'>
inf                      <class 'float'>
nan                      <class 'float'>
mesh                     <class 'libaster.Mesh'>
model                    <class 'libaster.Model'>
mat                      <class 'libaster.Material'>
matH                     <class 'libaster.Material'>
matHH                    <class 'libaster.Material'>
stl                      <class 'libaster.Material'>
slvm                     <class 'libaster.Material'>
fmat                     <class 'libaster.MaterialField'>
fix                      <class 'libaster.MechanicalLoadReal'>
grp                      <class 'list'>
load                     <class 'libaster.MechanicalLoadReal'>
ramp                     <class 'libaster.Function'>
steps                    <class 'libaster.ListOfFloats'>
times                    <class 'libaster.TimesList'>
LOADS                    <class 'str'>
CURVE                    <class 'str'>
common                   <class 'dict'>
tcur                     <class 'float'>
peak                     <class 'float'>
stopped                  <class 'bool'>
TARGETS                  <class 'list'>
tn                       <class 'float'>
res                      <class 'libaster.NonLinearResult'>
v                        <class 'dict'>
tot                      <class 'float'>
line                     <class 'str'>

 ╔================================================================================================╗
 ║ <I> <CATAMESS_89>                                                                              ║
 ║                                                                                                ║
 ║ Liste des alarmes émises lors de l'exécution du calcul.                                        ║
 ║                                                                                                ║
 ║     Les alarmes que vous avez choisies d'ignorer sont précédées de (*).                        ║
 ║     Nombre d'occurrences pour chacune des alarmes :                                            ║
 ║            FACTOR_75            émise    4 fois                                                ║
 ╚================================================================================================╝

 ---------------------------------------------------------------------------
 Concepts de la base: G
    Nom        Type                Taille (Mo)         Nombre      Nombre de
                                                     d'objets       segments
    TOTAL                               753.26            546            843
  
    00000001   MAILLAGE_SDASTER          14.63             34             70
    00000002   MODELE_SDASTER            14.45             11             16
    00000003   MATER_SDASTER              0.00             15             15
    00000004   MATER_SDASTER              0.00             15             15
    00000005   MATER_SDASTER              0.00              7              7
    00000006   MATER_SDASTER              0.00              7              7
    00000007   MATER_SDASTER              0.00              7              7
    00000008   CHAM_MATER                 1.17              8             13
    00000009   CHAR_MECA                 15.45             56             76
    0000000a   CHAR_MECA                 11.40             56             76
    0000000b   FONCTION_SDASTER           0.00              3              3
    0000000c   LISTR8_SDASTER             0.00              6              6
    0000000d   LIST_INST                  0.00              8              8
    0000000e   EVOL_NOLI                623.48            249            315
    &FOZERO                               0.00              2              2
    &&_NUM_C                              0.00              1              1
    &CATA                                37.45             42            103
    &&NMDOME                              0.00              2              2
    0000000f                              0.13              2             14
    &&NMCH1P                             34.29              3              3
    00000012                              0.13              2             14
    00000015                              0.13              2             14
    00000018                              0.13              2             14
    0000001b                              0.13              2             14
    0000001e                              0.13              2             14
    00000021                              0.13              2             14
 (*) sous-objets non accessible directement
 ---------------------------------------------------------------------------
Nom de la base                          :  GLOBALE
     Nombre d'enregistrements utilisés       :  1112
     Nombre d'enregistrements maximum        :  2684354
     Nombre d'enregistrements par fichier    :  15728
     Longueur d'enregistrement (octets)      :  819200
     Nombre total d'accès en lecture         :  1782
     Volume des accès en lecture             :       1392.19 Mo.
     Nombre total d'accès en écriture        :  360
     Volume des accès en écriture            :        281.25 Mo.
     Nombre d'identificateurs utilisés       :  1151
     Taille maximum du répertoire            :  2000
     Pourcentage d'utilisation du répertoire :  57 %

Nom de la base                          :  VOLATILE
     Nombre d'enregistrements utilisés       :  3746
     Nombre d'enregistrements maximum        :  2684354
     Nombre d'enregistrements par fichier    :  15728
     Longueur d'enregistrement (octets)      :  819200
     Nombre total d'accès en lecture         :  7985
     Volume des accès en lecture             :       6238.28 Mo.
     Nombre total d'accès en écriture        :  12664
     Volume des accès en écriture            :       9893.75 Mo.
     Nombre d'identificateurs utilisés       :  997
     Taille maximum du répertoire            :  2000
     Pourcentage d'utilisation du répertoire :  49 %

<I> <FIN> ARRET NORMAL DANS "FIN" PAR APPEL A "JEFINI".
  
 <I> <FIN> MEMOIRE JEVEUX MINIMALE REQUISE POUR L'EXECUTION :                    1358.33 Mo
 <I> <FIN> MEMOIRE JEVEUX OPTIMALE REQUISE POUR L'EXECUTION :                    3315.36 Mo
 <I> <FIN> MAXIMUM DE MEMOIRE UTILISEE PAR LE PROCESSUS LORS DE L'EXECUTION :    5591.16 Mo
  
 <I>       FERMETURE DES BASES EFFECTUEE
  
   STATISTIQUES CONCERNANT L'ALLOCATION DYNAMIQUE :
     TAILLE CUMULEE MAXIMUM            :                 3315  Mo.
     TAILLE CUMULEE LIBEREE            :                 2833  Mo.
     NOMBRE TOTAL D'ALLOCATIONS        :              3236991
     NOMBRE TOTAL DE LIBERATIONS       :              3236991
     APPELS AU MECANISME DE LIBERATION :                   15
     TAILLE MEMOIRE CUMULEE RECUPEREE  :                14280  Mo.
     VOLUME DES LECTURES               :                    4  Mo.
     VOLUME DES ECRITURES              :                 9452  Mo.
  
   MEMOIRE JEVEUX MINIMALE REQUISE POUR L'EXECUTION :    1358.33 Mo
     - IMPOSE DE NOMBREUX ACCES DISQUE
     - RALENTIT LA VITESSE D'EXECUTION
   MEMOIRE JEVEUX OPTIMALE REQUISE POUR L'EXECUTION :    3315.36 Mo
     - LIMITE LES ACCES DISQUE
     - AMELIORE LA VITESSE D'EXECUTION
   MAXIMUM DE MEMOIRE UTILISEE PAR LE PROCESSUS     :    5591.16 Mo
     - COMPREND LA MEMOIRE CONSOMMEE PAR  JEVEUX, 
       LE SUPERVISEUR PYTHON, LES LIBRAIRIES EXTERNES
  
 <I>       FIN D'EXECUTION LE : DI-27-SEPT-2026 03:12:50
Signature of pickled file   : 332332662b32ce08899c40bcc4e0a7bbaf4b385bcb76b59dcb0cce4071f3b299
Signature of info file      : 47c31ad3d718e362f72023415b3d78ec8c0af5f3db6bd5a449128dc23a42b6b6
Signature of Jeveux database: 9f31ede8e7a71a88be1b2bd5e8956769ef6e582124c9b15c9938f24bf5b96e74

 ********************************************************************************
 * COMMAND                  :       USER :     SYSTEM :   USER+SYS :    ELAPSED *
 ********************************************************************************
 * DEBUT                    :       0.19 :       0.39 :       0.58 :       0.59 *
 * STAT_NON_LINE            :     707.62 :     187.98 :     895.60 :     844.84 *
 * CALC_CHAMP               :       0.79 :       0.01 :       0.80 :       0.80 *
 * POST_RELEVE_T            :       0.01 :       0.00 :       0.01 :       0.01 *
 * POST_RELEVE_T            :       0.00 :       0.00 :       0.00 :       0.01 *
 * DETRUIRE                 :       0.07 :       0.00 :       0.07 :       0.07 *
 * FIN                      :       0.25 :       0.16 :       0.41 :       0.44 *
 *  . sdveri                :       0.00 :       0.00 :       0.00 :       0.00 *
 *  . cleanup               :       0.00 :       0.00 :       0.00 :       0.00 *
 *  . check syntax          :       0.02 :       0.00 :       0.02 :       0.03 *
 *  . fortran               :     708.84 :     188.54 :     897.38 :     846.63 *
 ********************************************************************************
 * TOTAL_JOB                :     709.02 :     188.56 :     897.58 :     846.86 *
 ********************************************************************************

# Mémoire (Mo) :  5591.16 /  1002.33 /  3315.36 /  1358.33 (VmPeak / VmSize / Optimum / Minimum)
# Fin commande #0007   user+syst:        0.25s (syst:        0.16s, elaps:        0.44s)
# ----------------------------------------------------------------------------------------------

EXECUTION_CODE_ASTER_EXIT_4610=0


saving result databases to 'BASE_PREC'...
execution ended (command file #7): <A>_ALARM
Running: /root/mm/envs/aster/bin/run_aster -w /home/user/aas-corner-fe/wd/v8c100_V --status-file /root/.tmp_run_aster/run_aster_x0avemju/__status__ --no-mpi /root/.tmp_run_aster/run_aster_x0avemju/v8c100_V.7

# ------------------------------------------------------------------------------
Execution of code_aster

# ------------------------------------------------------------------------------
Prepare environment in /home/user/aas-corner-fe/wd/v8c100_V

# ------------------------------------------------------------------------------
Command file #8 / 15

Content of the file to execute:
# coding=utf-8
# original filename
__file__ = r"/home/user/aas-corner-fe/jobs/v8c100_V_s07.comm"


# temporarly added for compatibility with code_aster legacy
from math import *

import code_aster
from code_aster.Commands import *
from code_aster import CA

POURSUITE(LANG='EN', PAR_LOT='NON')

LOADS='V'
CURVE='/home/user/aas-corner-fe/jobs/../results/v8c100_V.curve'
common=dict(MODELE=model, CHAM_MATER=fmat, EXCIT=(_F(CHARGE=fix), _F(CHARGE=load, FONC_MULT=ramp)),
        COMPORTEMENT=(_F(RELATION='ENDO_FISS_EXP', GROUP_MA=('CONC','HZ')), _F(RELATION='ELAS', GROUP_MA=('STEEL','SLV','HZH'))),
        NEWTON=_F(MATRICE='TANGENTE', REAC_ITER=1),
        CONVERGENCE=_F(RESI_GLOB_RELA=1.E-4, ITER_GLOB_MAXI=30), ARCHIVAGE=_F(PAS_ARCH=1), SOLVEUR=_F(METHODE='MUMPS', GESTION_MEMOIRE='OUT_OF_CORE'))
import os, re
tcur=0.0; peak=0.0; stopped=False
if os.path.exists(CURVE):
    for line in open(CURVE):
        m=re.match(r'CURVE\s+(\S+)\s+(\S+)', line)
        if m:
            tcur=max(tcur, float(m.group(1))); peak=max(peak, float(m.group(2)))
        if line.startswith('STOP'): stopped=True
def reac(res, t):
    r2=CALC_CHAMP(RESULTAT=res, FORCE='REAC_NODA', INST=t)
    vals={}
    for g in ('HEADT','HEADV'):
        try:
            tb=POST_RELEVE_T(ACTION=_F(OPERATION='EXTRACTION', INTITULE='R', RESULTAT=r2, NOM_CHAM='REAC_NODA',
                                       GROUP_NO=g, RESULTANTE='DX', INST=t)).EXTR_TABLE().values()
            vals[g]=-tb['DX'][-1]*2
        except Exception:
            vals[g]=0.
    DETRUIRE(NOM=r2)
    return vals
TARGETS=[0.24]
for tn in TARGETS:
    if stopped or tn <= tcur+1e-9: continue
    try:
        if tcur < 1e-12 and '0'=='1':
            res=STAT_NON_LINE(INCREMENT=_F(LIST_INST=times, INST_FIN=tn), **common)
        else:
            res=STAT_NON_LINE(reuse=res, ETAT_INIT=_F(EVOL_NOLI=res), INCREMENT=_F(LIST_INST=times, INST_FIN=tn), **common)
    except Exception as exc:
        print('AASSTOP at', tcur, exc, flush=True)
        open(CURVE,'a').write('STOP solver %g\n'%tcur); stopped=True; break
    tcur=tn
    v=reac(res, tcur)
    tot=(v['HEADT'] if 'T' in LOADS else 0.)+(v['HEADV'] if 'V' in LOADS else 0.)
    peak=max(peak, tot)
    open(CURVE,'a').write('CURVE %g %g %g %g\n'%(tcur,tot,v['HEADT'],v['HEADV']))
    print('AASCURVE %g %g %g %g'%(tcur,tot,v['HEADT'],v['HEADV']), flush=True)
    if tot < 0.9*peak:
        open(CURVE,'a').write('STOP peak %g\n'%peak); stopped=True; break
FIN()



# ------------------------------------------------------------------------------
Command line #8:
    ulimit -c unlimited ; ulimit -t 25000 ; ( /root/mm/envs/aster/bin/python3 "v8c100_V_s07.comm.changed.py" --memory 3000.0 --numthreads 1 --tpmax 20000 ; echo $? > _exit_code_ ) 2>&1 | tee -a fort.6
setting '--memory' value to 2700.00 MB (keyword RESERVE_MEMOIRE)
Ouverture en écriture du fichier ./vola.1

<INFO> Démarrage de l'exécution.

                       -- CODE_ASTER -- VERSION : DÉVELOPPEMENT (unstable) --                       
                               Version 18.1.6 modifiée le 14/09/2026                                
                                    révision n/a - branche 'n/a'                                    
                                     Copyright EDF 1991 - 2026                                      
                                                                                                    
                              Exécution du : Sun Sep 27 03:12:53 2026                               
                                       Nom de la machine : vm                                       
                                        Architecture : 64bit                                        
                                    Type de processeur : x86_64                                     
                Système d'exploitation : Linux-6.18.44-fc-v37-x86_64-with-glibc2.39                 
                                  Langue des messages : C (UTF-8)                                   
                                     Version de Python : 3.14.7                                     
                                      Version de NumPy : 2.5.3                                      
                                  Version de MEDCoupling : 9.16.0                                   
                                     Parallélisme MPI : inactif                                     
                                    Parallélisme OpenMP : actif                                     
                              Nombre de processus OpenMP utilisés : 1                               
                                Version de la librairie HDF5 : 2.2.0                                
                                Version de la librairie MED : 4.2.0                                 
                               Version de la librairie MFront : 5.1.0                               
                               Version de la librairie MUMPS : 5.8.2                                
                                  Librairie PETSc : non disponible                                  
                              Version de la librairie SCOTCH : 7.0.11                               

restarting from a previous execution...
/home/user/aas-corner-fe/wd/v8c100_V/v8c100_V_s07.comm.changed.py:13: DeprecationWarning: This feature is obsolete, 'PAR_LOT' has been removed.
  POURSUITE(LANG='EN', PAR_LOT='NON')
Valeur initiale du temps CPU maximum =   20000 secondes
  Valeur du temps CPU maximum passé aux commandes =   18000 secondes
  Réserve CPU prévue = 2000 secondes

Ouverture en lecture du fichier ./glob.1

Ajustement de la taille maximale des bases à 2048.00 Go.
    
Nom de la base                          :  GLOBALE
     Créée avec la version                   :  18.01.06
     Nombre d'enregistrements utilisés       :  1112
     Nombre d'enregistrements maximum        :  2684354
     Nombre d'enregistrements par fichier    :  15728
     Longueur d'enregistrement (octets)      :  819200
     Nombre d'identificateurs utilisés       :  1151
     Taille maximum du répertoire            :  2000
     Pourcentage d'utilisation du répertoire :  57 %

Ouverture en lecture du fichier ./glob.1

Ouverture en écriture du fichier ./vola.1

Fin de lecture (durée  0.000030  s.) 

                      Mémoire limite pour l'allocation dynamique : 3212.06 Mo                       
                         ajouté à l'initialisation du processus : 613.34 Mo                         
                               Limite cible du processus : 3825.39 Mo                               
                         Taille limite des fichiers d'échange : 2048.00 Go                          
pi                       <class 'float'>
e                        <class 'float'>
tau                      <class 'float'>
inf                      <class 'float'>
nan                      <class 'float'>
mesh                     <class 'libaster.Mesh'>
model                    <class 'libaster.Model'>
mat                      <class 'libaster.Material'>
matH                     <class 'libaster.Material'>
matHH                    <class 'libaster.Material'>
stl                      <class 'libaster.Material'>
slvm                     <class 'libaster.Material'>
fmat                     <class 'libaster.MaterialField'>
fix                      <class 'libaster.MechanicalLoadReal'>
grp                      <class 'list'>
load                     <class 'libaster.MechanicalLoadReal'>
ramp                     <class 'libaster.Function'>
steps                    <class 'libaster.ListOfFloats'>
times                    <class 'libaster.TimesList'>
LOADS                    <class 'str'>
CURVE                    <class 'str'>
common                   <class 'dict'>
tcur                     <class 'float'>
peak                     <class 'float'>
stopped                  <class 'bool'>
TARGETS                  <class 'list'>
tn                       <class 'float'>
res                      <class 'libaster.NonLinearResult'>
v                        <class 'dict'>
tot                      <class 'float'>
line                     <class 'str'>
# Mémoire (Mo) :  1207.73 /  1207.59 /   752.58 /   752.55 (VmPeak / VmSize / Optimum / Minimum)
# Fin commande #0001   user+syst:        0.17s (syst:        0.53s, elaps:        0.71s)
# ----------------------------------------------------------------------------------------------
/home/user/aas-corner-fe/wd/v8c100_V/v8c100_V_s07.comm.changed.py:24: ResourceWarning: unclosed file <_io.TextIOWrapper name='/home/user/aas-corner-fe/jobs/../results/v8c100_V.curve' mode='r' encoding='UTF-8'>
  for line in open(CURVE):

.. _stg1_txt48
# ----------------------------------------------------------------------------------------------
# Commande #0002 de /home/user/aas-corner-fe/wd/v8c100_V/v8c100_V_s07.comm.changed.py, ligne 48
res = STAT_NON_LINE(AFFICHAGE=_F(INFO_RESIDU='NON',
                                 INFO_TEMPS='NON'),
                    ARCHIVAGE=_F(CHAM_EXCLU=('RESI_NOEU', 'RESI_RELA_NOEU'),
                                 PAS_ARCH=1),
                    CHAM_MATER=fmat,
                    COMPORTEMENT=(_F(DEFORMATION='PETIT',
                                     GROUP_MA=('CONC', 'HZ'),
                                     ITER_CPLAN_MAXI=10,
                                     ITER_INTE_MAXI=20,
                                     ITER_INTE_PAS=0,
                                     PARM_THETA=1.0,
                                     REGU_VISC='NON',
                                     RELATION='ENDO_FISS_EXP',
                                     RESI_CPLAN_RELA=1e-06,
                                     RESI_INTE=1e-06),
                                  _F(DEFORMATION='PETIT',
                                     GROUP_MA=('STEEL', 'SLV', 'HZH'),
                                     ITER_CPLAN_MAXI=10,
                                     ITER_INTE_MAXI=20,
                                     ITER_INTE_PAS=0,
                                     PARM_THETA=1.0,
                                     REGU_VISC='NON',
                                     RELATION='ELAS',
                                     RESI_CPLAN_RELA=1e-06,
                                     RESI_INTE=1e-06)),
                    CONVERGENCE=_F(ARRET='OUI',
                                   ITER_GLOB_ELAS=25,
                                   ITER_GLOB_MAXI=30,
                                   RESI_GLOB_RELA=0.0001,
                                   VERIF='TOUT'),
                    ETAT_INIT=_F(EVOL_NOLI=res),
                    EXCIT=(_F(CHARGE='<00000009>',
                              TYPE_CHARGE='FIXE_CSTE'),
                           _F(CHARGE='<0000000a>',
                              FONC_MULT=ramp,
                              TYPE_CHARGE='FIXE_CSTE')),
                    INCREMENT=_F(CRITERE='RELATIF',
                                 INST_FIN=0.24,
                                 INST_INIT=0.21000000000000002,
                                 LIST_INST=times,
                                 PRECISION=1e-06),
                    MESURE=_F(TABLE='NON'),
                    METHODE='NEWTON',
                    MODELE=model,
                    NEWTON=_F(MATRICE='TANGENTE',
                              MATR_RIGI_SYME='NON',
                              REAC_INCR=1,
                              REAC_ITER=1,
                              REAC_ITER_ELAS=0),
                    SOLVEUR=_F(ACCELERATION='AUTO',
                               ELIM_LAGR='LAGR2',
                               FILTRAGE_MATRICE=-1.0,
                               GESTION_MEMOIRE='OUT_OF_CORE',
                               LOW_RANK_SEUIL=0.0,
                               MATR_DISTRIBUEE='NON',
                               METHODE='MUMPS',
                               MIXER_PRECISION='NON',
                               NB_RHS=1,
                               NPREC=8,
                               PCENT_PIVOT=35,
                               POSTTRAITEMENTS='AUTO',
                               PRETRAITEMENTS='AUTO',
                               REDUCTION_MPI=0,
                               RENUM='AUTO',
                               RESI_RELA=-1.0,
                               STOP_SINGULIER='OUI',
                               TYPE_RESOL='AUTO'),
                    reuse=res)

Liste des comportements

Affecté sur 85588 éléments
Relation                             : ENDO_FISS_EXP
Déformation                          : PETIT
Pas de régularisation visqueuse
Pas de post-traitement à la fin du pas de temps
Nombre total de variables internes   : 9
V1 : ENDO
V2 : INDIENDO
V3 : ENDORIGI
V4 : EPSEXX
V5 : EPSEYY
V6 : EPSEZZ
V7 : EPSEXY
V8 : EPSEXZ
V9 : EPSEYZ
Affecté sur 11341 éléments
Relation                             : ELAS
Déformation                          : PETIT
Pas de régularisation visqueuse
Pas de post-traitement à la fin du pas de temps
Nombre total de variables internes   : 1
V1 : VIDE
Le système linéaire à résoudre a 455904 degrés de liberté:
   - 438438 sont des degrés de liberté physiques
     (ils sont portés par 135682 noeuds du maillage)
   - 17466 sont les couples de paramètres de Lagrange associés
     aux 8733 relations linéaires dualisées.
La matrice est de taille 455904 équations.
  Elle contient 23708355 termes non nuls si elle est symétrique et 46960806 termes non nuls si elle
n'est pas symétrique.
  Soit un taux de remplissage de   0.023 %.
Lecture de l'état initial
L'état initial a été récupéré dans la structure de données résultat de nom <0000000e> pour le numéro
d'ordre 8 et à l'instant  2.100000000000e-01
Le champ <DEPL> est lu dans ETAT_INIT dans la structure de données résultat donné dans la commande.
Le champ <SIEF_ELGA> est lu dans ETAT_INIT dans la structure de données résultat donné dans la
commande.
Le champ <VARI_ELGA> est lu dans ETAT_INIT dans la structure de données résultat donné dans la
commande.
---------------------------------------------------------------------
Instant de calcul:  2.400000000000e-01 - Niveau de découpe: 1

---------------------------------------------------------------------
|     NEWTON     |     RESIDU     |     RESIDU     |     OPTION     |
|    ITERATION   |     RELATIF    |     ABSOLU     |   ASSEMBLAGE   |
|                | RESI_GLOB_RELA | RESI_GLOB_MAXI |(+ TYPE MATRICE)|
---------------------------------------------------------------------
La mémoire consommée actuellement hors JEVEUX est de 796.82 Mo.
La mémoire limite pour l'allocation dynamique est fixée à 3028.58 Mo (-339.77 Mo).
Cette valeur limite a été réactualisée lors de la mise en oeuvre d'un processus de libération.


 ╔================================================================================================╗
 ║ <A> <FACTOR_75>                                                                                ║
 ║                                                                                                ║
 ║ Attention, vous avez demandé un calcul OUT_OF_CORE, mais MUMPS estime avoir besoin pour cela   ║
 ║ d'au moins                                                                                     ║
 ║   4134 Mo  alors qu'il n'y a que 1624 Mo de disponible sur ce processeur !                     ║
 ║   Le calcul pourrait donc être ralenti ou s'arrêter pour cette raison.                         ║
 ║                                                                                                ║
 ║   Pour information: mémoire déjà pré-allouée par MUMPS (exécutable, matrice...)= 569 Mo,       ║
 ║                     nombre de systèmes linéaires à factoriser en même temps    = 1.            ║
 ║                                                                                                ║
 ║ Conseils :                                                                                     ║
 ║   La prochaine fois, relancez avec plus de mémoire globale ou avec une option de calcul plus   ║
 ║ économe                                                                                        ║
 ║   (par ordre décroissant d'efficacité):                                                        ║
 ║    - Si le calcul est parallèle, réduisez la consommation MUMPS en augmentant le nombre de     ║
 ║ processeurs,                                                                                   ║
 ║    - Si le calcul est parallèle, réduisez la consommation Aster en activant l'option           ║
 ║ SOLVEUR/MATR_DISTRIBUEE,                                                                       ║
 ║   Ou, plus radicalement:                                                                       ║
 ║    - Utilisez un solveur moins exigeant en mémoire (par exemple: SOLVEUR/METHODE='PETSC' +     ║
 ║ PRECOND='LDLT_SP').                                                                            ║
 ║                                                                                                ║
 ║                                                                                                ║
 ║ Ceci est une alarme. Si vous ne comprenez pas le sens de cette                                 ║
 ║ alarme, vous pouvez obtenir des résultats inattendus !                                         ║
 ╚================================================================================================╝

