WARNING: If MPI_Abort is called during execution, result files could not be copied.
Running: /root/mm/envs/aster/bin/run_aster -w /home/user/aas-corner-fe/wd/v8c50_TV --status-file /root/.tmp_run_aster/run_aster_qvj3ef55/__status__ --no-mpi /root/.tmp_run_aster/run_aster_qvj3ef55/v8c50_TV.0

# ------------------------------------------------------------------------------
Execution of code_aster

# ------------------------------------------------------------------------------
Prepare environment in /home/user/aas-corner-fe/wd/v8c50_TV

# ------------------------------------------------------------------------------
Command file #1 / 20

Content of the file to execute:
# coding=utf-8
# original filename
__file__ = r"/home/user/aas-corner-fe/jobs/v8c50_TV_s00.comm"


# temporarly added for compatibility with code_aster legacy
from math import *

import code_aster
from code_aster.Commands import *
from code_aster import CA

DEBUT(LANG='EN', PAR_LOT='NON')
mesh=LIRE_MAILLAGE(UNITE=20, FORMAT='MED')
mesh=DEFI_GROUP(reuse=mesh, MAILLAGE=mesh, CREA_GROUP_NO=_F(GROUP_MA=('SYMZ','FARX','FARY','HEADT','HEADV')))
model=AFFE_MODELE(MAILLAGE=mesh, AFFE=(
    _F(GROUP_MA=('CONC','HZ'), PHENOMENE='MECANIQUE', MODELISATION='3D_GRAD_VARI'),
    _F(GROUP_MA=('STEEL','SLV','HZH'), PHENOMENE='MECANIQUE', MODELISATION='3D')))
mat=DEFI_MATER_GC(ENDO_FISS_EXP=_F(E=32836.56803133079, NU=0.2, FT=2.896468153816889, FC=38.0, GF=0.14050245330952899, P=1.5, LARG_BANDE=12, REST_RIGI_FC=0.))
matH=DEFI_MATER_GC(ENDO_FISS_EXP=_F(E=32836.56803133079, NU=0.2, FT=2.896468153816889, FC=76.0, GF=0.14050245330952899, P=1.5, LARG_BANDE=12, REST_RIGI_FC=0.))
matHH=DEFI_MATERIAU(ELAS=_F(E=32836.56803133079, NU=0.2))
stl=DEFI_MATERIAU(ELAS=_F(E=210000., NU=0.3))
slvm=DEFI_MATERIAU(ELAS=_F(E=10., NU=0.3))
fmat=AFFE_MATERIAU(MAILLAGE=mesh, AFFE=(_F(GROUP_MA='CONC', MATER=mat), _F(GROUP_MA='HZ', MATER=matH), _F(GROUP_MA='HZH', MATER=matHH), _F(GROUP_MA='STEEL', MATER=stl), _F(GROUP_MA='SLV', MATER=slvm)))
fix=AFFE_CHAR_MECA(MODELE=model, DDL_IMPO=(_F(GROUP_MA='SYMZ', DZ=0.), _F(GROUP_MA='FARX', DX=0.), _F(GROUP_MA='FARY', DY=0.)))
grp=[]
if 'T' in 'TV': grp.append('HEADT')
if 'V' in 'TV': grp.append('HEADV')
load=AFFE_CHAR_MECA(MODELE=model, DDL_IMPO=tuple(_F(GROUP_MA=g, DX=-1) for g in grp))
ramp=DEFI_FONCTION(NOM_PARA='INST', VALE=(0.,0.,0.4,0.4))
steps=DEFI_LIST_REEL(DEBUT=0., INTERVALLE=_F(JUSQU_A=0.4, NOMBRE=20))
times=DEFI_LIST_INST(DEFI_LIST=_F(LIST_INST=steps), ECHEC=_F(EVENEMENT='ERREUR', ACTION='DECOUPE', SUBD_METHODE='MANUEL', SUBD_PAS=2, SUBD_NIVEAU=5))

LOADS='TV'
CURVE='/home/user/aas-corner-fe/jobs/../results/v8c50_TV.curve'
common=dict(MODELE=model, CHAM_MATER=fmat, EXCIT=(_F(CHARGE=fix), _F(CHARGE=load, FONC_MULT=ramp)),
        COMPORTEMENT=(_F(RELATION='ENDO_FISS_EXP', GROUP_MA=('CONC','HZ')), _F(RELATION='ELAS', GROUP_MA=('STEEL','SLV','HZH'))),
        NEWTON=_F(MATRICE='TANGENTE', REAC_ITER=1),
        CONVERGENCE=_F(RESI_GLOB_RELA=1.E-4, ITER_GLOB_MAXI=30), ARCHIVAGE=_F(PAS_ARCH=1), SOLVEUR=_F(METHODE='MUMPS', GESTION_MEMOIRE='OUT_OF_CORE'))
import os, re
tcur=0.0; peak=0.0; stopped=False
if os.path.exists(CURVE):
    for line in open(CURVE):
        m=re.match(r'CURVE\s+(\S+)\s+(\S+)', line)
        if m:
            tcur=max(tcur, float(m.group(1))); peak=max(peak, float(m.group(2)))
        if line.startswith('STOP'): stopped=True
def reac(res, t):
    r2=CALC_CHAMP(RESULTAT=res, FORCE='REAC_NODA', INST=t)
    vals={}
    for g in ('HEADT','HEADV'):
        try:
            tb=POST_RELEVE_T(ACTION=_F(OPERATION='EXTRACTION', INTITULE='R', RESULTAT=r2, NOM_CHAM='REAC_NODA',
                                       GROUP_NO=g, RESULTANTE='DX', INST=t)).EXTR_TABLE().values()
            vals[g]=-tb['DX'][-1]*2
        except Exception:
            vals[g]=0.
    DETRUIRE(NOM=r2)
    return vals
TARGETS=[0.02]
for tn in TARGETS:
    if stopped or tn <= tcur+1e-9: continue
    try:
        if tcur < 1e-12 and '1'=='1':
            res=STAT_NON_LINE(INCREMENT=_F(LIST_INST=times, INST_FIN=tn), **common)
        else:
            res=STAT_NON_LINE(reuse=res, ETAT_INIT=_F(EVOL_NOLI=res), INCREMENT=_F(LIST_INST=times, INST_FIN=tn), **common)
    except Exception as exc:
        print('AASSTOP at', tcur, exc, flush=True)
        open(CURVE,'a').write('STOP solver %g\n'%tcur); stopped=True; break
    tcur=tn
    v=reac(res, tcur)
    tot=(v['HEADT'] if 'T' in LOADS else 0.)+(v['HEADV'] if 'V' in LOADS else 0.)
    peak=max(peak, tot)
    open(CURVE,'a').write('CURVE %g %g %g %g\n'%(tcur,tot,v['HEADT'],v['HEADV']))
    print('AASCURVE %g %g %g %g'%(tcur,tot,v['HEADT'],v['HEADV']), flush=True)
    if tot < 0.9*peak:
        open(CURVE,'a').write('STOP peak %g\n'%peak); stopped=True; break
FIN()



# ------------------------------------------------------------------------------
Command line #1:
    ulimit -c unlimited ; ulimit -t 25000 ; ( /root/mm/envs/aster/bin/python3 "v8c50_TV_s00.comm.changed.py" --link="F::mmed::/home/user/aas-corner-fe/jobs/../mesh/m8_h100_d16_ct50_e50.med::D::20" --memory 3000.0 --numthreads 1 --tpmax 20000 ; echo $? > _exit_code_ ) 2>&1 | tee -a fort.6
setting '--memory' value to 2700.00 MB (keyword RESERVE_MEMOIRE)
copying (shutil) '/home/user/aas-corner-fe/jobs/../mesh/m8_h100_d16_ct50_e50.med' to 'fort.20'...
Ouverture en écriture du fichier ./vola.1

<INFO> Démarrage de l'exécution.

                       -- CODE_ASTER -- VERSION : DÉVELOPPEMENT (unstable) --                       
                               Version 18.1.6 modifiée le 14/09/2026                                
                                    révision n/a - branche 'n/a'                                    
                                     Copyright EDF 1991 - 2026                                      
                                                                                                    
                              Exécution du : Sat Sep 26 16:31:57 2026                               
                                       Nom de la machine : vm                                       
                                        Architecture : 64bit                                        
                                    Type de processeur : x86_64                                     
                Système d'exploitation : Linux-6.18.44-fc-v37-x86_64-with-glibc2.39                 
                                  Langue des messages : C (UTF-8)                                   
                                     Version de Python : 3.14.7                                     
                                      Version de NumPy : 2.5.3                                      
                                  Version de MEDCoupling : 9.16.0                                   
                                     Parallélisme MPI : inactif                                     
                                    Parallélisme OpenMP : actif                                     
                              Nombre de processus OpenMP utilisés : 1                               
                                Version de la librairie HDF5 : 2.2.0                                
                                Version de la librairie MED : 4.2.0                                 
                               Version de la librairie MFront : 5.1.0                               
                               Version de la librairie MUMPS : 5.8.2                                
                                  Librairie PETSc : non disponible                                  
                              Version de la librairie SCOTCH : 7.0.11                               

starting the execution...
/home/user/aas-corner-fe/wd/v8c50_TV/v8c50_TV_s00.comm.changed.py:13: DeprecationWarning: This feature is obsolete, 'PAR_LOT' has been removed.
  DEBUT(LANG='EN', PAR_LOT='NON')
Valeur initiale du temps CPU maximum =   20000 secondes
  Valeur du temps CPU maximum passé aux commandes =   18000 secondes
  Réserve CPU prévue = 2000 secondes

Ouverture en écriture du fichier ./glob.1

Ouverture en écriture du fichier ./vola.1

Ouverture en lecture du fichier /root/mm/envs/aster/lib/elem.1

Nom de la base                          :  ELEMBASE
     Créée avec la version                   :  18.01.06
     Nombre d'enregistrements utilisés       :  54
     Nombre d'enregistrements maximum        :  512
     Nombre d'enregistrements par fichier    :  512
     Longueur d'enregistrement (octets)      :  819200
     Nombre d'identificateurs utilisés       :  123
     Taille maximum du répertoire            :  300
     Pourcentage d'utilisation du répertoire :  41 %

Ouverture en lecture du fichier /root/mm/envs/aster/lib/elem.1

Nom de la base                          :  ELEMBASE
     Nombre d'enregistrements utilisés       :  54
     Nombre d'enregistrements maximum        :  512
     Nombre d'enregistrements par fichier    :  512
     Longueur d'enregistrement (octets)      :  819200
     Nombre total d'accès en lecture         :  72
     Volume des accès en lecture             :         56.25 Mo.
     Nombre total d'accès en écriture        :  0
     Volume des accès en écriture            :          0.00 Mo.
     Nombre d'identificateurs utilisés       :  123
     Taille maximum du répertoire            :  300
     Pourcentage d'utilisation du répertoire :  41 %

Relecture des catalogues des éléments faite.

Fin de lecture (durée  0.306772  s.) 

                      Mémoire limite pour l'allocation dynamique : 3258.88 Mo                       
                         ajouté à l'initialisation du processus : 735.94 Mo                         
                               Limite cible du processus : 3994.82 Mo                               
                         Taille limite des fichiers d'échange : 2048.00 Go                          
# Mémoire (Mo) :   735.94 /   726.62 /   216.07 /   186.93 (VmPeak / VmSize / Optimum / Minimum)
# Fin commande #0001   user+syst:        0.06s (syst:        2.31s, elaps:        2.38s)
# ----------------------------------------------------------------------------------------------

.. _stg1_txt14
# ----------------------------------------------------------------------------------------------
# Commande #0002 de /home/user/aas-corner-fe/wd/v8c50_TV/v8c50_TV_s00.comm.changed.py, ligne 14
mesh = LIRE_MAILLAGE(FORMAT='MED',
                     INFO=1,
                     INFO_MED=0,
                     PARTITIONNEUR='SANS',
                     UNITE=20,
                     VERI_MAIL=_F(APLAT=0.001,
                                  VERIF='OUI'))

Nom MED du maillage : untitled


------------ MAILLAGE 00000001 - IMPRESSIONS NIVEAU  1 ------------


NOMBRE DE NOEUDS                       95117

NOMBRE DE MAILLES                      70801
                              TRIA6                3469
                              TETRA10             67332

NOMBRE DE GROUPES DE MAILLES              10

--------------------------------------------------------------------------------

Vérification du maillage.

# Résultat commande #0002 (LIRE_MAILLAGE): mesh ('<00000001>') de type <Mesh>
# Mémoire (Mo) :  1027.34 /   746.05 /   226.29 /   188.29 (VmPeak / VmSize / Optimum / Minimum)
# Fin commande #0002   user+syst:        0.96s (syst:        1.83s, elaps:        2.80s)
# ----------------------------------------------------------------------------------------------

.. _stg1_txt15
# ----------------------------------------------------------------------------------------------
# Commande #0003 de /home/user/aas-corner-fe/wd/v8c50_TV/v8c50_TV_s00.comm.changed.py, ligne 15
mesh = DEFI_GROUP(ALARME='OUI',
                  CREA_GROUP_NO=_F(CRIT_NOEUD='TOUS',
                                   GROUP_MA=('SYMZ', 'FARX', 'FARY', 'HEADT', 'HEADV')),
                  MAILLAGE=mesh,
                  reuse=mesh)



NOMBRE  DE GROUPES DE NOEUDS CREES :      5
=======================================

               ------------------------------------------------------
               !         NOM DU GROUPE         ! NBRE DE NOEUDS DU  !
               !            NOEUDS             !      GROUPE_NO     !
               ------------------------------------------------------
               !  SYMZ                         !      6515          !
               !  FARX                         !       227          !
               !  FARY                         !       227          !
               !  HEADT                        !       122          !
               !  HEADV                        !        15          !
               ------------------------------------------------------

# Résultat commande #0003 (DEFI_GROUP): mesh ('<00000001>') de type <Mesh>
# Mémoire (Mo) :  1027.34 /   746.05 /   226.29 /   188.29 (VmPeak / VmSize / Optimum / Minimum)
# Fin commande #0003   user+syst:        0.02s (syst:        0.00s, elaps:        0.01s)
# ----------------------------------------------------------------------------------------------

.. _stg1_txt16
# ----------------------------------------------------------------------------------------------
# Commande #0004 de /home/user/aas-corner-fe/wd/v8c50_TV/v8c50_TV_s00.comm.changed.py, ligne 16
model = AFFE_MODELE(AFFE=(_F(GROUP_MA=('CONC', 'HZ'),
                             MODELISATION='3D_GRAD_VARI',
                             PHENOMENE='MECANIQUE'),
                          _F(GROUP_MA=('STEEL', 'SLV', 'HZH'),
                             MODELISATION='3D',
                             PHENOMENE='MECANIQUE')),
                    DISTRIBUTION=_F(METHODE='SOUS_DOMAINE',
                                    PARTITIONNEUR='METIS'),
                    INFO=1,
                    MAILLAGE=mesh,
                    VERI_FORMULATION_IFS='OUI',
                    VERI_JACOBIEN='OUI',
                    VERI_NORM_IFS='OUI',
                    VERI_PLAN='OUI')

Sur les 70801 mailles du maillage 00000001, on a demandé l'affectation de 67332, on a pu en affecter
67332.
Modélisation     Formulation      Type maille  Élément fini     Nombre
3D               _                TETRA10      MECA_TETRA10     11610
3D_GRAD_VARI     _                TETRA10      MVCA_TETRA10     55722
#2      Calculs elementaires et assemblages               CPU (USER+SYST/SYST/ELAPS):      0.04      0.00      0.04
# Résultat commande #0004 (AFFE_MODELE): model ('<00000002>') de type <Model>
# Mémoire (Mo) :  1027.34 /   884.36 /   230.73 /   218.36 (VmPeak / VmSize / Optimum / Minimum)
# Fin commande #0004   user+syst:        0.39s (syst:        0.01s, elaps:        0.41s)
# ----------------------------------------------------------------------------------------------

.. _stg1_txt19
# ----------------------------------------------------------------------------------------------
# Commande #0005 de /home/user/aas-corner-fe/wd/v8c50_TV/v8c50_TV_s00.comm.changed.py, ligne 19
mat = DEFI_MATER_GC(ENDO_FISS_EXP=_F(COEF_RIGI_MINI=0.0,
                                     E=32836.56803133079,
                                     FC=38.0,
                                     FT=2.896468153816889,
                                     GF=0.14050245330952899,
                                     LARG_BANDE=12,
                                     NU=0.2,
                                     P=1.5,
                                     REST_RIGI_FC=0.0),
                    INFO=1)

# Résultat commande #0005 (DEFI_MATER_GC): mat ('<00000003>') de type <Material>
# Mémoire (Mo) :  1027.34 /   884.36 /   230.73 /   218.36 (VmPeak / VmSize / Optimum / Minimum)
# Fin commande #0005   user+syst:        0.02s (syst:        0.00s, elaps:        0.01s)
# ----------------------------------------------------------------------------------------------

.. _stg1_txt20
# ----------------------------------------------------------------------------------------------
# Commande #0007 de /home/user/aas-corner-fe/wd/v8c50_TV/v8c50_TV_s00.comm.changed.py, ligne 20
matH = DEFI_MATER_GC(ENDO_FISS_EXP=_F(COEF_RIGI_MINI=0.0,
                                      E=32836.56803133079,
                                      FC=76.0,
                                      FT=2.896468153816889,
                                      GF=0.14050245330952899,
                                      LARG_BANDE=12,
                                      NU=0.2,
                                      P=1.5,
                                      REST_RIGI_FC=0.0),
                     INFO=1)

# Résultat commande #0007 (DEFI_MATER_GC): matH ('<00000004>') de type <Material>
# Mémoire (Mo) :  1027.34 /   884.36 /   230.73 /   218.36 (VmPeak / VmSize / Optimum / Minimum)
# Fin commande #0007   user+syst:        0.00s (syst:        0.00s, elaps:        0.01s)
# ----------------------------------------------------------------------------------------------

.. _stg1_txt21
# ----------------------------------------------------------------------------------------------
# Commande #0009 de /home/user/aas-corner-fe/wd/v8c50_TV/v8c50_TV_s00.comm.changed.py, ligne 21
matHH = DEFI_MATERIAU(ELAS=_F(B_ENDOGE=0.0,
                              COEF_AMOR=1.0,
                              E=32836.56803133079,
                              K_DESSIC=0.0,
                              NU=0.2),
                      INFO=1)

# Résultat commande #0009 (DEFI_MATERIAU): matHH ('<00000005>') de type <Material>
# Mémoire (Mo) :  1027.34 /   884.36 /   230.73 /   218.36 (VmPeak / VmSize / Optimum / Minimum)
# Fin commande #0009   user+syst:        0.01s (syst:        0.00s, elaps:        0.00s)
# ----------------------------------------------------------------------------------------------

.. _stg1_txt22
# ----------------------------------------------------------------------------------------------
# Commande #0010 de /home/user/aas-corner-fe/wd/v8c50_TV/v8c50_TV_s00.comm.changed.py, ligne 22
stl = DEFI_MATERIAU(ELAS=_F(B_ENDOGE=0.0,
                            COEF_AMOR=1.0,
                            E=210000.0,
                            K_DESSIC=0.0,
                            NU=0.3),
                    INFO=1)

# Résultat commande #0010 (DEFI_MATERIAU): stl ('<00000006>') de type <Material>
# Mémoire (Mo) :  1027.34 /   884.36 /   230.73 /   218.36 (VmPeak / VmSize / Optimum / Minimum)
# Fin commande #0010   user+syst:        0.00s (syst:        0.00s, elaps:        0.01s)
# ----------------------------------------------------------------------------------------------

.. _stg1_txt23
# ----------------------------------------------------------------------------------------------
# Commande #0011 de /home/user/aas-corner-fe/wd/v8c50_TV/v8c50_TV_s00.comm.changed.py, ligne 23
slvm = DEFI_MATERIAU(ELAS=_F(B_ENDOGE=0.0,
                             COEF_AMOR=1.0,
                             E=10.0,
                             K_DESSIC=0.0,
                             NU=0.3),
                     INFO=1)

# Résultat commande #0011 (DEFI_MATERIAU): slvm ('<00000007>') de type <Material>
# Mémoire (Mo) :  1027.34 /   884.36 /   230.73 /   218.36 (VmPeak / VmSize / Optimum / Minimum)
# Fin commande #0011   user+syst:        0.00s (syst:        0.00s, elaps:        0.00s)
# ----------------------------------------------------------------------------------------------

.. _stg1_txt24
# ----------------------------------------------------------------------------------------------
# Commande #0012 de /home/user/aas-corner-fe/wd/v8c50_TV/v8c50_TV_s00.comm.changed.py, ligne 24
fmat = AFFE_MATERIAU(AFFE=(_F(GROUP_MA='CONC',
                              MATER=mat),
                           _F(GROUP_MA='HZ',
                              MATER=matH),
                           _F(GROUP_MA='HZH',
                              MATER=matHH),
                           _F(GROUP_MA='STEEL',
                              MATER=stl),
                           _F(GROUP_MA='SLV',
                              MATER=slvm)),
                     INFO=1,
                     MAILLAGE=mesh)

# Résultat commande #0012 (AFFE_MATERIAU): fmat ('<00000008>') de type <MaterialField>
# Mémoire (Mo) :  1027.34 /   885.08 /   230.73 /   218.36 (VmPeak / VmSize / Optimum / Minimum)
# Fin commande #0012   user+syst:        0.01s (syst:        0.00s, elaps:        0.01s)
# ----------------------------------------------------------------------------------------------

.. _stg1_txt25
# ----------------------------------------------------------------------------------------------
# Commande #0013 de /home/user/aas-corner-fe/wd/v8c50_TV/v8c50_TV_s00.comm.changed.py, ligne 25
fix = AFFE_CHAR_MECA(DDL_IMPO=(_F(DZ=0.0,
                                  GROUP_MA='SYMZ'),
                               _F(DX=0.0,
                                  GROUP_MA='FARX'),
                               _F(DY=0.0,
                                  GROUP_MA='FARY')),
                     DOUBLE_LAGRANGE='OUI',
                     INFO=1,
                     MODELE=model,
                     SYNTAXE='NON',
                     VERI_AFFE='OUI',
                     VERI_NORM='OUI')

# Résultat commande #0013 (AFFE_CHAR_MECA): fix ('<00000009>') de type <MechanicalLoadReal>
# Mémoire (Mo) :  1027.34 /   895.42 /   238.98 /   218.36 (VmPeak / VmSize / Optimum / Minimum)
# Fin commande #0013   user+syst:        0.07s (syst:        0.00s, elaps:        0.08s)
# ----------------------------------------------------------------------------------------------

.. _stg1_txt29
# ----------------------------------------------------------------------------------------------
# Commande #0014 de /home/user/aas-corner-fe/wd/v8c50_TV/v8c50_TV_s00.comm.changed.py, ligne 29
load = AFFE_CHAR_MECA(DDL_IMPO=(_F(DX=-1,
                                   GROUP_MA='HEADT'),
                                _F(DX=-1,
                                   GROUP_MA='HEADV')),
                      DOUBLE_LAGRANGE='OUI',
                      INFO=1,
                      MODELE=model,
                      SYNTAXE='NON',
                      VERI_AFFE='OUI',
                      VERI_NORM='OUI')

# Résultat commande #0014 (AFFE_CHAR_MECA): load ('<0000000a>') de type <MechanicalLoadReal>
# Mémoire (Mo) :  1027.34 /   903.41 /   247.04 /   218.36 (VmPeak / VmSize / Optimum / Minimum)
# Fin commande #0014   user+syst:        0.01s (syst:        0.00s, elaps:        0.01s)
# ----------------------------------------------------------------------------------------------

.. _stg1_txt30
# ----------------------------------------------------------------------------------------------
# Commande #0015 de /home/user/aas-corner-fe/wd/v8c50_TV/v8c50_TV_s00.comm.changed.py, ligne 30
ramp = DEFI_FONCTION(INFO=1,
                     INTERPOL='LIN',
                     NOM_PARA='INST',
                     NOM_RESU='TOUTRESU',
                     PROL_DROITE='EXCLU',
                     PROL_GAUCHE='EXCLU',
                     VALE=(0.0, 0.0, 0.4, 0.4),
                     VERIF='CROISSANT')

# Résultat commande #0015 (DEFI_FONCTION): ramp ('<0000000b>') de type <Function>
# Mémoire (Mo) :  1027.34 /   903.41 /   247.04 /   218.36 (VmPeak / VmSize / Optimum / Minimum)
# Fin commande #0015   user+syst:        0.01s (syst:        0.00s, elaps:        0.00s)
# ----------------------------------------------------------------------------------------------

.. _stg1_txt31
# ----------------------------------------------------------------------------------------------
# Commande #0016 de /home/user/aas-corner-fe/wd/v8c50_TV/v8c50_TV_s00.comm.changed.py, ligne 31
steps = DEFI_LIST_REEL(DEBUT=0.0,
                       INFO=1,
                       INTERVALLE=_F(JUSQU_A=0.4,
                                     NOMBRE=20))

# Résultat commande #0016 (DEFI_LIST_REEL): steps ('<0000000c>') de type <ListOfFloats>
# Mémoire (Mo) :  1027.34 /   903.41 /   247.04 /   218.36 (VmPeak / VmSize / Optimum / Minimum)
# Fin commande #0016   user+syst:        0.00s (syst:        0.00s, elaps:        0.01s)
# ----------------------------------------------------------------------------------------------

.. _stg1_txt32
# ----------------------------------------------------------------------------------------------
# Commande #0017 de /home/user/aas-corner-fe/wd/v8c50_TV/v8c50_TV_s00.comm.changed.py, ligne 32
times = DEFI_LIST_INST(DEFI_LIST=_F(LIST_INST=steps),
                       ECHEC=_F(ACTION='DECOUPE',
                                EVENEMENT='ERREUR',
                                SUBD_METHODE='MANUEL',
                                SUBD_NIVEAU=5,
                                SUBD_PAS=2,
                                SUBD_PAS_MINI=0.0),
                       INFO=1,
                       METHODE='MANUEL')

Gestion manuelle de la liste d'instants.
La liste d'instants contient 21 pas de temps et le pas de temps minimum vaut          0.02.
Il y a 1 événements.
L'événement 1 est pour capturer les erreurs.
Si cet événement se déclenche, on découpe le pas de temps.
La découpe du pas de temps est manuelle.
On découpe le pas de temps en 2 incréments jusqu'à ce que le niveau atteigne 5.
# Résultat commande #0017 (DEFI_LIST_INST): times ('<0000000d>') de type <TimesList>
# Dépend de :
# - steps ('<0000000c>') de type <ListOfFloats>
# Mémoire (Mo) :  1027.34 /   903.41 /   247.04 /   218.36 (VmPeak / VmSize / Optimum / Minimum)
# Fin commande #0017   user+syst:        0.00s (syst:        0.00s, elaps:        0.01s)
# ----------------------------------------------------------------------------------------------

.. _stg1_txt65
# ----------------------------------------------------------------------------------------------
# Commande #0018 de /home/user/aas-corner-fe/wd/v8c50_TV/v8c50_TV_s00.comm.changed.py, ligne 65
res = STAT_NON_LINE(AFFICHAGE=_F(INFO_RESIDU='NON',
                                 INFO_TEMPS='NON'),
                    ARCHIVAGE=_F(CHAM_EXCLU=('RESI_NOEU', 'RESI_RELA_NOEU'),
                                 PAS_ARCH=1),
                    CHAM_MATER=fmat,
                    COMPORTEMENT=(_F(DEFORMATION='PETIT',
                                     GROUP_MA=('CONC', 'HZ'),
                                     ITER_CPLAN_MAXI=10,
                                     ITER_INTE_MAXI=20,
                                     ITER_INTE_PAS=0,
                                     PARM_THETA=1.0,
                                     REGU_VISC='NON',
                                     RELATION='ENDO_FISS_EXP',
                                     RESI_CPLAN_RELA=1e-06,
                                     RESI_INTE=1e-06),
                                  _F(DEFORMATION='PETIT',
                                     GROUP_MA=('STEEL', 'SLV', 'HZH'),
                                     ITER_CPLAN_MAXI=10,
                                     ITER_INTE_MAXI=20,
                                     ITER_INTE_PAS=0,
                                     PARM_THETA=1.0,
                                     REGU_VISC='NON',
                                     RELATION='ELAS',
                                     RESI_CPLAN_RELA=1e-06,
                                     RESI_INTE=1e-06)),
                    CONVERGENCE=_F(ARRET='OUI',
                                   ITER_GLOB_ELAS=25,
                                   ITER_GLOB_MAXI=30,
                                   RESI_GLOB_RELA=0.0001,
                                   VERIF='TOUT'),
                    EXCIT=(_F(CHARGE=fix,
                              TYPE_CHARGE='FIXE_CSTE'),
                           _F(CHARGE=load,
                              FONC_MULT=ramp,
                              TYPE_CHARGE='FIXE_CSTE')),
                    INCREMENT=_F(CRITERE='RELATIF',
                                 INST_FIN=0.02,
                                 LIST_INST=times,
                                 NUME_INST_INIT=0,
                                 PRECISION=1e-06),
                    MESURE=_F(TABLE='NON'),
                    METHODE='NEWTON',
                    MODELE=model,
                    NEWTON=_F(MATRICE='TANGENTE',
                              MATR_RIGI_SYME='NON',
                              REAC_INCR=1,
                              REAC_ITER=1,
                              REAC_ITER_ELAS=0),
                    SOLVEUR=_F(ACCELERATION='AUTO',
                               ELIM_LAGR='LAGR2',
                               FILTRAGE_MATRICE=-1.0,
                               GESTION_MEMOIRE='OUT_OF_CORE',
                               LOW_RANK_SEUIL=0.0,
                               MATR_DISTRIBUEE='NON',
                               METHODE='MUMPS',
                               MIXER_PRECISION='NON',
                               NB_RHS=1,
                               NPREC=8,
                               PCENT_PIVOT=35,
                               POSTTRAITEMENTS='AUTO',
                               PRETRAITEMENTS='AUTO',
                               REDUCTION_MPI=0,
                               RENUM='AUTO',
                               RESI_RELA=-1.0,
                               STOP_SINGULIER='OUI',
                               TYPE_RESOL='AUTO'))

Liste des comportements

Affecté sur 55722 éléments
Relation                             : ENDO_FISS_EXP
Déformation                          : PETIT
Pas de régularisation visqueuse
Pas de post-traitement à la fin du pas de temps
Nombre total de variables internes   : 9
V1 : ENDO
V2 : INDIENDO
V3 : ENDORIGI
V4 : EPSEXX
V5 : EPSEYY
V6 : EPSEZZ
V7 : EPSEXY
V8 : EPSEXZ
V9 : EPSEYZ
Affecté sur 11610 éléments
Relation                             : ELAS
Déformation                          : PETIT
Pas de régularisation visqueuse
Pas de post-traitement à la fin du pas de temps
Nombre total de variables internes   : 1
V1 : VIDE
Le système linéaire à résoudre a 320729 degrés de liberté:
   - 306517 sont des degrés de liberté physiques
     (ils sont portés par 95117 noeuds du maillage)
   - 14212 sont les couples de paramètres de Lagrange associés
     aux 7106 relations linéaires dualisées.
La matrice est de taille 320729 équations.
  Elle contient 16336706 termes non nuls si elle est symétrique et 32352683 termes non nuls si elle
n'est pas symétrique.
  Soit un taux de remplissage de   0.031 %.
Il n'y a pas d'état initial défini. On prend un état initial nul.
Le champ <DEPL> est initialisé a zéro
Le champ <SIEF_ELGA> est initialisé a zéro
Le champ <VARI_ELGA> est initialisé a zéro
Archivage de l'état initial
Archivage des champs

Champ stocké <DEPL> à l'instant  0.000000000000e+00 pour le numéro d'ordre 0
Champ stocké <SIEF_ELGA> à l'instant  0.000000000000e+00 pour le numéro d'ordre 0
Champ stocké <VARI_ELGA> à l'instant  0.000000000000e+00 pour le numéro d'ordre 0
Champ stocké <COMPORTEMENT> à l'instant  0.000000000000e+00 pour le numéro d'ordre 0
---------------------------------------------------------------------
Instant de calcul:  2.000000000000e-02 - Niveau de découpe: 1

---------------------------------------------------------------------
|     NEWTON     |     RESIDU     |     RESIDU     |     OPTION     |
|    ITERATION   |     RELATIF    |     ABSOLU     |   ASSEMBLAGE   |
|                | RESI_GLOB_RELA | RESI_GLOB_MAXI |(+ TYPE MATRICE)|
---------------------------------------------------------------------

 ╔================================================================================================╗
 ║ <A> <FACTOR_75>                                                                                ║
 ║                                                                                                ║
 ║ Attention, vous avez demandé un calcul OUT_OF_CORE, mais MUMPS estime avoir besoin pour cela   ║
 ║ d'au moins                                                                                     ║
 ║   2579 Mo  alors qu'il n'y a que 1170 Mo de disponible sur ce processeur !                     ║
 ║   Le calcul pourrait donc être ralenti ou s'arrêter pour cette raison.                         ║
 ║                                                                                                ║
 ║   Pour information: mémoire déjà pré-allouée par MUMPS (exécutable, matrice...)= 404 Mo,       ║
 ║                     nombre de systèmes linéaires à factoriser en même temps    = 1.            ║
 ║                                                                                                ║
 ║ Conseils :                                                                                     ║
 ║   La prochaine fois, relancez avec plus de mémoire globale ou avec une option de calcul plus   ║
 ║ économe                                                                                        ║
 ║   (par ordre décroissant d'efficacité):                                                        ║
 ║    - Si le calcul est parallèle, réduisez la consommation MUMPS en augmentant le nombre de     ║
 ║ processeurs,                                                                                   ║
 ║    - Si le calcul est parallèle, réduisez la consommation Aster en activant l'option           ║
 ║ SOLVEUR/MATR_DISTRIBUEE,                                                                       ║
 ║   Ou, plus radicalement:                                                                       ║
 ║    - Utilisez un solveur moins exigeant en mémoire (par exemple: SOLVEUR/METHODE='PETSC' +     ║
 ║ PRECOND='LDLT_SP').                                                                            ║
 ║                                                                                                ║
 ║                                                                                                ║
 ║ Ceci est une alarme. Si vous ne comprenez pas le sens de cette                                 ║
 ║ alarme, vous pouvez obtenir des résultats inattendus !                                         ║
 ╚================================================================================================╝

|     0        X | 3.31638E-01  X | 2.05758E+02    |TANGENTE (NOSYM)|

 ╔================================================================================================╗
 ║ <A> <FACTOR_75>                                                                                ║
 ║                                                                                                ║
 ║ Attention, vous avez demandé un calcul OUT_OF_CORE, mais MUMPS estime avoir besoin pour cela   ║
 ║ d'au moins                                                                                     ║
 ║   2580 Mo  alors qu'il n'y a que 1122 Mo de disponible sur ce processeur !                     ║
 ║   Le calcul pourrait donc être ralenti ou s'arrêter pour cette raison.                         ║
 ║                                                                                                ║
 ║   Pour information: mémoire déjà pré-allouée par MUMPS (exécutable, matrice...)= 405 Mo,       ║
 ║                     nombre de systèmes linéaires à factoriser en même temps    = 1.            ║
 ║                                                                                                ║
 ║ Conseils :                                                                                     ║
 ║   La prochaine fois, relancez avec plus de mémoire globale ou avec une option de calcul plus   ║
 ║ économe                                                                                        ║
 ║   (par ordre décroissant d'efficacité):                                                        ║
 ║    - Si le calcul est parallèle, réduisez la consommation MUMPS en augmentant le nombre de     ║
 ║ processeurs,                                                                                   ║
 ║    - Si le calcul est parallèle, réduisez la consommation Aster en activant l'option           ║
 ║ SOLVEUR/MATR_DISTRIBUEE,                                                                       ║
 ║   Ou, plus radicalement:                                                                       ║
 ║    - Utilisez un solveur moins exigeant en mémoire (par exemple: SOLVEUR/METHODE='PETSC' +     ║
 ║ PRECOND='LDLT_SP').                                                                            ║
 ║                                                                                                ║
 ║                                                                                                ║
 ║ Ceci est une alarme. Si vous ne comprenez pas le sens de cette                                 ║
 ║ alarme, vous pouvez obtenir des résultats inattendus !                                         ║
 ╚================================================================================================╝

|     1        X | 8.69894E-01  X | 4.72853E+02    |TANGENTE (NOSYM)|

 ╔================================================================================================╗
 ║ <A> <FACTOR_75>                                                                                ║
 ║                                                                                                ║
 ║ Attention, vous avez demandé un calcul OUT_OF_CORE, mais MUMPS estime avoir besoin pour cela   ║
 ║ d'au moins                                                                                     ║
 ║   2580 Mo  alors qu'il n'y a que 1122 Mo de disponible sur ce processeur !                     ║
 ║   Le calcul pourrait donc être ralenti ou s'arrêter pour cette raison.                         ║
 ║                                                                                                ║
 ║   Pour information: mémoire déjà pré-allouée par MUMPS (exécutable, matrice...)= 405 Mo,       ║
 ║                     nombre de systèmes linéaires à factoriser en même temps    = 1.            ║
 ║                                                                                                ║
 ║ Conseils :                                                                                     ║
 ║   La prochaine fois, relancez avec plus de mémoire globale ou avec une option de calcul plus   ║
 ║ économe                                                                                        ║
 ║   (par ordre décroissant d'efficacité):                                                        ║
 ║    - Si le calcul est parallèle, réduisez la consommation MUMPS en augmentant le nombre de     ║
 ║ processeurs,                                                                                   ║
 ║    - Si le calcul est parallèle, réduisez la consommation Aster en activant l'option           ║
 ║ SOLVEUR/MATR_DISTRIBUEE,                                                                       ║
 ║   Ou, plus radicalement:                                                                       ║
 ║    - Utilisez un solveur moins exigeant en mémoire (par exemple: SOLVEUR/METHODE='PETSC' +     ║
 ║ PRECOND='LDLT_SP').                                                                            ║
 ║                                                                                                ║
 ║                                                                                                ║
 ║ Ceci est une alarme. Si vous ne comprenez pas le sens de cette                                 ║
 ║ alarme, vous pouvez obtenir des résultats inattendus !                                         ║
 ╚================================================================================================╝

|     2        X | 1.79974E+00  X | 9.43013E+02    |TANGENTE (NOSYM)|

 ╔================================================================================================╗
 ║ <A> <FACTOR_75>                                                                                ║
 ║                                                                                                ║
 ║ Attention, vous avez demandé un calcul OUT_OF_CORE, mais MUMPS estime avoir besoin pour cela   ║
 ║ d'au moins                                                                                     ║
 ║   2580 Mo  alors qu'il n'y a que 1122 Mo de disponible sur ce processeur !                     ║
 ║   Le calcul pourrait donc être ralenti ou s'arrêter pour cette raison.                         ║
 ║                                                                                                ║
 ║   Pour information: mémoire déjà pré-allouée par MUMPS (exécutable, matrice...)= 405 Mo,       ║
 ║                     nombre de systèmes linéaires à factoriser en même temps    = 1.            ║
 ║                                                                                                ║
 ║ Conseils :                                                                                     ║
 ║   La prochaine fois, relancez avec plus de mémoire globale ou avec une option de calcul plus   ║
 ║ économe                                                                                        ║
 ║   (par ordre décroissant d'efficacité):                                                        ║
 ║    - Si le calcul est parallèle, réduisez la consommation MUMPS en augmentant le nombre de     ║
 ║ processeurs,                                                                                   ║
 ║    - Si le calcul est parallèle, réduisez la consommation Aster en activant l'option           ║
 ║ SOLVEUR/MATR_DISTRIBUEE,                                                                       ║
 ║   Ou, plus radicalement:                                                                       ║
 ║    - Utilisez un solveur moins exigeant en mémoire (par exemple: SOLVEUR/METHODE='PETSC' +     ║
 ║ PRECOND='LDLT_SP').                                                                            ║
 ║                                                                                                ║
 ║                                                                                                ║
 ║ Ceci est une alarme. Si vous ne comprenez pas le sens de cette                                 ║
 ║ alarme, vous pouvez obtenir des résultats inattendus !                                         ║
 ╚================================================================================================╝

|     3        X | 1.00060E-01  X | 5.05069E+01    |TANGENTE (NOSYM)|

 ╔================================================================================================╗
 ║ <A> <FACTOR_75>                                                                                ║
 ║                                                                                                ║
 ║ Attention, vous avez demandé un calcul OUT_OF_CORE, mais MUMPS estime avoir besoin pour cela   ║
 ║ d'au moins                                                                                     ║
 ║   2580 Mo  alors qu'il n'y a que 1121 Mo de disponible sur ce processeur !                     ║
 ║   Le calcul pourrait donc être ralenti ou s'arrêter pour cette raison.                         ║
 ║                                                                                                ║
 ║   Pour information: mémoire déjà pré-allouée par MUMPS (exécutable, matrice...)= 405 Mo,       ║
 ║                     nombre de systèmes linéaires à factoriser en même temps    = 1.            ║
 ║                                                                                                ║
 ║ Conseils :                                                                                     ║
 ║   La prochaine fois, relancez avec plus de mémoire globale ou avec une option de calcul plus   ║
 ║ économe                                                                                        ║
 ║   (par ordre décroissant d'efficacité):                                                        ║
 ║    - Si le calcul est parallèle, réduisez la consommation MUMPS en augmentant le nombre de     ║
 ║ processeurs,                                                                                   ║
 ║    - Si le calcul est parallèle, réduisez la consommation Aster en activant l'option           ║
 ║ SOLVEUR/MATR_DISTRIBUEE,                                                                       ║
 ║   Ou, plus radicalement:                                                                       ║
 ║    - Utilisez un solveur moins exigeant en mémoire (par exemple: SOLVEUR/METHODE='PETSC' +     ║
 ║ PRECOND='LDLT_SP').                                                                            ║
 ║                                                                                                ║
 ║                                                                                                ║
 ║ Ceci est une alarme. Si vous ne comprenez pas le sens de cette                                 ║
 ║ alarme, vous pouvez obtenir des résultats inattendus !                                         ║
 ╚================================================================================================╝


 ╔================================================================================================╗
 ║ <A> <CATAMESS_41>                                                                              ║
 ║                                                                                                ║
 ║ Le message d'alarme 'FACTOR_75' a été émis 5 fois, il ne sera plus affiché.                    ║
 ║                                                                                                ║
 ║                                                                                                ║
 ║ Ceci est une alarme. Si vous ne comprenez pas le sens de cette                                 ║
 ║ alarme, vous pouvez obtenir des résultats inattendus !                                         ║
 ╚================================================================================================╝

|     4        X | 3.34893E-02  X | 1.62940E+01    |TANGENTE (NOSYM)|
|     5        X | 1.32200E-02  X | 6.38310E+00    |TANGENTE (NOSYM)|
|     6        X | 4.06469E-03  X | 1.95966E+00    |TANGENTE (NOSYM)|
|     7        X | 4.23091E-04  X | 2.03945E-01    |TANGENTE (NOSYM)|
|     8          | 1.25106E-06    | 6.03051E-04    |TANGENTE (NOSYM)|
---------------------------------------------------------------------
Critère(s) de convergence atteint(s)

Le résidu de type <RESI_GLOB_RELA> vaut  1.251061975470e-06 au noeud et degré de liberté <93716  
DX>
Temps CPU consommé dans ce pas de temps    : 19 min 21 s

* Nombre d'itérations de Newton                     : 9
* Temps total intégration comportement              : 42.812 s (10 intégrations)
* Temps total factorisation matrice                 : 17 min 13 s (9 factorisations)
* Temps construction second membre                  : 0.585 s
* Temps total résolution K.U=F                      : 22.556 s (9 résolutions)
* Temps assemblage matrice                          : 0.000 s
* Temps autres opérations                           : 1 min  1 s
Mémoire (Mo) :  5040.67 /  2496.36 /  2211.79 /   639.78 (VmPeak / VmSize / Optimum / Minimum)

Archivage des champs

Champ stocké <DEPL> à l'instant  2.000000000000e-02 pour le numéro d'ordre 1
Champ stocké <SIEF_ELGA> à l'instant  2.000000000000e-02 pour le numéro d'ordre 1
Champ stocké <VARI_ELGA> à l'instant  2.000000000000e-02 pour le numéro d'ordre 1
Champ stocké <COMPORTEMENT> à l'instant  2.000000000000e-02 pour le numéro d'ordre 1
[100%] Instant calculé : 2.00000e-02, dernier instant archivé : 2.00000e-02, au numéro d'ordre :    
1
Temps CPU consommé dans le calcul          : 19 min 21 s

dont temps CPU "perdu" dans les découpes            : 0.000 s
* Nombre de pas de temps                            : 1
* Nombre d'itérations de Newton                     : 9
* Temps dans l'archivage                            : 0.030 s
* Temps dans le post-traitement                     : 0.000 s
* Temps total intégration comportement              : 42.812 s (10 intégrations)
* Temps total factorisation matrice                 : 17 min 13 s (9 factorisations)
* Temps construction second membre                  : 0.585 s
* Temps total résolution K.U=F                      : 22.556 s (9 résolutions)
* Temps assemblage matrice                          : 0.000 s
#1      Resolution des systemes lineaires                 CPU (USER+SYST/SYST/ELAPS):   1251.32    367.97   1060.48
#2      Calculs elementaires et assemblages               CPU (USER+SYST/SYST/ELAPS):     98.39     13.68     99.17
# Résultat commande #0018 (STAT_NON_LINE): res ('<0000000e>') de type <NonLinearResult>
# Mémoire (Mo) :  5040.67 /  1244.92 /  2211.79 /   639.78 (VmPeak / VmSize / Optimum / Minimum)
# Fin commande #0018   user+syst:      974.62s (syst:      385.96s, elaps:     1170.64s)
# ----------------------------------------------------------------------------------------------

.. _stg1_txt184
# ----------------------------------------------------------------------------------------------
# Commande #0019 de
/root/mm/envs/aster/lib/python3.14/site-packages/code_aster/Supervis/ExecuteCommand.py, ligne 184
CALC_CHAMP(CRITERE='RELATIF',
           FORCE='REAC_NODA',
           INFO=1,
           INST=0.02,
           PARALLELISME_TEMPS='NON',
           PRECISION=1e-06,
           RESULTAT=res)

Le système linéaire à résoudre a 320729 degrés de liberté:
   - 306517 sont des degrés de liberté physiques
     (ils sont portés par 95117 noeuds du maillage)
   - 14212 sont les couples de paramètres de Lagrange associés
     aux 7106 relations linéaires dualisées.
#2      Calculs elementaires et assemblages               CPU (USER+SYST/SYST/ELAPS):      0.40      0.00      0.41
# Résultat commande #0019 (CALC_CHAMP): '<0000000f>' de type <NonLinearResult>
# Dépend de :
# - model ('<00000002>') de type <Model>
# - fmat ('<00000008>') de type <MaterialField>
# Mémoire (Mo) :  5040.67 /  1244.92 /  2211.79 /   639.78 (VmPeak / VmSize / Optimum / Minimum)
# Fin commande #0019   user+syst:        0.65s (syst:        0.00s, elaps:        0.65s)
# ----------------------------------------------------------------------------------------------

.. _stg1_txt53
# ----------------------------------------------------------------------------------------------
# Commande #0020 de /home/user/aas-corner-fe/wd/v8c50_TV/v8c50_TV_s00.comm.changed.py, ligne 53
tb = POST_RELEVE_T(ACTION=_F(CRITERE='RELATIF',
                             FORMAT_C='MODULE',
                             GROUP_NO='HEADT',
                             INST=0.02,
                             INTITULE='R',
                             MOYE_NOEUD='OUI',
                             NOM_CHAM='REAC_NODA',
                             OPERATION='EXTRACTION',
                             PRECISION=1e-06,
                             REPERE='GLOBAL',
                             RESULTANTE='DX',
                             RESULTAT=r2),
                   INFO=1)

# Résultat commande #0020 (POST_RELEVE_T): tb ('<00000010>') de type <Table>
# Mémoire (Mo) :  5040.67 /  1244.92 /  2211.79 /   639.78 (VmPeak / VmSize / Optimum / Minimum)
# Fin commande #0020   user+syst:        0.01s (syst:        0.00s, elaps:        0.01s)
# ----------------------------------------------------------------------------------------------

.. _stg1_txt53
# ----------------------------------------------------------------------------------------------
# Commande #0021 de /home/user/aas-corner-fe/wd/v8c50_TV/v8c50_TV_s00.comm.changed.py, ligne 53
tb = POST_RELEVE_T(ACTION=_F(CRITERE='RELATIF',
                             FORMAT_C='MODULE',
                             GROUP_NO='HEADV',
                             INST=0.02,
                             INTITULE='R',
                             MOYE_NOEUD='OUI',
                             NOM_CHAM='REAC_NODA',
                             OPERATION='EXTRACTION',
                             PRECISION=1e-06,
                             REPERE='GLOBAL',
                             RESULTANTE='DX',
                             RESULTAT=r2),
                   INFO=1)

# Résultat commande #0021 (POST_RELEVE_T): tb ('<00000011>') de type <Table>
# Mémoire (Mo) :  5040.67 /  1244.92 /  2211.79 /   639.78 (VmPeak / VmSize / Optimum / Minimum)
# Fin commande #0021   user+syst:        0.00s (syst:        0.00s, elaps:        0.00s)
# ----------------------------------------------------------------------------------------------

.. _stg1_txt58
# ----------------------------------------------------------------------------------------------
# Commande #0022 de /home/user/aas-corner-fe/wd/v8c50_TV/v8c50_TV_s00.comm.changed.py, ligne 58
DETRUIRE(INFO=1,
         NOM=r2)

# Mémoire (Mo) :  5040.67 /  1244.92 /  2211.79 /   639.78 (VmPeak / VmSize / Optimum / Minimum)
# Fin commande #0022   user+syst:        0.09s (syst:        0.00s, elaps:        0.09s)
# ----------------------------------------------------------------------------------------------
/home/user/aas-corner-fe/wd/v8c50_TV/v8c50_TV_s00.comm.changed.py:75: ResourceWarning: unclosed file <_io.TextIOWrapper name='/home/user/aas-corner-fe/jobs/../results/v8c50_TV.curve' mode='a' encoding='UTF-8'>
  open(CURVE,'a').write('CURVE %g %g %g %g\n'%(tcur,tot,v['HEADT'],v['HEADV']))
AASCURVE 0.02 12886.3 6934.63 5951.65

.. _stg1_txt76
# ----------------------------------------------------------------------------------------------
# Commande #0023 de /root/mm/envs/aster/lib/python3.14/site-packages/code_aster/CodeCommands/fin.py,
ligne 76
FIN(INFO_RESU='NON',
    RETASSAGE='NON')

Saving objects...
pi                       <class 'float'>
e                        <class 'float'>
tau                      <class 'float'>
inf                      <class 'float'>
nan                      <class 'float'>
mesh                     <class 'libaster.Mesh'>
model                    <class 'libaster.Model'>
mat                      <class 'libaster.Material'>
matH                     <class 'libaster.Material'>
matHH                    <class 'libaster.Material'>
stl                      <class 'libaster.Material'>
slvm                     <class 'libaster.Material'>
fmat                     <class 'libaster.MaterialField'>
fix                      <class 'libaster.MechanicalLoadReal'>
grp                      <class 'list'>
load                     <class 'libaster.MechanicalLoadReal'>
ramp                     <class 'libaster.Function'>
steps                    <class 'libaster.ListOfFloats'>
times                    <class 'libaster.TimesList'>
LOADS                    <class 'str'>
CURVE                    <class 'str'>
common                   <class 'dict'>
tcur                     <class 'float'>
peak                     <class 'float'>
stopped                  <class 'bool'>
TARGETS                  <class 'list'>
tn                       <class 'float'>
res                      <class 'libaster.NonLinearResult'>
v                        <class 'dict'>
tot                      <class 'float'>

 ╔================================================================================================╗
 ║ <I> <CATAMESS_89>                                                                              ║
 ║                                                                                                ║
 ║ Liste des alarmes émises lors de l'exécution du calcul.                                        ║
 ║                                                                                                ║
 ║     Les alarmes que vous avez choisies d'ignorer sont précédées de (*).                        ║
 ║     Nombre d'occurrences pour chacune des alarmes :                                            ║
 ║            FACTOR_75            émise    9 fois                                                ║
 ╚================================================================================================╝

 ---------------------------------------------------------------------------
 Concepts de la base: G
    Nom        Type                Taille (Mo)         Nombre      Nombre de
                                                     d'objets       segments
    TOTAL                               188.15            388            578
  
    00000001   MAILLAGE_SDASTER          10.23             34             70
    00000002   MODELE_SDASTER            10.12             11             16
    00000003   MATER_SDASTER              0.00             15             15
    00000004   MATER_SDASTER              0.00             15             15
    00000005   MATER_SDASTER              0.00              7              7
    00000006   MATER_SDASTER              0.00              7              7
    00000007   MATER_SDASTER              0.00              7              7
    00000008   CHAM_MATER                 0.71              8             13
    00000009   CHAR_MECA                 11.23             56             76
    0000000a   CHAR_MECA                  8.05             56             76
    0000000b   FONCTION_SDASTER           0.00              3              3
    0000000c   LISTR8_SDASTER             0.00              6              6
    0000000d   LIST_INST                  0.00              8              8
    0000000e   EVOL_NOLI                110.23            106            137
    &FOZERO                               0.00              2              2
    &&_NUM_C                              0.00              1              1
    &CATA                                37.45             42            103
    &&NMDOME                              0.00              2              2
    0000000f                              0.11              2             14
 (*) sous-objets non accessible directement
 ---------------------------------------------------------------------------
Nom de la base                          :  GLOBALE
     Nombre d'enregistrements utilisés       :  371
     Nombre d'enregistrements maximum        :  2684354
     Nombre d'enregistrements par fichier    :  15728
     Longueur d'enregistrement (octets)      :  819200
     Nombre total d'accès en lecture         :  78
     Volume des accès en lecture             :         60.94 Mo.
     Nombre total d'accès en écriture        :  593
     Volume des accès en écriture            :        463.28 Mo.
     Nombre d'identificateurs utilisés       :  631
     Taille maximum du répertoire            :  2000
     Pourcentage d'utilisation du répertoire :  31 %

Nom de la base                          :  VOLATILE
     Nombre d'enregistrements utilisés       :  511
     Nombre d'enregistrements maximum        :  2684354
     Nombre d'enregistrements par fichier    :  15728
     Longueur d'enregistrement (octets)      :  819200
     Nombre total d'accès en lecture         :  672
     Volume des accès en lecture             :        525.00 Mo.
     Nombre total d'accès en écriture        :  3255
     Volume des accès en écriture            :       2542.97 Mo.
     Nombre d'identificateurs utilisés       :  1059
     Taille maximum du répertoire            :  2000
     Pourcentage d'utilisation du répertoire :  52 %

<I> <FIN> ARRET NORMAL DANS "FIN" PAR APPEL A "JEFINI".
  
 <I> <FIN> MEMOIRE JEVEUX MINIMALE REQUISE POUR L'EXECUTION :                     639.78 Mo
 <I> <FIN> MEMOIRE JEVEUX OPTIMALE REQUISE POUR L'EXECUTION :                    2211.79 Mo
 <I> <FIN> MAXIMUM DE MEMOIRE UTILISEE PAR LE PROCESSUS LORS DE L'EXECUTION :    5040.67 Mo
  
 <I>       FERMETURE DES BASES EFFECTUEE
  
   STATISTIQUES CONCERNANT L'ALLOCATION DYNAMIQUE :
     TAILLE CUMULEE MAXIMUM            :                 2212  Mo.
     TAILLE CUMULEE LIBEREE            :                 2536  Mo.
     NOMBRE TOTAL D'ALLOCATIONS        :              3274905
     NOMBRE TOTAL DE LIBERATIONS       :              3274885
     APPELS AU MECANISME DE LIBERATION :                    0
     TAILLE MEMOIRE CUMULEE RECUPEREE  :                 2844  Mo.
     VOLUME DES LECTURES               :                    0  Mo.
     VOLUME DES ECRITURES              :                 2322  Mo.
  
   MEMOIRE JEVEUX MINIMALE REQUISE POUR L'EXECUTION :     639.78 Mo
     - IMPOSE DE NOMBREUX ACCES DISQUE
     - RALENTIT LA VITESSE D'EXECUTION
   MEMOIRE JEVEUX OPTIMALE REQUISE POUR L'EXECUTION :    2211.79 Mo
     - LIMITE LES ACCES DISQUE
     - AMELIORE LA VITESSE D'EXECUTION
   MAXIMUM DE MEMOIRE UTILISEE PAR LE PROCESSUS     :    5040.67 Mo
     - COMPREND LA MEMOIRE CONSOMMEE PAR  JEVEUX, 
       LE SUPERVISEUR PYTHON, LES LIBRAIRIES EXTERNES
  
 <I>       FIN D'EXECUTION LE : SA-26-SEPT-2026 16:51:35
Signature of pickled file   : b059c153bb0429d3fc5535a8f4a2e7f7af5b1da6ea965ff7e825d27f6178ccba
Signature of info file      : d28609a40e64d85a36b6330bc32d7d8f6c5c15c0623eaca4ed196a7e0fe7f5b7
Signature of Jeveux database: 8410996a7885e2a7f175a0d7aa4d9d93413bc9556b8bf6af269299a3eef12d10

 ********************************************************************************
 * COMMAND                  :       USER :     SYSTEM :   USER+SYS :    ELAPSED *
 ********************************************************************************
 * DEBUT                    :       0.06 :       2.31 :       2.37 :       2.38 *
 * LIRE_MAILLAGE            :       0.96 :       1.83 :       2.79 :       2.80 *
 * DEFI_GROUP               :       0.02 :       0.00 :       0.02 :       0.01 *
 * AFFE_MODELE              :       0.39 :       0.01 :       0.40 :       0.41 *
 * DEFI_MATER_GC            :       0.02 :       0.00 :       0.02 :       0.01 *
 * DEFI_MATER_GC            :       0.00 :       0.00 :       0.00 :       0.01 *
 * DEFI_MATERIAU            :       0.01 :       0.00 :       0.01 :       0.00 *
 * DEFI_MATERIAU            :       0.00 :       0.00 :       0.00 :       0.01 *
 * DEFI_MATERIAU            :       0.00 :       0.00 :       0.00 :       0.00 *
 * AFFE_MATERIAU            :       0.01 :       0.00 :       0.01 :       0.01 *
 * AFFE_CHAR_MECA           :       0.07 :       0.00 :       0.07 :       0.08 *
 * AFFE_CHAR_MECA           :       0.01 :       0.00 :       0.01 :       0.01 *
 * DEFI_FONCTION            :       0.01 :       0.00 :       0.01 :       0.00 *
 * DEFI_LIST_REEL           :       0.00 :       0.00 :       0.00 :       0.01 *
 * DEFI_LIST_INST           :       0.00 :       0.00 :       0.00 :       0.01 *
 * STAT_NON_LINE            :     974.62 :     385.96 :    1360.58 :    1170.64 *
 * CALC_CHAMP               :       0.65 :       0.00 :       0.65 :       0.65 *
 * POST_RELEVE_T            :       0.01 :       0.00 :       0.01 :       0.01 *
 * POST_RELEVE_T            :       0.00 :       0.00 :       0.00 :       0.00 *
 * DETRUIRE                 :       0.09 :       0.00 :       0.09 :       0.09 *
 * FIN                      :       0.18 :       0.22 :       0.40 :       0.40 *
 *  . sdveri                :       0.00 :       0.00 :       0.00 :       0.00 *
 *  . check syntax          :       0.16 :       0.00 :       0.16 :       0.18 *
 *  . fortran               :     975.86 :     388.49 :    1364.35 :    1174.41 *
 *  . cleanup               :       0.01 :       0.00 :       0.01 :       0.00 *
 ********************************************************************************
 * TOTAL_JOB                :     977.28 :     390.36 :    1367.64 :    1177.74 *
 ********************************************************************************

# Mémoire (Mo) :  5040.67 /   922.41 /  2211.79 /   639.78 (VmPeak / VmSize / Optimum / Minimum)
# Fin commande #0023   user+syst:        0.18s (syst:        0.22s, elaps:        0.40s)
# ----------------------------------------------------------------------------------------------

EXECUTION_CODE_ASTER_EXIT_1487=0


saving result databases to 'BASE_PREC'...
execution ended (command file #1): <A>_ALARM
Running: /root/mm/envs/aster/bin/run_aster -w /home/user/aas-corner-fe/wd/v8c50_TV --status-file /root/.tmp_run_aster/run_aster_qvj3ef55/__status__ --no-mpi /root/.tmp_run_aster/run_aster_qvj3ef55/v8c50_TV.1

# ------------------------------------------------------------------------------
Execution of code_aster

# ------------------------------------------------------------------------------
Prepare environment in /home/user/aas-corner-fe/wd/v8c50_TV

# ------------------------------------------------------------------------------
Command file #2 / 20

Content of the file to execute:
# coding=utf-8
# original filename
__file__ = r"/home/user/aas-corner-fe/jobs/v8c50_TV_s01.comm"


# temporarly added for compatibility with code_aster legacy
from math import *

import code_aster
from code_aster.Commands import *
from code_aster import CA

POURSUITE(LANG='EN', PAR_LOT='NON')

LOADS='TV'
CURVE='/home/user/aas-corner-fe/jobs/../results/v8c50_TV.curve'
common=dict(MODELE=model, CHAM_MATER=fmat, EXCIT=(_F(CHARGE=fix), _F(CHARGE=load, FONC_MULT=ramp)),
        COMPORTEMENT=(_F(RELATION='ENDO_FISS_EXP', GROUP_MA=('CONC','HZ')), _F(RELATION='ELAS', GROUP_MA=('STEEL','SLV','HZH'))),
        NEWTON=_F(MATRICE='TANGENTE', REAC_ITER=1),
        CONVERGENCE=_F(RESI_GLOB_RELA=1.E-4, ITER_GLOB_MAXI=30), ARCHIVAGE=_F(PAS_ARCH=1), SOLVEUR=_F(METHODE='MUMPS', GESTION_MEMOIRE='OUT_OF_CORE'))
import os, re
tcur=0.0; peak=0.0; stopped=False
if os.path.exists(CURVE):
    for line in open(CURVE):
        m=re.match(r'CURVE\s+(\S+)\s+(\S+)', line)
        if m:
            tcur=max(tcur, float(m.group(1))); peak=max(peak, float(m.group(2)))
        if line.startswith('STOP'): stopped=True
def reac(res, t):
    r2=CALC_CHAMP(RESULTAT=res, FORCE='REAC_NODA', INST=t)
    vals={}
    for g in ('HEADT','HEADV'):
        try:
            tb=POST_RELEVE_T(ACTION=_F(OPERATION='EXTRACTION', INTITULE='R', RESULTAT=r2, NOM_CHAM='REAC_NODA',
                                       GROUP_NO=g, RESULTANTE='DX', INST=t)).EXTR_TABLE().values()
            vals[g]=-tb['DX'][-1]*2
        except Exception:
            vals[g]=0.
    DETRUIRE(NOM=r2)
    return vals
TARGETS=[0.04]
for tn in TARGETS:
    if stopped or tn <= tcur+1e-9: continue
    try:
        if tcur < 1e-12 and '0'=='1':
            res=STAT_NON_LINE(INCREMENT=_F(LIST_INST=times, INST_FIN=tn), **common)
        else:
            res=STAT_NON_LINE(reuse=res, ETAT_INIT=_F(EVOL_NOLI=res), INCREMENT=_F(LIST_INST=times, INST_FIN=tn), **common)
    except Exception as exc:
        print('AASSTOP at', tcur, exc, flush=True)
        open(CURVE,'a').write('STOP solver %g\n'%tcur); stopped=True; break
    tcur=tn
    v=reac(res, tcur)
    tot=(v['HEADT'] if 'T' in LOADS else 0.)+(v['HEADV'] if 'V' in LOADS else 0.)
    peak=max(peak, tot)
    open(CURVE,'a').write('CURVE %g %g %g %g\n'%(tcur,tot,v['HEADT'],v['HEADV']))
    print('AASCURVE %g %g %g %g'%(tcur,tot,v['HEADT'],v['HEADV']), flush=True)
    if tot < 0.9*peak:
        open(CURVE,'a').write('STOP peak %g\n'%peak); stopped=True; break
FIN()



# ------------------------------------------------------------------------------
Command line #2:
    ulimit -c unlimited ; ulimit -t 25000 ; ( /root/mm/envs/aster/bin/python3 "v8c50_TV_s01.comm.changed.py" --memory 3000.0 --numthreads 1 --tpmax 20000 ; echo $? > _exit_code_ ) 2>&1 | tee -a fort.6
setting '--memory' value to 2700.00 MB (keyword RESERVE_MEMOIRE)
Ouverture en écriture du fichier ./vola.1

<INFO> Démarrage de l'exécution.

                       -- CODE_ASTER -- VERSION : DÉVELOPPEMENT (unstable) --                       
                               Version 18.1.6 modifiée le 14/09/2026                                
                                    révision n/a - branche 'n/a'                                    
                                     Copyright EDF 1991 - 2026                                      
                                                                                                    
                              Exécution du : Sat Sep 26 16:51:37 2026                               
                                       Nom de la machine : vm                                       
                                        Architecture : 64bit                                        
                                    Type de processeur : x86_64                                     
                Système d'exploitation : Linux-6.18.44-fc-v37-x86_64-with-glibc2.39                 
                                  Langue des messages : C (UTF-8)                                   
                                     Version de Python : 3.14.7                                     
                                      Version de NumPy : 2.5.3                                      
                                  Version de MEDCoupling : 9.16.0                                   
                                     Parallélisme MPI : inactif                                     
                                    Parallélisme OpenMP : actif                                     
                              Nombre de processus OpenMP utilisés : 1                               
                                Version de la librairie HDF5 : 2.2.0                                
                                Version de la librairie MED : 4.2.0                                 
                               Version de la librairie MFront : 5.1.0                               
                               Version de la librairie MUMPS : 5.8.2                                
                                  Librairie PETSc : non disponible                                  
                              Version de la librairie SCOTCH : 7.0.11                               

restarting from a previous execution...
/home/user/aas-corner-fe/wd/v8c50_TV/v8c50_TV_s01.comm.changed.py:13: DeprecationWarning: This feature is obsolete, 'PAR_LOT' has been removed.
  POURSUITE(LANG='EN', PAR_LOT='NON')
Valeur initiale du temps CPU maximum =   20000 secondes
  Valeur du temps CPU maximum passé aux commandes =   18000 secondes
  Réserve CPU prévue = 2000 secondes

Ouverture en lecture du fichier ./glob.1

Ajustement de la taille maximale des bases à 2048.00 Go.
    
Nom de la base                          :  GLOBALE
     Créée avec la version                   :  18.01.06
     Nombre d'enregistrements utilisés       :  371
     Nombre d'enregistrements maximum        :  2684354
     Nombre d'enregistrements par fichier    :  15728
     Longueur d'enregistrement (octets)      :  819200
     Nombre d'identificateurs utilisés       :  631
     Taille maximum du répertoire            :  2000
     Pourcentage d'utilisation du répertoire :  31 %

Ouverture en lecture du fichier ./glob.1

Ouverture en écriture du fichier ./vola.1

Fin de lecture (durée  0.000030  s.) 

                      Mémoire limite pour l'allocation dynamique : 3212.06 Mo                       
                         ajouté à l'initialisation du processus : 613.33 Mo                         
                               Limite cible du processus : 3825.39 Mo                               
                         Taille limite des fichiers d'échange : 2048.00 Go                          
pi                       <class 'float'>
e                        <class 'float'>
tau                      <class 'float'>
inf                      <class 'float'>
nan                      <class 'float'>
mesh                     <class 'libaster.Mesh'>
model                    <class 'libaster.Model'>
mat                      <class 'libaster.Material'>
matH                     <class 'libaster.Material'>
matHH                    <class 'libaster.Material'>
stl                      <class 'libaster.Material'>
slvm                     <class 'libaster.Material'>
fmat                     <class 'libaster.MaterialField'>
fix                      <class 'libaster.MechanicalLoadReal'>
grp                      <class 'list'>
load                     <class 'libaster.MechanicalLoadReal'>
ramp                     <class 'libaster.Function'>
steps                    <class 'libaster.ListOfFloats'>
times                    <class 'libaster.TimesList'>
LOADS                    <class 'str'>
CURVE                    <class 'str'>
common                   <class 'dict'>
tcur                     <class 'float'>
peak                     <class 'float'>
stopped                  <class 'bool'>
TARGETS                  <class 'list'>
tn                       <class 'float'>
res                      <class 'libaster.NonLinearResult'>
v                        <class 'dict'>
tot                      <class 'float'>
# Mémoire (Mo) :   709.99 /   709.86 /   257.15 /   257.12 (VmPeak / VmSize / Optimum / Minimum)
# Fin commande #0001   user+syst:        0.15s (syst:        0.18s, elaps:        0.33s)
# ----------------------------------------------------------------------------------------------
/home/user/aas-corner-fe/wd/v8c50_TV/v8c50_TV_s01.comm.changed.py:24: ResourceWarning: unclosed file <_io.TextIOWrapper name='/home/user/aas-corner-fe/jobs/../results/v8c50_TV.curve' mode='r' encoding='UTF-8'>
  for line in open(CURVE):

.. _stg1_txt48
# ----------------------------------------------------------------------------------------------
# Commande #0002 de /home/user/aas-corner-fe/wd/v8c50_TV/v8c50_TV_s01.comm.changed.py, ligne 48
res = STAT_NON_LINE(AFFICHAGE=_F(INFO_RESIDU='NON',
                                 INFO_TEMPS='NON'),
                    ARCHIVAGE=_F(CHAM_EXCLU=('RESI_NOEU', 'RESI_RELA_NOEU'),
                                 PAS_ARCH=1),
                    CHAM_MATER=fmat,
                    COMPORTEMENT=(_F(DEFORMATION='PETIT',
                                     GROUP_MA=('CONC', 'HZ'),
                                     ITER_CPLAN_MAXI=10,
                                     ITER_INTE_MAXI=20,
                                     ITER_INTE_PAS=0,
                                     PARM_THETA=1.0,
                                     REGU_VISC='NON',
                                     RELATION='ENDO_FISS_EXP',
                                     RESI_CPLAN_RELA=1e-06,
                                     RESI_INTE=1e-06),
                                  _F(DEFORMATION='PETIT',
                                     GROUP_MA=('STEEL', 'SLV', 'HZH'),
                                     ITER_CPLAN_MAXI=10,
                                     ITER_INTE_MAXI=20,
                                     ITER_INTE_PAS=0,
                                     PARM_THETA=1.0,
                                     REGU_VISC='NON',
                                     RELATION='ELAS',
                                     RESI_CPLAN_RELA=1e-06,
                                     RESI_INTE=1e-06)),
                    CONVERGENCE=_F(ARRET='OUI',
                                   ITER_GLOB_ELAS=25,
                                   ITER_GLOB_MAXI=30,
                                   RESI_GLOB_RELA=0.0001,
                                   VERIF='TOUT'),
                    ETAT_INIT=_F(EVOL_NOLI=res),
                    EXCIT=(_F(CHARGE='<00000009>',
                              TYPE_CHARGE='FIXE_CSTE'),
                           _F(CHARGE='<0000000a>',
                              FONC_MULT=ramp,
                              TYPE_CHARGE='FIXE_CSTE')),
                    INCREMENT=_F(CRITERE='RELATIF',
                                 INST_FIN=0.04,
                                 INST_INIT=0.02,
                                 LIST_INST=times,
                                 PRECISION=1e-06),
                    MESURE=_F(TABLE='NON'),
                    METHODE='NEWTON',
                    MODELE=model,
                    NEWTON=_F(MATRICE='TANGENTE',
                              MATR_RIGI_SYME='NON',
                              REAC_INCR=1,
                              REAC_ITER=1,
                              REAC_ITER_ELAS=0),
                    SOLVEUR=_F(ACCELERATION='AUTO',
                               ELIM_LAGR='LAGR2',
                               FILTRAGE_MATRICE=-1.0,
                               GESTION_MEMOIRE='OUT_OF_CORE',
                               LOW_RANK_SEUIL=0.0,
                               MATR_DISTRIBUEE='NON',
                               METHODE='MUMPS',
                               MIXER_PRECISION='NON',
                               NB_RHS=1,
                               NPREC=8,
                               PCENT_PIVOT=35,
                               POSTTRAITEMENTS='AUTO',
                               PRETRAITEMENTS='AUTO',
                               REDUCTION_MPI=0,
                               RENUM='AUTO',
                               RESI_RELA=-1.0,
                               STOP_SINGULIER='OUI',
                               TYPE_RESOL='AUTO'),
                    reuse=res)

Liste des comportements

Affecté sur 55722 éléments
Relation                             : ENDO_FISS_EXP
Déformation                          : PETIT
Pas de régularisation visqueuse
Pas de post-traitement à la fin du pas de temps
Nombre total de variables internes   : 9
V1 : ENDO
V2 : INDIENDO
V3 : ENDORIGI
V4 : EPSEXX
V5 : EPSEYY
V6 : EPSEZZ
V7 : EPSEXY
V8 : EPSEXZ
V9 : EPSEYZ
Affecté sur 11610 éléments
Relation                             : ELAS
Déformation                          : PETIT
Pas de régularisation visqueuse
Pas de post-traitement à la fin du pas de temps
Nombre total de variables internes   : 1
V1 : VIDE
Le système linéaire à résoudre a 320729 degrés de liberté:
   - 306517 sont des degrés de liberté physiques
     (ils sont portés par 95117 noeuds du maillage)
   - 14212 sont les couples de paramètres de Lagrange associés
     aux 7106 relations linéaires dualisées.
La matrice est de taille 320729 équations.
  Elle contient 16336706 termes non nuls si elle est symétrique et 32352683 termes non nuls si elle
n'est pas symétrique.
  Soit un taux de remplissage de   0.031 %.
Lecture de l'état initial
L'état initial a été récupéré dans la structure de données résultat de nom <0000000e> pour le numéro
d'ordre 1 et à l'instant  2.000000000000e-02
Le champ <DEPL> est lu dans ETAT_INIT dans la structure de données résultat donné dans la commande.
Le champ <SIEF_ELGA> est lu dans ETAT_INIT dans la structure de données résultat donné dans la
commande.
Le champ <VARI_ELGA> est lu dans ETAT_INIT dans la structure de données résultat donné dans la
commande.
---------------------------------------------------------------------
Instant de calcul:  4.000000000000e-02 - Niveau de découpe: 1

---------------------------------------------------------------------
|     NEWTON     |     RESIDU     |     RESIDU     |     OPTION     |
|    ITERATION   |     RELATIF    |     ABSOLU     |   ASSEMBLAGE   |
|                | RESI_GLOB_RELA | RESI_GLOB_MAXI |(+ TYPE MATRICE)|
---------------------------------------------------------------------

 ╔================================================================================================╗
 ║ <A> <FACTOR_75>                                                                                ║
 ║                                                                                                ║
 ║ Attention, vous avez demandé un calcul OUT_OF_CORE, mais MUMPS estime avoir besoin pour cela   ║
 ║ d'au moins                                                                                     ║
 ║   2580 Mo  alors qu'il n'y a que 1058 Mo de disponible sur ce processeur !                     ║
 ║   Le calcul pourrait donc être ralenti ou s'arrêter pour cette raison.                         ║
 ║                                                                                                ║
 ║   Pour information: mémoire déjà pré-allouée par MUMPS (exécutable, matrice...)= 405 Mo,       ║
 ║                     nombre de systèmes linéaires à factoriser en même temps    = 1.            ║
 ║                                                                                                ║
 ║ Conseils :                                                                                     ║
 ║   La prochaine fois, relancez avec plus de mémoire globale ou avec une option de calcul plus   ║
 ║ économe                                                                                        ║
 ║   (par ordre décroissant d'efficacité):                                                        ║
 ║    - Si le calcul est parallèle, réduisez la consommation MUMPS en augmentant le nombre de     ║
 ║ processeurs,                                                                                   ║
 ║    - Si le calcul est parallèle, réduisez la consommation Aster en activant l'option           ║
 ║ SOLVEUR/MATR_DISTRIBUEE,                                                                       ║
 ║   Ou, plus radicalement:                                                                       ║
 ║    - Utilisez un solveur moins exigeant en mémoire (par exemple: SOLVEUR/METHODE='PETSC' +     ║
 ║ PRECOND='LDLT_SP').                                                                            ║
 ║                                                                                                ║
 ║                                                                                                ║
 ║ Ceci est une alarme. Si vous ne comprenez pas le sens de cette                                 ║
 ║ alarme, vous pouvez obtenir des résultats inattendus !                                         ║
 ╚================================================================================================╝

|     0        X | 4.90579E-02  X | 4.26958E+01    |TANGENTE (NOSYM)|

 ╔================================================================================================╗
 ║ <A> <FACTOR_75>                                                                                ║
 ║                                                                                                ║
 ║ Attention, vous avez demandé un calcul OUT_OF_CORE, mais MUMPS estime avoir besoin pour cela   ║
 ║ d'au moins                                                                                     ║
 ║   2585 Mo  alors qu'il n'y a que 1003 Mo de disponible sur ce processeur !                     ║
 ║   Le calcul pourrait donc être ralenti ou s'arrêter pour cette raison.                         ║
 ║                                                                                                ║
 ║   Pour information: mémoire déjà pré-allouée par MUMPS (exécutable, matrice...)= 410 Mo,       ║
 ║                     nombre de systèmes linéaires à factoriser en même temps    = 1.            ║
 ║                                                                                                ║
 ║ Conseils :                                                                                     ║
 ║   La prochaine fois, relancez avec plus de mémoire globale ou avec une option de calcul plus   ║
 ║ économe                                                                                        ║
 ║   (par ordre décroissant d'efficacité):                                                        ║
 ║    - Si le calcul est parallèle, réduisez la consommation MUMPS en augmentant le nombre de     ║
 ║ processeurs,                                                                                   ║
 ║    - Si le calcul est parallèle, réduisez la consommation Aster en activant l'option           ║
 ║ SOLVEUR/MATR_DISTRIBUEE,                                                                       ║
 ║   Ou, plus radicalement:                                                                       ║
 ║    - Utilisez un solveur moins exigeant en mémoire (par exemple: SOLVEUR/METHODE='PETSC' +     ║
 ║ PRECOND='LDLT_SP').                                                                            ║
 ║                                                                                                ║
 ║                                                                                                ║
 ║ Ceci est une alarme. Si vous ne comprenez pas le sens de cette                                 ║
 ║ alarme, vous pouvez obtenir des résultats inattendus !                                         ║
 ╚================================================================================================╝

|     1        X | 3.58005E-02  X | 2.75947E+01    |TANGENTE (NOSYM)|

 ╔================================================================================================╗
 ║ <A> <FACTOR_75>                                                                                ║
 ║                                                                                                ║
 ║ Attention, vous avez demandé un calcul OUT_OF_CORE, mais MUMPS estime avoir besoin pour cela   ║
 ║ d'au moins                                                                                     ║
 ║   2583 Mo  alors qu'il n'y a que 1004 Mo de disponible sur ce processeur !                     ║
 ║   Le calcul pourrait donc être ralenti ou s'arrêter pour cette raison.                         ║
 ║                                                                                                ║
 ║   Pour information: mémoire déjà pré-allouée par MUMPS (exécutable, matrice...)= 409 Mo,       ║
 ║                     nombre de systèmes linéaires à factoriser en même temps    = 1.            ║
 ║                                                                                                ║
 ║ Conseils :                                                                                     ║
 ║   La prochaine fois, relancez avec plus de mémoire globale ou avec une option de calcul plus   ║
 ║ économe                                                                                        ║
 ║   (par ordre décroissant d'efficacité):                                                        ║
 ║    - Si le calcul est parallèle, réduisez la consommation MUMPS en augmentant le nombre de     ║
 ║ processeurs,                                                                                   ║
 ║    - Si le calcul est parallèle, réduisez la consommation Aster en activant l'option           ║
 ║ SOLVEUR/MATR_DISTRIBUEE,                                                                       ║
 ║   Ou, plus radicalement:                                                                       ║
 ║    - Utilisez un solveur moins exigeant en mémoire (par exemple: SOLVEUR/METHODE='PETSC' +     ║
 ║ PRECOND='LDLT_SP').                                                                            ║
 ║                                                                                                ║
 ║                                                                                                ║
 ║ Ceci est une alarme. Si vous ne comprenez pas le sens de cette                                 ║
 ║ alarme, vous pouvez obtenir des résultats inattendus !                                         ║
 ╚================================================================================================╝

|     2        X | 1.54334E-02  X | 1.15492E+01    |TANGENTE (NOSYM)|

 ╔================================================================================================╗
 ║ <A> <FACTOR_75>                                                                                ║
 ║                                                                                                ║
 ║ Attention, vous avez demandé un calcul OUT_OF_CORE, mais MUMPS estime avoir besoin pour cela   ║
 ║ d'au moins                                                                                     ║
 ║   2583 Mo  alors qu'il n'y a que 1003 Mo de disponible sur ce processeur !                     ║
 ║   Le calcul pourrait donc être ralenti ou s'arrêter pour cette raison.                         ║
 ║                                                                                                ║
 ║   Pour information: mémoire déjà pré-allouée par MUMPS (exécutable, matrice...)= 409 Mo,       ║
 ║                     nombre de systèmes linéaires à factoriser en même temps    = 1.            ║
 ║                                                                                                ║
 ║ Conseils :                                                                                     ║
 ║   La prochaine fois, relancez avec plus de mémoire globale ou avec une option de calcul plus   ║
 ║ économe                                                                                        ║
 ║   (par ordre décroissant d'efficacité):                                                        ║
 ║    - Si le calcul est parallèle, réduisez la consommation MUMPS en augmentant le nombre de     ║
 ║ processeurs,                                                                                   ║
 ║    - Si le calcul est parallèle, réduisez la consommation Aster en activant l'option           ║
 ║ SOLVEUR/MATR_DISTRIBUEE,                                                                       ║
 ║   Ou, plus radicalement:                                                                       ║
 ║    - Utilisez un solveur moins exigeant en mémoire (par exemple: SOLVEUR/METHODE='PETSC' +     ║
 ║ PRECOND='LDLT_SP').                                                                            ║
 ║                                                                                                ║
 ║                                                                                                ║
 ║ Ceci est une alarme. Si vous ne comprenez pas le sens de cette                                 ║
 ║ alarme, vous pouvez obtenir des résultats inattendus !                                         ║
 ╚================================================================================================╝

|     3        X | 1.16180E-02  X | 8.65931E+00    |TANGENTE (NOSYM)|

 ╔================================================================================================╗
 ║ <A> <FACTOR_75>                                                                                ║
 ║                                                                                                ║
 ║ Attention, vous avez demandé un calcul OUT_OF_CORE, mais MUMPS estime avoir besoin pour cela   ║
 ║ d'au moins                                                                                     ║
 ║   2583 Mo  alors qu'il n'y a que 1003 Mo de disponible sur ce processeur !                     ║
 ║   Le calcul pourrait donc être ralenti ou s'arrêter pour cette raison.                         ║
 ║                                                                                                ║
 ║   Pour information: mémoire déjà pré-allouée par MUMPS (exécutable, matrice...)= 409 Mo,       ║
 ║                     nombre de systèmes linéaires à factoriser en même temps    = 1.            ║
 ║                                                                                                ║
 ║ Conseils :                                                                                     ║
 ║   La prochaine fois, relancez avec plus de mémoire globale ou avec une option de calcul plus   ║
 ║ économe                                                                                        ║
 ║   (par ordre décroissant d'efficacité):                                                        ║
 ║    - Si le calcul est parallèle, réduisez la consommation MUMPS en augmentant le nombre de     ║
 ║ processeurs,                                                                                   ║
 ║    - Si le calcul est parallèle, réduisez la consommation Aster en activant l'option           ║
 ║ SOLVEUR/MATR_DISTRIBUEE,                                                                       ║
 ║   Ou, plus radicalement:                                                                       ║
 ║    - Utilisez un solveur moins exigeant en mémoire (par exemple: SOLVEUR/METHODE='PETSC' +     ║
 ║ PRECOND='LDLT_SP').                                                                            ║
 ║                                                                                                ║
 ║                                                                                                ║
 ║ Ceci est une alarme. Si vous ne comprenez pas le sens de cette                                 ║
 ║ alarme, vous pouvez obtenir des résultats inattendus !                                         ║
 ╚================================================================================================╝


 ╔================================================================================================╗
 ║ <A> <CATAMESS_41>                                                                              ║
 ║                                                                                                ║
 ║ Le message d'alarme 'FACTOR_75' a été émis 5 fois, il ne sera plus affiché.                    ║
 ║                                                                                                ║
 ║                                                                                                ║
 ║ Ceci est une alarme. Si vous ne comprenez pas le sens de cette                                 ║
 ║ alarme, vous pouvez obtenir des résultats inattendus !                                         ║
 ╚================================================================================================╝

|     4        X | 3.47384E-03  X | 2.59410E+00    |TANGENTE (NOSYM)|
|     5        X | 6.87543E-04  X | 5.13692E-01    |TANGENTE (NOSYM)|
|     6          | 4.24704E-06    | 3.17330E-03    |TANGENTE (NOSYM)|
---------------------------------------------------------------------
Critère(s) de convergence atteint(s)

Le résidu de type <RESI_GLOB_RELA> vaut  4.247043234933e-06 au noeud et degré de liberté <11294  
DX>
Temps CPU consommé dans ce pas de temps    : 14 min 53 s

* Nombre d'itérations de Newton                     : 7
* Temps total intégration comportement              : 29.005 s (8 intégrations)
* Temps total factorisation matrice                 : 13 min 21 s (7 factorisations)
* Temps construction second membre                  : 0.479 s
* Temps total résolution K.U=F                      : 17.215 s (7 résolutions)
* Temps assemblage matrice                          : 0.000 s
* Temps autres opérations                           : 46.072 s
Mémoire (Mo) :  4998.63 /  2446.13 /  2226.51 /   719.54 (VmPeak / VmSize / Optimum / Minimum)

Archivage des champs

Champ stocké <DEPL> à l'instant  4.000000000000e-02 pour le numéro d'ordre 2
Champ stocké <SIEF_ELGA> à l'instant  4.000000000000e-02 pour le numéro d'ordre 2
Champ stocké <VARI_ELGA> à l'instant  4.000000000000e-02 pour le numéro d'ordre 2
Champ stocké <COMPORTEMENT> à l'instant  4.000000000000e-02 pour le numéro d'ordre 2
[100%] Instant calculé : 4.00000e-02, seul l'instant initial a été archivé
Temps CPU consommé dans le calcul          : 14 min 54 s

dont temps CPU "perdu" dans les découpes            : 0.000 s
* Nombre de pas de temps                            : 1
* Nombre d'itérations de Newton                     : 7
* Temps dans l'archivage                            : 0.032 s
* Temps dans le post-traitement                     : 0.000 s
* Temps total intégration comportement              : 29.005 s (8 intégrations)
* Temps total factorisation matrice                 : 13 min 21 s (7 factorisations)
* Temps construction second membre                  : 0.479 s
* Temps total résolution K.U=F                      : 17.215 s (7 résolutions)
* Temps assemblage matrice                          : 0.000 s
#1      Resolution des systemes lineaires                 CPU (USER+SYST/SYST/ELAPS):    977.92    301.55    820.79
#2      Calculs elementaires et assemblages               CPU (USER+SYST/SYST/ELAPS):     70.85      4.50     71.32
# Résultat commande #0002 (STAT_NON_LINE): res ('<0000000e>') de type <NonLinearResult>
# Mémoire (Mo) :  4998.63 /  1240.20 /  2226.51 /   719.54 (VmPeak / VmSize / Optimum / Minimum)
# Fin commande #0002   user+syst:      749.78s (syst:      309.51s, elaps:      902.73s)
# ----------------------------------------------------------------------------------------------

.. _stg1_txt184
# ----------------------------------------------------------------------------------------------
# Commande #0003 de
/root/mm/envs/aster/lib/python3.14/site-packages/code_aster/Supervis/ExecuteCommand.py, ligne 184
CALC_CHAMP(CRITERE='RELATIF',
           FORCE='REAC_NODA',
           INFO=1,
           INST=0.04,
           PARALLELISME_TEMPS='NON',
           PRECISION=1e-06,
           RESULTAT=res)

Le système linéaire à résoudre a 320729 degrés de liberté:
   - 306517 sont des degrés de liberté physiques
     (ils sont portés par 95117 noeuds du maillage)
   - 14212 sont les couples de paramètres de Lagrange associés
     aux 7106 relations linéaires dualisées.
#2      Calculs elementaires et assemblages               CPU (USER+SYST/SYST/ELAPS):      0.39      0.00      0.39
# Résultat commande #0003 (CALC_CHAMP): '<00000012>' de type <NonLinearResult>
# Dépend de :
# - model ('<00000002>') de type <Model>
# - fmat ('<00000008>') de type <MaterialField>
# Mémoire (Mo) :  4998.63 /  1240.20 /  2226.51 /   719.54 (VmPeak / VmSize / Optimum / Minimum)
# Fin commande #0003   user+syst:        0.62s (syst:        0.01s, elaps:        0.63s)
# ----------------------------------------------------------------------------------------------

.. _stg1_txt34
# ----------------------------------------------------------------------------------------------
# Commande #0004 de /home/user/aas-corner-fe/wd/v8c50_TV/v8c50_TV_s01.comm.changed.py, ligne 34
tb = POST_RELEVE_T(ACTION=_F(CRITERE='RELATIF',
                             FORMAT_C='MODULE',
                             GROUP_NO='HEADT',
                             INST=0.04,
                             INTITULE='R',
                             MOYE_NOEUD='OUI',
                             NOM_CHAM='REAC_NODA',
                             OPERATION='EXTRACTION',
                             PRECISION=1e-06,
                             REPERE='GLOBAL',
                             RESULTANTE='DX',
                             RESULTAT=r2),
                   INFO=1)

# Résultat commande #0004 (POST_RELEVE_T): tb ('<00000013>') de type <Table>
# Mémoire (Mo) :  4998.63 /  1240.20 /  2226.51 /   719.54 (VmPeak / VmSize / Optimum / Minimum)
# Fin commande #0004   user+syst:        0.00s (syst:        0.00s, elaps:        0.00s)
# ----------------------------------------------------------------------------------------------

.. _stg1_txt34
# ----------------------------------------------------------------------------------------------
# Commande #0005 de /home/user/aas-corner-fe/wd/v8c50_TV/v8c50_TV_s01.comm.changed.py, ligne 34
tb = POST_RELEVE_T(ACTION=_F(CRITERE='RELATIF',
                             FORMAT_C='MODULE',
                             GROUP_NO='HEADV',
                             INST=0.04,
                             INTITULE='R',
                             MOYE_NOEUD='OUI',
                             NOM_CHAM='REAC_NODA',
                             OPERATION='EXTRACTION',
                             PRECISION=1e-06,
                             REPERE='GLOBAL',
                             RESULTANTE='DX',
                             RESULTAT=r2),
                   INFO=1)

# Résultat commande #0005 (POST_RELEVE_T): tb ('<00000014>') de type <Table>
# Mémoire (Mo) :  4998.63 /  1240.20 /  2226.51 /   719.54 (VmPeak / VmSize / Optimum / Minimum)
# Fin commande #0005   user+syst:        0.01s (syst:        0.00s, elaps:        0.01s)
# ----------------------------------------------------------------------------------------------

.. _stg1_txt39
# ----------------------------------------------------------------------------------------------
# Commande #0006 de /home/user/aas-corner-fe/wd/v8c50_TV/v8c50_TV_s01.comm.changed.py, ligne 39
DETRUIRE(INFO=1,
         NOM=r2)

# Mémoire (Mo) :  4998.63 /  1240.20 /  2226.51 /   719.54 (VmPeak / VmSize / Optimum / Minimum)
# Fin commande #0006   user+syst:        0.10s (syst:        0.00s, elaps:        0.10s)
# ----------------------------------------------------------------------------------------------
/home/user/aas-corner-fe/wd/v8c50_TV/v8c50_TV_s01.comm.changed.py:56: ResourceWarning: unclosed file <_io.TextIOWrapper name='/home/user/aas-corner-fe/jobs/../results/v8c50_TV.curve' mode='a' encoding='UTF-8'>
  open(CURVE,'a').write('CURVE %g %g %g %g\n'%(tcur,tot,v['HEADT'],v['HEADV']))
AASCURVE 0.04 21713.1 13643.8 8069.37

.. _stg1_txt76
# ----------------------------------------------------------------------------------------------
# Commande #0007 de /root/mm/envs/aster/lib/python3.14/site-packages/code_aster/CodeCommands/fin.py,
ligne 76
FIN(INFO_RESU='NON',
    RETASSAGE='NON')

Saving objects...
pi                       <class 'float'>
e                        <class 'float'>
tau                      <class 'float'>
inf                      <class 'float'>
nan                      <class 'float'>
mesh                     <class 'libaster.Mesh'>
model                    <class 'libaster.Model'>
mat                      <class 'libaster.Material'>
matH                     <class 'libaster.Material'>
matHH                    <class 'libaster.Material'>
stl                      <class 'libaster.Material'>
slvm                     <class 'libaster.Material'>
fmat                     <class 'libaster.MaterialField'>
fix                      <class 'libaster.MechanicalLoadReal'>
grp                      <class 'list'>
load                     <class 'libaster.MechanicalLoadReal'>
ramp                     <class 'libaster.Function'>
steps                    <class 'libaster.ListOfFloats'>
times                    <class 'libaster.TimesList'>
LOADS                    <class 'str'>
CURVE                    <class 'str'>
common                   <class 'dict'>
tcur                     <class 'float'>
peak                     <class 'float'>
stopped                  <class 'bool'>
TARGETS                  <class 'list'>
tn                       <class 'float'>
res                      <class 'libaster.NonLinearResult'>
v                        <class 'dict'>
tot                      <class 'float'>
line                     <class 'str'>

 ╔================================================================================================╗
 ║ <I> <CATAMESS_89>                                                                              ║
 ║                                                                                                ║
 ║ Liste des alarmes émises lors de l'exécution du calcul.                                        ║
 ║                                                                                                ║
 ║     Les alarmes que vous avez choisies d'ignorer sont précédées de (*).                        ║
 ║     Nombre d'occurrences pour chacune des alarmes :                                            ║
 ║            FACTOR_75            émise    7 fois                                                ║
 ╚================================================================================================╝

 ---------------------------------------------------------------------------
 Concepts de la base: G
    Nom        Type                Taille (Mo)         Nombre      Nombre de
                                                     d'objets       segments
    TOTAL                               256.20            414            621
  
    00000001   MAILLAGE_SDASTER          10.23             34             70
    00000002   MODELE_SDASTER            10.12             11             16
    00000003   MATER_SDASTER              0.00             15             15
    00000004   MATER_SDASTER              0.00             15             15
    00000005   MATER_SDASTER              0.00              7              7
    00000006   MATER_SDASTER              0.00              7              7
    00000007   MATER_SDASTER              0.00              7              7
    00000008   CHAM_MATER                 0.71              8             13
    00000009   CHAR_MECA                 11.23             56             76
    0000000a   CHAR_MECA                  8.05             56             76
    0000000b   FONCTION_SDASTER           0.00              3              3
    0000000c   LISTR8_SDASTER             0.00              6              6
    0000000d   LIST_INST                  0.00              8              8
    0000000e   EVOL_NOLI                154.76            127            163
    &FOZERO                               0.00              2              2
    &&_NUM_C                              0.00              1              1
    &CATA                                37.45             42            103
    &&NMDOME                              0.00              2              2
    0000000f                              0.11              2             14
    &&NMCH1P                             23.42              3              3
    00000012                              0.11              2             14
 (*) sous-objets non accessible directement
 ---------------------------------------------------------------------------
Nom de la base                          :  GLOBALE
     Nombre d'enregistrements utilisés       :  464
     Nombre d'enregistrements maximum        :  2684354
     Nombre d'enregistrements par fichier    :  15728
     Longueur d'enregistrement (octets)      :  819200
     Nombre total d'accès en lecture         :  483
     Volume des accès en lecture             :        377.34 Mo.
     Nombre total d'accès en écriture        :  318
     Volume des accès en écriture            :        248.44 Mo.
     Nombre d'identificateurs utilisés       :  727
     Taille maximum du répertoire            :  2000
     Pourcentage d'utilisation du répertoire :  36 %

Nom de la base                          :  VOLATILE
     Nombre d'enregistrements utilisés       :  511
     Nombre d'enregistrements maximum        :  2684354
     Nombre d'enregistrements par fichier    :  15728
     Longueur d'enregistrement (octets)      :  819200
     Nombre total d'accès en lecture         :  504
     Volume des accès en lecture             :        393.75 Mo.
     Nombre total d'accès en écriture        :  2615
     Volume des accès en écriture            :       2042.97 Mo.
     Nombre d'identificateurs utilisés       :  999
     Taille maximum du répertoire            :  2000
     Pourcentage d'utilisation du répertoire :  49 %

<I> <FIN> ARRET NORMAL DANS "FIN" PAR APPEL A "JEFINI".
  
 <I> <FIN> MEMOIRE JEVEUX MINIMALE REQUISE POUR L'EXECUTION :                     719.54 Mo
 <I> <FIN> MEMOIRE JEVEUX OPTIMALE REQUISE POUR L'EXECUTION :                    2226.51 Mo
 <I> <FIN> MAXIMUM DE MEMOIRE UTILISEE PAR LE PROCESSUS LORS DE L'EXECUTION :    4998.63 Mo
  
 <I>       FERMETURE DES BASES EFFECTUEE
  
   STATISTIQUES CONCERNANT L'ALLOCATION DYNAMIQUE :
     TAILLE CUMULEE MAXIMUM            :                 2227  Mo.
     TAILLE CUMULEE LIBEREE            :                 2075  Mo.
     NOMBRE TOTAL D'ALLOCATIONS        :              2280981
     NOMBRE TOTAL DE LIBERATIONS       :              2280981
     APPELS AU MECANISME DE LIBERATION :                    0
     TAILLE MEMOIRE CUMULEE RECUPEREE  :                 2212  Mo.
     VOLUME DES LECTURES               :                    0  Mo.
     VOLUME DES ECRITURES              :                 1816  Mo.
  
   MEMOIRE JEVEUX MINIMALE REQUISE POUR L'EXECUTION :     719.54 Mo
     - IMPOSE DE NOMBREUX ACCES DISQUE
     - RALENTIT LA VITESSE D'EXECUTION
   MEMOIRE JEVEUX OPTIMALE REQUISE POUR L'EXECUTION :    2226.51 Mo
     - LIMITE LES ACCES DISQUE
     - AMELIORE LA VITESSE D'EXECUTION
   MAXIMUM DE MEMOIRE UTILISEE PAR LE PROCESSUS     :    4998.63 Mo
     - COMPREND LA MEMOIRE CONSOMMEE PAR  JEVEUX, 
       LE SUPERVISEUR PYTHON, LES LIBRAIRIES EXTERNES
  
 <I>       FIN D'EXECUTION LE : SA-26-SEPT-2026 17:06:41
Signature of pickled file   : 1994c5b40c0fd168d93ba1c19cc214e99226f59e18f22f40b6a8fd8c9a3bebcf
Signature of info file      : f6689dee8c6c45f895c8f6ad7feaf633e27208987e10d7e6269090618ffbcde4
Signature of Jeveux database: b478f1ee22d808c99919c841e2da0dec5b7e3283269dd9387c2ac7d2e3548fad

 ********************************************************************************
 * COMMAND                  :       USER :     SYSTEM :   USER+SYS :    ELAPSED *
 ********************************************************************************
 * DEBUT                    :       0.15 :       0.18 :       0.33 :       0.33 *
 * STAT_NON_LINE            :     749.78 :     309.51 :    1059.29 :     902.73 *
 * CALC_CHAMP               :       0.62 :       0.01 :       0.63 :       0.63 *
 * POST_RELEVE_T            :       0.00 :       0.00 :       0.00 :       0.00 *
 * POST_RELEVE_T            :       0.01 :       0.00 :       0.01 :       0.01 *
 * DETRUIRE                 :       0.10 :       0.00 :       0.10 :       0.10 *
 * FIN                      :       0.17 :       0.19 :       0.36 :       0.38 *
 *  . sdveri                :       0.00 :       0.00 :       0.00 :       0.00 *
 *  . cleanup               :       0.00 :       0.00 :       0.00 :       0.00 *
 *  . check syntax          :       0.03 :       0.00 :       0.03 :       0.02 *
 *  . fortran               :     750.69 :     309.89 :    1060.58 :     904.04 *
 ********************************************************************************
 * TOTAL_JOB                :     750.98 :     309.91 :    1060.89 :     904.35 *
 ********************************************************************************

# Mémoire (Mo) :  4998.63 /   854.39 /  2226.51 /   719.54 (VmPeak / VmSize / Optimum / Minimum)
# Fin commande #0007   user+syst:        0.17s (syst:        0.19s, elaps:        0.38s)
# ----------------------------------------------------------------------------------------------

EXECUTION_CODE_ASTER_EXIT_1948=0


saving result databases to 'BASE_PREC'...
execution ended (command file #2): <A>_ALARM
Running: /root/mm/envs/aster/bin/run_aster -w /home/user/aas-corner-fe/wd/v8c50_TV --status-file /root/.tmp_run_aster/run_aster_qvj3ef55/__status__ --no-mpi /root/.tmp_run_aster/run_aster_qvj3ef55/v8c50_TV.2

# ------------------------------------------------------------------------------
Execution of code_aster

# ------------------------------------------------------------------------------
Prepare environment in /home/user/aas-corner-fe/wd/v8c50_TV

# ------------------------------------------------------------------------------
Command file #3 / 20

Content of the file to execute:
# coding=utf-8
# original filename
__file__ = r"/home/user/aas-corner-fe/jobs/v8c50_TV_s02.comm"


# temporarly added for compatibility with code_aster legacy
from math import *

import code_aster
from code_aster.Commands import *
from code_aster import CA

POURSUITE(LANG='EN', PAR_LOT='NON')

LOADS='TV'
CURVE='/home/user/aas-corner-fe/jobs/../results/v8c50_TV.curve'
common=dict(MODELE=model, CHAM_MATER=fmat, EXCIT=(_F(CHARGE=fix), _F(CHARGE=load, FONC_MULT=ramp)),
        COMPORTEMENT=(_F(RELATION='ENDO_FISS_EXP', GROUP_MA=('CONC','HZ')), _F(RELATION='ELAS', GROUP_MA=('STEEL','SLV','HZH'))),
        NEWTON=_F(MATRICE='TANGENTE', REAC_ITER=1),
        CONVERGENCE=_F(RESI_GLOB_RELA=1.E-4, ITER_GLOB_MAXI=30), ARCHIVAGE=_F(PAS_ARCH=1), SOLVEUR=_F(METHODE='MUMPS', GESTION_MEMOIRE='OUT_OF_CORE'))
import os, re
tcur=0.0; peak=0.0; stopped=False
if os.path.exists(CURVE):
    for line in open(CURVE):
        m=re.match(r'CURVE\s+(\S+)\s+(\S+)', line)
        if m:
            tcur=max(tcur, float(m.group(1))); peak=max(peak, float(m.group(2)))
        if line.startswith('STOP'): stopped=True
def reac(res, t):
    r2=CALC_CHAMP(RESULTAT=res, FORCE='REAC_NODA', INST=t)
    vals={}
    for g in ('HEADT','HEADV'):
        try:
            tb=POST_RELEVE_T(ACTION=_F(OPERATION='EXTRACTION', INTITULE='R', RESULTAT=r2, NOM_CHAM='REAC_NODA',
                                       GROUP_NO=g, RESULTANTE='DX', INST=t)).EXTR_TABLE().values()
            vals[g]=-tb['DX'][-1]*2
        except Exception:
            vals[g]=0.
    DETRUIRE(NOM=r2)
    return vals
TARGETS=[0.06]
for tn in TARGETS:
    if stopped or tn <= tcur+1e-9: continue
    try:
        if tcur < 1e-12 and '0'=='1':
            res=STAT_NON_LINE(INCREMENT=_F(LIST_INST=times, INST_FIN=tn), **common)
        else:
            res=STAT_NON_LINE(reuse=res, ETAT_INIT=_F(EVOL_NOLI=res), INCREMENT=_F(LIST_INST=times, INST_FIN=tn), **common)
    except Exception as exc:
        print('AASSTOP at', tcur, exc, flush=True)
        open(CURVE,'a').write('STOP solver %g\n'%tcur); stopped=True; break
    tcur=tn
    v=reac(res, tcur)
    tot=(v['HEADT'] if 'T' in LOADS else 0.)+(v['HEADV'] if 'V' in LOADS else 0.)
    peak=max(peak, tot)
    open(CURVE,'a').write('CURVE %g %g %g %g\n'%(tcur,tot,v['HEADT'],v['HEADV']))
    print('AASCURVE %g %g %g %g'%(tcur,tot,v['HEADT'],v['HEADV']), flush=True)
    if tot < 0.9*peak:
        open(CURVE,'a').write('STOP peak %g\n'%peak); stopped=True; break
FIN()



# ------------------------------------------------------------------------------
Command line #3:
    ulimit -c unlimited ; ulimit -t 25000 ; ( /root/mm/envs/aster/bin/python3 "v8c50_TV_s02.comm.changed.py" --memory 3000.0 --numthreads 1 --tpmax 20000 ; echo $? > _exit_code_ ) 2>&1 | tee -a fort.6
setting '--memory' value to 2700.00 MB (keyword RESERVE_MEMOIRE)
Ouverture en écriture du fichier ./vola.1

<INFO> Démarrage de l'exécution.

                       -- CODE_ASTER -- VERSION : DÉVELOPPEMENT (unstable) --                       
                               Version 18.1.6 modifiée le 14/09/2026                                
                                    révision n/a - branche 'n/a'                                    
                                     Copyright EDF 1991 - 2026                                      
                                                                                                    
                              Exécution du : Sat Sep 26 17:06:43 2026                               
                                       Nom de la machine : vm                                       
                                        Architecture : 64bit                                        
                                    Type de processeur : x86_64                                     
                Système d'exploitation : Linux-6.18.44-fc-v37-x86_64-with-glibc2.39                 
                                  Langue des messages : C (UTF-8)                                   
                                     Version de Python : 3.14.7                                     
                                      Version de NumPy : 2.5.3                                      
                                  Version de MEDCoupling : 9.16.0                                   
                                     Parallélisme MPI : inactif                                     
                                    Parallélisme OpenMP : actif                                     
                              Nombre de processus OpenMP utilisés : 1                               
                                Version de la librairie HDF5 : 2.2.0                                
                                Version de la librairie MED : 4.2.0                                 
                               Version de la librairie MFront : 5.1.0                               
                               Version de la librairie MUMPS : 5.8.2                                
                                  Librairie PETSc : non disponible                                  
                              Version de la librairie SCOTCH : 7.0.11                               

restarting from a previous execution...
/home/user/aas-corner-fe/wd/v8c50_TV/v8c50_TV_s02.comm.changed.py:13: DeprecationWarning: This feature is obsolete, 'PAR_LOT' has been removed.
  POURSUITE(LANG='EN', PAR_LOT='NON')
Valeur initiale du temps CPU maximum =   20000 secondes
  Valeur du temps CPU maximum passé aux commandes =   18000 secondes
  Réserve CPU prévue = 2000 secondes

Ouverture en lecture du fichier ./glob.1

Ajustement de la taille maximale des bases à 2048.00 Go.
    
Nom de la base                          :  GLOBALE
     Créée avec la version                   :  18.01.06
     Nombre d'enregistrements utilisés       :  464
     Nombre d'enregistrements maximum        :  2684354
     Nombre d'enregistrements par fichier    :  15728
     Longueur d'enregistrement (octets)      :  819200
     Nombre d'identificateurs utilisés       :  727
     Taille maximum du répertoire            :  2000
     Pourcentage d'utilisation du répertoire :  36 %

Ouverture en lecture du fichier ./glob.1

Ouverture en écriture du fichier ./vola.1

Fin de lecture (durée  0.000032  s.) 

                      Mémoire limite pour l'allocation dynamique : 3212.06 Mo                       
                         ajouté à l'initialisation du processus : 613.33 Mo                         
                               Limite cible du processus : 3825.38 Mo                               
                         Taille limite des fichiers d'échange : 2048.00 Go                          
pi                       <class 'float'>
e                        <class 'float'>
tau                      <class 'float'>
inf                      <class 'float'>
nan                      <class 'float'>
mesh                     <class 'libaster.Mesh'>
model                    <class 'libaster.Model'>
mat                      <class 'libaster.Material'>
matH                     <class 'libaster.Material'>
matHH                    <class 'libaster.Material'>
stl                      <class 'libaster.Material'>
slvm                     <class 'libaster.Material'>
fmat                     <class 'libaster.MaterialField'>
fix                      <class 'libaster.MechanicalLoadReal'>
grp                      <class 'list'>
load                     <class 'libaster.MechanicalLoadReal'>
ramp                     <class 'libaster.Function'>
steps                    <class 'libaster.ListOfFloats'>
times                    <class 'libaster.TimesList'>
LOADS                    <class 'str'>
CURVE                    <class 'str'>
common                   <class 'dict'>
tcur                     <class 'float'>
peak                     <class 'float'>
stopped                  <class 'bool'>
TARGETS                  <class 'list'>
tn                       <class 'float'>
res                      <class 'libaster.NonLinearResult'>
v                        <class 'dict'>
tot                      <class 'float'>
line                     <class 'str'>
# Mémoire (Mo) :   753.79 /   753.66 /   300.83 /   300.80 (VmPeak / VmSize / Optimum / Minimum)
# Fin commande #0001   user+syst:        0.18s (syst:        0.24s, elaps:        0.42s)
# ----------------------------------------------------------------------------------------------
/home/user/aas-corner-fe/wd/v8c50_TV/v8c50_TV_s02.comm.changed.py:24: ResourceWarning: unclosed file <_io.TextIOWrapper name='/home/user/aas-corner-fe/jobs/../results/v8c50_TV.curve' mode='r' encoding='UTF-8'>
  for line in open(CURVE):

.. _stg1_txt48
# ----------------------------------------------------------------------------------------------
# Commande #0002 de /home/user/aas-corner-fe/wd/v8c50_TV/v8c50_TV_s02.comm.changed.py, ligne 48
res = STAT_NON_LINE(AFFICHAGE=_F(INFO_RESIDU='NON',
                                 INFO_TEMPS='NON'),
                    ARCHIVAGE=_F(CHAM_EXCLU=('RESI_NOEU', 'RESI_RELA_NOEU'),
                                 PAS_ARCH=1),
                    CHAM_MATER=fmat,
                    COMPORTEMENT=(_F(DEFORMATION='PETIT',
                                     GROUP_MA=('CONC', 'HZ'),
                                     ITER_CPLAN_MAXI=10,
                                     ITER_INTE_MAXI=20,
                                     ITER_INTE_PAS=0,
                                     PARM_THETA=1.0,
                                     REGU_VISC='NON',
                                     RELATION='ENDO_FISS_EXP',
                                     RESI_CPLAN_RELA=1e-06,
                                     RESI_INTE=1e-06),
                                  _F(DEFORMATION='PETIT',
                                     GROUP_MA=('STEEL', 'SLV', 'HZH'),
                                     ITER_CPLAN_MAXI=10,
                                     ITER_INTE_MAXI=20,
                                     ITER_INTE_PAS=0,
                                     PARM_THETA=1.0,
                                     REGU_VISC='NON',
                                     RELATION='ELAS',
                                     RESI_CPLAN_RELA=1e-06,
                                     RESI_INTE=1e-06)),
                    CONVERGENCE=_F(ARRET='OUI',
                                   ITER_GLOB_ELAS=25,
                                   ITER_GLOB_MAXI=30,
                                   RESI_GLOB_RELA=0.0001,
                                   VERIF='TOUT'),
                    ETAT_INIT=_F(EVOL_NOLI=res),
                    EXCIT=(_F(CHARGE='<00000009>',
                              TYPE_CHARGE='FIXE_CSTE'),
                           _F(CHARGE='<0000000a>',
                              FONC_MULT=ramp,
                              TYPE_CHARGE='FIXE_CSTE')),
                    INCREMENT=_F(CRITERE='RELATIF',
                                 INST_FIN=0.06,
                                 INST_INIT=0.04,
                                 LIST_INST=times,
                                 PRECISION=1e-06),
                    MESURE=_F(TABLE='NON'),
                    METHODE='NEWTON',
                    MODELE=model,
                    NEWTON=_F(MATRICE='TANGENTE',
                              MATR_RIGI_SYME='NON',
                              REAC_INCR=1,
                              REAC_ITER=1,
                              REAC_ITER_ELAS=0),
                    SOLVEUR=_F(ACCELERATION='AUTO',
                               ELIM_LAGR='LAGR2',
                               FILTRAGE_MATRICE=-1.0,
                               GESTION_MEMOIRE='OUT_OF_CORE',
                               LOW_RANK_SEUIL=0.0,
                               MATR_DISTRIBUEE='NON',
                               METHODE='MUMPS',
                               MIXER_PRECISION='NON',
                               NB_RHS=1,
                               NPREC=8,
                               PCENT_PIVOT=35,
                               POSTTRAITEMENTS='AUTO',
                               PRETRAITEMENTS='AUTO',
                               REDUCTION_MPI=0,
                               RENUM='AUTO',
                               RESI_RELA=-1.0,
                               STOP_SINGULIER='OUI',
                               TYPE_RESOL='AUTO'),
                    reuse=res)

Liste des comportements

Affecté sur 55722 éléments
Relation                             : ENDO_FISS_EXP
Déformation                          : PETIT
Pas de régularisation visqueuse
Pas de post-traitement à la fin du pas de temps
Nombre total de variables internes   : 9
V1 : ENDO
V2 : INDIENDO
V3 : ENDORIGI
V4 : EPSEXX
V5 : EPSEYY
V6 : EPSEZZ
V7 : EPSEXY
V8 : EPSEXZ
V9 : EPSEYZ
Affecté sur 11610 éléments
Relation                             : ELAS
Déformation                          : PETIT
Pas de régularisation visqueuse
Pas de post-traitement à la fin du pas de temps
Nombre total de variables internes   : 1
V1 : VIDE
Le système linéaire à résoudre a 320729 degrés de liberté:
   - 306517 sont des degrés de liberté physiques
     (ils sont portés par 95117 noeuds du maillage)
   - 14212 sont les couples de paramètres de Lagrange associés
     aux 7106 relations linéaires dualisées.
La matrice est de taille 320729 équations.
  Elle contient 16336706 termes non nuls si elle est symétrique et 32352683 termes non nuls si elle
n'est pas symétrique.
  Soit un taux de remplissage de   0.031 %.
Lecture de l'état initial
L'état initial a été récupéré dans la structure de données résultat de nom <0000000e> pour le numéro
d'ordre 2 et à l'instant  4.000000000000e-02
Le champ <DEPL> est lu dans ETAT_INIT dans la structure de données résultat donné dans la commande.
Le champ <SIEF_ELGA> est lu dans ETAT_INIT dans la structure de données résultat donné dans la
commande.
Le champ <VARI_ELGA> est lu dans ETAT_INIT dans la structure de données résultat donné dans la
commande.
---------------------------------------------------------------------
Instant de calcul:  6.000000000000e-02 - Niveau de découpe: 1

---------------------------------------------------------------------
|     NEWTON     |     RESIDU     |     RESIDU     |     OPTION     |
|    ITERATION   |     RELATIF    |     ABSOLU     |   ASSEMBLAGE   |
|                | RESI_GLOB_RELA | RESI_GLOB_MAXI |(+ TYPE MATRICE)|
---------------------------------------------------------------------

 ╔================================================================================================╗
 ║ <A> <FACTOR_75>                                                                                ║
 ║                                                                                                ║
 ║ Attention, vous avez demandé un calcul OUT_OF_CORE, mais MUMPS estime avoir besoin pour cela   ║
 ║ d'au moins                                                                                     ║
 ║   2583 Mo  alors qu'il n'y a que 1018 Mo de disponible sur ce processeur !                     ║
 ║   Le calcul pourrait donc être ralenti ou s'arrêter pour cette raison.                         ║
 ║                                                                                                ║
 ║   Pour information: mémoire déjà pré-allouée par MUMPS (exécutable, matrice...)= 409 Mo,       ║
 ║                     nombre de systèmes linéaires à factoriser en même temps    = 1.            ║
 ║                                                                                                ║
 ║ Conseils :                                                                                     ║
 ║   La prochaine fois, relancez avec plus de mémoire globale ou avec une option de calcul plus   ║
 ║ économe                                                                                        ║
 ║   (par ordre décroissant d'efficacité):                                                        ║
 ║    - Si le calcul est parallèle, réduisez la consommation MUMPS en augmentant le nombre de     ║
 ║ processeurs,                                                                                   ║
 ║    - Si le calcul est parallèle, réduisez la consommation Aster en activant l'option           ║
 ║ SOLVEUR/MATR_DISTRIBUEE,                                                                       ║
 ║   Ou, plus radicalement:                                                                       ║
 ║    - Utilisez un solveur moins exigeant en mémoire (par exemple: SOLVEUR/METHODE='PETSC' +     ║
 ║ PRECOND='LDLT_SP').                                                                            ║
 ║                                                                                                ║
 ║                                                                                                ║
 ║ Ceci est une alarme. Si vous ne comprenez pas le sens de cette                                 ║
 ║ alarme, vous pouvez obtenir des résultats inattendus !                                         ║
 ╚================================================================================================╝

|     0        X | 1.16437E-01  X | 1.06236E+02    |TANGENTE (NOSYM)|

 ╔================================================================================================╗
 ║ <A> <FACTOR_75>                                                                                ║
 ║                                                                                                ║
 ║ Attention, vous avez demandé un calcul OUT_OF_CORE, mais MUMPS estime avoir besoin pour cela   ║
 ║ d'au moins                                                                                     ║
 ║   2587 Mo  alors qu'il n'y a que 959 Mo de disponible sur ce processeur !                      ║
 ║   Le calcul pourrait donc être ralenti ou s'arrêter pour cette raison.                         ║
 ║                                                                                                ║
 ║   Pour information: mémoire déjà pré-allouée par MUMPS (exécutable, matrice...)= 413 Mo,       ║
 ║                     nombre de systèmes linéaires à factoriser en même temps    = 1.            ║
 ║                                                                                                ║
 ║ Conseils :                                                                                     ║
 ║   La prochaine fois, relancez avec plus de mémoire globale ou avec une option de calcul plus   ║
 ║ économe                                                                                        ║
 ║   (par ordre décroissant d'efficacité):                                                        ║
 ║    - Si le calcul est parallèle, réduisez la consommation MUMPS en augmentant le nombre de     ║
 ║ processeurs,                                                                                   ║
 ║    - Si le calcul est parallèle, réduisez la consommation Aster en activant l'option           ║
 ║ SOLVEUR/MATR_DISTRIBUEE,                                                                       ║
 ║   Ou, plus radicalement:                                                                       ║
 ║    - Utilisez un solveur moins exigeant en mémoire (par exemple: SOLVEUR/METHODE='PETSC' +     ║
 ║ PRECOND='LDLT_SP').                                                                            ║
 ║                                                                                                ║
 ║                                                                                                ║
 ║ Ceci est une alarme. Si vous ne comprenez pas le sens de cette                                 ║
 ║ alarme, vous pouvez obtenir des résultats inattendus !                                         ║
 ╚================================================================================================╝

|     1        X | 2.84777E-02  X | 2.47296E+01    |TANGENTE (NOSYM)|

 ╔================================================================================================╗
 ║ <A> <FACTOR_75>                                                                                ║
 ║                                                                                                ║
 ║ Attention, vous avez demandé un calcul OUT_OF_CORE, mais MUMPS estime avoir besoin pour cela   ║
 ║ d'au moins                                                                                     ║
 ║   2586 Mo  alors qu'il n'y a que 959 Mo de disponible sur ce processeur !                      ║
 ║   Le calcul pourrait donc être ralenti ou s'arrêter pour cette raison.                         ║
 ║                                                                                                ║
 ║   Pour information: mémoire déjà pré-allouée par MUMPS (exécutable, matrice...)= 412 Mo,       ║
 ║                     nombre de systèmes linéaires à factoriser en même temps    = 1.            ║
 ║                                                                                                ║
 ║ Conseils :                                                                                     ║
 ║   La prochaine fois, relancez avec plus de mémoire globale ou avec une option de calcul plus   ║
 ║ économe                                                                                        ║
 ║   (par ordre décroissant d'efficacité):                                                        ║
 ║    - Si le calcul est parallèle, réduisez la consommation MUMPS en augmentant le nombre de     ║
 ║ processeurs,                                                                                   ║
 ║    - Si le calcul est parallèle, réduisez la consommation Aster en activant l'option           ║
 ║ SOLVEUR/MATR_DISTRIBUEE,                                                                       ║
 ║   Ou, plus radicalement:                                                                       ║
 ║    - Utilisez un solveur moins exigeant en mémoire (par exemple: SOLVEUR/METHODE='PETSC' +     ║
 ║ PRECOND='LDLT_SP').                                                                            ║
 ║                                                                                                ║
 ║                                                                                                ║
 ║ Ceci est une alarme. Si vous ne comprenez pas le sens de cette                                 ║
 ║ alarme, vous pouvez obtenir des résultats inattendus !                                         ║
 ╚================================================================================================╝

|     2        X | 1.45481E-02  X | 1.25698E+01    |TANGENTE (NOSYM)|

 ╔================================================================================================╗
 ║ <A> <FACTOR_75>                                                                                ║
 ║                                                                                                ║
 ║ Attention, vous avez demandé un calcul OUT_OF_CORE, mais MUMPS estime avoir besoin pour cela   ║
 ║ d'au moins                                                                                     ║
 ║   2587 Mo  alors qu'il n'y a que 959 Mo de disponible sur ce processeur !                      ║
 ║   Le calcul pourrait donc être ralenti ou s'arrêter pour cette raison.                         ║
 ║                                                                                                ║
 ║   Pour information: mémoire déjà pré-allouée par MUMPS (exécutable, matrice...)= 412 Mo,       ║
 ║                     nombre de systèmes linéaires à factoriser en même temps    = 1.            ║
 ║                                                                                                ║
 ║ Conseils :                                                                                     ║
 ║   La prochaine fois, relancez avec plus de mémoire globale ou avec une option de calcul plus   ║
 ║ économe                                                                                        ║
 ║   (par ordre décroissant d'efficacité):                                                        ║
 ║    - Si le calcul est parallèle, réduisez la consommation MUMPS en augmentant le nombre de     ║
 ║ processeurs,                                                                                   ║
 ║    - Si le calcul est parallèle, réduisez la consommation Aster en activant l'option           ║
 ║ SOLVEUR/MATR_DISTRIBUEE,                                                                       ║
 ║   Ou, plus radicalement:                                                                       ║
 ║    - Utilisez un solveur moins exigeant en mémoire (par exemple: SOLVEUR/METHODE='PETSC' +     ║
 ║ PRECOND='LDLT_SP').                                                                            ║
 ║                                                                                                ║
 ║                                                                                                ║
 ║ Ceci est une alarme. Si vous ne comprenez pas le sens de cette                                 ║
 ║ alarme, vous pouvez obtenir des résultats inattendus !                                         ║
 ╚================================================================================================╝

|     3        X | 1.90772E-03  X | 1.64178E+00    |TANGENTE (NOSYM)|

 ╔================================================================================================╗
 ║ <A> <FACTOR_75>                                                                                ║
 ║                                                                                                ║
 ║ Attention, vous avez demandé un calcul OUT_OF_CORE, mais MUMPS estime avoir besoin pour cela   ║
 ║ d'au moins                                                                                     ║
 ║   2587 Mo  alors qu'il n'y a que 960 Mo de disponible sur ce processeur !                      ║
 ║   Le calcul pourrait donc être ralenti ou s'arrêter pour cette raison.                         ║
 ║                                                                                                ║
 ║   Pour information: mémoire déjà pré-allouée par MUMPS (exécutable, matrice...)= 413 Mo,       ║
 ║                     nombre de systèmes linéaires à factoriser en même temps    = 1.            ║
 ║                                                                                                ║
 ║ Conseils :                                                                                     ║
 ║   La prochaine fois, relancez avec plus de mémoire globale ou avec une option de calcul plus   ║
 ║ économe                                                                                        ║
 ║   (par ordre décroissant d'efficacité):                                                        ║
 ║    - Si le calcul est parallèle, réduisez la consommation MUMPS en augmentant le nombre de     ║
 ║ processeurs,                                                                                   ║
 ║    - Si le calcul est parallèle, réduisez la consommation Aster en activant l'option           ║
 ║ SOLVEUR/MATR_DISTRIBUEE,                                                                       ║
 ║   Ou, plus radicalement:                                                                       ║
 ║    - Utilisez un solveur moins exigeant en mémoire (par exemple: SOLVEUR/METHODE='PETSC' +     ║
 ║ PRECOND='LDLT_SP').                                                                            ║
 ║                                                                                                ║
 ║                                                                                                ║
 ║ Ceci est une alarme. Si vous ne comprenez pas le sens de cette                                 ║
 ║ alarme, vous pouvez obtenir des résultats inattendus !                                         ║
 ╚================================================================================================╝


 ╔================================================================================================╗
 ║ <A> <CATAMESS_41>                                                                              ║
 ║                                                                                                ║
 ║ Le message d'alarme 'FACTOR_75' a été émis 5 fois, il ne sera plus affiché.                    ║
 ║                                                                                                ║
 ║                                                                                                ║
 ║ Ceci est une alarme. Si vous ne comprenez pas le sens de cette                                 ║
 ║ alarme, vous pouvez obtenir des résultats inattendus !                                         ║
 ╚================================================================================================╝

|     4        X | 1.24349E-04  X | 1.07001E-01    |TANGENTE (NOSYM)|
|     5          | 3.41275E-06    | 2.93663E-03    |TANGENTE (NOSYM)|
---------------------------------------------------------------------
Critère(s) de convergence atteint(s)

Le résidu de type <RESI_GLOB_RELA> vaut  3.412754507400e-06 au noeud et degré de liberté <33085  
DY>
Temps CPU consommé dans ce pas de temps    : 12 min 48 s

* Nombre d'itérations de Newton                     : 6
* Temps total intégration comportement              : 25.999 s (7 intégrations)
* Temps total factorisation matrice                 : 11 min 27 s (6 factorisations)
* Temps construction second membre                  : 0.486 s
* Temps total résolution K.U=F                      : 14.937 s (6 résolutions)
* Temps assemblage matrice                          : 0.000 s
* Temps autres opérations                           : 40.026 s
Mémoire (Mo) :  5046.46 /  2490.00 /  2270.19 /   763.22 (VmPeak / VmSize / Optimum / Minimum)

Archivage des champs

Champ stocké <DEPL> à l'instant  6.000000000000e-02 pour le numéro d'ordre 3
Champ stocké <SIEF_ELGA> à l'instant  6.000000000000e-02 pour le numéro d'ordre 3
Champ stocké <VARI_ELGA> à l'instant  6.000000000000e-02 pour le numéro d'ordre 3
Champ stocké <COMPORTEMENT> à l'instant  6.000000000000e-02 pour le numéro d'ordre 3
[100%] Instant calculé : 6.00000e-02, seul l'instant initial a été archivé
Temps CPU consommé dans le calcul          : 12 min 48 s

dont temps CPU "perdu" dans les découpes            : 0.000 s
* Nombre de pas de temps                            : 1
* Nombre d'itérations de Newton                     : 6
* Temps dans l'archivage                            : 0.030 s
* Temps dans le post-traitement                     : 0.000 s
* Temps total intégration comportement              : 25.999 s (7 intégrations)
* Temps total factorisation matrice                 : 11 min 27 s (6 factorisations)
* Temps construction second membre                  : 0.486 s
* Temps total résolution K.U=F                      : 14.937 s (6 résolutions)
* Temps assemblage matrice                          : 0.000 s
#1      Resolution des systemes lineaires                 CPU (USER+SYST/SYST/ELAPS):    835.06    252.03    704.89
#2      Calculs elementaires et assemblages               CPU (USER+SYST/SYST/ELAPS):     62.41      4.06     62.98
# Résultat commande #0002 (STAT_NON_LINE): res ('<0000000e>') de type <NonLinearResult>
# Mémoire (Mo) :  5046.46 /  1284.03 /  2270.19 /   763.22 (VmPeak / VmSize / Optimum / Minimum)
# Fin commande #0002   user+syst:      648.14s (syst:      259.15s, elaps:      777.82s)
# ----------------------------------------------------------------------------------------------

.. _stg1_txt184
# ----------------------------------------------------------------------------------------------
# Commande #0003 de
/root/mm/envs/aster/lib/python3.14/site-packages/code_aster/Supervis/ExecuteCommand.py, ligne 184
CALC_CHAMP(CRITERE='RELATIF',
           FORCE='REAC_NODA',
           INFO=1,
           INST=0.06,
           PARALLELISME_TEMPS='NON',
           PRECISION=1e-06,
           RESULTAT=res)

Le système linéaire à résoudre a 320729 degrés de liberté:
   - 306517 sont des degrés de liberté physiques
     (ils sont portés par 95117 noeuds du maillage)
   - 14212 sont les couples de paramètres de Lagrange associés
     aux 7106 relations linéaires dualisées.
#2      Calculs elementaires et assemblages               CPU (USER+SYST/SYST/ELAPS):      0.45      0.00      0.45
# Résultat commande #0003 (CALC_CHAMP): '<00000015>' de type <NonLinearResult>
# Dépend de :
# - model ('<00000002>') de type <Model>
# - fmat ('<00000008>') de type <MaterialField>
# Mémoire (Mo) :  5046.46 /  1284.03 /  2270.19 /   763.22 (VmPeak / VmSize / Optimum / Minimum)
# Fin commande #0003   user+syst:        0.70s (syst:        0.00s, elaps:        0.71s)
# ----------------------------------------------------------------------------------------------

.. _stg1_txt34
# ----------------------------------------------------------------------------------------------
# Commande #0004 de /home/user/aas-corner-fe/wd/v8c50_TV/v8c50_TV_s02.comm.changed.py, ligne 34
tb = POST_RELEVE_T(ACTION=_F(CRITERE='RELATIF',
                             FORMAT_C='MODULE',
                             GROUP_NO='HEADT',
                             INST=0.06,
                             INTITULE='R',
                             MOYE_NOEUD='OUI',
                             NOM_CHAM='REAC_NODA',
                             OPERATION='EXTRACTION',
                             PRECISION=1e-06,
                             REPERE='GLOBAL',
                             RESULTANTE='DX',
                             RESULTAT=r2),
                   INFO=1)

# Résultat commande #0004 (POST_RELEVE_T): tb ('<00000016>') de type <Table>
# Mémoire (Mo) :  5046.46 /  1284.03 /  2270.19 /   763.22 (VmPeak / VmSize / Optimum / Minimum)
# Fin commande #0004   user+syst:        0.00s (syst:        0.00s, elaps:        0.01s)
# ----------------------------------------------------------------------------------------------

.. _stg1_txt34
# ----------------------------------------------------------------------------------------------
# Commande #0005 de /home/user/aas-corner-fe/wd/v8c50_TV/v8c50_TV_s02.comm.changed.py, ligne 34
tb = POST_RELEVE_T(ACTION=_F(CRITERE='RELATIF',
                             FORMAT_C='MODULE',
                             GROUP_NO='HEADV',
                             INST=0.06,
                             INTITULE='R',
                             MOYE_NOEUD='OUI',
                             NOM_CHAM='REAC_NODA',
                             OPERATION='EXTRACTION',
                             PRECISION=1e-06,
                             REPERE='GLOBAL',
                             RESULTANTE='DX',
                             RESULTAT=r2),
                   INFO=1)

# Résultat commande #0005 (POST_RELEVE_T): tb ('<00000017>') de type <Table>
# Mémoire (Mo) :  5046.46 /  1284.03 /  2270.19 /   763.22 (VmPeak / VmSize / Optimum / Minimum)
# Fin commande #0005   user+syst:        0.01s (syst:        0.00s, elaps:        0.00s)
# ----------------------------------------------------------------------------------------------

.. _stg1_txt39
# ----------------------------------------------------------------------------------------------
# Commande #0006 de /home/user/aas-corner-fe/wd/v8c50_TV/v8c50_TV_s02.comm.changed.py, ligne 39
DETRUIRE(INFO=1,
         NOM=r2)

# Mémoire (Mo) :  5046.46 /  1284.03 /  2270.19 /   763.22 (VmPeak / VmSize / Optimum / Minimum)
# Fin commande #0006   user+syst:        0.10s (syst:        0.00s, elaps:        0.10s)
# ----------------------------------------------------------------------------------------------
/home/user/aas-corner-fe/wd/v8c50_TV/v8c50_TV_s02.comm.changed.py:56: ResourceWarning: unclosed file <_io.TextIOWrapper name='/home/user/aas-corner-fe/jobs/../results/v8c50_TV.curve' mode='a' encoding='UTF-8'>
  open(CURVE,'a').write('CURVE %g %g %g %g\n'%(tcur,tot,v['HEADT'],v['HEADV']))
AASCURVE 0.06 28058.6 20090.2 7968.4

.. _stg1_txt76
# ----------------------------------------------------------------------------------------------
# Commande #0007 de /root/mm/envs/aster/lib/python3.14/site-packages/code_aster/CodeCommands/fin.py,
ligne 76
FIN(INFO_RESU='NON',
    RETASSAGE='NON')

Saving objects...
pi                       <class 'float'>
e                        <class 'float'>
tau                      <class 'float'>
inf                      <class 'float'>
nan                      <class 'float'>
mesh                     <class 'libaster.Mesh'>
model                    <class 'libaster.Model'>
mat                      <class 'libaster.Material'>
matH                     <class 'libaster.Material'>
matHH                    <class 'libaster.Material'>
stl                      <class 'libaster.Material'>
slvm                     <class 'libaster.Material'>
fmat                     <class 'libaster.MaterialField'>
fix                      <class 'libaster.MechanicalLoadReal'>
grp                      <class 'list'>
load                     <class 'libaster.MechanicalLoadReal'>
ramp                     <class 'libaster.Function'>
steps                    <class 'libaster.ListOfFloats'>
times                    <class 'libaster.TimesList'>
LOADS                    <class 'str'>
CURVE                    <class 'str'>
common                   <class 'dict'>
tcur                     <class 'float'>
peak                     <class 'float'>
stopped                  <class 'bool'>
TARGETS                  <class 'list'>
tn                       <class 'float'>
res                      <class 'libaster.NonLinearResult'>
v                        <class 'dict'>
tot                      <class 'float'>
line                     <class 'str'>

 ╔================================================================================================╗
 ║ <I> <CATAMESS_89>                                                                              ║
 ║                                                                                                ║
 ║ Liste des alarmes émises lors de l'exécution du calcul.                                        ║
 ║                                                                                                ║
 ║     Les alarmes que vous avez choisies d'ignorer sont précédées de (*).                        ║
 ║     Nombre d'occurrences pour chacune des alarmes :                                            ║
 ║            FACTOR_75            émise    6 fois                                                ║
 ╚================================================================================================╝

 ---------------------------------------------------------------------------
 Concepts de la base: G
    Nom        Type                Taille (Mo)         Nombre      Nombre de
                                                     d'objets       segments
    TOTAL                               300.84            437            661
  
    00000001   MAILLAGE_SDASTER          10.23             34             70
    00000002   MODELE_SDASTER            10.12             11             16
    00000003   MATER_SDASTER              0.00             15             15
    00000004   MATER_SDASTER              0.00             15             15
    00000005   MATER_SDASTER              0.00              7              7
    00000006   MATER_SDASTER              0.00              7              7
    00000007   MATER_SDASTER              0.00              7              7
    00000008   CHAM_MATER                 0.71              8             13
    00000009   CHAR_MECA                 11.23             56             76
    0000000a   CHAR_MECA                  8.05             56             76
    0000000b   FONCTION_SDASTER           0.00              3              3
    0000000c   LISTR8_SDASTER             0.00              6              6
    0000000d   LIST_INST                  0.00              8              8
    0000000e   EVOL_NOLI                199.28            148            189
    &FOZERO                               0.00              2              2
    &&_NUM_C                              0.00              1              1
    &CATA                                37.45             42            103
    &&NMDOME                              0.00              2              2
    0000000f                              0.11              2             14
    &&NMCH1P                             23.42              3              3
    00000012                              0.11              2             14
    00000015                              0.11              2             14
 (*) sous-objets non accessible directement
 ---------------------------------------------------------------------------
Nom de la base                          :  GLOBALE
     Nombre d'enregistrements utilisés       :  541
     Nombre d'enregistrements maximum        :  2684354
     Nombre d'enregistrements par fichier    :  15728
     Longueur d'enregistrement (octets)      :  819200
     Nombre total d'accès en lecture         :  538
     Volume des accès en lecture             :        420.31 Mo.
     Nombre total d'accès en écriture        :  319
     Volume des accès en écriture            :        249.22 Mo.
     Nombre d'identificateurs utilisés       :  800
     Taille maximum du répertoire            :  2000
     Pourcentage d'utilisation du répertoire :  40 %

Nom de la base                          :  VOLATILE
     Nombre d'enregistrements utilisés       :  511
     Nombre d'enregistrements maximum        :  2684354
     Nombre d'enregistrements par fichier    :  15728
     Longueur d'enregistrement (octets)      :  819200
     Nombre total d'accès en lecture         :  420
     Volume des accès en lecture             :        328.12 Mo.
     Nombre total d'accès en écriture        :  2295
     Volume des accès en écriture            :       1792.97 Mo.
     Nombre d'identificateurs utilisés       :  1001
     Taille maximum du répertoire            :  2000
     Pourcentage d'utilisation du répertoire :  50 %

<I> <FIN> ARRET NORMAL DANS "FIN" PAR APPEL A "JEFINI".
  
 <I> <FIN> MEMOIRE JEVEUX MINIMALE REQUISE POUR L'EXECUTION :                     763.22 Mo
 <I> <FIN> MEMOIRE JEVEUX OPTIMALE REQUISE POUR L'EXECUTION :                    2270.19 Mo
 <I> <FIN> MAXIMUM DE MEMOIRE UTILISEE PAR LE PROCESSUS LORS DE L'EXECUTION :    5046.46 Mo
  
 <I>       FERMETURE DES BASES EFFECTUEE
  
   STATISTIQUES CONCERNANT L'ALLOCATION DYNAMIQUE :
     TAILLE CUMULEE MAXIMUM            :                 2270  Mo.
     TAILLE CUMULEE LIBEREE            :                 1873  Mo.
     NOMBRE TOTAL D'ALLOCATIONS        :              2272759
     NOMBRE TOTAL DE LIBERATIONS       :              2272759
     APPELS AU MECANISME DE LIBERATION :                    0
     TAILLE MEMOIRE CUMULEE RECUPEREE  :                 1896  Mo.
     VOLUME DES LECTURES               :                    0  Mo.
     VOLUME DES ECRITURES              :                 1566  Mo.
  
   MEMOIRE JEVEUX MINIMALE REQUISE POUR L'EXECUTION :     763.22 Mo
     - IMPOSE DE NOMBREUX ACCES DISQUE
     - RALENTIT LA VITESSE D'EXECUTION
   MEMOIRE JEVEUX OPTIMALE REQUISE POUR L'EXECUTION :    2270.19 Mo
     - LIMITE LES ACCES DISQUE
     - AMELIORE LA VITESSE D'EXECUTION
   MAXIMUM DE MEMOIRE UTILISEE PAR LE PROCESSUS     :    5046.46 Mo
     - COMPREND LA MEMOIRE CONSOMMEE PAR  JEVEUX, 
       LE SUPERVISEUR PYTHON, LES LIBRAIRIES EXTERNES
  
 <I>       FIN D'EXECUTION LE : SA-26-SEPT-2026 17:19:43
Signature of pickled file   : 530657dbfd36598e0f336219dd9c099066934c2e88e62143c309a4d8e8b4b2e2
Signature of info file      : 0f8b260d1cd2faff2ef45299533e4af48f72e2ef695db786b77b16c0b71ea846
Signature of Jeveux database: 2cc3e08cbc70a5d82db81566308ff3eb6d8cc1603baff1fd648f4666dc8f4de9

 ********************************************************************************
 * COMMAND                  :       USER :     SYSTEM :   USER+SYS :    ELAPSED *
 ********************************************************************************
 * DEBUT                    :       0.18 :       0.24 :       0.42 :       0.42 *
 * STAT_NON_LINE            :     648.14 :     259.15 :     907.29 :     777.82 *
 * CALC_CHAMP               :       0.70 :       0.00 :       0.70 :       0.71 *
 * POST_RELEVE_T            :       0.00 :       0.00 :       0.00 :       0.01 *
 * POST_RELEVE_T            :       0.01 :       0.00 :       0.01 :       0.00 *
 * DETRUIRE                 :       0.10 :       0.00 :       0.10 :       0.10 *
 * FIN                      :       0.21 :       0.17 :       0.38 :       0.39 *
 *  . sdveri                :       0.00 :       0.00 :       0.00 :       0.00 *
 *  . cleanup               :       0.00 :       0.00 :       0.00 :       0.00 *
 *  . check syntax          :       0.05 :       0.01 :       0.06 :       0.04 *
 *  . fortran               :     649.17 :     259.54 :     908.71 :     779.29 *
 ********************************************************************************
 * TOTAL_JOB                :     649.47 :     259.58 :     909.05 :     779.63 *
 ********************************************************************************

# Mémoire (Mo) :  5046.46 /   854.34 /  2270.19 /   763.22 (VmPeak / VmSize / Optimum / Minimum)
# Fin commande #0007   user+syst:        0.21s (syst:        0.17s, elaps:        0.39s)
# ----------------------------------------------------------------------------------------------

EXECUTION_CODE_ASTER_EXIT_2323=0


saving result databases to 'BASE_PREC'...
execution ended (command file #3): <A>_ALARM
Running: /root/mm/envs/aster/bin/run_aster -w /home/user/aas-corner-fe/wd/v8c50_TV --status-file /root/.tmp_run_aster/run_aster_qvj3ef55/__status__ --no-mpi /root/.tmp_run_aster/run_aster_qvj3ef55/v8c50_TV.3

# ------------------------------------------------------------------------------
Execution of code_aster

# ------------------------------------------------------------------------------
Prepare environment in /home/user/aas-corner-fe/wd/v8c50_TV

# ------------------------------------------------------------------------------
Command file #4 / 20

Content of the file to execute:
# coding=utf-8
# original filename
__file__ = r"/home/user/aas-corner-fe/jobs/v8c50_TV_s03.comm"


# temporarly added for compatibility with code_aster legacy
from math import *

import code_aster
from code_aster.Commands import *
from code_aster import CA

POURSUITE(LANG='EN', PAR_LOT='NON')

LOADS='TV'
CURVE='/home/user/aas-corner-fe/jobs/../results/v8c50_TV.curve'
common=dict(MODELE=model, CHAM_MATER=fmat, EXCIT=(_F(CHARGE=fix), _F(CHARGE=load, FONC_MULT=ramp)),
        COMPORTEMENT=(_F(RELATION='ENDO_FISS_EXP', GROUP_MA=('CONC','HZ')), _F(RELATION='ELAS', GROUP_MA=('STEEL','SLV','HZH'))),
        NEWTON=_F(MATRICE='TANGENTE', REAC_ITER=1),
        CONVERGENCE=_F(RESI_GLOB_RELA=1.E-4, ITER_GLOB_MAXI=30), ARCHIVAGE=_F(PAS_ARCH=1), SOLVEUR=_F(METHODE='MUMPS', GESTION_MEMOIRE='OUT_OF_CORE'))
import os, re
tcur=0.0; peak=0.0; stopped=False
if os.path.exists(CURVE):
    for line in open(CURVE):
        m=re.match(r'CURVE\s+(\S+)\s+(\S+)', line)
        if m:
            tcur=max(tcur, float(m.group(1))); peak=max(peak, float(m.group(2)))
        if line.startswith('STOP'): stopped=True
def reac(res, t):
    r2=CALC_CHAMP(RESULTAT=res, FORCE='REAC_NODA', INST=t)
    vals={}
    for g in ('HEADT','HEADV'):
        try:
            tb=POST_RELEVE_T(ACTION=_F(OPERATION='EXTRACTION', INTITULE='R', RESULTAT=r2, NOM_CHAM='REAC_NODA',
                                       GROUP_NO=g, RESULTANTE='DX', INST=t)).EXTR_TABLE().values()
            vals[g]=-tb['DX'][-1]*2
        except Exception:
            vals[g]=0.
    DETRUIRE(NOM=r2)
    return vals
TARGETS=[0.08]
for tn in TARGETS:
    if stopped or tn <= tcur+1e-9: continue
    try:
        if tcur < 1e-12 and '0'=='1':
            res=STAT_NON_LINE(INCREMENT=_F(LIST_INST=times, INST_FIN=tn), **common)
        else:
            res=STAT_NON_LINE(reuse=res, ETAT_INIT=_F(EVOL_NOLI=res), INCREMENT=_F(LIST_INST=times, INST_FIN=tn), **common)
    except Exception as exc:
        print('AASSTOP at', tcur, exc, flush=True)
        open(CURVE,'a').write('STOP solver %g\n'%tcur); stopped=True; break
    tcur=tn
    v=reac(res, tcur)
    tot=(v['HEADT'] if 'T' in LOADS else 0.)+(v['HEADV'] if 'V' in LOADS else 0.)
    peak=max(peak, tot)
    open(CURVE,'a').write('CURVE %g %g %g %g\n'%(tcur,tot,v['HEADT'],v['HEADV']))
    print('AASCURVE %g %g %g %g'%(tcur,tot,v['HEADT'],v['HEADV']), flush=True)
    if tot < 0.9*peak:
        open(CURVE,'a').write('STOP peak %g\n'%peak); stopped=True; break
FIN()



# ------------------------------------------------------------------------------
Command line #4:
    ulimit -c unlimited ; ulimit -t 25000 ; ( /root/mm/envs/aster/bin/python3 "v8c50_TV_s03.comm.changed.py" --memory 3000.0 --numthreads 1 --tpmax 20000 ; echo $? > _exit_code_ ) 2>&1 | tee -a fort.6
setting '--memory' value to 2700.00 MB (keyword RESERVE_MEMOIRE)
Ouverture en écriture du fichier ./vola.1

<INFO> Démarrage de l'exécution.

                       -- CODE_ASTER -- VERSION : DÉVELOPPEMENT (unstable) --                       
                               Version 18.1.6 modifiée le 14/09/2026                                
                                    révision n/a - branche 'n/a'                                    
                                     Copyright EDF 1991 - 2026                                      
                                                                                                    
                              Exécution du : Sat Sep 26 17:19:45 2026                               
                                       Nom de la machine : vm                                       
                                        Architecture : 64bit                                        
                                    Type de processeur : x86_64                                     
                Système d'exploitation : Linux-6.18.44-fc-v37-x86_64-with-glibc2.39                 
                                  Langue des messages : C (UTF-8)                                   
                                     Version de Python : 3.14.7                                     
                                      Version de NumPy : 2.5.3                                      
                                  Version de MEDCoupling : 9.16.0                                   
                                     Parallélisme MPI : inactif                                     
                                    Parallélisme OpenMP : actif                                     
                              Nombre de processus OpenMP utilisés : 1                               
                                Version de la librairie HDF5 : 2.2.0                                
                                Version de la librairie MED : 4.2.0                                 
                               Version de la librairie MFront : 5.1.0                               
                               Version de la librairie MUMPS : 5.8.2                                
                                  Librairie PETSc : non disponible                                  
                              Version de la librairie SCOTCH : 7.0.11                               

restarting from a previous execution...
/home/user/aas-corner-fe/wd/v8c50_TV/v8c50_TV_s03.comm.changed.py:13: DeprecationWarning: This feature is obsolete, 'PAR_LOT' has been removed.
  POURSUITE(LANG='EN', PAR_LOT='NON')
Valeur initiale du temps CPU maximum =   20000 secondes
  Valeur du temps CPU maximum passé aux commandes =   18000 secondes
  Réserve CPU prévue = 2000 secondes

Ouverture en lecture du fichier ./glob.1

Ajustement de la taille maximale des bases à 2048.00 Go.
    
Nom de la base                          :  GLOBALE
     Créée avec la version                   :  18.01.06
     Nombre d'enregistrements utilisés       :  541
     Nombre d'enregistrements maximum        :  2684354
     Nombre d'enregistrements par fichier    :  15728
     Longueur d'enregistrement (octets)      :  819200
     Nombre d'identificateurs utilisés       :  800
     Taille maximum du répertoire            :  2000
     Pourcentage d'utilisation du répertoire :  40 %

Ouverture en lecture du fichier ./glob.1

Ouverture en écriture du fichier ./vola.1

Fin de lecture (durée  0.000030  s.) 

                      Mémoire limite pour l'allocation dynamique : 3212.06 Mo                       
                         ajouté à l'initialisation du processus : 613.33 Mo                         
                               Limite cible du processus : 3825.38 Mo                               
                         Taille limite des fichiers d'échange : 2048.00 Go                          
pi                       <class 'float'>
e                        <class 'float'>
tau                      <class 'float'>
inf                      <class 'float'>
nan                      <class 'float'>
mesh                     <class 'libaster.Mesh'>
model                    <class 'libaster.Model'>
mat                      <class 'libaster.Material'>
matH                     <class 'libaster.Material'>
matHH                    <class 'libaster.Material'>
stl                      <class 'libaster.Material'>
slvm                     <class 'libaster.Material'>
fmat                     <class 'libaster.MaterialField'>
fix                      <class 'libaster.MechanicalLoadReal'>
grp                      <class 'list'>
load                     <class 'libaster.MechanicalLoadReal'>
ramp                     <class 'libaster.Function'>
steps                    <class 'libaster.ListOfFloats'>
times                    <class 'libaster.TimesList'>
LOADS                    <class 'str'>
CURVE                    <class 'str'>
common                   <class 'dict'>
tcur                     <class 'float'>
peak                     <class 'float'>
stopped                  <class 'bool'>
TARGETS                  <class 'list'>
tn                       <class 'float'>
res                      <class 'libaster.NonLinearResult'>
v                        <class 'dict'>
tot                      <class 'float'>
line                     <class 'str'>
# Mémoire (Mo) :   797.46 /   797.34 /   344.50 /   344.47 (VmPeak / VmSize / Optimum / Minimum)
# Fin commande #0001   user+syst:        0.20s (syst:        0.32s, elaps:        0.53s)
# ----------------------------------------------------------------------------------------------
/home/user/aas-corner-fe/wd/v8c50_TV/v8c50_TV_s03.comm.changed.py:24: ResourceWarning: unclosed file <_io.TextIOWrapper name='/home/user/aas-corner-fe/jobs/../results/v8c50_TV.curve' mode='r' encoding='UTF-8'>
  for line in open(CURVE):

.. _stg1_txt48
# ----------------------------------------------------------------------------------------------
# Commande #0002 de /home/user/aas-corner-fe/wd/v8c50_TV/v8c50_TV_s03.comm.changed.py, ligne 48
res = STAT_NON_LINE(AFFICHAGE=_F(INFO_RESIDU='NON',
                                 INFO_TEMPS='NON'),
                    ARCHIVAGE=_F(CHAM_EXCLU=('RESI_NOEU', 'RESI_RELA_NOEU'),
                                 PAS_ARCH=1),
                    CHAM_MATER=fmat,
                    COMPORTEMENT=(_F(DEFORMATION='PETIT',
                                     GROUP_MA=('CONC', 'HZ'),
                                     ITER_CPLAN_MAXI=10,
                                     ITER_INTE_MAXI=20,
                                     ITER_INTE_PAS=0,
                                     PARM_THETA=1.0,
                                     REGU_VISC='NON',
                                     RELATION='ENDO_FISS_EXP',
                                     RESI_CPLAN_RELA=1e-06,
                                     RESI_INTE=1e-06),
                                  _F(DEFORMATION='PETIT',
                                     GROUP_MA=('STEEL', 'SLV', 'HZH'),
                                     ITER_CPLAN_MAXI=10,
                                     ITER_INTE_MAXI=20,
                                     ITER_INTE_PAS=0,
                                     PARM_THETA=1.0,
                                     REGU_VISC='NON',
                                     RELATION='ELAS',
                                     RESI_CPLAN_RELA=1e-06,
                                     RESI_INTE=1e-06)),
                    CONVERGENCE=_F(ARRET='OUI',
                                   ITER_GLOB_ELAS=25,
                                   ITER_GLOB_MAXI=30,
                                   RESI_GLOB_RELA=0.0001,
                                   VERIF='TOUT'),
                    ETAT_INIT=_F(EVOL_NOLI=res),
                    EXCIT=(_F(CHARGE='<00000009>',
                              TYPE_CHARGE='FIXE_CSTE'),
                           _F(CHARGE='<0000000a>',
                              FONC_MULT=ramp,
                              TYPE_CHARGE='FIXE_CSTE')),
                    INCREMENT=_F(CRITERE='RELATIF',
                                 INST_FIN=0.08,
                                 INST_INIT=0.06,
                                 LIST_INST=times,
                                 PRECISION=1e-06),
                    MESURE=_F(TABLE='NON'),
                    METHODE='NEWTON',
                    MODELE=model,
                    NEWTON=_F(MATRICE='TANGENTE',
                              MATR_RIGI_SYME='NON',
                              REAC_INCR=1,
                              REAC_ITER=1,
                              REAC_ITER_ELAS=0),
                    SOLVEUR=_F(ACCELERATION='AUTO',
                               ELIM_LAGR='LAGR2',
                               FILTRAGE_MATRICE=-1.0,
                               GESTION_MEMOIRE='OUT_OF_CORE',
                               LOW_RANK_SEUIL=0.0,
                               MATR_DISTRIBUEE='NON',
                               METHODE='MUMPS',
                               MIXER_PRECISION='NON',
                               NB_RHS=1,
                               NPREC=8,
                               PCENT_PIVOT=35,
                               POSTTRAITEMENTS='AUTO',
                               PRETRAITEMENTS='AUTO',
                               REDUCTION_MPI=0,
                               RENUM='AUTO',
                               RESI_RELA=-1.0,
                               STOP_SINGULIER='OUI',
                               TYPE_RESOL='AUTO'),
                    reuse=res)

Liste des comportements

Affecté sur 55722 éléments
Relation                             : ENDO_FISS_EXP
Déformation                          : PETIT
Pas de régularisation visqueuse
Pas de post-traitement à la fin du pas de temps
Nombre total de variables internes   : 9
V1 : ENDO
V2 : INDIENDO
V3 : ENDORIGI
V4 : EPSEXX
V5 : EPSEYY
V6 : EPSEZZ
V7 : EPSEXY
V8 : EPSEXZ
V9 : EPSEYZ
Affecté sur 11610 éléments
Relation                             : ELAS
Déformation                          : PETIT
Pas de régularisation visqueuse
Pas de post-traitement à la fin du pas de temps
Nombre total de variables internes   : 1
V1 : VIDE
Le système linéaire à résoudre a 320729 degrés de liberté:
   - 306517 sont des degrés de liberté physiques
     (ils sont portés par 95117 noeuds du maillage)
   - 14212 sont les couples de paramètres de Lagrange associés
     aux 7106 relations linéaires dualisées.
La matrice est de taille 320729 équations.
  Elle contient 16336706 termes non nuls si elle est symétrique et 32352683 termes non nuls si elle
n'est pas symétrique.
  Soit un taux de remplissage de   0.031 %.
Lecture de l'état initial
L'état initial a été récupéré dans la structure de données résultat de nom <0000000e> pour le numéro
d'ordre 3 et à l'instant  6.000000000000e-02
Le champ <DEPL> est lu dans ETAT_INIT dans la structure de données résultat donné dans la commande.
Le champ <SIEF_ELGA> est lu dans ETAT_INIT dans la structure de données résultat donné dans la
commande.
Le champ <VARI_ELGA> est lu dans ETAT_INIT dans la structure de données résultat donné dans la
commande.
---------------------------------------------------------------------
Instant de calcul:  8.000000000000e-02 - Niveau de découpe: 1

---------------------------------------------------------------------
|     NEWTON     |     RESIDU     |     RESIDU     |     OPTION     |
|    ITERATION   |     RELATIF    |     ABSOLU     |   ASSEMBLAGE   |
|                | RESI_GLOB_RELA | RESI_GLOB_MAXI |(+ TYPE MATRICE)|
---------------------------------------------------------------------

 ╔================================================================================================╗
 ║ <A> <FACTOR_75>                                                                                ║
 ║                                                                                                ║
 ║ Attention, vous avez demandé un calcul OUT_OF_CORE, mais MUMPS estime avoir besoin pour cela   ║
 ║ d'au moins                                                                                     ║
 ║   2587 Mo  alors qu'il n'y a que 971 Mo de disponible sur ce processeur !                      ║
 ║   Le calcul pourrait donc être ralenti ou s'arrêter pour cette raison.                         ║
 ║                                                                                                ║
 ║   Pour information: mémoire déjà pré-allouée par MUMPS (exécutable, matrice...)= 413 Mo,       ║
 ║                     nombre de systèmes linéaires à factoriser en même temps    = 1.            ║
 ║                                                                                                ║
 ║ Conseils :                                                                                     ║
 ║   La prochaine fois, relancez avec plus de mémoire globale ou avec une option de calcul plus   ║
 ║ économe                                                                                        ║
 ║   (par ordre décroissant d'efficacité):                                                        ║
 ║    - Si le calcul est parallèle, réduisez la consommation MUMPS en augmentant le nombre de     ║
 ║ processeurs,                                                                                   ║
 ║    - Si le calcul est parallèle, réduisez la consommation Aster en activant l'option           ║
 ║ SOLVEUR/MATR_DISTRIBUEE,                                                                       ║
 ║   Ou, plus radicalement:                                                                       ║
 ║    - Utilisez un solveur moins exigeant en mémoire (par exemple: SOLVEUR/METHODE='PETSC' +     ║
 ║ PRECOND='LDLT_SP').                                                                            ║
 ║                                                                                                ║
 ║                                                                                                ║
 ║ Ceci est une alarme. Si vous ne comprenez pas le sens de cette                                 ║
 ║ alarme, vous pouvez obtenir des résultats inattendus !                                         ║
 ╚================================================================================================╝

|     0        X | 6.70230E-02  X | 6.10933E+01    |TANGENTE (NOSYM)|

 ╔================================================================================================╗
 ║ <A> <FACTOR_75>                                                                                ║
 ║                                                                                                ║
 ║ Attention, vous avez demandé un calcul OUT_OF_CORE, mais MUMPS estime avoir besoin pour cela   ║
 ║ d'au moins                                                                                     ║
 ║   2588 Mo  alors qu'il n'y a que 914 Mo de disponible sur ce processeur !                      ║
 ║   Le calcul pourrait donc être ralenti ou s'arrêter pour cette raison.                         ║
 ║                                                                                                ║
 ║   Pour information: mémoire déjà pré-allouée par MUMPS (exécutable, matrice...)= 415 Mo,       ║
 ║                     nombre de systèmes linéaires à factoriser en même temps    = 1.            ║
 ║                                                                                                ║
 ║ Conseils :                                                                                     ║
 ║   La prochaine fois, relancez avec plus de mémoire globale ou avec une option de calcul plus   ║
 ║ économe                                                                                        ║
 ║   (par ordre décroissant d'efficacité):                                                        ║
 ║    - Si le calcul est parallèle, réduisez la consommation MUMPS en augmentant le nombre de     ║
 ║ processeurs,                                                                                   ║
 ║    - Si le calcul est parallèle, réduisez la consommation Aster en activant l'option           ║
 ║ SOLVEUR/MATR_DISTRIBUEE,                                                                       ║
 ║   Ou, plus radicalement:                                                                       ║
 ║    - Utilisez un solveur moins exigeant en mémoire (par exemple: SOLVEUR/METHODE='PETSC' +     ║
 ║ PRECOND='LDLT_SP').                                                                            ║
 ║                                                                                                ║
 ║                                                                                                ║
 ║ Ceci est une alarme. Si vous ne comprenez pas le sens de cette                                 ║
 ║ alarme, vous pouvez obtenir des résultats inattendus !                                         ║
 ╚================================================================================================╝

|     1        X | 3.30142E-02  X | 2.88184E+01    |TANGENTE (NOSYM)|

 ╔================================================================================================╗
 ║ <A> <FACTOR_75>                                                                                ║
 ║                                                                                                ║
 ║ Attention, vous avez demandé un calcul OUT_OF_CORE, mais MUMPS estime avoir besoin pour cela   ║
 ║ d'au moins                                                                                     ║
 ║   2588 Mo  alors qu'il n'y a que 915 Mo de disponible sur ce processeur !                      ║
 ║   Le calcul pourrait donc être ralenti ou s'arrêter pour cette raison.                         ║
 ║                                                                                                ║
 ║   Pour information: mémoire déjà pré-allouée par MUMPS (exécutable, matrice...)= 415 Mo,       ║
 ║                     nombre de systèmes linéaires à factoriser en même temps    = 1.            ║
 ║                                                                                                ║
 ║ Conseils :                                                                                     ║
 ║   La prochaine fois, relancez avec plus de mémoire globale ou avec une option de calcul plus   ║
 ║ économe                                                                                        ║
 ║   (par ordre décroissant d'efficacité):                                                        ║
 ║    - Si le calcul est parallèle, réduisez la consommation MUMPS en augmentant le nombre de     ║
 ║ processeurs,                                                                                   ║
 ║    - Si le calcul est parallèle, réduisez la consommation Aster en activant l'option           ║
 ║ SOLVEUR/MATR_DISTRIBUEE,                                                                       ║
 ║   Ou, plus radicalement:                                                                       ║
 ║    - Utilisez un solveur moins exigeant en mémoire (par exemple: SOLVEUR/METHODE='PETSC' +     ║
 ║ PRECOND='LDLT_SP').                                                                            ║
 ║                                                                                                ║
 ║                                                                                                ║
 ║ Ceci est une alarme. Si vous ne comprenez pas le sens de cette                                 ║
 ║ alarme, vous pouvez obtenir des résultats inattendus !                                         ║
 ╚================================================================================================╝

|     2        X | 1.53464E-02  X | 1.33442E+01    |TANGENTE (NOSYM)|

 ╔================================================================================================╗
 ║ <A> <FACTOR_75>                                                                                ║
 ║                                                                                                ║
 ║ Attention, vous avez demandé un calcul OUT_OF_CORE, mais MUMPS estime avoir besoin pour cela   ║
 ║ d'au moins                                                                                     ║
 ║   2589 Mo  alors qu'il n'y a que 915 Mo de disponible sur ce processeur !                      ║
 ║   Le calcul pourrait donc être ralenti ou s'arrêter pour cette raison.                         ║
 ║                                                                                                ║
 ║   Pour information: mémoire déjà pré-allouée par MUMPS (exécutable, matrice...)= 415 Mo,       ║
 ║                     nombre de systèmes linéaires à factoriser en même temps    = 1.            ║
 ║                                                                                                ║
 ║ Conseils :                                                                                     ║
 ║   La prochaine fois, relancez avec plus de mémoire globale ou avec une option de calcul plus   ║
 ║ économe                                                                                        ║
 ║   (par ordre décroissant d'efficacité):                                                        ║
 ║    - Si le calcul est parallèle, réduisez la consommation MUMPS en augmentant le nombre de     ║
 ║ processeurs,                                                                                   ║
 ║    - Si le calcul est parallèle, réduisez la consommation Aster en activant l'option           ║
 ║ SOLVEUR/MATR_DISTRIBUEE,                                                                       ║
 ║   Ou, plus radicalement:                                                                       ║
 ║    - Utilisez un solveur moins exigeant en mémoire (par exemple: SOLVEUR/METHODE='PETSC' +     ║
 ║ PRECOND='LDLT_SP').                                                                            ║
 ║                                                                                                ║
 ║                                                                                                ║
 ║ Ceci est une alarme. Si vous ne comprenez pas le sens de cette                                 ║
 ║ alarme, vous pouvez obtenir des résultats inattendus !                                         ║
 ╚================================================================================================╝

|     3        X | 1.31458E-02  X | 1.14440E+01    |TANGENTE (NOSYM)|

 ╔================================================================================================╗
 ║ <A> <FACTOR_75>                                                                                ║
 ║                                                                                                ║
 ║ Attention, vous avez demandé un calcul OUT_OF_CORE, mais MUMPS estime avoir besoin pour cela   ║
 ║ d'au moins                                                                                     ║
 ║   2589 Mo  alors qu'il n'y a que 915 Mo de disponible sur ce processeur !                      ║
 ║   Le calcul pourrait donc être ralenti ou s'arrêter pour cette raison.                         ║
 ║                                                                                                ║
 ║   Pour information: mémoire déjà pré-allouée par MUMPS (exécutable, matrice...)= 415 Mo,       ║
 ║                     nombre de systèmes linéaires à factoriser en même temps    = 1.            ║
 ║                                                                                                ║
 ║ Conseils :                                                                                     ║
 ║   La prochaine fois, relancez avec plus de mémoire globale ou avec une option de calcul plus   ║
 ║ économe                                                                                        ║
 ║   (par ordre décroissant d'efficacité):                                                        ║
 ║    - Si le calcul est parallèle, réduisez la consommation MUMPS en augmentant le nombre de     ║
 ║ processeurs,                                                                                   ║
 ║    - Si le calcul est parallèle, réduisez la consommation Aster en activant l'option           ║
 ║ SOLVEUR/MATR_DISTRIBUEE,                                                                       ║
 ║   Ou, plus radicalement:                                                                       ║
 ║    - Utilisez un solveur moins exigeant en mémoire (par exemple: SOLVEUR/METHODE='PETSC' +     ║
 ║ PRECOND='LDLT_SP').                                                                            ║
 ║                                                                                                ║
 ║                                                                                                ║
 ║ Ceci est une alarme. Si vous ne comprenez pas le sens de cette                                 ║
 ║ alarme, vous pouvez obtenir des résultats inattendus !                                         ║
 ╚================================================================================================╝


 ╔================================================================================================╗
 ║ <A> <CATAMESS_41>                                                                              ║
 ║                                                                                                ║
 ║ Le message d'alarme 'FACTOR_75' a été émis 5 fois, il ne sera plus affiché.                    ║
 ║                                                                                                ║
 ║                                                                                                ║
 ║ Ceci est une alarme. Si vous ne comprenez pas le sens de cette                                 ║
 ║ alarme, vous pouvez obtenir des résultats inattendus !                                         ║
 ╚================================================================================================╝

|     4        X | 2.75352E-03  X | 2.39237E+00    |TANGENTE (NOSYM)|
|     5        X | 1.04132E-03  X | 9.04450E-01    |TANGENTE (NOSYM)|
|     6          | 1.33518E-05    | 1.15957E-02    |TANGENTE (NOSYM)|
---------------------------------------------------------------------
Critère(s) de convergence atteint(s)

Le résidu de type <RESI_GLOB_RELA> vaut  1.335182911505e-05 au noeud et degré de liberté <18048  
DX>
Temps CPU consommé dans ce pas de temps    : 15 min  2 s

* Nombre d'itérations de Newton                     : 7
* Temps total intégration comportement              : 28.866 s (8 intégrations)
* Temps total factorisation matrice                 : 13 min 28 s (7 factorisations)
* Temps construction second membre                  : 0.515 s
* Temps total résolution K.U=F                      : 17.323 s (7 résolutions)
* Temps assemblage matrice                          : 0.000 s
* Temps autres opérations                           : 46.725 s
Mémoire (Mo) :  5095.07 /  2534.02 /  2313.87 /   806.89 (VmPeak / VmSize / Optimum / Minimum)

Archivage des champs

Champ stocké <DEPL> à l'instant  8.000000000000e-02 pour le numéro d'ordre 4
Champ stocké <SIEF_ELGA> à l'instant  8.000000000000e-02 pour le numéro d'ordre 4
Champ stocké <VARI_ELGA> à l'instant  8.000000000000e-02 pour le numéro d'ordre 4
Champ stocké <COMPORTEMENT> à l'instant  8.000000000000e-02 pour le numéro d'ordre 4
[100%] Instant calculé : 8.00000e-02, seul l'instant initial a été archivé
Temps CPU consommé dans le calcul          : 15 min  2 s

dont temps CPU "perdu" dans les découpes            : 0.000 s
* Nombre de pas de temps                            : 1
* Nombre d'itérations de Newton                     : 7
* Temps dans l'archivage                            : 0.030 s
* Temps dans le post-traitement                     : 0.000 s
* Temps total intégration comportement              : 28.866 s (8 intégrations)
* Temps total factorisation matrice                 : 13 min 28 s (7 factorisations)
* Temps construction second membre                  : 0.515 s
* Temps total résolution K.U=F                      : 17.323 s (7 résolutions)
* Temps assemblage matrice                          : 0.000 s
#1      Resolution des systemes lineaires                 CPU (USER+SYST/SYST/ELAPS):    981.24    299.44    828.52
#2      Calculs elementaires et assemblages               CPU (USER+SYST/SYST/ELAPS):     71.28      4.72     71.92
# Résultat commande #0002 (STAT_NON_LINE): res ('<0000000e>') de type <NonLinearResult>
# Mémoire (Mo) :  5095.07 /  1327.69 /  2313.87 /   806.89 (VmPeak / VmSize / Optimum / Minimum)
# Fin commande #0002   user+syst:      755.55s (syst:      307.60s, elaps:      911.19s)
# ----------------------------------------------------------------------------------------------

.. _stg1_txt184
# ----------------------------------------------------------------------------------------------
# Commande #0003 de
/root/mm/envs/aster/lib/python3.14/site-packages/code_aster/Supervis/ExecuteCommand.py, ligne 184
CALC_CHAMP(CRITERE='RELATIF',
           FORCE='REAC_NODA',
           INFO=1,
           INST=0.08,
           PARALLELISME_TEMPS='NON',
           PRECISION=1e-06,
           RESULTAT=res)

Le système linéaire à résoudre a 320729 degrés de liberté:
   - 306517 sont des degrés de liberté physiques
     (ils sont portés par 95117 noeuds du maillage)
   - 14212 sont les couples de paramètres de Lagrange associés
     aux 7106 relations linéaires dualisées.
#2      Calculs elementaires et assemblages               CPU (USER+SYST/SYST/ELAPS):      0.43      0.01      0.42
# Résultat commande #0003 (CALC_CHAMP): '<00000018>' de type <NonLinearResult>
# Dépend de :
# - model ('<00000002>') de type <Model>
# - fmat ('<00000008>') de type <MaterialField>
# Mémoire (Mo) :  5095.07 /  1327.69 /  2313.87 /   806.89 (VmPeak / VmSize / Optimum / Minimum)
# Fin commande #0003   user+syst:        0.65s (syst:        0.01s, elaps:        0.65s)
# ----------------------------------------------------------------------------------------------

.. _stg1_txt34
# ----------------------------------------------------------------------------------------------
# Commande #0004 de /home/user/aas-corner-fe/wd/v8c50_TV/v8c50_TV_s03.comm.changed.py, ligne 34
tb = POST_RELEVE_T(ACTION=_F(CRITERE='RELATIF',
                             FORMAT_C='MODULE',
                             GROUP_NO='HEADT',
                             INST=0.08,
                             INTITULE='R',
                             MOYE_NOEUD='OUI',
                             NOM_CHAM='REAC_NODA',
                             OPERATION='EXTRACTION',
                             PRECISION=1e-06,
                             REPERE='GLOBAL',
                             RESULTANTE='DX',
                             RESULTAT=r2),
                   INFO=1)

# Résultat commande #0004 (POST_RELEVE_T): tb ('<00000019>') de type <Table>
# Mémoire (Mo) :  5095.07 /  1327.69 /  2313.87 /   806.89 (VmPeak / VmSize / Optimum / Minimum)
# Fin commande #0004   user+syst:        0.01s (syst:        0.00s, elaps:        0.01s)
# ----------------------------------------------------------------------------------------------

.. _stg1_txt34
# ----------------------------------------------------------------------------------------------
# Commande #0005 de /home/user/aas-corner-fe/wd/v8c50_TV/v8c50_TV_s03.comm.changed.py, ligne 34
tb = POST_RELEVE_T(ACTION=_F(CRITERE='RELATIF',
                             FORMAT_C='MODULE',
                             GROUP_NO='HEADV',
                             INST=0.08,
                             INTITULE='R',
                             MOYE_NOEUD='OUI',
                             NOM_CHAM='REAC_NODA',
                             OPERATION='EXTRACTION',
                             PRECISION=1e-06,
                             REPERE='GLOBAL',
                             RESULTANTE='DX',
                             RESULTAT=r2),
                   INFO=1)

# Résultat commande #0005 (POST_RELEVE_T): tb ('<0000001a>') de type <Table>
# Mémoire (Mo) :  5095.07 /  1327.69 /  2313.87 /   806.89 (VmPeak / VmSize / Optimum / Minimum)
# Fin commande #0005   user+syst:        0.00s (syst:        0.00s, elaps:        0.01s)
# ----------------------------------------------------------------------------------------------

.. _stg1_txt39
# ----------------------------------------------------------------------------------------------
# Commande #0006 de /home/user/aas-corner-fe/wd/v8c50_TV/v8c50_TV_s03.comm.changed.py, ligne 39
DETRUIRE(INFO=1,
         NOM=r2)

# Mémoire (Mo) :  5095.07 /  1327.69 /  2313.87 /   806.89 (VmPeak / VmSize / Optimum / Minimum)
# Fin commande #0006   user+syst:        0.10s (syst:        0.00s, elaps:        0.09s)
# ----------------------------------------------------------------------------------------------
/home/user/aas-corner-fe/wd/v8c50_TV/v8c50_TV_s03.comm.changed.py:56: ResourceWarning: unclosed file <_io.TextIOWrapper name='/home/user/aas-corner-fe/jobs/../results/v8c50_TV.curve' mode='a' encoding='UTF-8'>
  open(CURVE,'a').write('CURVE %g %g %g %g\n'%(tcur,tot,v['HEADT'],v['HEADV']))
AASCURVE 0.08 33771.5 26359 7412.5

.. _stg1_txt76
# ----------------------------------------------------------------------------------------------
# Commande #0007 de /root/mm/envs/aster/lib/python3.14/site-packages/code_aster/CodeCommands/fin.py,
ligne 76
FIN(INFO_RESU='NON',
    RETASSAGE='NON')

Saving objects...
pi                       <class 'float'>
e                        <class 'float'>
tau                      <class 'float'>
inf                      <class 'float'>
nan                      <class 'float'>
mesh                     <class 'libaster.Mesh'>
model                    <class 'libaster.Model'>
mat                      <class 'libaster.Material'>
matH                     <class 'libaster.Material'>
matHH                    <class 'libaster.Material'>
stl                      <class 'libaster.Material'>
slvm                     <class 'libaster.Material'>
fmat                     <class 'libaster.MaterialField'>
fix                      <class 'libaster.MechanicalLoadReal'>
grp                      <class 'list'>
load                     <class 'libaster.MechanicalLoadReal'>
ramp                     <class 'libaster.Function'>
steps                    <class 'libaster.ListOfFloats'>
times                    <class 'libaster.TimesList'>
LOADS                    <class 'str'>
CURVE                    <class 'str'>
common                   <class 'dict'>
tcur                     <class 'float'>
peak                     <class 'float'>
stopped                  <class 'bool'>
TARGETS                  <class 'list'>
tn                       <class 'float'>
res                      <class 'libaster.NonLinearResult'>
v                        <class 'dict'>
tot                      <class 'float'>
line                     <class 'str'>

 ╔================================================================================================╗
 ║ <I> <CATAMESS_89>                                                                              ║
 ║                                                                                                ║
 ║ Liste des alarmes émises lors de l'exécution du calcul.                                        ║
 ║                                                                                                ║
 ║     Les alarmes que vous avez choisies d'ignorer sont précédées de (*).                        ║
 ║     Nombre d'occurrences pour chacune des alarmes :                                            ║
 ║            FACTOR_75            émise    7 fois                                                ║
 ╚================================================================================================╝

 ---------------------------------------------------------------------------
 Concepts de la base: G
    Nom        Type                Taille (Mo)         Nombre      Nombre de
                                                     d'objets       segments
    TOTAL                               345.47            460            701
  
    00000001   MAILLAGE_SDASTER          10.23             34             70
    00000002   MODELE_SDASTER            10.12             11             16
    00000003   MATER_SDASTER              0.00             15             15
    00000004   MATER_SDASTER              0.00             15             15
    00000005   MATER_SDASTER              0.00              7              7
    00000006   MATER_SDASTER              0.00              7              7
    00000007   MATER_SDASTER              0.00              7              7
    00000008   CHAM_MATER                 0.71              8             13
    00000009   CHAR_MECA                 11.23             56             76
    0000000a   CHAR_MECA                  8.05             56             76
    0000000b   FONCTION_SDASTER           0.00              3              3
    0000000c   LISTR8_SDASTER             0.00              6              6
    0000000d   LIST_INST                  0.00              8              8
    0000000e   EVOL_NOLI                243.81            169            215
    &FOZERO                               0.00              2              2
    &&_NUM_C                              0.00              1              1
    &CATA                                37.45             42            103
    &&NMDOME                              0.00              2              2
    0000000f                              0.11              2             14
    &&NMCH1P                             23.42              3              3
    00000012                              0.11              2             14
    00000015                              0.11              2             14
    00000018                              0.11              2             14
 (*) sous-objets non accessible directement
 ---------------------------------------------------------------------------
Nom de la base                          :  GLOBALE
     Nombre d'enregistrements utilisés       :  597
     Nombre d'enregistrements maximum        :  2684354
     Nombre d'enregistrements par fichier    :  15728
     Longueur d'enregistrement (octets)      :  819200
     Nombre total d'accès en lecture         :  607
     Volume des accès en lecture             :        474.22 Mo.
     Nombre total d'accès en écriture        :  319
     Volume des accès en écriture            :        249.22 Mo.
     Nombre d'identificateurs utilisés       :  893
     Taille maximum du répertoire            :  2000
     Pourcentage d'utilisation du répertoire :  44 %

Nom de la base                          :  VOLATILE
     Nombre d'enregistrements utilisés       :  511
     Nombre d'enregistrements maximum        :  2684354
     Nombre d'enregistrements par fichier    :  15728
     Longueur d'enregistrement (octets)      :  819200
     Nombre total d'accès en lecture         :  504
     Volume des accès en lecture             :        393.75 Mo.
     Nombre total d'accès en écriture        :  2615
     Volume des accès en écriture            :       2042.97 Mo.
     Nombre d'identificateurs utilisés       :  1000
     Taille maximum du répertoire            :  2000
     Pourcentage d'utilisation du répertoire :  50 %

<I> <FIN> ARRET NORMAL DANS "FIN" PAR APPEL A "JEFINI".
  
 <I> <FIN> MEMOIRE JEVEUX MINIMALE REQUISE POUR L'EXECUTION :                     806.89 Mo
 <I> <FIN> MEMOIRE JEVEUX OPTIMALE REQUISE POUR L'EXECUTION :                    2313.87 Mo
 <I> <FIN> MAXIMUM DE MEMOIRE UTILISEE PAR LE PROCESSUS LORS DE L'EXECUTION :    5095.07 Mo
  
 <I>       FERMETURE DES BASES EFFECTUEE
  
   STATISTIQUES CONCERNANT L'ALLOCATION DYNAMIQUE :
     TAILLE CUMULEE MAXIMUM            :                 2314  Mo.
     TAILLE CUMULEE LIBEREE            :                 2086  Mo.
     NOMBRE TOTAL D'ALLOCATIONS        :              2281107
     NOMBRE TOTAL DE LIBERATIONS       :              2281107
     APPELS AU MECANISME DE LIBERATION :                    0
     TAILLE MEMOIRE CUMULEE RECUPEREE  :                 2212  Mo.
     VOLUME DES LECTURES               :                    0  Mo.
     VOLUME DES ECRITURES              :                 1816  Mo.
  
   MEMOIRE JEVEUX MINIMALE REQUISE POUR L'EXECUTION :     806.89 Mo
     - IMPOSE DE NOMBREUX ACCES DISQUE
     - RALENTIT LA VITESSE D'EXECUTION
   MEMOIRE JEVEUX OPTIMALE REQUISE POUR L'EXECUTION :    2313.87 Mo
     - LIMITE LES ACCES DISQUE
     - AMELIORE LA VITESSE D'EXECUTION
   MAXIMUM DE MEMOIRE UTILISEE PAR LE PROCESSUS     :    5095.07 Mo
     - COMPREND LA MEMOIRE CONSOMMEE PAR  JEVEUX, 
       LE SUPERVISEUR PYTHON, LES LIBRAIRIES EXTERNES
  
 <I>       FIN D'EXECUTION LE : SA-26-SEPT-2026 17:34:58
Signature of pickled file   : 32742da8a8e0793ad39870b76cd56713e989886c5cfdd3fe447be92234b5caef
Signature of info file      : 3c20f1f5640021f40864a555f5a76b13ab8fe63e18d21d969fdb5f4a54e911d8
Signature of Jeveux database: b545511957615b39fc932458779684c7adfe4d36e25aee543e4df47818659a59

 ********************************************************************************
 * COMMAND                  :       USER :     SYSTEM :   USER+SYS :    ELAPSED *
 ********************************************************************************
 * DEBUT                    :       0.20 :       0.32 :       0.52 :       0.53 *
 * STAT_NON_LINE            :     755.55 :     307.60 :    1063.15 :     911.19 *
 * CALC_CHAMP               :       0.65 :       0.01 :       0.66 :       0.65 *
 * POST_RELEVE_T            :       0.01 :       0.00 :       0.01 :       0.01 *
 * POST_RELEVE_T            :       0.00 :       0.00 :       0.00 :       0.01 *
 * DETRUIRE                 :       0.10 :       0.00 :       0.10 :       0.09 *
 * FIN                      :       0.22 :       0.19 :       0.41 :       0.42 *
 *  . sdveri                :       0.00 :       0.00 :       0.00 :       0.00 *
 *  . cleanup               :       0.00 :       0.00 :       0.00 :       0.00 *
 *  . check syntax          :       0.02 :       0.00 :       0.02 :       0.04 *
 *  . fortran               :     756.60 :     308.12 :    1064.72 :     912.74 *
 ********************************************************************************
 * TOTAL_JOB                :     756.88 :     308.14 :    1065.02 :     913.09 *
 ********************************************************************************

# Mémoire (Mo) :  5095.07 /   854.21 /  2313.87 /   806.89 (VmPeak / VmSize / Optimum / Minimum)
# Fin commande #0007   user+syst:        0.22s (syst:        0.19s, elaps:        0.42s)
# ----------------------------------------------------------------------------------------------

EXECUTION_CODE_ASTER_EXIT_2603=0


saving result databases to 'BASE_PREC'...
execution ended (command file #4): <A>_ALARM
Running: /root/mm/envs/aster/bin/run_aster -w /home/user/aas-corner-fe/wd/v8c50_TV --status-file /root/.tmp_run_aster/run_aster_qvj3ef55/__status__ --no-mpi /root/.tmp_run_aster/run_aster_qvj3ef55/v8c50_TV.4

# ------------------------------------------------------------------------------
Execution of code_aster

# ------------------------------------------------------------------------------
Prepare environment in /home/user/aas-corner-fe/wd/v8c50_TV

# ------------------------------------------------------------------------------
Command file #5 / 20

Content of the file to execute:
# coding=utf-8
# original filename
__file__ = r"/home/user/aas-corner-fe/jobs/v8c50_TV_s04.comm"


# temporarly added for compatibility with code_aster legacy
from math import *

import code_aster
from code_aster.Commands import *
from code_aster import CA

POURSUITE(LANG='EN', PAR_LOT='NON')

LOADS='TV'
CURVE='/home/user/aas-corner-fe/jobs/../results/v8c50_TV.curve'
common=dict(MODELE=model, CHAM_MATER=fmat, EXCIT=(_F(CHARGE=fix), _F(CHARGE=load, FONC_MULT=ramp)),
        COMPORTEMENT=(_F(RELATION='ENDO_FISS_EXP', GROUP_MA=('CONC','HZ')), _F(RELATION='ELAS', GROUP_MA=('STEEL','SLV','HZH'))),
        NEWTON=_F(MATRICE='TANGENTE', REAC_ITER=1),
        CONVERGENCE=_F(RESI_GLOB_RELA=1.E-4, ITER_GLOB_MAXI=30), ARCHIVAGE=_F(PAS_ARCH=1), SOLVEUR=_F(METHODE='MUMPS', GESTION_MEMOIRE='OUT_OF_CORE'))
import os, re
tcur=0.0; peak=0.0; stopped=False
if os.path.exists(CURVE):
    for line in open(CURVE):
        m=re.match(r'CURVE\s+(\S+)\s+(\S+)', line)
        if m:
            tcur=max(tcur, float(m.group(1))); peak=max(peak, float(m.group(2)))
        if line.startswith('STOP'): stopped=True
def reac(res, t):
    r2=CALC_CHAMP(RESULTAT=res, FORCE='REAC_NODA', INST=t)
    vals={}
    for g in ('HEADT','HEADV'):
        try:
            tb=POST_RELEVE_T(ACTION=_F(OPERATION='EXTRACTION', INTITULE='R', RESULTAT=r2, NOM_CHAM='REAC_NODA',
                                       GROUP_NO=g, RESULTANTE='DX', INST=t)).EXTR_TABLE().values()
            vals[g]=-tb['DX'][-1]*2
        except Exception:
            vals[g]=0.
    DETRUIRE(NOM=r2)
    return vals
TARGETS=[0.1]
for tn in TARGETS:
    if stopped or tn <= tcur+1e-9: continue
    try:
        if tcur < 1e-12 and '0'=='1':
            res=STAT_NON_LINE(INCREMENT=_F(LIST_INST=times, INST_FIN=tn), **common)
        else:
            res=STAT_NON_LINE(reuse=res, ETAT_INIT=_F(EVOL_NOLI=res), INCREMENT=_F(LIST_INST=times, INST_FIN=tn), **common)
    except Exception as exc:
        print('AASSTOP at', tcur, exc, flush=True)
        open(CURVE,'a').write('STOP solver %g\n'%tcur); stopped=True; break
    tcur=tn
    v=reac(res, tcur)
    tot=(v['HEADT'] if 'T' in LOADS else 0.)+(v['HEADV'] if 'V' in LOADS else 0.)
    peak=max(peak, tot)
    open(CURVE,'a').write('CURVE %g %g %g %g\n'%(tcur,tot,v['HEADT'],v['HEADV']))
    print('AASCURVE %g %g %g %g'%(tcur,tot,v['HEADT'],v['HEADV']), flush=True)
    if tot < 0.9*peak:
        open(CURVE,'a').write('STOP peak %g\n'%peak); stopped=True; break
FIN()



# ------------------------------------------------------------------------------
Command line #5:
    ulimit -c unlimited ; ulimit -t 25000 ; ( /root/mm/envs/aster/bin/python3 "v8c50_TV_s04.comm.changed.py" --memory 3000.0 --numthreads 1 --tpmax 20000 ; echo $? > _exit_code_ ) 2>&1 | tee -a fort.6
setting '--memory' value to 2700.00 MB (keyword RESERVE_MEMOIRE)
Ouverture en écriture du fichier ./vola.1

<INFO> Démarrage de l'exécution.

                       -- CODE_ASTER -- VERSION : DÉVELOPPEMENT (unstable) --                       
                               Version 18.1.6 modifiée le 14/09/2026                                
                                    révision n/a - branche 'n/a'                                    
                                     Copyright EDF 1991 - 2026                                      
                                                                                                    
                              Exécution du : Sat Sep 26 17:35:01 2026                               
                                       Nom de la machine : vm                                       
                                        Architecture : 64bit                                        
                                    Type de processeur : x86_64                                     
                Système d'exploitation : Linux-6.18.44-fc-v37-x86_64-with-glibc2.39                 
                                  Langue des messages : C (UTF-8)                                   
                                     Version de Python : 3.14.7                                     
                                      Version de NumPy : 2.5.3                                      
                                  Version de MEDCoupling : 9.16.0                                   
                                     Parallélisme MPI : inactif                                     
                                    Parallélisme OpenMP : actif                                     
                              Nombre de processus OpenMP utilisés : 1                               
                                Version de la librairie HDF5 : 2.2.0                                
                                Version de la librairie MED : 4.2.0                                 
                               Version de la librairie MFront : 5.1.0                               
                               Version de la librairie MUMPS : 5.8.2                                
                                  Librairie PETSc : non disponible                                  
                              Version de la librairie SCOTCH : 7.0.11                               

restarting from a previous execution...
/home/user/aas-corner-fe/wd/v8c50_TV/v8c50_TV_s04.comm.changed.py:13: DeprecationWarning: This feature is obsolete, 'PAR_LOT' has been removed.
  POURSUITE(LANG='EN', PAR_LOT='NON')
Valeur initiale du temps CPU maximum =   20000 secondes
  Valeur du temps CPU maximum passé aux commandes =   18000 secondes
  Réserve CPU prévue = 2000 secondes

Ouverture en lecture du fichier ./glob.1

Ajustement de la taille maximale des bases à 2048.00 Go.
    
Nom de la base                          :  GLOBALE
     Créée avec la version                   :  18.01.06
     Nombre d'enregistrements utilisés       :  597
     Nombre d'enregistrements maximum        :  2684354
     Nombre d'enregistrements par fichier    :  15728
     Longueur d'enregistrement (octets)      :  819200
     Nombre d'identificateurs utilisés       :  893
     Taille maximum du répertoire            :  2000
     Pourcentage d'utilisation du répertoire :  44 %

Ouverture en lecture du fichier ./glob.1

Ouverture en écriture du fichier ./vola.1

Fin de lecture (durée  0.000027  s.) 

                      Mémoire limite pour l'allocation dynamique : 3212.06 Mo                       
                         ajouté à l'initialisation du processus : 613.21 Mo                         
                               Limite cible du processus : 3825.27 Mo                               
                         Taille limite des fichiers d'échange : 2048.00 Go                          
pi                       <class 'float'>
e                        <class 'float'>
tau                      <class 'float'>
inf                      <class 'float'>
nan                      <class 'float'>
mesh                     <class 'libaster.Mesh'>
model                    <class 'libaster.Model'>
mat                      <class 'libaster.Material'>
matH                     <class 'libaster.Material'>
matHH                    <class 'libaster.Material'>
stl                      <class 'libaster.Material'>
slvm                     <class 'libaster.Material'>
fmat                     <class 'libaster.MaterialField'>
fix                      <class 'libaster.MechanicalLoadReal'>
grp                      <class 'list'>
load                     <class 'libaster.MechanicalLoadReal'>
ramp                     <class 'libaster.Function'>
steps                    <class 'libaster.ListOfFloats'>
times                    <class 'libaster.TimesList'>
LOADS                    <class 'str'>
CURVE                    <class 'str'>
common                   <class 'dict'>
tcur                     <class 'float'>
peak                     <class 'float'>
stopped                  <class 'bool'>
TARGETS                  <class 'list'>
tn                       <class 'float'>
res                      <class 'libaster.NonLinearResult'>
v                        <class 'dict'>
tot                      <class 'float'>
line                     <class 'str'>
# Mémoire (Mo) :   841.15 /   841.15 /   388.18 /   388.15 (VmPeak / VmSize / Optimum / Minimum)
# Fin commande #0001   user+syst:        0.21s (syst:        0.29s, elaps:        0.52s)
# ----------------------------------------------------------------------------------------------
/home/user/aas-corner-fe/wd/v8c50_TV/v8c50_TV_s04.comm.changed.py:24: ResourceWarning: unclosed file <_io.TextIOWrapper name='/home/user/aas-corner-fe/jobs/../results/v8c50_TV.curve' mode='r' encoding='UTF-8'>
  for line in open(CURVE):

.. _stg1_txt48
# ----------------------------------------------------------------------------------------------
# Commande #0002 de /home/user/aas-corner-fe/wd/v8c50_TV/v8c50_TV_s04.comm.changed.py, ligne 48
res = STAT_NON_LINE(AFFICHAGE=_F(INFO_RESIDU='NON',
                                 INFO_TEMPS='NON'),
                    ARCHIVAGE=_F(CHAM_EXCLU=('RESI_NOEU', 'RESI_RELA_NOEU'),
                                 PAS_ARCH=1),
                    CHAM_MATER=fmat,
                    COMPORTEMENT=(_F(DEFORMATION='PETIT',
                                     GROUP_MA=('CONC', 'HZ'),
                                     ITER_CPLAN_MAXI=10,
                                     ITER_INTE_MAXI=20,
                                     ITER_INTE_PAS=0,
                                     PARM_THETA=1.0,
                                     REGU_VISC='NON',
                                     RELATION='ENDO_FISS_EXP',
                                     RESI_CPLAN_RELA=1e-06,
                                     RESI_INTE=1e-06),
                                  _F(DEFORMATION='PETIT',
                                     GROUP_MA=('STEEL', 'SLV', 'HZH'),
                                     ITER_CPLAN_MAXI=10,
                                     ITER_INTE_MAXI=20,
                                     ITER_INTE_PAS=0,
                                     PARM_THETA=1.0,
                                     REGU_VISC='NON',
                                     RELATION='ELAS',
                                     RESI_CPLAN_RELA=1e-06,
                                     RESI_INTE=1e-06)),
                    CONVERGENCE=_F(ARRET='OUI',
                                   ITER_GLOB_ELAS=25,
                                   ITER_GLOB_MAXI=30,
                                   RESI_GLOB_RELA=0.0001,
                                   VERIF='TOUT'),
                    ETAT_INIT=_F(EVOL_NOLI=res),
                    EXCIT=(_F(CHARGE='<00000009>',
                              TYPE_CHARGE='FIXE_CSTE'),
                           _F(CHARGE='<0000000a>',
                              FONC_MULT=ramp,
                              TYPE_CHARGE='FIXE_CSTE')),
                    INCREMENT=_F(CRITERE='RELATIF',
                                 INST_FIN=0.1,
                                 INST_INIT=0.08,
                                 LIST_INST=times,
                                 PRECISION=1e-06),
                    MESURE=_F(TABLE='NON'),
                    METHODE='NEWTON',
                    MODELE=model,
                    NEWTON=_F(MATRICE='TANGENTE',
                              MATR_RIGI_SYME='NON',
                              REAC_INCR=1,
                              REAC_ITER=1,
                              REAC_ITER_ELAS=0),
                    SOLVEUR=_F(ACCELERATION='AUTO',
                               ELIM_LAGR='LAGR2',
                               FILTRAGE_MATRICE=-1.0,
                               GESTION_MEMOIRE='OUT_OF_CORE',
                               LOW_RANK_SEUIL=0.0,
                               MATR_DISTRIBUEE='NON',
                               METHODE='MUMPS',
                               MIXER_PRECISION='NON',
                               NB_RHS=1,
                               NPREC=8,
                               PCENT_PIVOT=35,
                               POSTTRAITEMENTS='AUTO',
                               PRETRAITEMENTS='AUTO',
                               REDUCTION_MPI=0,
                               RENUM='AUTO',
                               RESI_RELA=-1.0,
                               STOP_SINGULIER='OUI',
                               TYPE_RESOL='AUTO'),
                    reuse=res)

Liste des comportements

Affecté sur 55722 éléments
Relation                             : ENDO_FISS_EXP
Déformation                          : PETIT
Pas de régularisation visqueuse
Pas de post-traitement à la fin du pas de temps
Nombre total de variables internes   : 9
V1 : ENDO
V2 : INDIENDO
V3 : ENDORIGI
V4 : EPSEXX
V5 : EPSEYY
V6 : EPSEZZ
V7 : EPSEXY
V8 : EPSEXZ
V9 : EPSEYZ
Affecté sur 11610 éléments
Relation                             : ELAS
Déformation                          : PETIT
Pas de régularisation visqueuse
Pas de post-traitement à la fin du pas de temps
Nombre total de variables internes   : 1
V1 : VIDE
Le système linéaire à résoudre a 320729 degrés de liberté:
   - 306517 sont des degrés de liberté physiques
     (ils sont portés par 95117 noeuds du maillage)
   - 14212 sont les couples de paramètres de Lagrange associés
     aux 7106 relations linéaires dualisées.
La matrice est de taille 320729 équations.
  Elle contient 16336706 termes non nuls si elle est symétrique et 32352683 termes non nuls si elle
n'est pas symétrique.
  Soit un taux de remplissage de   0.031 %.
Lecture de l'état initial
L'état initial a été récupéré dans la structure de données résultat de nom <0000000e> pour le numéro
d'ordre 4 et à l'instant  8.000000000000e-02
Le champ <DEPL> est lu dans ETAT_INIT dans la structure de données résultat donné dans la commande.
Le champ <SIEF_ELGA> est lu dans ETAT_INIT dans la structure de données résultat donné dans la
commande.
Le champ <VARI_ELGA> est lu dans ETAT_INIT dans la structure de données résultat donné dans la
commande.
---------------------------------------------------------------------
Instant de calcul:  1.000000000000e-01 - Niveau de découpe: 1

---------------------------------------------------------------------
|     NEWTON     |     RESIDU     |     RESIDU     |     OPTION     |
|    ITERATION   |     RELATIF    |     ABSOLU     |   ASSEMBLAGE   |
|                | RESI_GLOB_RELA | RESI_GLOB_MAXI |(+ TYPE MATRICE)|
---------------------------------------------------------------------

 ╔================================================================================================╗
 ║ <A> <FACTOR_75>                                                                                ║
 ║                                                                                                ║
 ║ Attention, vous avez demandé un calcul OUT_OF_CORE, mais MUMPS estime avoir besoin pour cela   ║
 ║ d'au moins                                                                                     ║
 ║   2589 Mo  alors qu'il n'y a que 927 Mo de disponible sur ce processeur !                      ║
 ║   Le calcul pourrait donc être ralenti ou s'arrêter pour cette raison.                         ║
 ║                                                                                                ║
 ║   Pour information: mémoire déjà pré-allouée par MUMPS (exécutable, matrice...)= 415 Mo,       ║
 ║                     nombre de systèmes linéaires à factoriser en même temps    = 1.            ║
 ║                                                                                                ║
 ║ Conseils :                                                                                     ║
 ║   La prochaine fois, relancez avec plus de mémoire globale ou avec une option de calcul plus   ║
 ║ économe                                                                                        ║
 ║   (par ordre décroissant d'efficacité):                                                        ║
 ║    - Si le calcul est parallèle, réduisez la consommation MUMPS en augmentant le nombre de     ║
 ║ processeurs,                                                                                   ║
 ║    - Si le calcul est parallèle, réduisez la consommation Aster en activant l'option           ║
 ║ SOLVEUR/MATR_DISTRIBUEE,                                                                       ║
 ║   Ou, plus radicalement:                                                                       ║
 ║    - Utilisez un solveur moins exigeant en mémoire (par exemple: SOLVEUR/METHODE='PETSC' +     ║
 ║ PRECOND='LDLT_SP').                                                                            ║
 ║                                                                                                ║
 ║                                                                                                ║
 ║ Ceci est une alarme. Si vous ne comprenez pas le sens de cette                                 ║
 ║ alarme, vous pouvez obtenir des résultats inattendus !                                         ║
 ╚================================================================================================╝

|     0        X | 1.50671E-01  X | 1.22108E+02    |TANGENTE (NOSYM)|

 ╔================================================================================================╗
 ║ <A> <FACTOR_75>                                                                                ║
 ║                                                                                                ║
 ║ Attention, vous avez demandé un calcul OUT_OF_CORE, mais MUMPS estime avoir besoin pour cela   ║
 ║ d'au moins                                                                                     ║
 ║   2590 Mo  alors qu'il n'y a que 871 Mo de disponible sur ce processeur !                      ║
 ║   Le calcul pourrait donc être ralenti ou s'arrêter pour cette raison.                         ║
 ║                                                                                                ║
 ║   Pour information: mémoire déjà pré-allouée par MUMPS (exécutable, matrice...)= 417 Mo,       ║
 ║                     nombre de systèmes linéaires à factoriser en même temps    = 1.            ║
 ║                                                                                                ║
 ║ Conseils :                                                                                     ║
 ║   La prochaine fois, relancez avec plus de mémoire globale ou avec une option de calcul plus   ║
 ║ économe                                                                                        ║
 ║   (par ordre décroissant d'efficacité):                                                        ║
 ║    - Si le calcul est parallèle, réduisez la consommation MUMPS en augmentant le nombre de     ║
 ║ processeurs,                                                                                   ║
 ║    - Si le calcul est parallèle, réduisez la consommation Aster en activant l'option           ║
 ║ SOLVEUR/MATR_DISTRIBUEE,                                                                       ║
 ║   Ou, plus radicalement:                                                                       ║
 ║    - Utilisez un solveur moins exigeant en mémoire (par exemple: SOLVEUR/METHODE='PETSC' +     ║
 ║ PRECOND='LDLT_SP').                                                                            ║
 ║                                                                                                ║
 ║                                                                                                ║
 ║ Ceci est une alarme. Si vous ne comprenez pas le sens de cette                                 ║
 ║ alarme, vous pouvez obtenir des résultats inattendus !                                         ║
 ╚================================================================================================╝

|     1        X | 2.81416E-02  X | 2.22170E+01    |TANGENTE (NOSYM)|

 ╔================================================================================================╗
 ║ <A> <FACTOR_75>                                                                                ║
 ║                                                                                                ║
 ║ Attention, vous avez demandé un calcul OUT_OF_CORE, mais MUMPS estime avoir besoin pour cela   ║
 ║ d'au moins                                                                                     ║
 ║   2591 Mo  alors qu'il n'y a que 871 Mo de disponible sur ce processeur !                      ║
 ║   Le calcul pourrait donc être ralenti ou s'arrêter pour cette raison.                         ║
 ║                                                                                                ║
 ║   Pour information: mémoire déjà pré-allouée par MUMPS (exécutable, matrice...)= 417 Mo,       ║
 ║                     nombre de systèmes linéaires à factoriser en même temps    = 1.            ║
 ║                                                                                                ║
 ║ Conseils :                                                                                     ║
 ║   La prochaine fois, relancez avec plus de mémoire globale ou avec une option de calcul plus   ║
 ║ économe                                                                                        ║
 ║   (par ordre décroissant d'efficacité):                                                        ║
 ║    - Si le calcul est parallèle, réduisez la consommation MUMPS en augmentant le nombre de     ║
 ║ processeurs,                                                                                   ║
 ║    - Si le calcul est parallèle, réduisez la consommation Aster en activant l'option           ║
 ║ SOLVEUR/MATR_DISTRIBUEE,                                                                       ║
 ║   Ou, plus radicalement:                                                                       ║
 ║    - Utilisez un solveur moins exigeant en mémoire (par exemple: SOLVEUR/METHODE='PETSC' +     ║
 ║ PRECOND='LDLT_SP').                                                                            ║
 ║                                                                                                ║
 ║                                                                                                ║
 ║ Ceci est une alarme. Si vous ne comprenez pas le sens de cette                                 ║
 ║ alarme, vous pouvez obtenir des résultats inattendus !                                         ║
 ╚================================================================================================╝

|     2        X | 3.29024E-02  X | 2.61039E+01    |TANGENTE (NOSYM)|

 ╔================================================================================================╗
 ║ <A> <FACTOR_75>                                                                                ║
 ║                                                                                                ║
 ║ Attention, vous avez demandé un calcul OUT_OF_CORE, mais MUMPS estime avoir besoin pour cela   ║
 ║ d'au moins                                                                                     ║
 ║   2590 Mo  alors qu'il n'y a que 870 Mo de disponible sur ce processeur !                      ║
 ║   Le calcul pourrait donc être ralenti ou s'arrêter pour cette raison.                         ║
 ║                                                                                                ║
 ║   Pour information: mémoire déjà pré-allouée par MUMPS (exécutable, matrice...)= 417 Mo,       ║
 ║                     nombre de systèmes linéaires à factoriser en même temps    = 1.            ║
 ║                                                                                                ║
 ║ Conseils :                                                                                     ║
 ║   La prochaine fois, relancez avec plus de mémoire globale ou avec une option de calcul plus   ║
 ║ économe                                                                                        ║
 ║   (par ordre décroissant d'efficacité):                                                        ║
 ║    - Si le calcul est parallèle, réduisez la consommation MUMPS en augmentant le nombre de     ║
 ║ processeurs,                                                                                   ║
 ║    - Si le calcul est parallèle, réduisez la consommation Aster en activant l'option           ║
 ║ SOLVEUR/MATR_DISTRIBUEE,                                                                       ║
 ║   Ou, plus radicalement:                                                                       ║
 ║    - Utilisez un solveur moins exigeant en mémoire (par exemple: SOLVEUR/METHODE='PETSC' +     ║
 ║ PRECOND='LDLT_SP').                                                                            ║
 ║                                                                                                ║
 ║                                                                                                ║
 ║ Ceci est une alarme. Si vous ne comprenez pas le sens de cette                                 ║
 ║ alarme, vous pouvez obtenir des résultats inattendus !                                         ║
 ╚================================================================================================╝

|     3        X | 7.77070E-03  X | 6.16368E+00    |TANGENTE (NOSYM)|

 ╔================================================================================================╗
 ║ <A> <FACTOR_75>                                                                                ║
 ║                                                                                                ║
 ║ Attention, vous avez demandé un calcul OUT_OF_CORE, mais MUMPS estime avoir besoin pour cela   ║
 ║ d'au moins                                                                                     ║
 ║   2591 Mo  alors qu'il n'y a que 870 Mo de disponible sur ce processeur !                      ║
 ║   Le calcul pourrait donc être ralenti ou s'arrêter pour cette raison.                         ║
 ║                                                                                                ║
 ║   Pour information: mémoire déjà pré-allouée par MUMPS (exécutable, matrice...)= 417 Mo,       ║
 ║                     nombre de systèmes linéaires à factoriser en même temps    = 1.            ║
 ║                                                                                                ║
 ║ Conseils :                                                                                     ║
 ║   La prochaine fois, relancez avec plus de mémoire globale ou avec une option de calcul plus   ║
 ║ économe                                                                                        ║
 ║   (par ordre décroissant d'efficacité):                                                        ║
 ║    - Si le calcul est parallèle, réduisez la consommation MUMPS en augmentant le nombre de     ║
 ║ processeurs,                                                                                   ║
 ║    - Si le calcul est parallèle, réduisez la consommation Aster en activant l'option           ║
 ║ SOLVEUR/MATR_DISTRIBUEE,                                                                       ║
 ║   Ou, plus radicalement:                                                                       ║
 ║    - Utilisez un solveur moins exigeant en mémoire (par exemple: SOLVEUR/METHODE='PETSC' +     ║
 ║ PRECOND='LDLT_SP').                                                                            ║
 ║                                                                                                ║
 ║                                                                                                ║
 ║ Ceci est une alarme. Si vous ne comprenez pas le sens de cette                                 ║
 ║ alarme, vous pouvez obtenir des résultats inattendus !                                         ║
 ╚================================================================================================╝


 ╔================================================================================================╗
 ║ <A> <CATAMESS_41>                                                                              ║
 ║                                                                                                ║
 ║ Le message d'alarme 'FACTOR_75' a été émis 5 fois, il ne sera plus affiché.                    ║
 ║                                                                                                ║
 ║                                                                                                ║
 ║ Ceci est une alarme. Si vous ne comprenez pas le sens de cette                                 ║
 ║ alarme, vous pouvez obtenir des résultats inattendus !                                         ║
 ╚================================================================================================╝

|     4        X | 1.05674E-03  X | 8.39450E-01    |TANGENTE (NOSYM)|
|     5          | 6.20861E-06    | 4.93182E-03    |TANGENTE (NOSYM)|
---------------------------------------------------------------------
Critère(s) de convergence atteint(s)

Le résidu de type <RESI_GLOB_RELA> vaut  6.208608976764e-06 au noeud et degré de liberté <82140  
DX>
Temps CPU consommé dans ce pas de temps    : 12 min 32 s

* Nombre d'itérations de Newton                     : 6
* Temps total intégration comportement              : 25.419 s (7 intégrations)
* Temps total factorisation matrice                 : 11 min 11 s (6 factorisations)
* Temps construction second membre                  : 0.476 s
* Temps total résolution K.U=F                      : 15.679 s (6 résolutions)
* Temps assemblage matrice                          : 0.000 s
* Temps autres opérations                           : 39.083 s
Mémoire (Mo) :  5143.88 /  2577.19 /  2357.54 /   850.57 (VmPeak / VmSize / Optimum / Minimum)

Archivage des champs

Champ stocké <DEPL> à l'instant  1.000000000000e-01 pour le numéro d'ordre 5
Champ stocké <SIEF_ELGA> à l'instant  1.000000000000e-01 pour le numéro d'ordre 5
Champ stocké <VARI_ELGA> à l'instant  1.000000000000e-01 pour le numéro d'ordre 5
Champ stocké <COMPORTEMENT> à l'instant  1.000000000000e-01 pour le numéro d'ordre 5
[100%] Instant calculé : 1.00000e-01, seul l'instant initial a été archivé
Temps CPU consommé dans le calcul          : 12 min 32 s

dont temps CPU "perdu" dans les découpes            : 0.000 s
* Nombre de pas de temps                            : 1
* Nombre d'itérations de Newton                     : 6
* Temps dans l'archivage                            : 0.030 s
* Temps dans le post-traitement                     : 0.000 s
* Temps total intégration comportement              : 25.419 s (7 intégrations)
* Temps total factorisation matrice                 : 11 min 11 s (6 factorisations)
* Temps construction second membre                  : 0.476 s
* Temps total résolution K.U=F                      : 15.679 s (6 résolutions)
* Temps assemblage matrice                          : 0.000 s
#1      Resolution des systemes lineaires                 CPU (USER+SYST/SYST/ELAPS):    810.75    230.80    689.81
#2      Calculs elementaires et assemblages               CPU (USER+SYST/SYST/ELAPS):     60.92      3.79     61.45
# Résultat commande #0002 (STAT_NON_LINE): res ('<0000000e>') de type <NonLinearResult>
# Mémoire (Mo) :  5143.88 /  1371.13 /  2357.54 /   850.57 (VmPeak / VmSize / Optimum / Minimum)
# Fin commande #0002   user+syst:      643.76s (syst:      237.54s, elaps:      760.96s)
# ----------------------------------------------------------------------------------------------

.. _stg1_txt184
# ----------------------------------------------------------------------------------------------
# Commande #0003 de
/root/mm/envs/aster/lib/python3.14/site-packages/code_aster/Supervis/ExecuteCommand.py, ligne 184
CALC_CHAMP(CRITERE='RELATIF',
           FORCE='REAC_NODA',
           INFO=1,
           INST=0.1,
           PARALLELISME_TEMPS='NON',
           PRECISION=1e-06,
           RESULTAT=res)

Le système linéaire à résoudre a 320729 degrés de liberté:
   - 306517 sont des degrés de liberté physiques
     (ils sont portés par 95117 noeuds du maillage)
   - 14212 sont les couples de paramètres de Lagrange associés
     aux 7106 relations linéaires dualisées.
#2      Calculs elementaires et assemblages               CPU (USER+SYST/SYST/ELAPS):      0.40      0.00      0.40
# Résultat commande #0003 (CALC_CHAMP): '<0000001b>' de type <NonLinearResult>
# Dépend de :
# - model ('<00000002>') de type <Model>
# - fmat ('<00000008>') de type <MaterialField>
# Mémoire (Mo) :  5143.88 /  1371.13 /  2357.54 /   850.57 (VmPeak / VmSize / Optimum / Minimum)
# Fin commande #0003   user+syst:        0.64s (syst:        0.00s, elaps:        0.64s)
# ----------------------------------------------------------------------------------------------

.. _stg1_txt34
# ----------------------------------------------------------------------------------------------
# Commande #0004 de /home/user/aas-corner-fe/wd/v8c50_TV/v8c50_TV_s04.comm.changed.py, ligne 34
tb = POST_RELEVE_T(ACTION=_F(CRITERE='RELATIF',
                             FORMAT_C='MODULE',
                             GROUP_NO='HEADT',
                             INST=0.1,
                             INTITULE='R',
                             MOYE_NOEUD='OUI',
                             NOM_CHAM='REAC_NODA',
                             OPERATION='EXTRACTION',
                             PRECISION=1e-06,
                             REPERE='GLOBAL',
                             RESULTANTE='DX',
                             RESULTAT=r2),
                   INFO=1)

# Résultat commande #0004 (POST_RELEVE_T): tb ('<0000001c>') de type <Table>
# Mémoire (Mo) :  5143.88 /  1371.13 /  2357.54 /   850.57 (VmPeak / VmSize / Optimum / Minimum)
# Fin commande #0004   user+syst:        0.01s (syst:        0.00s, elaps:        0.01s)
# ----------------------------------------------------------------------------------------------

.. _stg1_txt34
# ----------------------------------------------------------------------------------------------
# Commande #0005 de /home/user/aas-corner-fe/wd/v8c50_TV/v8c50_TV_s04.comm.changed.py, ligne 34
tb = POST_RELEVE_T(ACTION=_F(CRITERE='RELATIF',
                             FORMAT_C='MODULE',
                             GROUP_NO='HEADV',
                             INST=0.1,
                             INTITULE='R',
                             MOYE_NOEUD='OUI',
                             NOM_CHAM='REAC_NODA',
                             OPERATION='EXTRACTION',
                             PRECISION=1e-06,
                             REPERE='GLOBAL',
                             RESULTANTE='DX',
                             RESULTAT=r2),
                   INFO=1)

# Résultat commande #0005 (POST_RELEVE_T): tb ('<0000001d>') de type <Table>
# Mémoire (Mo) :  5143.88 /  1371.13 /  2357.54 /   850.57 (VmPeak / VmSize / Optimum / Minimum)
# Fin commande #0005   user+syst:        0.00s (syst:        0.00s, elaps:        0.01s)
# ----------------------------------------------------------------------------------------------

.. _stg1_txt39
# ----------------------------------------------------------------------------------------------
# Commande #0006 de /home/user/aas-corner-fe/wd/v8c50_TV/v8c50_TV_s04.comm.changed.py, ligne 39
DETRUIRE(INFO=1,
         NOM=r2)

# Mémoire (Mo) :  5143.88 /  1371.13 /  2357.54 /   850.57 (VmPeak / VmSize / Optimum / Minimum)
# Fin commande #0006   user+syst:        0.10s (syst:        0.00s, elaps:        0.10s)
# ----------------------------------------------------------------------------------------------
/home/user/aas-corner-fe/wd/v8c50_TV/v8c50_TV_s04.comm.changed.py:56: ResourceWarning: unclosed file <_io.TextIOWrapper name='/home/user/aas-corner-fe/jobs/../results/v8c50_TV.curve' mode='a' encoding='UTF-8'>
  open(CURVE,'a').write('CURVE %g %g %g %g\n'%(tcur,tot,v['HEADT'],v['HEADV']))
AASCURVE 0.1 39357.9 32404 6953.96

.. _stg1_txt76
# ----------------------------------------------------------------------------------------------
# Commande #0007 de /root/mm/envs/aster/lib/python3.14/site-packages/code_aster/CodeCommands/fin.py,
ligne 76
FIN(INFO_RESU='NON',
    RETASSAGE='NON')

Saving objects...
pi                       <class 'float'>
e                        <class 'float'>
tau                      <class 'float'>
inf                      <class 'float'>
nan                      <class 'float'>
mesh                     <class 'libaster.Mesh'>
model                    <class 'libaster.Model'>
mat                      <class 'libaster.Material'>
matH                     <class 'libaster.Material'>
matHH                    <class 'libaster.Material'>
stl                      <class 'libaster.Material'>
slvm                     <class 'libaster.Material'>
fmat                     <class 'libaster.MaterialField'>
fix                      <class 'libaster.MechanicalLoadReal'>
grp                      <class 'list'>
load                     <class 'libaster.MechanicalLoadReal'>
ramp                     <class 'libaster.Function'>
steps                    <class 'libaster.ListOfFloats'>
times                    <class 'libaster.TimesList'>
LOADS                    <class 'str'>
CURVE                    <class 'str'>
common                   <class 'dict'>
tcur                     <class 'float'>
peak                     <class 'float'>
stopped                  <class 'bool'>
TARGETS                  <class 'list'>
tn                       <class 'float'>
res                      <class 'libaster.NonLinearResult'>
v                        <class 'dict'>
tot                      <class 'float'>
line                     <class 'str'>

 ╔================================================================================================╗
 ║ <I> <CATAMESS_89>                                                                              ║
 ║                                                                                                ║
 ║ Liste des alarmes émises lors de l'exécution du calcul.                                        ║
 ║                                                                                                ║
 ║     Les alarmes que vous avez choisies d'ignorer sont précédées de (*).                        ║
 ║     Nombre d'occurrences pour chacune des alarmes :                                            ║
 ║            FACTOR_75            émise    6 fois                                                ║
 ╚================================================================================================╝

 ---------------------------------------------------------------------------
 Concepts de la base: G
    Nom        Type                Taille (Mo)         Nombre      Nombre de
                                                     d'objets       segments
    TOTAL                               390.10            483            741
  
    00000001   MAILLAGE_SDASTER          10.23             34             70
    00000002   MODELE_SDASTER            10.12             11             16
    00000003   MATER_SDASTER              0.00             15             15
    00000004   MATER_SDASTER              0.00             15             15
    00000005   MATER_SDASTER              0.00              7              7
    00000006   MATER_SDASTER              0.00              7              7
    00000007   MATER_SDASTER              0.00              7              7
    00000008   CHAM_MATER                 0.71              8             13
    00000009   CHAR_MECA                 11.23             56             76
    0000000a   CHAR_MECA                  8.05             56             76
    0000000b   FONCTION_SDASTER           0.00              3              3
    0000000c   LISTR8_SDASTER             0.00              6              6
    0000000d   LIST_INST                  0.00              8              8
    0000000e   EVOL_NOLI                288.33            190            241
    &FOZERO                               0.00              2              2
    &&_NUM_C                              0.00              1              1
    &CATA                                37.45             42            103
    &&NMDOME                              0.00              2              2
    0000000f                              0.11              2             14
    &&NMCH1P                             23.42              3              3
    00000012                              0.11              2             14
    00000015                              0.11              2             14
    00000018                              0.11              2             14
    0000001b                              0.11              2             14
 (*) sous-objets non accessible directement
 ---------------------------------------------------------------------------
Nom de la base                          :  GLOBALE
     Nombre d'enregistrements utilisés       :  652
     Nombre d'enregistrements maximum        :  2684354
     Nombre d'enregistrements par fichier    :  15728
     Longueur d'enregistrement (octets)      :  819200
     Nombre total d'accès en lecture         :  660
     Volume des accès en lecture             :        515.62 Mo.
     Nombre total d'accès en écriture        :  319
     Volume des accès en écriture            :        249.22 Mo.
     Nombre d'identificateurs utilisés       :  969
     Taille maximum du répertoire            :  2000
     Pourcentage d'utilisation du répertoire :  48 %

Nom de la base                          :  VOLATILE
     Nombre d'enregistrements utilisés       :  511
     Nombre d'enregistrements maximum        :  2684354
     Nombre d'enregistrements par fichier    :  15728
     Longueur d'enregistrement (octets)      :  819200
     Nombre total d'accès en lecture         :  420
     Volume des accès en lecture             :        328.12 Mo.
     Nombre total d'accès en écriture        :  2295
     Volume des accès en écriture            :       1792.97 Mo.
     Nombre d'identificateurs utilisés       :  999
     Taille maximum du répertoire            :  2000
     Pourcentage d'utilisation du répertoire :  49 %

<I> <FIN> ARRET NORMAL DANS "FIN" PAR APPEL A "JEFINI".
  
 <I> <FIN> MEMOIRE JEVEUX MINIMALE REQUISE POUR L'EXECUTION :                     850.57 Mo
 <I> <FIN> MEMOIRE JEVEUX OPTIMALE REQUISE POUR L'EXECUTION :                    2357.54 Mo
 <I> <FIN> MAXIMUM DE MEMOIRE UTILISEE PAR LE PROCESSUS LORS DE L'EXECUTION :    5143.88 Mo
  
 <I>       FERMETURE DES BASES EFFECTUEE
  
   STATISTIQUES CONCERNANT L'ALLOCATION DYNAMIQUE :
     TAILLE CUMULEE MAXIMUM            :                 2358  Mo.
     TAILLE CUMULEE LIBEREE            :                 1884  Mo.
     NOMBRE TOTAL D'ALLOCATIONS        :              2272885
     NOMBRE TOTAL DE LIBERATIONS       :              2272885
     APPELS AU MECANISME DE LIBERATION :                    0
     TAILLE MEMOIRE CUMULEE RECUPEREE  :                 1896  Mo.
     VOLUME DES LECTURES               :                    0  Mo.
     VOLUME DES ECRITURES              :                 1566  Mo.
  
   MEMOIRE JEVEUX MINIMALE REQUISE POUR L'EXECUTION :     850.57 Mo
     - IMPOSE DE NOMBREUX ACCES DISQUE
     - RALENTIT LA VITESSE D'EXECUTION
   MEMOIRE JEVEUX OPTIMALE REQUISE POUR L'EXECUTION :    2357.54 Mo
     - LIMITE LES ACCES DISQUE
     - AMELIORE LA VITESSE D'EXECUTION
   MAXIMUM DE MEMOIRE UTILISEE PAR LE PROCESSUS     :    5143.88 Mo
     - COMPREND LA MEMOIRE CONSOMMEE PAR  JEVEUX, 
       LE SUPERVISEUR PYTHON, LES LIBRAIRIES EXTERNES
  
 <I>       FIN D'EXECUTION LE : SA-26-SEPT-2026 17:47:44
Signature of pickled file   : 98e50145b465ae569e746725f0378757c253169310cd9fda4b90d919bc1b2621
Signature of info file      : 91b84da9340d8b3f4d985d3b7c9f9334a88bcc0cbd8bbf8915401eb37f37135c
Signature of Jeveux database: 9810e17ad594ce3930ebbcf523a0fe2dca05ff944c30a0819982bd1b8e7e47fd

 ********************************************************************************
 * COMMAND                  :       USER :     SYSTEM :   USER+SYS :    ELAPSED *
 ********************************************************************************
 * DEBUT                    :       0.21 :       0.29 :       0.50 :       0.52 *
 * STAT_NON_LINE            :     643.76 :     237.54 :     881.30 :     760.96 *
 * CALC_CHAMP               :       0.64 :       0.00 :       0.64 :       0.64 *
 * POST_RELEVE_T            :       0.01 :       0.00 :       0.01 :       0.01 *
 * POST_RELEVE_T            :       0.00 :       0.00 :       0.00 :       0.01 *
 * DETRUIRE                 :       0.10 :       0.00 :       0.10 :       0.10 *
 * FIN                      :       0.22 :       0.18 :       0.40 :       0.40 *
 *  . sdveri                :       0.00 :       0.00 :       0.00 :       0.00 *
 *  . cleanup               :       0.00 :       0.00 :       0.00 :       0.00 *
 *  . check syntax          :       0.02 :       0.00 :       0.02 :       0.04 *
 *  . fortran               :     644.80 :     238.00 :     882.80 :     762.48 *
 ********************************************************************************
 * TOTAL_JOB                :     645.08 :     238.04 :     883.12 :     762.81 *
 ********************************************************************************

# Mémoire (Mo) :  5143.88 /   854.16 /  2357.54 /   850.57 (VmPeak / VmSize / Optimum / Minimum)
# Fin commande #0007   user+syst:        0.22s (syst:        0.18s, elaps:        0.40s)
# ----------------------------------------------------------------------------------------------

EXECUTION_CODE_ASTER_EXIT_3034=0


saving result databases to 'BASE_PREC'...
execution ended (command file #5): <A>_ALARM
Running: /root/mm/envs/aster/bin/run_aster -w /home/user/aas-corner-fe/wd/v8c50_TV --status-file /root/.tmp_run_aster/run_aster_qvj3ef55/__status__ --no-mpi /root/.tmp_run_aster/run_aster_qvj3ef55/v8c50_TV.5

# ------------------------------------------------------------------------------
Execution of code_aster

# ------------------------------------------------------------------------------
Prepare environment in /home/user/aas-corner-fe/wd/v8c50_TV

# ------------------------------------------------------------------------------
Command file #6 / 20

Content of the file to execute:
# coding=utf-8
# original filename
__file__ = r"/home/user/aas-corner-fe/jobs/v8c50_TV_s05.comm"


# temporarly added for compatibility with code_aster legacy
from math import *

import code_aster
from code_aster.Commands import *
from code_aster import CA

POURSUITE(LANG='EN', PAR_LOT='NON')

LOADS='TV'
CURVE='/home/user/aas-corner-fe/jobs/../results/v8c50_TV.curve'
common=dict(MODELE=model, CHAM_MATER=fmat, EXCIT=(_F(CHARGE=fix), _F(CHARGE=load, FONC_MULT=ramp)),
        COMPORTEMENT=(_F(RELATION='ENDO_FISS_EXP', GROUP_MA=('CONC','HZ')), _F(RELATION='ELAS', GROUP_MA=('STEEL','SLV','HZH'))),
        NEWTON=_F(MATRICE='TANGENTE', REAC_ITER=1),
        CONVERGENCE=_F(RESI_GLOB_RELA=1.E-4, ITER_GLOB_MAXI=30), ARCHIVAGE=_F(PAS_ARCH=1), SOLVEUR=_F(METHODE='MUMPS', GESTION_MEMOIRE='OUT_OF_CORE'))
import os, re
tcur=0.0; peak=0.0; stopped=False
if os.path.exists(CURVE):
    for line in open(CURVE):
        m=re.match(r'CURVE\s+(\S+)\s+(\S+)', line)
        if m:
            tcur=max(tcur, float(m.group(1))); peak=max(peak, float(m.group(2)))
        if line.startswith('STOP'): stopped=True
def reac(res, t):
    r2=CALC_CHAMP(RESULTAT=res, FORCE='REAC_NODA', INST=t)
    vals={}
    for g in ('HEADT','HEADV'):
        try:
            tb=POST_RELEVE_T(ACTION=_F(OPERATION='EXTRACTION', INTITULE='R', RESULTAT=r2, NOM_CHAM='REAC_NODA',
                                       GROUP_NO=g, RESULTANTE='DX', INST=t)).EXTR_TABLE().values()
            vals[g]=-tb['DX'][-1]*2
        except Exception:
            vals[g]=0.
    DETRUIRE(NOM=r2)
    return vals
TARGETS=[0.12]
for tn in TARGETS:
    if stopped or tn <= tcur+1e-9: continue
    try:
        if tcur < 1e-12 and '0'=='1':
            res=STAT_NON_LINE(INCREMENT=_F(LIST_INST=times, INST_FIN=tn), **common)
        else:
            res=STAT_NON_LINE(reuse=res, ETAT_INIT=_F(EVOL_NOLI=res), INCREMENT=_F(LIST_INST=times, INST_FIN=tn), **common)
    except Exception as exc:
        print('AASSTOP at', tcur, exc, flush=True)
        open(CURVE,'a').write('STOP solver %g\n'%tcur); stopped=True; break
    tcur=tn
    v=reac(res, tcur)
    tot=(v['HEADT'] if 'T' in LOADS else 0.)+(v['HEADV'] if 'V' in LOADS else 0.)
    peak=max(peak, tot)
    open(CURVE,'a').write('CURVE %g %g %g %g\n'%(tcur,tot,v['HEADT'],v['HEADV']))
    print('AASCURVE %g %g %g %g'%(tcur,tot,v['HEADT'],v['HEADV']), flush=True)
    if tot < 0.9*peak:
        open(CURVE,'a').write('STOP peak %g\n'%peak); stopped=True; break
FIN()



# ------------------------------------------------------------------------------
Command line #6:
    ulimit -c unlimited ; ulimit -t 25000 ; ( /root/mm/envs/aster/bin/python3 "v8c50_TV_s05.comm.changed.py" --memory 3000.0 --numthreads 1 --tpmax 20000 ; echo $? > _exit_code_ ) 2>&1 | tee -a fort.6
setting '--memory' value to 2700.00 MB (keyword RESERVE_MEMOIRE)
Ouverture en écriture du fichier ./vola.1

<INFO> Démarrage de l'exécution.

                       -- CODE_ASTER -- VERSION : DÉVELOPPEMENT (unstable) --                       
                               Version 18.1.6 modifiée le 14/09/2026                                
                                    révision n/a - branche 'n/a'                                    
                                     Copyright EDF 1991 - 2026                                      
                                                                                                    
                              Exécution du : Sat Sep 26 17:47:46 2026                               
                                       Nom de la machine : vm                                       
                                        Architecture : 64bit                                        
                                    Type de processeur : x86_64                                     
                Système d'exploitation : Linux-6.18.44-fc-v37-x86_64-with-glibc2.39                 
                                  Langue des messages : C (UTF-8)                                   
                                     Version de Python : 3.14.7                                     
                                      Version de NumPy : 2.5.3                                      
                                  Version de MEDCoupling : 9.16.0                                   
                                     Parallélisme MPI : inactif                                     
                                    Parallélisme OpenMP : actif                                     
                              Nombre de processus OpenMP utilisés : 1                               
                                Version de la librairie HDF5 : 2.2.0                                
                                Version de la librairie MED : 4.2.0                                 
                               Version de la librairie MFront : 5.1.0                               
                               Version de la librairie MUMPS : 5.8.2                                
                                  Librairie PETSc : non disponible                                  
                              Version de la librairie SCOTCH : 7.0.11                               

restarting from a previous execution...
/home/user/aas-corner-fe/wd/v8c50_TV/v8c50_TV_s05.comm.changed.py:13: DeprecationWarning: This feature is obsolete, 'PAR_LOT' has been removed.
  POURSUITE(LANG='EN', PAR_LOT='NON')
Valeur initiale du temps CPU maximum =   20000 secondes
  Valeur du temps CPU maximum passé aux commandes =   18000 secondes
  Réserve CPU prévue = 2000 secondes

Ouverture en lecture du fichier ./glob.1

Ajustement de la taille maximale des bases à 2048.00 Go.
    
Nom de la base                          :  GLOBALE
     Créée avec la version                   :  18.01.06
     Nombre d'enregistrements utilisés       :  652
     Nombre d'enregistrements maximum        :  2684354
     Nombre d'enregistrements par fichier    :  15728
     Longueur d'enregistrement (octets)      :  819200
     Nombre d'identificateurs utilisés       :  969
     Taille maximum du répertoire            :  2000
     Pourcentage d'utilisation du répertoire :  48 %

Ouverture en lecture du fichier ./glob.1

Ouverture en écriture du fichier ./vola.1

Fin de lecture (durée  0.000030  s.) 

                      Mémoire limite pour l'allocation dynamique : 3212.06 Mo                       
                         ajouté à l'initialisation du processus : 613.33 Mo                         
                               Limite cible du processus : 3825.38 Mo                               
                         Taille limite des fichiers d'échange : 2048.00 Go                          
pi                       <class 'float'>
e                        <class 'float'>
tau                      <class 'float'>
inf                      <class 'float'>
nan                      <class 'float'>
mesh                     <class 'libaster.Mesh'>
model                    <class 'libaster.Model'>
mat                      <class 'libaster.Material'>
matH                     <class 'libaster.Material'>
matHH                    <class 'libaster.Material'>
stl                      <class 'libaster.Material'>
slvm                     <class 'libaster.Material'>
fmat                     <class 'libaster.MaterialField'>
fix                      <class 'libaster.MechanicalLoadReal'>
grp                      <class 'list'>
load                     <class 'libaster.MechanicalLoadReal'>
ramp                     <class 'libaster.Function'>
steps                    <class 'libaster.ListOfFloats'>
times                    <class 'libaster.TimesList'>
LOADS                    <class 'str'>
CURVE                    <class 'str'>
common                   <class 'dict'>
tcur                     <class 'float'>
peak                     <class 'float'>
stopped                  <class 'bool'>
TARGETS                  <class 'list'>
tn                       <class 'float'>
res                      <class 'libaster.NonLinearResult'>
v                        <class 'dict'>
tot                      <class 'float'>
line                     <class 'str'>
# Mémoire (Mo) :   884.77 /   884.64 /   431.85 /   431.82 (VmPeak / VmSize / Optimum / Minimum)
# Fin commande #0001   user+syst:        0.22s (syst:        0.32s, elaps:        0.56s)
# ----------------------------------------------------------------------------------------------
/home/user/aas-corner-fe/wd/v8c50_TV/v8c50_TV_s05.comm.changed.py:24: ResourceWarning: unclosed file <_io.TextIOWrapper name='/home/user/aas-corner-fe/jobs/../results/v8c50_TV.curve' mode='r' encoding='UTF-8'>
  for line in open(CURVE):

.. _stg1_txt48
# ----------------------------------------------------------------------------------------------
# Commande #0002 de /home/user/aas-corner-fe/wd/v8c50_TV/v8c50_TV_s05.comm.changed.py, ligne 48
res = STAT_NON_LINE(AFFICHAGE=_F(INFO_RESIDU='NON',
                                 INFO_TEMPS='NON'),
                    ARCHIVAGE=_F(CHAM_EXCLU=('RESI_NOEU', 'RESI_RELA_NOEU'),
                                 PAS_ARCH=1),
                    CHAM_MATER=fmat,
                    COMPORTEMENT=(_F(DEFORMATION='PETIT',
                                     GROUP_MA=('CONC', 'HZ'),
                                     ITER_CPLAN_MAXI=10,
                                     ITER_INTE_MAXI=20,
                                     ITER_INTE_PAS=0,
                                     PARM_THETA=1.0,
                                     REGU_VISC='NON',
                                     RELATION='ENDO_FISS_EXP',
                                     RESI_CPLAN_RELA=1e-06,
                                     RESI_INTE=1e-06),
                                  _F(DEFORMATION='PETIT',
                                     GROUP_MA=('STEEL', 'SLV', 'HZH'),
                                     ITER_CPLAN_MAXI=10,
                                     ITER_INTE_MAXI=20,
                                     ITER_INTE_PAS=0,
                                     PARM_THETA=1.0,
                                     REGU_VISC='NON',
                                     RELATION='ELAS',
                                     RESI_CPLAN_RELA=1e-06,
                                     RESI_INTE=1e-06)),
                    CONVERGENCE=_F(ARRET='OUI',
                                   ITER_GLOB_ELAS=25,
                                   ITER_GLOB_MAXI=30,
                                   RESI_GLOB_RELA=0.0001,
                                   VERIF='TOUT'),
                    ETAT_INIT=_F(EVOL_NOLI=res),
                    EXCIT=(_F(CHARGE='<00000009>',
                              TYPE_CHARGE='FIXE_CSTE'),
                           _F(CHARGE='<0000000a>',
                              FONC_MULT=ramp,
                              TYPE_CHARGE='FIXE_CSTE')),
                    INCREMENT=_F(CRITERE='RELATIF',
                                 INST_FIN=0.12,
                                 INST_INIT=0.1,
                                 LIST_INST=times,
                                 PRECISION=1e-06),
                    MESURE=_F(TABLE='NON'),
                    METHODE='NEWTON',
                    MODELE=model,
                    NEWTON=_F(MATRICE='TANGENTE',
                              MATR_RIGI_SYME='NON',
                              REAC_INCR=1,
                              REAC_ITER=1,
                              REAC_ITER_ELAS=0),
                    SOLVEUR=_F(ACCELERATION='AUTO',
                               ELIM_LAGR='LAGR2',
                               FILTRAGE_MATRICE=-1.0,
                               GESTION_MEMOIRE='OUT_OF_CORE',
                               LOW_RANK_SEUIL=0.0,
                               MATR_DISTRIBUEE='NON',
                               METHODE='MUMPS',
                               MIXER_PRECISION='NON',
                               NB_RHS=1,
                               NPREC=8,
                               PCENT_PIVOT=35,
                               POSTTRAITEMENTS='AUTO',
                               PRETRAITEMENTS='AUTO',
                               REDUCTION_MPI=0,
                               RENUM='AUTO',
                               RESI_RELA=-1.0,
                               STOP_SINGULIER='OUI',
                               TYPE_RESOL='AUTO'),
                    reuse=res)

Liste des comportements

Affecté sur 55722 éléments
Relation                             : ENDO_FISS_EXP
Déformation                          : PETIT
Pas de régularisation visqueuse
Pas de post-traitement à la fin du pas de temps
Nombre total de variables internes   : 9
V1 : ENDO
V2 : INDIENDO
V3 : ENDORIGI
V4 : EPSEXX
V5 : EPSEYY
V6 : EPSEZZ
V7 : EPSEXY
V8 : EPSEXZ
V9 : EPSEYZ
Affecté sur 11610 éléments
Relation                             : ELAS
Déformation                          : PETIT
Pas de régularisation visqueuse
Pas de post-traitement à la fin du pas de temps
Nombre total de variables internes   : 1
V1 : VIDE
Le système linéaire à résoudre a 320729 degrés de liberté:
   - 306517 sont des degrés de liberté physiques
     (ils sont portés par 95117 noeuds du maillage)
   - 14212 sont les couples de paramètres de Lagrange associés
     aux 7106 relations linéaires dualisées.
La matrice est de taille 320729 équations.
  Elle contient 16336706 termes non nuls si elle est symétrique et 32352683 termes non nuls si elle
n'est pas symétrique.
  Soit un taux de remplissage de   0.031 %.
Lecture de l'état initial
L'état initial a été récupéré dans la structure de données résultat de nom <0000000e> pour le numéro
d'ordre 5 et à l'instant  1.000000000000e-01
Le champ <DEPL> est lu dans ETAT_INIT dans la structure de données résultat donné dans la commande.
Le champ <SIEF_ELGA> est lu dans ETAT_INIT dans la structure de données résultat donné dans la
commande.
Le champ <VARI_ELGA> est lu dans ETAT_INIT dans la structure de données résultat donné dans la
commande.
---------------------------------------------------------------------
Instant de calcul:  1.200000000000e-01 - Niveau de découpe: 1

---------------------------------------------------------------------
|     NEWTON     |     RESIDU     |     RESIDU     |     OPTION     |
|    ITERATION   |     RELATIF    |     ABSOLU     |   ASSEMBLAGE   |
|                | RESI_GLOB_RELA | RESI_GLOB_MAXI |(+ TYPE MATRICE)|
---------------------------------------------------------------------

 ╔================================================================================================╗
 ║ <A> <FACTOR_75>                                                                                ║
 ║                                                                                                ║
 ║ Attention, vous avez demandé un calcul OUT_OF_CORE, mais MUMPS estime avoir besoin pour cela   ║
 ║ d'au moins                                                                                     ║
 ║   2591 Mo  alors qu'il n'y a que 885 Mo de disponible sur ce processeur !                      ║
 ║   Le calcul pourrait donc être ralenti ou s'arrêter pour cette raison.                         ║
 ║                                                                                                ║
 ║   Pour information: mémoire déjà pré-allouée par MUMPS (exécutable, matrice...)= 417 Mo,       ║
 ║                     nombre de systèmes linéaires à factoriser en même temps    = 1.            ║
 ║                                                                                                ║
 ║ Conseils :                                                                                     ║
 ║   La prochaine fois, relancez avec plus de mémoire globale ou avec une option de calcul plus   ║
 ║ économe                                                                                        ║
 ║   (par ordre décroissant d'efficacité):                                                        ║
 ║    - Si le calcul est parallèle, réduisez la consommation MUMPS en augmentant le nombre de     ║
 ║ processeurs,                                                                                   ║
 ║    - Si le calcul est parallèle, réduisez la consommation Aster en activant l'option           ║
 ║ SOLVEUR/MATR_DISTRIBUEE,                                                                       ║
 ║   Ou, plus radicalement:                                                                       ║
 ║    - Utilisez un solveur moins exigeant en mémoire (par exemple: SOLVEUR/METHODE='PETSC' +     ║
 ║ PRECOND='LDLT_SP').                                                                            ║
 ║                                                                                                ║
 ║                                                                                                ║
 ║ Ceci est une alarme. Si vous ne comprenez pas le sens de cette                                 ║
 ║ alarme, vous pouvez obtenir des résultats inattendus !                                         ║
 ╚================================================================================================╝

|     0        X | 6.74070E-02  X | 4.86469E+01    |TANGENTE (NOSYM)|

 ╔================================================================================================╗
 ║ <A> <FACTOR_75>                                                                                ║
 ║                                                                                                ║
 ║ Attention, vous avez demandé un calcul OUT_OF_CORE, mais MUMPS estime avoir besoin pour cela   ║
 ║ d'au moins                                                                                     ║
 ║   2592 Mo  alors qu'il n'y a que 829 Mo de disponible sur ce processeur !                      ║
 ║   Le calcul pourrait donc être ralenti ou s'arrêter pour cette raison.                         ║
 ║                                                                                                ║
 ║   Pour information: mémoire déjà pré-allouée par MUMPS (exécutable, matrice...)= 419 Mo,       ║
 ║                     nombre de systèmes linéaires à factoriser en même temps    = 1.            ║
 ║                                                                                                ║
 ║ Conseils :                                                                                     ║
 ║   La prochaine fois, relancez avec plus de mémoire globale ou avec une option de calcul plus   ║
 ║ économe                                                                                        ║
 ║   (par ordre décroissant d'efficacité):                                                        ║
 ║    - Si le calcul est parallèle, réduisez la consommation MUMPS en augmentant le nombre de     ║
 ║ processeurs,                                                                                   ║
 ║    - Si le calcul est parallèle, réduisez la consommation Aster en activant l'option           ║
 ║ SOLVEUR/MATR_DISTRIBUEE,                                                                       ║
 ║   Ou, plus radicalement:                                                                       ║
 ║    - Utilisez un solveur moins exigeant en mémoire (par exemple: SOLVEUR/METHODE='PETSC' +     ║
 ║ PRECOND='LDLT_SP').                                                                            ║
 ║                                                                                                ║
 ║                                                                                                ║
 ║ Ceci est une alarme. Si vous ne comprenez pas le sens de cette                                 ║
 ║ alarme, vous pouvez obtenir des résultats inattendus !                                         ║
 ╚================================================================================================╝

|     1        X | 1.71370E-02  X | 1.24302E+01    |TANGENTE (NOSYM)|

 ╔================================================================================================╗
 ║ <A> <FACTOR_75>                                                                                ║
 ║                                                                                                ║
 ║ Attention, vous avez demandé un calcul OUT_OF_CORE, mais MUMPS estime avoir besoin pour cela   ║
 ║ d'au moins                                                                                     ║
 ║   2592 Mo  alors qu'il n'y a que 829 Mo de disponible sur ce processeur !                      ║
 ║   Le calcul pourrait donc être ralenti ou s'arrêter pour cette raison.                         ║
 ║                                                                                                ║
 ║   Pour information: mémoire déjà pré-allouée par MUMPS (exécutable, matrice...)= 419 Mo,       ║
 ║                     nombre de systèmes linéaires à factoriser en même temps    = 1.            ║
 ║                                                                                                ║
 ║ Conseils :                                                                                     ║
 ║   La prochaine fois, relancez avec plus de mémoire globale ou avec une option de calcul plus   ║
 ║ économe                                                                                        ║
 ║   (par ordre décroissant d'efficacité):                                                        ║
 ║    - Si le calcul est parallèle, réduisez la consommation MUMPS en augmentant le nombre de     ║
 ║ processeurs,                                                                                   ║
 ║    - Si le calcul est parallèle, réduisez la consommation Aster en activant l'option           ║
 ║ SOLVEUR/MATR_DISTRIBUEE,                                                                       ║
 ║   Ou, plus radicalement:                                                                       ║
 ║    - Utilisez un solveur moins exigeant en mémoire (par exemple: SOLVEUR/METHODE='PETSC' +     ║
 ║ PRECOND='LDLT_SP').                                                                            ║
 ║                                                                                                ║
 ║                                                                                                ║
 ║ Ceci est une alarme. Si vous ne comprenez pas le sens de cette                                 ║
 ║ alarme, vous pouvez obtenir des résultats inattendus !                                         ║
 ╚================================================================================================╝

|     2        X | 4.53345E-03  X | 3.24534E+00    |TANGENTE (NOSYM)|

 ╔================================================================================================╗
 ║ <A> <FACTOR_75>                                                                                ║
 ║                                                                                                ║
 ║ Attention, vous avez demandé un calcul OUT_OF_CORE, mais MUMPS estime avoir besoin pour cela   ║
 ║ d'au moins                                                                                     ║
 ║   2592 Mo  alors qu'il n'y a que 828 Mo de disponible sur ce processeur !                      ║
 ║   Le calcul pourrait donc être ralenti ou s'arrêter pour cette raison.                         ║
 ║                                                                                                ║
 ║   Pour information: mémoire déjà pré-allouée par MUMPS (exécutable, matrice...)= 419 Mo,       ║
 ║                     nombre de systèmes linéaires à factoriser en même temps    = 1.            ║
 ║                                                                                                ║
 ║ Conseils :                                                                                     ║
 ║   La prochaine fois, relancez avec plus de mémoire globale ou avec une option de calcul plus   ║
 ║ économe                                                                                        ║
 ║   (par ordre décroissant d'efficacité):                                                        ║
 ║    - Si le calcul est parallèle, réduisez la consommation MUMPS en augmentant le nombre de     ║
 ║ processeurs,                                                                                   ║
 ║    - Si le calcul est parallèle, réduisez la consommation Aster en activant l'option           ║
 ║ SOLVEUR/MATR_DISTRIBUEE,                                                                       ║
 ║   Ou, plus radicalement:                                                                       ║
 ║    - Utilisez un solveur moins exigeant en mémoire (par exemple: SOLVEUR/METHODE='PETSC' +     ║
 ║ PRECOND='LDLT_SP').                                                                            ║
 ║                                                                                                ║
 ║                                                                                                ║
 ║ Ceci est une alarme. Si vous ne comprenez pas le sens de cette                                 ║
 ║ alarme, vous pouvez obtenir des résultats inattendus !                                         ║
 ╚================================================================================================╝

|     3        X | 1.24589E-03  X | 8.92066E-01    |TANGENTE (NOSYM)|

 ╔================================================================================================╗
 ║ <A> <FACTOR_75>                                                                                ║
 ║                                                                                                ║
 ║ Attention, vous avez demandé un calcul OUT_OF_CORE, mais MUMPS estime avoir besoin pour cela   ║
 ║ d'au moins                                                                                     ║
 ║   2592 Mo  alors qu'il n'y a que 827 Mo de disponible sur ce processeur !                      ║
 ║   Le calcul pourrait donc être ralenti ou s'arrêter pour cette raison.                         ║
 ║                                                                                                ║
 ║   Pour information: mémoire déjà pré-allouée par MUMPS (exécutable, matrice...)= 420 Mo,       ║
 ║                     nombre de systèmes linéaires à factoriser en même temps    = 1.            ║
 ║                                                                                                ║
 ║ Conseils :                                                                                     ║
 ║   La prochaine fois, relancez avec plus de mémoire globale ou avec une option de calcul plus   ║
 ║ économe                                                                                        ║
 ║   (par ordre décroissant d'efficacité):                                                        ║
 ║    - Si le calcul est parallèle, réduisez la consommation MUMPS en augmentant le nombre de     ║
 ║ processeurs,                                                                                   ║
 ║    - Si le calcul est parallèle, réduisez la consommation Aster en activant l'option           ║
 ║ SOLVEUR/MATR_DISTRIBUEE,                                                                       ║
 ║   Ou, plus radicalement:                                                                       ║
 ║    - Utilisez un solveur moins exigeant en mémoire (par exemple: SOLVEUR/METHODE='PETSC' +     ║
 ║ PRECOND='LDLT_SP').                                                                            ║
 ║                                                                                                ║
 ║                                                                                                ║
 ║ Ceci est une alarme. Si vous ne comprenez pas le sens de cette                                 ║
 ║ alarme, vous pouvez obtenir des résultats inattendus !                                         ║
 ╚================================================================================================╝


 ╔================================================================================================╗
 ║ <A> <CATAMESS_41>                                                                              ║
 ║                                                                                                ║
 ║ Le message d'alarme 'FACTOR_75' a été émis 5 fois, il ne sera plus affiché.                    ║
 ║                                                                                                ║
 ║                                                                                                ║
 ║ Ceci est une alarme. Si vous ne comprenez pas le sens de cette                                 ║
 ║ alarme, vous pouvez obtenir des résultats inattendus !                                         ║
 ╚================================================================================================╝

|     4        X | 1.19734E-04  X | 8.57384E-02    |TANGENTE (NOSYM)|
|     5          | 2.02687E-05    | 1.45158E-02    |TANGENTE (NOSYM)|
---------------------------------------------------------------------
Critère(s) de convergence atteint(s)

Le résidu de type <RESI_GLOB_RELA> vaut  2.026866531125e-05 au noeud et degré de liberté <62541  
DY>
Temps CPU consommé dans ce pas de temps    : 12 min 47 s

* Nombre d'itérations de Newton                     : 6
* Temps total intégration comportement              : 26.458 s (7 intégrations)
* Temps total factorisation matrice                 : 11 min 21 s (6 factorisations)
* Temps construction second membre                  : 0.485 s
* Temps total résolution K.U=F                      : 18.746 s (6 résolutions)
* Temps assemblage matrice                          : 0.000 s
* Temps autres opérations                           : 40.162 s
Mémoire (Mo) :  5190.34 /  2621.45 /  2401.22 /   894.24 (VmPeak / VmSize / Optimum / Minimum)

Archivage des champs

Champ stocké <DEPL> à l'instant  1.200000000000e-01 pour le numéro d'ordre 6
Champ stocké <SIEF_ELGA> à l'instant  1.200000000000e-01 pour le numéro d'ordre 6
Champ stocké <VARI_ELGA> à l'instant  1.200000000000e-01 pour le numéro d'ordre 6
Champ stocké <COMPORTEMENT> à l'instant  1.200000000000e-01 pour le numéro d'ordre 6
[100%] Instant calculé : 1.20000e-01, seul l'instant initial a été archivé
Temps CPU consommé dans le calcul          : 12 min 47 s

dont temps CPU "perdu" dans les découpes            : 0.000 s
* Nombre de pas de temps                            : 1
* Nombre d'itérations de Newton                     : 6
* Temps dans l'archivage                            : 0.030 s
* Temps dans le post-traitement                     : 0.000 s
* Temps total intégration comportement              : 26.458 s (7 intégrations)
* Temps total factorisation matrice                 : 11 min 21 s (6 factorisations)
* Temps construction second membre                  : 0.485 s
* Temps total résolution K.U=F                      : 18.746 s (6 résolutions)
* Temps assemblage matrice                          : 0.000 s
#1      Resolution des systemes lineaires                 CPU (USER+SYST/SYST/ELAPS):    823.70    237.22    702.83
#2      Calculs elementaires et assemblages               CPU (USER+SYST/SYST/ELAPS):     62.87      4.22     63.46
# Résultat commande #0002 (STAT_NON_LINE): res ('<0000000e>') de type <NonLinearResult>
# Mémoire (Mo) :  5190.34 /  1404.99 /  2401.22 /   894.24 (VmPeak / VmSize / Optimum / Minimum)
# Fin commande #0002   user+syst:      652.02s (syst:      244.48s, elaps:      776.32s)
# ----------------------------------------------------------------------------------------------

.. _stg1_txt184
# ----------------------------------------------------------------------------------------------
# Commande #0003 de
/root/mm/envs/aster/lib/python3.14/site-packages/code_aster/Supervis/ExecuteCommand.py, ligne 184
CALC_CHAMP(CRITERE='RELATIF',
           FORCE='REAC_NODA',
           INFO=1,
           INST=0.12,
           PARALLELISME_TEMPS='NON',
           PRECISION=1e-06,
           RESULTAT=res)

Le système linéaire à résoudre a 320729 degrés de liberté:
   - 306517 sont des degrés de liberté physiques
     (ils sont portés par 95117 noeuds du maillage)
   - 14212 sont les couples de paramètres de Lagrange associés
     aux 7106 relations linéaires dualisées.
#2      Calculs elementaires et assemblages               CPU (USER+SYST/SYST/ELAPS):      0.42      0.00      0.42
# Résultat commande #0003 (CALC_CHAMP): '<0000001e>' de type <NonLinearResult>
# Dépend de :
# - model ('<00000002>') de type <Model>
# - fmat ('<00000008>') de type <MaterialField>
# Mémoire (Mo) :  5190.34 /  1404.99 /  2401.22 /   894.24 (VmPeak / VmSize / Optimum / Minimum)
# Fin commande #0003   user+syst:        0.66s (syst:        0.00s, elaps:        0.66s)
# ----------------------------------------------------------------------------------------------

.. _stg1_txt34
# ----------------------------------------------------------------------------------------------
# Commande #0004 de /home/user/aas-corner-fe/wd/v8c50_TV/v8c50_TV_s05.comm.changed.py, ligne 34
tb = POST_RELEVE_T(ACTION=_F(CRITERE='RELATIF',
                             FORMAT_C='MODULE',
                             GROUP_NO='HEADT',
                             INST=0.12,
                             INTITULE='R',
                             MOYE_NOEUD='OUI',
                             NOM_CHAM='REAC_NODA',
                             OPERATION='EXTRACTION',
                             PRECISION=1e-06,
                             REPERE='GLOBAL',
                             RESULTANTE='DX',
                             RESULTAT=r2),
                   INFO=1)

# Résultat commande #0004 (POST_RELEVE_T): tb ('<0000001f>') de type <Table>
# Mémoire (Mo) :  5190.34 /  1404.99 /  2401.22 /   894.24 (VmPeak / VmSize / Optimum / Minimum)
# Fin commande #0004   user+syst:        0.01s (syst:        0.00s, elaps:        0.01s)
# ----------------------------------------------------------------------------------------------

.. _stg1_txt34
# ----------------------------------------------------------------------------------------------
# Commande #0005 de /home/user/aas-corner-fe/wd/v8c50_TV/v8c50_TV_s05.comm.changed.py, ligne 34
tb = POST_RELEVE_T(ACTION=_F(CRITERE='RELATIF',
                             FORMAT_C='MODULE',
                             GROUP_NO='HEADV',
                             INST=0.12,
                             INTITULE='R',
                             MOYE_NOEUD='OUI',
                             NOM_CHAM='REAC_NODA',
                             OPERATION='EXTRACTION',
                             PRECISION=1e-06,
                             REPERE='GLOBAL',
                             RESULTANTE='DX',
                             RESULTAT=r2),
                   INFO=1)

# Résultat commande #0005 (POST_RELEVE_T): tb ('<00000020>') de type <Table>
# Mémoire (Mo) :  5190.34 /  1404.99 /  2401.22 /   894.24 (VmPeak / VmSize / Optimum / Minimum)
# Fin commande #0005   user+syst:        0.00s (syst:        0.00s, elaps:        0.00s)
# ----------------------------------------------------------------------------------------------

.. _stg1_txt39
# ----------------------------------------------------------------------------------------------
# Commande #0006 de /home/user/aas-corner-fe/wd/v8c50_TV/v8c50_TV_s05.comm.changed.py, ligne 39
DETRUIRE(INFO=1,
         NOM=r2)

# Mémoire (Mo) :  5190.34 /  1404.99 /  2401.22 /   894.24 (VmPeak / VmSize / Optimum / Minimum)
# Fin commande #0006   user+syst:        0.10s (syst:        0.00s, elaps:        0.10s)
# ----------------------------------------------------------------------------------------------
/home/user/aas-corner-fe/wd/v8c50_TV/v8c50_TV_s05.comm.changed.py:56: ResourceWarning: unclosed file <_io.TextIOWrapper name='/home/user/aas-corner-fe/jobs/../results/v8c50_TV.curve' mode='a' encoding='UTF-8'>
  open(CURVE,'a').write('CURVE %g %g %g %g\n'%(tcur,tot,v['HEADT'],v['HEADV']))
AASCURVE 0.12 44572.3 38068.4 6503.93

.. _stg1_txt76
# ----------------------------------------------------------------------------------------------
# Commande #0007 de /root/mm/envs/aster/lib/python3.14/site-packages/code_aster/CodeCommands/fin.py,
ligne 76
FIN(INFO_RESU='NON',
    RETASSAGE='NON')

Saving objects...
pi                       <class 'float'>
e                        <class 'float'>
tau                      <class 'float'>
inf                      <class 'float'>
nan                      <class 'float'>
mesh                     <class 'libaster.Mesh'>
model                    <class 'libaster.Model'>
mat                      <class 'libaster.Material'>
matH                     <class 'libaster.Material'>
matHH                    <class 'libaster.Material'>
stl                      <class 'libaster.Material'>
slvm                     <class 'libaster.Material'>
fmat                     <class 'libaster.MaterialField'>
fix                      <class 'libaster.MechanicalLoadReal'>
grp                      <class 'list'>
load                     <class 'libaster.MechanicalLoadReal'>
ramp                     <class 'libaster.Function'>
steps                    <class 'libaster.ListOfFloats'>
times                    <class 'libaster.TimesList'>
LOADS                    <class 'str'>
CURVE                    <class 'str'>
common                   <class 'dict'>
tcur                     <class 'float'>
peak                     <class 'float'>
stopped                  <class 'bool'>
TARGETS                  <class 'list'>
tn                       <class 'float'>
res                      <class 'libaster.NonLinearResult'>
v                        <class 'dict'>
tot                      <class 'float'>
line                     <class 'str'>

 ╔================================================================================================╗
 ║ <I> <CATAMESS_89>                                                                              ║
 ║                                                                                                ║
 ║ Liste des alarmes émises lors de l'exécution du calcul.                                        ║
 ║                                                                                                ║
 ║     Les alarmes que vous avez choisies d'ignorer sont précédées de (*).                        ║
 ║     Nombre d'occurrences pour chacune des alarmes :                                            ║
 ║            FACTOR_75            émise    6 fois                                                ║
 ╚================================================================================================╝

 ---------------------------------------------------------------------------
 Concepts de la base: G
    Nom        Type                Taille (Mo)         Nombre      Nombre de
                                                     d'objets       segments
    TOTAL                               434.74            506            781
  
    00000001   MAILLAGE_SDASTER          10.23             34             70
    00000002   MODELE_SDASTER            10.12             11             16
    00000003   MATER_SDASTER              0.00             15             15
    00000004   MATER_SDASTER              0.00             15             15
    00000005   MATER_SDASTER              0.00              7              7
    00000006   MATER_SDASTER              0.00              7              7
    00000007   MATER_SDASTER              0.00              7              7
    00000008   CHAM_MATER                 0.71              8             13
    00000009   CHAR_MECA                 11.23             56             76
    0000000a   CHAR_MECA                  8.05             56             76
    0000000b   FONCTION_SDASTER           0.00              3              3
    0000000c   LISTR8_SDASTER             0.00              6              6
    0000000d   LIST_INST                  0.00              8              8
    0000000e   EVOL_NOLI                332.86            211            267
    &FOZERO                               0.00              2              2
    &&_NUM_C                              0.00              1              1
    &CATA                                37.45             42            103
    &&NMDOME                              0.00              2              2
    0000000f                              0.11              2             14
    &&NMCH1P                             23.42              3              3
    00000012                              0.11              2             14
    00000015                              0.11              2             14
    00000018                              0.11              2             14
    0000001b                              0.11              2             14
    0000001e                              0.11              2             14
 (*) sous-objets non accessible directement
 ---------------------------------------------------------------------------
Nom de la base                          :  GLOBALE
     Nombre d'enregistrements utilisés       :  729
     Nombre d'enregistrements maximum        :  2684354
     Nombre d'enregistrements par fichier    :  15728
     Longueur d'enregistrement (octets)      :  819200
     Nombre total d'accès en lecture         :  721
     Volume des accès en lecture             :        563.28 Mo.
     Nombre total d'accès en écriture        :  319
     Volume des accès en écriture            :        249.22 Mo.
     Nombre d'identificateurs utilisés       :  1052
     Taille maximum du répertoire            :  2000
     Pourcentage d'utilisation du répertoire :  52 %

Nom de la base                          :  VOLATILE
     Nombre d'enregistrements utilisés       :  511
     Nombre d'enregistrements maximum        :  2684354
     Nombre d'enregistrements par fichier    :  15728
     Longueur d'enregistrement (octets)      :  819200
     Nombre total d'accès en lecture         :  420
     Volume des accès en lecture             :        328.12 Mo.
     Nombre total d'accès en écriture        :  2295
     Volume des accès en écriture            :       1792.97 Mo.
     Nombre d'identificateurs utilisés       :  995
     Taille maximum du répertoire            :  2000
     Pourcentage d'utilisation du répertoire :  49 %

<I> <FIN> ARRET NORMAL DANS "FIN" PAR APPEL A "JEFINI".
  
 <I> <FIN> MEMOIRE JEVEUX MINIMALE REQUISE POUR L'EXECUTION :                     894.24 Mo
 <I> <FIN> MEMOIRE JEVEUX OPTIMALE REQUISE POUR L'EXECUTION :                    2401.22 Mo
 <I> <FIN> MAXIMUM DE MEMOIRE UTILISEE PAR LE PROCESSUS LORS DE L'EXECUTION :    5190.34 Mo
  
 <I>       FERMETURE DES BASES EFFECTUEE
  
   STATISTIQUES CONCERNANT L'ALLOCATION DYNAMIQUE :
     TAILLE CUMULEE MAXIMUM            :                 2401  Mo.
     TAILLE CUMULEE LIBEREE            :                 1890  Mo.
     NOMBRE TOTAL D'ALLOCATIONS        :              2272948
     NOMBRE TOTAL DE LIBERATIONS       :              2272948
     APPELS AU MECANISME DE LIBERATION :                    0
     TAILLE MEMOIRE CUMULEE RECUPEREE  :                 1896  Mo.
     VOLUME DES LECTURES               :                    0  Mo.
     VOLUME DES ECRITURES              :                 1566  Mo.
  
   MEMOIRE JEVEUX MINIMALE REQUISE POUR L'EXECUTION :     894.24 Mo
     - IMPOSE DE NOMBREUX ACCES DISQUE
     - RALENTIT LA VITESSE D'EXECUTION
   MEMOIRE JEVEUX OPTIMALE REQUISE POUR L'EXECUTION :    2401.22 Mo
     - LIMITE LES ACCES DISQUE
     - AMELIORE LA VITESSE D'EXECUTION
   MAXIMUM DE MEMOIRE UTILISEE PAR LE PROCESSUS     :    5190.34 Mo
     - COMPREND LA MEMOIRE CONSOMMEE PAR  JEVEUX, 
       LE SUPERVISEUR PYTHON, LES LIBRAIRIES EXTERNES
  
 <I>       FIN D'EXECUTION LE : SA-26-SEPT-2026 18:00:44
Signature of pickled file   : b3bccb01372ae95e88fc0464951909fb0596a9220c1bce206414a4eefade8128
Signature of info file      : 3a11bc9cb605ab6876d380c537246c16dfaebb2040a7b4fd9505b14aa16d52fa
Signature of Jeveux database: e6ab26bf93148dafa4c7cbf9b6f970d00f4c1e961027eb8acad3977926e3f9db

 ********************************************************************************
 * COMMAND                  :       USER :     SYSTEM :   USER+SYS :    ELAPSED *
 ********************************************************************************
 * DEBUT                    :       0.22 :       0.32 :       0.54 :       0.56 *
 * STAT_NON_LINE            :     652.02 :     244.48 :     896.50 :     776.32 *
 * CALC_CHAMP               :       0.66 :       0.00 :       0.66 :       0.66 *
 * POST_RELEVE_T            :       0.01 :       0.00 :       0.01 :       0.01 *
 * POST_RELEVE_T            :       0.00 :       0.00 :       0.00 :       0.00 *
 * DETRUIRE                 :       0.10 :       0.00 :       0.10 :       0.10 *
 * FIN                      :       0.22 :       0.19 :       0.41 :       0.43 *
 *  . sdveri                :       0.00 :       0.00 :       0.00 :       0.00 *
 *  . cleanup               :       0.00 :       0.00 :       0.00 :       0.00 *
 *  . check syntax          :       0.02 :       0.00 :       0.02 :       0.02 *
 *  . fortran               :     653.10 :     244.99 :     898.09 :     777.95 *
 ********************************************************************************
 * TOTAL_JOB                :     653.38 :     245.01 :     898.39 :     778.26 *
 ********************************************************************************

# Mémoire (Mo) :  5190.34 /   844.24 /  2401.22 /   894.24 (VmPeak / VmSize / Optimum / Minimum)
# Fin commande #0007   user+syst:        0.22s (syst:        0.19s, elaps:        0.43s)
# ----------------------------------------------------------------------------------------------

EXECUTION_CODE_ASTER_EXIT_3342=0


saving result databases to 'BASE_PREC'...
execution ended (command file #6): <A>_ALARM
Running: /root/mm/envs/aster/bin/run_aster -w /home/user/aas-corner-fe/wd/v8c50_TV --status-file /root/.tmp_run_aster/run_aster_qvj3ef55/__status__ --no-mpi /root/.tmp_run_aster/run_aster_qvj3ef55/v8c50_TV.6

# ------------------------------------------------------------------------------
Execution of code_aster

# ------------------------------------------------------------------------------
Prepare environment in /home/user/aas-corner-fe/wd/v8c50_TV

# ------------------------------------------------------------------------------
Command file #7 / 20

Content of the file to execute:
# coding=utf-8
# original filename
__file__ = r"/home/user/aas-corner-fe/jobs/v8c50_TV_s06.comm"


# temporarly added for compatibility with code_aster legacy
from math import *

import code_aster
from code_aster.Commands import *
from code_aster import CA

POURSUITE(LANG='EN', PAR_LOT='NON')

LOADS='TV'
CURVE='/home/user/aas-corner-fe/jobs/../results/v8c50_TV.curve'
common=dict(MODELE=model, CHAM_MATER=fmat, EXCIT=(_F(CHARGE=fix), _F(CHARGE=load, FONC_MULT=ramp)),
        COMPORTEMENT=(_F(RELATION='ENDO_FISS_EXP', GROUP_MA=('CONC','HZ')), _F(RELATION='ELAS', GROUP_MA=('STEEL','SLV','HZH'))),
        NEWTON=_F(MATRICE='TANGENTE', REAC_ITER=1),
        CONVERGENCE=_F(RESI_GLOB_RELA=1.E-4, ITER_GLOB_MAXI=30), ARCHIVAGE=_F(PAS_ARCH=1), SOLVEUR=_F(METHODE='MUMPS', GESTION_MEMOIRE='OUT_OF_CORE'))
import os, re
tcur=0.0; peak=0.0; stopped=False
if os.path.exists(CURVE):
    for line in open(CURVE):
        m=re.match(r'CURVE\s+(\S+)\s+(\S+)', line)
        if m:
            tcur=max(tcur, float(m.group(1))); peak=max(peak, float(m.group(2)))
        if line.startswith('STOP'): stopped=True
def reac(res, t):
    r2=CALC_CHAMP(RESULTAT=res, FORCE='REAC_NODA', INST=t)
    vals={}
    for g in ('HEADT','HEADV'):
        try:
            tb=POST_RELEVE_T(ACTION=_F(OPERATION='EXTRACTION', INTITULE='R', RESULTAT=r2, NOM_CHAM='REAC_NODA',
                                       GROUP_NO=g, RESULTANTE='DX', INST=t)).EXTR_TABLE().values()
            vals[g]=-tb['DX'][-1]*2
        except Exception:
            vals[g]=0.
    DETRUIRE(NOM=r2)
    return vals
TARGETS=[0.14]
for tn in TARGETS:
    if stopped or tn <= tcur+1e-9: continue
    try:
        if tcur < 1e-12 and '0'=='1':
            res=STAT_NON_LINE(INCREMENT=_F(LIST_INST=times, INST_FIN=tn), **common)
        else:
            res=STAT_NON_LINE(reuse=res, ETAT_INIT=_F(EVOL_NOLI=res), INCREMENT=_F(LIST_INST=times, INST_FIN=tn), **common)
    except Exception as exc:
        print('AASSTOP at', tcur, exc, flush=True)
        open(CURVE,'a').write('STOP solver %g\n'%tcur); stopped=True; break
    tcur=tn
    v=reac(res, tcur)
    tot=(v['HEADT'] if 'T' in LOADS else 0.)+(v['HEADV'] if 'V' in LOADS else 0.)
    peak=max(peak, tot)
    open(CURVE,'a').write('CURVE %g %g %g %g\n'%(tcur,tot,v['HEADT'],v['HEADV']))
    print('AASCURVE %g %g %g %g'%(tcur,tot,v['HEADT'],v['HEADV']), flush=True)
    if tot < 0.9*peak:
        open(CURVE,'a').write('STOP peak %g\n'%peak); stopped=True; break
FIN()



# ------------------------------------------------------------------------------
Command line #7:
    ulimit -c unlimited ; ulimit -t 25000 ; ( /root/mm/envs/aster/bin/python3 "v8c50_TV_s06.comm.changed.py" --memory 3000.0 --numthreads 1 --tpmax 20000 ; echo $? > _exit_code_ ) 2>&1 | tee -a fort.6
setting '--memory' value to 2700.00 MB (keyword RESERVE_MEMOIRE)
Ouverture en écriture du fichier ./vola.1

<INFO> Démarrage de l'exécution.

                       -- CODE_ASTER -- VERSION : DÉVELOPPEMENT (unstable) --                       
                               Version 18.1.6 modifiée le 14/09/2026                                
                                    révision n/a - branche 'n/a'                                    
                                     Copyright EDF 1991 - 2026                                      
                                                                                                    
                              Exécution du : Sat Sep 26 18:00:47 2026                               
                                       Nom de la machine : vm                                       
                                        Architecture : 64bit                                        
                                    Type de processeur : x86_64                                     
                Système d'exploitation : Linux-6.18.44-fc-v37-x86_64-with-glibc2.39                 
                                  Langue des messages : C (UTF-8)                                   
                                     Version de Python : 3.14.7                                     
                                      Version de NumPy : 2.5.3                                      
                                  Version de MEDCoupling : 9.16.0                                   
                                     Parallélisme MPI : inactif                                     
                                    Parallélisme OpenMP : actif                                     
                              Nombre de processus OpenMP utilisés : 1                               
                                Version de la librairie HDF5 : 2.2.0                                
                                Version de la librairie MED : 4.2.0                                 
                               Version de la librairie MFront : 5.1.0                               
                               Version de la librairie MUMPS : 5.8.2                                
                                  Librairie PETSc : non disponible                                  
                              Version de la librairie SCOTCH : 7.0.11                               

restarting from a previous execution...
/home/user/aas-corner-fe/wd/v8c50_TV/v8c50_TV_s06.comm.changed.py:13: DeprecationWarning: This feature is obsolete, 'PAR_LOT' has been removed.
  POURSUITE(LANG='EN', PAR_LOT='NON')
Valeur initiale du temps CPU maximum =   20000 secondes
  Valeur du temps CPU maximum passé aux commandes =   18000 secondes
  Réserve CPU prévue = 2000 secondes

Ouverture en lecture du fichier ./glob.1

Ajustement de la taille maximale des bases à 2048.00 Go.
    
Nom de la base                          :  GLOBALE
     Créée avec la version                   :  18.01.06
     Nombre d'enregistrements utilisés       :  729
     Nombre d'enregistrements maximum        :  2684354
     Nombre d'enregistrements par fichier    :  15728
     Longueur d'enregistrement (octets)      :  819200
     Nombre d'identificateurs utilisés       :  1052
     Taille maximum du répertoire            :  2000
     Pourcentage d'utilisation du répertoire :  52 %

Ouverture en lecture du fichier ./glob.1

Ouverture en écriture du fichier ./vola.1

Fin de lecture (durée  0.000031  s.) 

                      Mémoire limite pour l'allocation dynamique : 3212.06 Mo                       
                         ajouté à l'initialisation du processus : 613.32 Mo                         
                               Limite cible du processus : 3825.37 Mo                               
                         Taille limite des fichiers d'échange : 2048.00 Go                          
pi                       <class 'float'>
e                        <class 'float'>
tau                      <class 'float'>
inf                      <class 'float'>
nan                      <class 'float'>
mesh                     <class 'libaster.Mesh'>
model                    <class 'libaster.Model'>
mat                      <class 'libaster.Material'>
matH                     <class 'libaster.Material'>
matHH                    <class 'libaster.Material'>
stl                      <class 'libaster.Material'>
slvm                     <class 'libaster.Material'>
fmat                     <class 'libaster.MaterialField'>
fix                      <class 'libaster.MechanicalLoadReal'>
grp                      <class 'list'>
load                     <class 'libaster.MechanicalLoadReal'>
ramp                     <class 'libaster.Function'>
steps                    <class 'libaster.ListOfFloats'>
times                    <class 'libaster.TimesList'>
LOADS                    <class 'str'>
CURVE                    <class 'str'>
common                   <class 'dict'>
tcur                     <class 'float'>
peak                     <class 'float'>
stopped                  <class 'bool'>
TARGETS                  <class 'list'>
tn                       <class 'float'>
res                      <class 'libaster.NonLinearResult'>
v                        <class 'dict'>
tot                      <class 'float'>
line                     <class 'str'>
# Mémoire (Mo) :   928.43 /   928.30 /   475.53 /   475.50 (VmPeak / VmSize / Optimum / Minimum)
# Fin commande #0001   user+syst:        0.19s (syst:        0.40s, elaps:        0.66s)
# ----------------------------------------------------------------------------------------------
/home/user/aas-corner-fe/wd/v8c50_TV/v8c50_TV_s06.comm.changed.py:24: ResourceWarning: unclosed file <_io.TextIOWrapper name='/home/user/aas-corner-fe/jobs/../results/v8c50_TV.curve' mode='r' encoding='UTF-8'>
  for line in open(CURVE):

.. _stg1_txt48
# ----------------------------------------------------------------------------------------------
# Commande #0002 de /home/user/aas-corner-fe/wd/v8c50_TV/v8c50_TV_s06.comm.changed.py, ligne 48
res = STAT_NON_LINE(AFFICHAGE=_F(INFO_RESIDU='NON',
                                 INFO_TEMPS='NON'),
                    ARCHIVAGE=_F(CHAM_EXCLU=('RESI_NOEU', 'RESI_RELA_NOEU'),
                                 PAS_ARCH=1),
                    CHAM_MATER=fmat,
                    COMPORTEMENT=(_F(DEFORMATION='PETIT',
                                     GROUP_MA=('CONC', 'HZ'),
                                     ITER_CPLAN_MAXI=10,
                                     ITER_INTE_MAXI=20,
                                     ITER_INTE_PAS=0,
                                     PARM_THETA=1.0,
                                     REGU_VISC='NON',
                                     RELATION='ENDO_FISS_EXP',
                                     RESI_CPLAN_RELA=1e-06,
                                     RESI_INTE=1e-06),
                                  _F(DEFORMATION='PETIT',
                                     GROUP_MA=('STEEL', 'SLV', 'HZH'),
                                     ITER_CPLAN_MAXI=10,
                                     ITER_INTE_MAXI=20,
                                     ITER_INTE_PAS=0,
                                     PARM_THETA=1.0,
                                     REGU_VISC='NON',
                                     RELATION='ELAS',
                                     RESI_CPLAN_RELA=1e-06,
                                     RESI_INTE=1e-06)),
                    CONVERGENCE=_F(ARRET='OUI',
                                   ITER_GLOB_ELAS=25,
                                   ITER_GLOB_MAXI=30,
                                   RESI_GLOB_RELA=0.0001,
                                   VERIF='TOUT'),
                    ETAT_INIT=_F(EVOL_NOLI=res),
                    EXCIT=(_F(CHARGE='<00000009>',
                              TYPE_CHARGE='FIXE_CSTE'),
                           _F(CHARGE='<0000000a>',
                              FONC_MULT=ramp,
                              TYPE_CHARGE='FIXE_CSTE')),
                    INCREMENT=_F(CRITERE='RELATIF',
                                 INST_FIN=0.14,
                                 INST_INIT=0.12000000000000001,
                                 LIST_INST=times,
                                 PRECISION=1e-06),
                    MESURE=_F(TABLE='NON'),
                    METHODE='NEWTON',
                    MODELE=model,
                    NEWTON=_F(MATRICE='TANGENTE',
                              MATR_RIGI_SYME='NON',
                              REAC_INCR=1,
                              REAC_ITER=1,
                              REAC_ITER_ELAS=0),
                    SOLVEUR=_F(ACCELERATION='AUTO',
                               ELIM_LAGR='LAGR2',
                               FILTRAGE_MATRICE=-1.0,
                               GESTION_MEMOIRE='OUT_OF_CORE',
                               LOW_RANK_SEUIL=0.0,
                               MATR_DISTRIBUEE='NON',
                               METHODE='MUMPS',
                               MIXER_PRECISION='NON',
                               NB_RHS=1,
                               NPREC=8,
                               PCENT_PIVOT=35,
                               POSTTRAITEMENTS='AUTO',
                               PRETRAITEMENTS='AUTO',
                               REDUCTION_MPI=0,
                               RENUM='AUTO',
                               RESI_RELA=-1.0,
                               STOP_SINGULIER='OUI',
                               TYPE_RESOL='AUTO'),
                    reuse=res)

Liste des comportements

Affecté sur 55722 éléments
Relation                             : ENDO_FISS_EXP
Déformation                          : PETIT
Pas de régularisation visqueuse
Pas de post-traitement à la fin du pas de temps
Nombre total de variables internes   : 9
V1 : ENDO
V2 : INDIENDO
V3 : ENDORIGI
V4 : EPSEXX
V5 : EPSEYY
V6 : EPSEZZ
V7 : EPSEXY
V8 : EPSEXZ
V9 : EPSEYZ
Affecté sur 11610 éléments
Relation                             : ELAS
Déformation                          : PETIT
Pas de régularisation visqueuse
Pas de post-traitement à la fin du pas de temps
Nombre total de variables internes   : 1
V1 : VIDE
Le système linéaire à résoudre a 320729 degrés de liberté:
   - 306517 sont des degrés de liberté physiques
     (ils sont portés par 95117 noeuds du maillage)
   - 14212 sont les couples de paramètres de Lagrange associés
     aux 7106 relations linéaires dualisées.
La matrice est de taille 320729 équations.
  Elle contient 16336706 termes non nuls si elle est symétrique et 32352683 termes non nuls si elle
n'est pas symétrique.
  Soit un taux de remplissage de   0.031 %.
Lecture de l'état initial
L'état initial a été récupéré dans la structure de données résultat de nom <0000000e> pour le numéro
d'ordre 6 et à l'instant  1.200000000000e-01
Le champ <DEPL> est lu dans ETAT_INIT dans la structure de données résultat donné dans la commande.
Le champ <SIEF_ELGA> est lu dans ETAT_INIT dans la structure de données résultat donné dans la
commande.
Le champ <VARI_ELGA> est lu dans ETAT_INIT dans la structure de données résultat donné dans la
commande.
---------------------------------------------------------------------
Instant de calcul:  1.400000000000e-01 - Niveau de découpe: 1

---------------------------------------------------------------------
|     NEWTON     |     RESIDU     |     RESIDU     |     OPTION     |
|    ITERATION   |     RELATIF    |     ABSOLU     |   ASSEMBLAGE   |
|                | RESI_GLOB_RELA | RESI_GLOB_MAXI |(+ TYPE MATRICE)|
---------------------------------------------------------------------

 ╔================================================================================================╗
 ║ <A> <FACTOR_75>                                                                                ║
 ║                                                                                                ║
 ║ Attention, vous avez demandé un calcul OUT_OF_CORE, mais MUMPS estime avoir besoin pour cela   ║
 ║ d'au moins                                                                                     ║
 ║   2592 Mo  alors qu'il n'y a que 837 Mo de disponible sur ce processeur !                      ║
 ║   Le calcul pourrait donc être ralenti ou s'arrêter pour cette raison.                         ║
 ║                                                                                                ║
 ║   Pour information: mémoire déjà pré-allouée par MUMPS (exécutable, matrice...)= 420 Mo,       ║
 ║                     nombre de systèmes linéaires à factoriser en même temps    = 1.            ║
 ║                                                                                                ║
 ║ Conseils :                                                                                     ║
 ║   La prochaine fois, relancez avec plus de mémoire globale ou avec une option de calcul plus   ║
 ║ économe                                                                                        ║
 ║   (par ordre décroissant d'efficacité):                                                        ║
 ║    - Si le calcul est parallèle, réduisez la consommation MUMPS en augmentant le nombre de     ║
 ║ processeurs,                                                                                   ║
 ║    - Si le calcul est parallèle, réduisez la consommation Aster en activant l'option           ║
 ║ SOLVEUR/MATR_DISTRIBUEE,                                                                       ║
 ║   Ou, plus radicalement:                                                                       ║
 ║    - Utilisez un solveur moins exigeant en mémoire (par exemple: SOLVEUR/METHODE='PETSC' +     ║
 ║ PRECOND='LDLT_SP').                                                                            ║
 ║                                                                                                ║
 ║                                                                                                ║
 ║ Ceci est une alarme. Si vous ne comprenez pas le sens de cette                                 ║
 ║ alarme, vous pouvez obtenir des résultats inattendus !                                         ║
 ╚================================================================================================╝

|     0        X | 3.15421E-02  X | 2.00662E+01    |TANGENTE (NOSYM)|

 ╔================================================================================================╗
 ║ <A> <FACTOR_75>                                                                                ║
 ║                                                                                                ║
 ║ Attention, vous avez demandé un calcul OUT_OF_CORE, mais MUMPS estime avoir besoin pour cela   ║
 ║ d'au moins                                                                                     ║
 ║   2594 Mo  alors qu'il n'y a que 784 Mo de disponible sur ce processeur !                      ║
 ║   Le calcul pourrait donc être ralenti ou s'arrêter pour cette raison.                         ║
 ║                                                                                                ║
 ║   Pour information: mémoire déjà pré-allouée par MUMPS (exécutable, matrice...)= 421 Mo,       ║
 ║                     nombre de systèmes linéaires à factoriser en même temps    = 1.            ║
 ║                                                                                                ║
 ║ Conseils :                                                                                     ║
 ║   La prochaine fois, relancez avec plus de mémoire globale ou avec une option de calcul plus   ║
 ║ économe                                                                                        ║
 ║   (par ordre décroissant d'efficacité):                                                        ║
 ║    - Si le calcul est parallèle, réduisez la consommation MUMPS en augmentant le nombre de     ║
 ║ processeurs,                                                                                   ║
 ║    - Si le calcul est parallèle, réduisez la consommation Aster en activant l'option           ║
 ║ SOLVEUR/MATR_DISTRIBUEE,                                                                       ║
 ║   Ou, plus radicalement:                                                                       ║
 ║    - Utilisez un solveur moins exigeant en mémoire (par exemple: SOLVEUR/METHODE='PETSC' +     ║
 ║ PRECOND='LDLT_SP').                                                                            ║
 ║                                                                                                ║
 ║                                                                                                ║
 ║ Ceci est une alarme. Si vous ne comprenez pas le sens de cette                                 ║
 ║ alarme, vous pouvez obtenir des résultats inattendus !                                         ║
 ╚================================================================================================╝

|     1        X | 1.12869E-02  X | 7.24597E+00    |TANGENTE (NOSYM)|

 ╔================================================================================================╗
 ║ <A> <FACTOR_75>                                                                                ║
 ║                                                                                                ║
 ║ Attention, vous avez demandé un calcul OUT_OF_CORE, mais MUMPS estime avoir besoin pour cela   ║
 ║ d'au moins                                                                                     ║
 ║   2593 Mo  alors qu'il n'y a que 785 Mo de disponible sur ce processeur !                      ║
 ║   Le calcul pourrait donc être ralenti ou s'arrêter pour cette raison.                         ║
 ║                                                                                                ║
 ║   Pour information: mémoire déjà pré-allouée par MUMPS (exécutable, matrice...)= 421 Mo,       ║
 ║                     nombre de systèmes linéaires à factoriser en même temps    = 1.            ║
 ║                                                                                                ║
 ║ Conseils :                                                                                     ║
 ║   La prochaine fois, relancez avec plus de mémoire globale ou avec une option de calcul plus   ║
 ║ économe                                                                                        ║
 ║   (par ordre décroissant d'efficacité):                                                        ║
 ║    - Si le calcul est parallèle, réduisez la consommation MUMPS en augmentant le nombre de     ║
 ║ processeurs,                                                                                   ║
 ║    - Si le calcul est parallèle, réduisez la consommation Aster en activant l'option           ║
 ║ SOLVEUR/MATR_DISTRIBUEE,                                                                       ║
 ║   Ou, plus radicalement:                                                                       ║
 ║    - Utilisez un solveur moins exigeant en mémoire (par exemple: SOLVEUR/METHODE='PETSC' +     ║
 ║ PRECOND='LDLT_SP').                                                                            ║
 ║                                                                                                ║
 ║                                                                                                ║
 ║ Ceci est une alarme. Si vous ne comprenez pas le sens de cette                                 ║
 ║ alarme, vous pouvez obtenir des résultats inattendus !                                         ║
 ╚================================================================================================╝

|     2        X | 8.91323E-03  X | 5.72118E+00    |TANGENTE (NOSYM)|

 ╔================================================================================================╗
 ║ <A> <FACTOR_75>                                                                                ║
 ║                                                                                                ║
 ║ Attention, vous avez demandé un calcul OUT_OF_CORE, mais MUMPS estime avoir besoin pour cela   ║
 ║ d'au moins                                                                                     ║
 ║   2593 Mo  alors qu'il n'y a que 786 Mo de disponible sur ce processeur !                      ║
 ║   Le calcul pourrait donc être ralenti ou s'arrêter pour cette raison.                         ║
 ║                                                                                                ║
 ║   Pour information: mémoire déjà pré-allouée par MUMPS (exécutable, matrice...)= 421 Mo,       ║
 ║                     nombre de systèmes linéaires à factoriser en même temps    = 1.            ║
 ║                                                                                                ║
 ║ Conseils :                                                                                     ║
 ║   La prochaine fois, relancez avec plus de mémoire globale ou avec une option de calcul plus   ║
 ║ économe                                                                                        ║
 ║   (par ordre décroissant d'efficacité):                                                        ║
 ║    - Si le calcul est parallèle, réduisez la consommation MUMPS en augmentant le nombre de     ║
 ║ processeurs,                                                                                   ║
 ║    - Si le calcul est parallèle, réduisez la consommation Aster en activant l'option           ║
 ║ SOLVEUR/MATR_DISTRIBUEE,                                                                       ║
 ║   Ou, plus radicalement:                                                                       ║
 ║    - Utilisez un solveur moins exigeant en mémoire (par exemple: SOLVEUR/METHODE='PETSC' +     ║
 ║ PRECOND='LDLT_SP').                                                                            ║
 ║                                                                                                ║
 ║                                                                                                ║
 ║ Ceci est une alarme. Si vous ne comprenez pas le sens de cette                                 ║
 ║ alarme, vous pouvez obtenir des résultats inattendus !                                         ║
 ╚================================================================================================╝

|     3        X | 2.06624E-03  X | 1.32636E+00    |TANGENTE (NOSYM)|

 ╔================================================================================================╗
 ║ <A> <FACTOR_75>                                                                                ║
 ║                                                                                                ║
 ║ Attention, vous avez demandé un calcul OUT_OF_CORE, mais MUMPS estime avoir besoin pour cela   ║
 ║ d'au moins                                                                                     ║
 ║   2593 Mo  alors qu'il n'y a que 785 Mo de disponible sur ce processeur !                      ║
 ║   Le calcul pourrait donc être ralenti ou s'arrêter pour cette raison.                         ║
 ║                                                                                                ║
 ║   Pour information: mémoire déjà pré-allouée par MUMPS (exécutable, matrice...)= 421 Mo,       ║
 ║                     nombre de systèmes linéaires à factoriser en même temps    = 1.            ║
 ║                                                                                                ║
 ║ Conseils :                                                                                     ║
 ║   La prochaine fois, relancez avec plus de mémoire globale ou avec une option de calcul plus   ║
 ║ économe                                                                                        ║
 ║   (par ordre décroissant d'efficacité):                                                        ║
 ║    - Si le calcul est parallèle, réduisez la consommation MUMPS en augmentant le nombre de     ║
 ║ processeurs,                                                                                   ║
 ║    - Si le calcul est parallèle, réduisez la consommation Aster en activant l'option           ║
 ║ SOLVEUR/MATR_DISTRIBUEE,                                                                       ║
 ║   Ou, plus radicalement:                                                                       ║
 ║    - Utilisez un solveur moins exigeant en mémoire (par exemple: SOLVEUR/METHODE='PETSC' +     ║
 ║ PRECOND='LDLT_SP').                                                                            ║
 ║                                                                                                ║
 ║                                                                                                ║
 ║ Ceci est une alarme. Si vous ne comprenez pas le sens de cette                                 ║
 ║ alarme, vous pouvez obtenir des résultats inattendus !                                         ║
 ╚================================================================================================╝


 ╔================================================================================================╗
 ║ <A> <CATAMESS_41>                                                                              ║
 ║                                                                                                ║
 ║ Le message d'alarme 'FACTOR_75' a été émis 5 fois, il ne sera plus affiché.                    ║
 ║                                                                                                ║
 ║                                                                                                ║
 ║ Ceci est une alarme. Si vous ne comprenez pas le sens de cette                                 ║
 ║ alarme, vous pouvez obtenir des résultats inattendus !                                         ║
 ╚================================================================================================╝

|     4        X | 1.44904E-04  X | 9.30194E-02    |TANGENTE (NOSYM)|
|     5          | 2.32800E-07    | 1.49443E-04    |TANGENTE (NOSYM)|
---------------------------------------------------------------------
Critère(s) de convergence atteint(s)

Le résidu de type <RESI_GLOB_RELA> vaut  2.328003863589e-07 au noeud et degré de liberté <87769  
DZ>
Temps CPU consommé dans ce pas de temps    : 12 min 43 s

* Nombre d'itérations de Newton                     : 6
* Temps total intégration comportement              : 26.059 s (7 intégrations)
* Temps total factorisation matrice                 : 11 min 18 s (6 factorisations)
* Temps construction second membre                  : 0.474 s
* Temps total résolution K.U=F                      : 18.675 s (6 résolutions)
* Temps assemblage matrice                          : 0.000 s
* Temps autres opérations                           : 39.976 s
Mémoire (Mo) :  5236.94 /  2664.66 /  2444.89 /   937.92 (VmPeak / VmSize / Optimum / Minimum)

Archivage des champs

Champ stocké <DEPL> à l'instant  1.400000000000e-01 pour le numéro d'ordre 7
Champ stocké <SIEF_ELGA> à l'instant  1.400000000000e-01 pour le numéro d'ordre 7
Champ stocké <VARI_ELGA> à l'instant  1.400000000000e-01 pour le numéro d'ordre 7
Champ stocké <COMPORTEMENT> à l'instant  1.400000000000e-01 pour le numéro d'ordre 7
[100%] Instant calculé : 1.40000e-01, seul l'instant initial a été archivé
Temps CPU consommé dans le calcul          : 12 min 43 s

dont temps CPU "perdu" dans les découpes            : 0.000 s
* Nombre de pas de temps                            : 1
* Nombre d'itérations de Newton                     : 6
* Temps dans l'archivage                            : 0.033 s
* Temps dans le post-traitement                     : 0.000 s
* Temps total intégration comportement              : 26.059 s (7 intégrations)
* Temps total factorisation matrice                 : 11 min 18 s (6 factorisations)
* Temps construction second membre                  : 0.474 s
* Temps total résolution K.U=F                      : 18.675 s (6 résolutions)
* Temps assemblage matrice                          : 0.000 s
#1      Resolution des systemes lineaires                 CPU (USER+SYST/SYST/ELAPS):    820.87    236.96    699.29
#2      Calculs elementaires et assemblages               CPU (USER+SYST/SYST/ELAPS):     62.28      4.04     62.96
# Résultat commande #0002 (STAT_NON_LINE): res ('<0000000e>') de type <NonLinearResult>
# Mémoire (Mo) :  5236.94 /  1458.65 /  2444.89 /   937.92 (VmPeak / VmSize / Optimum / Minimum)
# Fin commande #0002   user+syst:      648.96s (syst:      244.01s, elaps:      772.13s)
# ----------------------------------------------------------------------------------------------

.. _stg1_txt184
# ----------------------------------------------------------------------------------------------
# Commande #0003 de
/root/mm/envs/aster/lib/python3.14/site-packages/code_aster/Supervis/ExecuteCommand.py, ligne 184
CALC_CHAMP(CRITERE='RELATIF',
           FORCE='REAC_NODA',
           INFO=1,
           INST=0.14,
           PARALLELISME_TEMPS='NON',
           PRECISION=1e-06,
           RESULTAT=res)

Le système linéaire à résoudre a 320729 degrés de liberté:
   - 306517 sont des degrés de liberté physiques
     (ils sont portés par 95117 noeuds du maillage)
   - 14212 sont les couples de paramètres de Lagrange associés
     aux 7106 relations linéaires dualisées.
#2      Calculs elementaires et assemblages               CPU (USER+SYST/SYST/ELAPS):      0.45      0.00      0.46
# Résultat commande #0003 (CALC_CHAMP): '<00000021>' de type <NonLinearResult>
# Dépend de :
# - model ('<00000002>') de type <Model>
# - fmat ('<00000008>') de type <MaterialField>
# Mémoire (Mo) :  5236.94 /  1458.65 /  2444.89 /   937.92 (VmPeak / VmSize / Optimum / Minimum)
# Fin commande #0003   user+syst:        0.70s (syst:        0.00s, elaps:        0.71s)
# ----------------------------------------------------------------------------------------------

.. _stg1_txt34
# ----------------------------------------------------------------------------------------------
# Commande #0004 de /home/user/aas-corner-fe/wd/v8c50_TV/v8c50_TV_s06.comm.changed.py, ligne 34
tb = POST_RELEVE_T(ACTION=_F(CRITERE='RELATIF',
                             FORMAT_C='MODULE',
                             GROUP_NO='HEADT',
                             INST=0.14,
                             INTITULE='R',
                             MOYE_NOEUD='OUI',
                             NOM_CHAM='REAC_NODA',
                             OPERATION='EXTRACTION',
                             PRECISION=1e-06,
                             REPERE='GLOBAL',
                             RESULTANTE='DX',
                             RESULTAT=r2),
                   INFO=1)

# Résultat commande #0004 (POST_RELEVE_T): tb ('<00000022>') de type <Table>
# Mémoire (Mo) :  5236.94 /  1458.65 /  2444.89 /   937.92 (VmPeak / VmSize / Optimum / Minimum)
# Fin commande #0004   user+syst:        0.01s (syst:        0.00s, elaps:        0.01s)
# ----------------------------------------------------------------------------------------------

.. _stg1_txt34
# ----------------------------------------------------------------------------------------------
# Commande #0005 de /home/user/aas-corner-fe/wd/v8c50_TV/v8c50_TV_s06.comm.changed.py, ligne 34
tb = POST_RELEVE_T(ACTION=_F(CRITERE='RELATIF',
                             FORMAT_C='MODULE',
                             GROUP_NO='HEADV',
                             INST=0.14,
                             INTITULE='R',
                             MOYE_NOEUD='OUI',
                             NOM_CHAM='REAC_NODA',
                             OPERATION='EXTRACTION',
                             PRECISION=1e-06,
                             REPERE='GLOBAL',
                             RESULTANTE='DX',
                             RESULTAT=r2),
                   INFO=1)

# Résultat commande #0005 (POST_RELEVE_T): tb ('<00000023>') de type <Table>
# Mémoire (Mo) :  5236.94 /  1458.65 /  2444.89 /   937.92 (VmPeak / VmSize / Optimum / Minimum)
# Fin commande #0005   user+syst:        0.01s (syst:        0.00s, elaps:        0.00s)
# ----------------------------------------------------------------------------------------------

.. _stg1_txt39
# ----------------------------------------------------------------------------------------------
# Commande #0006 de /home/user/aas-corner-fe/wd/v8c50_TV/v8c50_TV_s06.comm.changed.py, ligne 39
DETRUIRE(INFO=1,
         NOM=r2)

# Mémoire (Mo) :  5236.94 /  1458.65 /  2444.89 /   937.92 (VmPeak / VmSize / Optimum / Minimum)
# Fin commande #0006   user+syst:        0.10s (syst:        0.00s, elaps:        0.11s)
# ----------------------------------------------------------------------------------------------
/home/user/aas-corner-fe/wd/v8c50_TV/v8c50_TV_s06.comm.changed.py:56: ResourceWarning: unclosed file <_io.TextIOWrapper name='/home/user/aas-corner-fe/jobs/../results/v8c50_TV.curve' mode='a' encoding='UTF-8'>
  open(CURVE,'a').write('CURVE %g %g %g %g\n'%(tcur,tot,v['HEADT'],v['HEADV']))
AASCURVE 0.14 49330.9 43264.2 6066.69

.. _stg1_txt76
# ----------------------------------------------------------------------------------------------
# Commande #0007 de /root/mm/envs/aster/lib/python3.14/site-packages/code_aster/CodeCommands/fin.py,
ligne 76
FIN(INFO_RESU='NON',
    RETASSAGE='NON')

Saving objects...
pi                       <class 'float'>
e                        <class 'float'>
tau                      <class 'float'>
inf                      <class 'float'>
nan                      <class 'float'>
mesh                     <class 'libaster.Mesh'>
model                    <class 'libaster.Model'>
mat                      <class 'libaster.Material'>
matH                     <class 'libaster.Material'>
matHH                    <class 'libaster.Material'>
stl                      <class 'libaster.Material'>
slvm                     <class 'libaster.Material'>
fmat                     <class 'libaster.MaterialField'>
fix                      <class 'libaster.MechanicalLoadReal'>
grp                      <class 'list'>
load                     <class 'libaster.MechanicalLoadReal'>
ramp                     <class 'libaster.Function'>
steps                    <class 'libaster.ListOfFloats'>
times                    <class 'libaster.TimesList'>
LOADS                    <class 'str'>
CURVE                    <class 'str'>
common                   <class 'dict'>
tcur                     <class 'float'>
peak                     <class 'float'>
stopped                  <class 'bool'>
TARGETS                  <class 'list'>
tn                       <class 'float'>
res                      <class 'libaster.NonLinearResult'>
v                        <class 'dict'>
tot                      <class 'float'>
line                     <class 'str'>

 ╔================================================================================================╗
 ║ <I> <CATAMESS_89>                                                                              ║
 ║                                                                                                ║
 ║ Liste des alarmes émises lors de l'exécution du calcul.                                        ║
 ║                                                                                                ║
 ║     Les alarmes que vous avez choisies d'ignorer sont précédées de (*).                        ║
 ║     Nombre d'occurrences pour chacune des alarmes :                                            ║
 ║            FACTOR_75            émise    6 fois                                                ║
 ╚================================================================================================╝

 ---------------------------------------------------------------------------
 Concepts de la base: G
    Nom        Type                Taille (Mo)         Nombre      Nombre de
                                                     d'objets       segments
    TOTAL                               479.37            529            821
  
    00000001   MAILLAGE_SDASTER          10.23             34             70
    00000002   MODELE_SDASTER            10.12             11             16
    00000003   MATER_SDASTER              0.00             15             15
    00000004   MATER_SDASTER              0.00             15             15
    00000005   MATER_SDASTER              0.00              7              7
    00000006   MATER_SDASTER              0.00              7              7
    00000007   MATER_SDASTER              0.00              7              7
    00000008   CHAM_MATER                 0.71              8             13
    00000009   CHAR_MECA                 11.23             56             76
    0000000a   CHAR_MECA                  8.05             56             76
    0000000b   FONCTION_SDASTER           0.00              3              3
    0000000c   LISTR8_SDASTER             0.00              6              6
    0000000d   LIST_INST                  0.00              8              8
    0000000e   EVOL_NOLI                377.38            232            293
    &FOZERO                               0.00              2              2
    &&_NUM_C                              0.00              1              1
    &CATA                                37.45             42            103
    &&NMDOME                              0.00              2              2
    0000000f                              0.11              2             14
    &&NMCH1P                             23.42              3              3
    00000012                              0.11              2             14
    00000015                              0.11              2             14
    00000018                              0.11              2             14
    0000001b                              0.11              2             14
    0000001e                              0.11              2             14
    00000021                              0.11              2             14
 (*) sous-objets non accessible directement
 ---------------------------------------------------------------------------
Nom de la base                          :  GLOBALE
     Nombre d'enregistrements utilisés       :  778
     Nombre d'enregistrements maximum        :  2684354
     Nombre d'enregistrements par fichier    :  15728
     Longueur d'enregistrement (octets)      :  819200
     Nombre total d'accès en lecture         :  782
     Volume des accès en lecture             :        610.94 Mo.
     Nombre total d'accès en écriture        :  319
     Volume des accès en écriture            :        249.22 Mo.
     Nombre d'identificateurs utilisés       :  1126
     Taille maximum du répertoire            :  2000
     Pourcentage d'utilisation du répertoire :  56 %

Nom de la base                          :  VOLATILE
     Nombre d'enregistrements utilisés       :  511
     Nombre d'enregistrements maximum        :  2684354
     Nombre d'enregistrements par fichier    :  15728
     Longueur d'enregistrement (octets)      :  819200
     Nombre total d'accès en lecture         :  420
     Volume des accès en lecture             :        328.12 Mo.
     Nombre total d'accès en écriture        :  2295
     Volume des accès en écriture            :       1792.97 Mo.
     Nombre d'identificateurs utilisés       :  996
     Taille maximum du répertoire            :  2000
     Pourcentage d'utilisation du répertoire :  49 %

<I> <FIN> ARRET NORMAL DANS "FIN" PAR APPEL A "JEFINI".
  
 <I> <FIN> MEMOIRE JEVEUX MINIMALE REQUISE POUR L'EXECUTION :                     937.92 Mo
 <I> <FIN> MEMOIRE JEVEUX OPTIMALE REQUISE POUR L'EXECUTION :                    2444.89 Mo
 <I> <FIN> MAXIMUM DE MEMOIRE UTILISEE PAR LE PROCESSUS LORS DE L'EXECUTION :    5236.94 Mo
  
 <I>       FERMETURE DES BASES EFFECTUEE
  
   STATISTIQUES CONCERNANT L'ALLOCATION DYNAMIQUE :
     TAILLE CUMULEE MAXIMUM            :                 2445  Mo.
     TAILLE CUMULEE LIBEREE            :                 1895  Mo.
     NOMBRE TOTAL D'ALLOCATIONS        :              2273011
     NOMBRE TOTAL DE LIBERATIONS       :              2273011
     APPELS AU MECANISME DE LIBERATION :                    0
     TAILLE MEMOIRE CUMULEE RECUPEREE  :                 1896  Mo.
     VOLUME DES LECTURES               :                    0  Mo.
     VOLUME DES ECRITURES              :                 1566  Mo.
  
   MEMOIRE JEVEUX MINIMALE REQUISE POUR L'EXECUTION :     937.92 Mo
     - IMPOSE DE NOMBREUX ACCES DISQUE
     - RALENTIT LA VITESSE D'EXECUTION
   MEMOIRE JEVEUX OPTIMALE REQUISE POUR L'EXECUTION :    2444.89 Mo
     - LIMITE LES ACCES DISQUE
     - AMELIORE LA VITESSE D'EXECUTION
   MAXIMUM DE MEMOIRE UTILISEE PAR LE PROCESSUS     :    5236.94 Mo
     - COMPREND LA MEMOIRE CONSOMMEE PAR  JEVEUX, 
       LE SUPERVISEUR PYTHON, LES LIBRAIRIES EXTERNES
  
 <I>       FIN D'EXECUTION LE : SA-26-SEPT-2026 18:13:41
Signature of pickled file   : f7212c2d08393998e86aacb1fe2fbb5c7c022c27bdd75e7858b6411256de57fc
Signature of info file      : 47c31ad3d718e362f72023415b3d78ec8c0af5f3db6bd5a449128dc23a42b6b6
Signature of Jeveux database: cdafc19e10905ba3ddbbc9945ebba29dc4fca6a719183cdf7586598e839dc4a2

 ********************************************************************************
 * COMMAND                  :       USER :     SYSTEM :   USER+SYS :    ELAPSED *
 ********************************************************************************
 * DEBUT                    :       0.19 :       0.40 :       0.59 :       0.66 *
 * STAT_NON_LINE            :     648.96 :     244.01 :     892.97 :     772.13 *
 * CALC_CHAMP               :       0.70 :       0.00 :       0.70 :       0.71 *
 * POST_RELEVE_T            :       0.01 :       0.00 :       0.01 :       0.01 *
 * POST_RELEVE_T            :       0.01 :       0.00 :       0.01 :       0.00 *
 * DETRUIRE                 :       0.10 :       0.00 :       0.10 :       0.11 *
 * FIN                      :       0.24 :       0.19 :       0.43 :       0.45 *
 *  . sdveri                :       0.00 :       0.00 :       0.00 :       0.00 *
 *  . cleanup               :       0.00 :       0.00 :       0.00 :       0.00 *
 *  . check syntax          :       0.02 :       0.00 :       0.02 :       0.03 *
 *  . fortran               :     650.06 :     244.60 :     894.66 :     773.92 *
 ********************************************************************************
 * TOTAL_JOB                :     650.37 :     244.62 :     894.99 :     774.27 *
 ********************************************************************************

# Mémoire (Mo) :  5236.94 /   854.34 /  2444.89 /   937.92 (VmPeak / VmSize / Optimum / Minimum)
# Fin commande #0007   user+syst:        0.24s (syst:        0.19s, elaps:        0.45s)
# ----------------------------------------------------------------------------------------------

EXECUTION_CODE_ASTER_EXIT_3630=0


saving result databases to 'BASE_PREC'...
execution ended (command file #7): <A>_ALARM
Running: /root/mm/envs/aster/bin/run_aster -w /home/user/aas-corner-fe/wd/v8c50_TV --status-file /root/.tmp_run_aster/run_aster_qvj3ef55/__status__ --no-mpi /root/.tmp_run_aster/run_aster_qvj3ef55/v8c50_TV.7

# ------------------------------------------------------------------------------
Execution of code_aster

# ------------------------------------------------------------------------------
Prepare environment in /home/user/aas-corner-fe/wd/v8c50_TV

# ------------------------------------------------------------------------------
Command file #8 / 20

Content of the file to execute:
# coding=utf-8
# original filename
__file__ = r"/home/user/aas-corner-fe/jobs/v8c50_TV_s07.comm"


# temporarly added for compatibility with code_aster legacy
from math import *

import code_aster
from code_aster.Commands import *
from code_aster import CA

POURSUITE(LANG='EN', PAR_LOT='NON')

LOADS='TV'
CURVE='/home/user/aas-corner-fe/jobs/../results/v8c50_TV.curve'
common=dict(MODELE=model, CHAM_MATER=fmat, EXCIT=(_F(CHARGE=fix), _F(CHARGE=load, FONC_MULT=ramp)),
        COMPORTEMENT=(_F(RELATION='ENDO_FISS_EXP', GROUP_MA=('CONC','HZ')), _F(RELATION='ELAS', GROUP_MA=('STEEL','SLV','HZH'))),
        NEWTON=_F(MATRICE='TANGENTE', REAC_ITER=1),
        CONVERGENCE=_F(RESI_GLOB_RELA=1.E-4, ITER_GLOB_MAXI=30), ARCHIVAGE=_F(PAS_ARCH=1), SOLVEUR=_F(METHODE='MUMPS', GESTION_MEMOIRE='OUT_OF_CORE'))
import os, re
tcur=0.0; peak=0.0; stopped=False
if os.path.exists(CURVE):
    for line in open(CURVE):
        m=re.match(r'CURVE\s+(\S+)\s+(\S+)', line)
        if m:
            tcur=max(tcur, float(m.group(1))); peak=max(peak, float(m.group(2)))
        if line.startswith('STOP'): stopped=True
def reac(res, t):
    r2=CALC_CHAMP(RESULTAT=res, FORCE='REAC_NODA', INST=t)
    vals={}
    for g in ('HEADT','HEADV'):
        try:
            tb=POST_RELEVE_T(ACTION=_F(OPERATION='EXTRACTION', INTITULE='R', RESULTAT=r2, NOM_CHAM='REAC_NODA',
                                       GROUP_NO=g, RESULTANTE='DX', INST=t)).EXTR_TABLE().values()
            vals[g]=-tb['DX'][-1]*2
        except Exception:
            vals[g]=0.
    DETRUIRE(NOM=r2)
    return vals
TARGETS=[0.16]
for tn in TARGETS:
    if stopped or tn <= tcur+1e-9: continue
    try:
        if tcur < 1e-12 and '0'=='1':
            res=STAT_NON_LINE(INCREMENT=_F(LIST_INST=times, INST_FIN=tn), **common)
        else:
            res=STAT_NON_LINE(reuse=res, ETAT_INIT=_F(EVOL_NOLI=res), INCREMENT=_F(LIST_INST=times, INST_FIN=tn), **common)
    except Exception as exc:
        print('AASSTOP at', tcur, exc, flush=True)
        open(CURVE,'a').write('STOP solver %g\n'%tcur); stopped=True; break
    tcur=tn
    v=reac(res, tcur)
    tot=(v['HEADT'] if 'T' in LOADS else 0.)+(v['HEADV'] if 'V' in LOADS else 0.)
    peak=max(peak, tot)
    open(CURVE,'a').write('CURVE %g %g %g %g\n'%(tcur,tot,v['HEADT'],v['HEADV']))
    print('AASCURVE %g %g %g %g'%(tcur,tot,v['HEADT'],v['HEADV']), flush=True)
    if tot < 0.9*peak:
        open(CURVE,'a').write('STOP peak %g\n'%peak); stopped=True; break
FIN()



# ------------------------------------------------------------------------------
Command line #8:
    ulimit -c unlimited ; ulimit -t 25000 ; ( /root/mm/envs/aster/bin/python3 "v8c50_TV_s07.comm.changed.py" --memory 3000.0 --numthreads 1 --tpmax 20000 ; echo $? > _exit_code_ ) 2>&1 | tee -a fort.6
setting '--memory' value to 2700.00 MB (keyword RESERVE_MEMOIRE)
Ouverture en écriture du fichier ./vola.1

<INFO> Démarrage de l'exécution.

                       -- CODE_ASTER -- VERSION : DÉVELOPPEMENT (unstable) --                       
                               Version 18.1.6 modifiée le 14/09/2026                                
                                    révision n/a - branche 'n/a'                                    
                                     Copyright EDF 1991 - 2026                                      
                                                                                                    
                              Exécution du : Sat Sep 26 18:13:44 2026                               
                                       Nom de la machine : vm                                       
                                        Architecture : 64bit                                        
                                    Type de processeur : x86_64                                     
                Système d'exploitation : Linux-6.18.44-fc-v37-x86_64-with-glibc2.39                 
                                  Langue des messages : C (UTF-8)                                   
                                     Version de Python : 3.14.7                                     
                                      Version de NumPy : 2.5.3                                      
                                  Version de MEDCoupling : 9.16.0                                   
                                     Parallélisme MPI : inactif                                     
                                    Parallélisme OpenMP : actif                                     
                              Nombre de processus OpenMP utilisés : 1                               
                                Version de la librairie HDF5 : 2.2.0                                
                                Version de la librairie MED : 4.2.0                                 
                               Version de la librairie MFront : 5.1.0                               
                               Version de la librairie MUMPS : 5.8.2                                
                                  Librairie PETSc : non disponible                                  
                              Version de la librairie SCOTCH : 7.0.11                               

restarting from a previous execution...
/home/user/aas-corner-fe/wd/v8c50_TV/v8c50_TV_s07.comm.changed.py:13: DeprecationWarning: This feature is obsolete, 'PAR_LOT' has been removed.
  POURSUITE(LANG='EN', PAR_LOT='NON')
Valeur initiale du temps CPU maximum =   20000 secondes
  Valeur du temps CPU maximum passé aux commandes =   18000 secondes
  Réserve CPU prévue = 2000 secondes

Ouverture en lecture du fichier ./glob.1

Ajustement de la taille maximale des bases à 2048.00 Go.
    
Nom de la base                          :  GLOBALE
     Créée avec la version                   :  18.01.06
     Nombre d'enregistrements utilisés       :  778
     Nombre d'enregistrements maximum        :  2684354
     Nombre d'enregistrements par fichier    :  15728
     Longueur d'enregistrement (octets)      :  819200
     Nombre d'identificateurs utilisés       :  1126
     Taille maximum du répertoire            :  2000
     Pourcentage d'utilisation du répertoire :  56 %

Ouverture en lecture du fichier ./glob.1

Ouverture en écriture du fichier ./vola.1

Fin de lecture (durée  0.000030  s.) 

                      Mémoire limite pour l'allocation dynamique : 3212.06 Mo                       
                         ajouté à l'initialisation du processus : 613.34 Mo                         
                               Limite cible du processus : 3825.40 Mo                               
                         Taille limite des fichiers d'échange : 2048.00 Go                          
pi                       <class 'float'>
e                        <class 'float'>
tau                      <class 'float'>
inf                      <class 'float'>
nan                      <class 'float'>
mesh                     <class 'libaster.Mesh'>
model                    <class 'libaster.Model'>
mat                      <class 'libaster.Material'>
matH                     <class 'libaster.Material'>
matHH                    <class 'libaster.Material'>
stl                      <class 'libaster.Material'>
slvm                     <class 'libaster.Material'>
fmat                     <class 'libaster.MaterialField'>
fix                      <class 'libaster.MechanicalLoadReal'>
grp                      <class 'list'>
load                     <class 'libaster.MechanicalLoadReal'>
ramp                     <class 'libaster.Function'>
steps                    <class 'libaster.ListOfFloats'>
times                    <class 'libaster.TimesList'>
LOADS                    <class 'str'>
CURVE                    <class 'str'>
common                   <class 'dict'>
tcur                     <class 'float'>
peak                     <class 'float'>
stopped                  <class 'bool'>
TARGETS                  <class 'list'>
tn                       <class 'float'>
res                      <class 'libaster.NonLinearResult'>
v                        <class 'dict'>
tot                      <class 'float'>
line                     <class 'str'>
# Mémoire (Mo) :   972.18 /   972.18 /   519.20 /   519.17 (VmPeak / VmSize / Optimum / Minimum)
# Fin commande #0001   user+syst:        0.16s (syst:        0.36s, elaps:        0.51s)
# ----------------------------------------------------------------------------------------------
/home/user/aas-corner-fe/wd/v8c50_TV/v8c50_TV_s07.comm.changed.py:24: ResourceWarning: unclosed file <_io.TextIOWrapper name='/home/user/aas-corner-fe/jobs/../results/v8c50_TV.curve' mode='r' encoding='UTF-8'>
  for line in open(CURVE):

.. _stg1_txt48
# ----------------------------------------------------------------------------------------------
# Commande #0002 de /home/user/aas-corner-fe/wd/v8c50_TV/v8c50_TV_s07.comm.changed.py, ligne 48
res = STAT_NON_LINE(AFFICHAGE=_F(INFO_RESIDU='NON',
                                 INFO_TEMPS='NON'),
                    ARCHIVAGE=_F(CHAM_EXCLU=('RESI_NOEU', 'RESI_RELA_NOEU'),
                                 PAS_ARCH=1),
                    CHAM_MATER=fmat,
                    COMPORTEMENT=(_F(DEFORMATION='PETIT',
                                     GROUP_MA=('CONC', 'HZ'),
                                     ITER_CPLAN_MAXI=10,
                                     ITER_INTE_MAXI=20,
                                     ITER_INTE_PAS=0,
                                     PARM_THETA=1.0,
                                     REGU_VISC='NON',
                                     RELATION='ENDO_FISS_EXP',
                                     RESI_CPLAN_RELA=1e-06,
                                     RESI_INTE=1e-06),
                                  _F(DEFORMATION='PETIT',
                                     GROUP_MA=('STEEL', 'SLV', 'HZH'),
                                     ITER_CPLAN_MAXI=10,
                                     ITER_INTE_MAXI=20,
                                     ITER_INTE_PAS=0,
                                     PARM_THETA=1.0,
                                     REGU_VISC='NON',
                                     RELATION='ELAS',
                                     RESI_CPLAN_RELA=1e-06,
                                     RESI_INTE=1e-06)),
                    CONVERGENCE=_F(ARRET='OUI',
                                   ITER_GLOB_ELAS=25,
                                   ITER_GLOB_MAXI=30,
                                   RESI_GLOB_RELA=0.0001,
                                   VERIF='TOUT'),
                    ETAT_INIT=_F(EVOL_NOLI=res),
                    EXCIT=(_F(CHARGE='<00000009>',
                              TYPE_CHARGE='FIXE_CSTE'),
                           _F(CHARGE='<0000000a>',
                              FONC_MULT=ramp,
                              TYPE_CHARGE='FIXE_CSTE')),
                    INCREMENT=_F(CRITERE='RELATIF',
                                 INST_FIN=0.16,
                                 INST_INIT=0.14,
                                 LIST_INST=times,
                                 PRECISION=1e-06),
                    MESURE=_F(TABLE='NON'),
                    METHODE='NEWTON',
                    MODELE=model,
                    NEWTON=_F(MATRICE='TANGENTE',
                              MATR_RIGI_SYME='NON',
                              REAC_INCR=1,
                              REAC_ITER=1,
                              REAC_ITER_ELAS=0),
                    SOLVEUR=_F(ACCELERATION='AUTO',
                               ELIM_LAGR='LAGR2',
                               FILTRAGE_MATRICE=-1.0,
                               GESTION_MEMOIRE='OUT_OF_CORE',
                               LOW_RANK_SEUIL=0.0,
                               MATR_DISTRIBUEE='NON',
                               METHODE='MUMPS',
                               MIXER_PRECISION='NON',
                               NB_RHS=1,
                               NPREC=8,
                               PCENT_PIVOT=35,
                               POSTTRAITEMENTS='AUTO',
                               PRETRAITEMENTS='AUTO',
                               REDUCTION_MPI=0,
                               RENUM='AUTO',
                               RESI_RELA=-1.0,
                               STOP_SINGULIER='OUI',
                               TYPE_RESOL='AUTO'),
                    reuse=res)

Liste des comportements

Affecté sur 55722 éléments
Relation                             : ENDO_FISS_EXP
Déformation                          : PETIT
Pas de régularisation visqueuse
Pas de post-traitement à la fin du pas de temps
Nombre total de variables internes   : 9
V1 : ENDO
V2 : INDIENDO
V3 : ENDORIGI
V4 : EPSEXX
V5 : EPSEYY
V6 : EPSEZZ
V7 : EPSEXY
V8 : EPSEXZ
V9 : EPSEYZ
Affecté sur 11610 éléments
Relation                             : ELAS
Déformation                          : PETIT
Pas de régularisation visqueuse
Pas de post-traitement à la fin du pas de temps
Nombre total de variables internes   : 1
V1 : VIDE
Le système linéaire à résoudre a 320729 degrés de liberté:
   - 306517 sont des degrés de liberté physiques
     (ils sont portés par 95117 noeuds du maillage)
   - 14212 sont les couples de paramètres de Lagrange associés
     aux 7106 relations linéaires dualisées.
La matrice est de taille 320729 équations.
  Elle contient 16336706 termes non nuls si elle est symétrique et 32352683 termes non nuls si elle
n'est pas symétrique.
  Soit un taux de remplissage de   0.031 %.
Lecture de l'état initial
L'état initial a été récupéré dans la structure de données résultat de nom <0000000e> pour le numéro
d'ordre 7 et à l'instant  1.400000000000e-01
Le champ <DEPL> est lu dans ETAT_INIT dans la structure de données résultat donné dans la commande.
Le champ <SIEF_ELGA> est lu dans ETAT_INIT dans la structure de données résultat donné dans la
commande.
Le champ <VARI_ELGA> est lu dans ETAT_INIT dans la structure de données résultat donné dans la
commande.
---------------------------------------------------------------------
Instant de calcul:  1.600000000000e-01 - Niveau de découpe: 1

---------------------------------------------------------------------
|     NEWTON     |     RESIDU     |     RESIDU     |     OPTION     |
|    ITERATION   |     RELATIF    |     ABSOLU     |   ASSEMBLAGE   |
|                | RESI_GLOB_RELA | RESI_GLOB_MAXI |(+ TYPE MATRICE)|
---------------------------------------------------------------------

 ╔================================================================================================╗
 ║ <A> <FACTOR_75>                                                                                ║
 ║                                                                                                ║
 ║ Attention, vous avez demandé un calcul OUT_OF_CORE, mais MUMPS estime avoir besoin pour cela   ║
 ║ d'au moins                                                                                     ║
 ║   2593 Mo  alors qu'il n'y a que 793 Mo de disponible sur ce processeur !                      ║
 ║   Le calcul pourrait donc être ralenti ou s'arrêter pour cette raison.                         ║
 ║                                                                                                ║
 ║   Pour information: mémoire déjà pré-allouée par MUMPS (exécutable, matrice...)= 421 Mo,       ║
 ║                     nombre de systèmes linéaires à factoriser en même temps    = 1.            ║
 ║                                                                                                ║
 ║ Conseils :                                                                                     ║
 ║   La prochaine fois, relancez avec plus de mémoire globale ou avec une option de calcul plus   ║
 ║ économe                                                                                        ║
 ║   (par ordre décroissant d'efficacité):                                                        ║
 ║    - Si le calcul est parallèle, réduisez la consommation MUMPS en augmentant le nombre de     ║
 ║ processeurs,                                                                                   ║
 ║    - Si le calcul est parallèle, réduisez la consommation Aster en activant l'option           ║
 ║ SOLVEUR/MATR_DISTRIBUEE,                                                                       ║
 ║   Ou, plus radicalement:                                                                       ║
 ║    - Utilisez un solveur moins exigeant en mémoire (par exemple: SOLVEUR/METHODE='PETSC' +     ║
 ║ PRECOND='LDLT_SP').                                                                            ║
 ║                                                                                                ║
 ║                                                                                                ║
 ║ Ceci est une alarme. Si vous ne comprenez pas le sens de cette                                 ║
 ║ alarme, vous pouvez obtenir des résultats inattendus !                                         ║
 ╚================================================================================================╝

|     0        X | 9.66122E-02  X | 5.52572E+01    |TANGENTE (NOSYM)|

 ╔================================================================================================╗
 ║ <A> <FACTOR_75>                                                                                ║
 ║                                                                                                ║
 ║ Attention, vous avez demandé un calcul OUT_OF_CORE, mais MUMPS estime avoir besoin pour cela   ║
 ║ d'au moins                                                                                     ║
 ║   2667 Mo  alors qu'il n'y a que 739 Mo de disponible sur ce processeur !                      ║
 ║   Le calcul pourrait donc être ralenti ou s'arrêter pour cette raison.                         ║
 ║                                                                                                ║
 ║   Pour information: mémoire déjà pré-allouée par MUMPS (exécutable, matrice...)= 420 Mo,       ║
 ║                     nombre de systèmes linéaires à factoriser en même temps    = 1.            ║
 ║                                                                                                ║
 ║ Conseils :                                                                                     ║
 ║   La prochaine fois, relancez avec plus de mémoire globale ou avec une option de calcul plus   ║
 ║ économe                                                                                        ║
 ║   (par ordre décroissant d'efficacité):                                                        ║
 ║    - Si le calcul est parallèle, réduisez la consommation MUMPS en augmentant le nombre de     ║
 ║ processeurs,                                                                                   ║
 ║    - Si le calcul est parallèle, réduisez la consommation Aster en activant l'option           ║
 ║ SOLVEUR/MATR_DISTRIBUEE,                                                                       ║
 ║   Ou, plus radicalement:                                                                       ║
 ║    - Utilisez un solveur moins exigeant en mémoire (par exemple: SOLVEUR/METHODE='PETSC' +     ║
 ║ PRECOND='LDLT_SP').                                                                            ║
 ║                                                                                                ║
 ║                                                                                                ║
 ║ Ceci est une alarme. Si vous ne comprenez pas le sens de cette                                 ║
 ║ alarme, vous pouvez obtenir des résultats inattendus !                                         ║
 ╚================================================================================================╝

Degré de liberté physique associé au noeud 12559 et à la composante DX.

Problème : la matrice est singulière ou presque singulière :
  Lors de la factorisation de la matrice, on a rencontré un problème
  (pivot nul ou presque nul) à la ligne 48796 qui correspond au degré de liberté donné ci-dessus.

Risques et conseils :
   * Si la ligne correspond a un degré de liberté physique, il s'agit probablement d'un mouvement
     de corps rigide mal bloqué.
     Vérifiez les conditions aux limites.
     Si vous faites du contact, il ne faut pas que la structure ne "tienne" que par le contact.
     Vérifiez également les caractéristiques matériaux (module d'Young, ...).

   * Si la ligne correspond a un degré de liberté de Lagrange, il s'agit sans doute d'une condition
     limite redondante.
     En particulier, il se peut que la relation linéaire surabondante provienne des conditions de
contact.
     Peut-être devriez vous exclure certains noeuds des conditions de contact
     (mots clés SANS_NOEUD et SANS_GROUP_NO).

   * Si le solveur utilisé est LDLT ou MULT_FRONT, vous pouvez utiliser le solveur MUMPS
     car celui-ci est le seul à pouvoir factoriser les matrices qui ne sont pas définies positives.

   * Parfois, en parallèle, le critère de détection de singularité de MUMPS est trop pessimiste ! Il
reste néanmoins souvent
     possible de faire passer le calcul complet en relaxant ce critère (augmenter de 1 ou 2 la
valeur du mot-clé NPREC) ou
     en le débranchant (valeur du mot-clé NPREC=-1) ou en relançant le calcul sur moins de
processeurs.

   * Il se peut aussi que ce phénomène soit tout à fait normal avec X-FEM si la fissure passe
     très près d'un noeud.
     Si le nombre de décimales perdues n'est pas trop grand (max 10 décimales),
     vous pouvez relancer le calcul en augmentant le nombre de décimales perdues autorisé :
     mot-clé NPREC du mot clé facteur SOLVEUR.
     Sinon, contactez l'équipe de développement.


|     0        E |              X |                |TANGENTE (NOSYM)|
---------------------------------------------------------------------
<Erreur> La matrice du système est singulière

<Action> On essaie de découper le pas de temps.

On utilise la découpe manuelle.
Découpe uniforme à partir de l'instant  1.400000000000e-01 en 2 pas de temps.
(soit un incrément constant de  1.000000000000e-02)
<Action> On découpe le pas de temps.
Temps CPU consommé dans ce pas de temps    : 4 min 13 s

* Nombre d'itérations de Newton                     : 1
* Temps total intégration comportement              : 7.011 s (2 intégrations)
* Temps total factorisation matrice                 : 3 min 50 s (2 factorisations)
* Temps construction second membre                  : 0.394 s
* Temps total résolution K.U=F                      : 2.551 s (1 résolutions)
* Temps assemblage matrice                          : 0.000 s
* Temps autres opérations                           : 12.966 s
Mémoire (Mo) :  5344.98 /  2708.86 /  2488.57 /   981.59 (VmPeak / VmSize / Optimum / Minimum)

---------------------------------------------------------------------
Instant de calcul:  1.500000000000e-01 - Niveau de découpe: 2

---------------------------------------------------------------------
|     NEWTON     |     RESIDU     |     RESIDU     |     OPTION     |
|    ITERATION   |     RELATIF    |     ABSOLU     |   ASSEMBLAGE   |
|                | RESI_GLOB_RELA | RESI_GLOB_MAXI |(+ TYPE MATRICE)|
---------------------------------------------------------------------

 ╔================================================================================================╗
 ║ <A> <FACTOR_75>                                                                                ║
 ║                                                                                                ║
 ║ Attention, vous avez demandé un calcul OUT_OF_CORE, mais MUMPS estime avoir besoin pour cela   ║
 ║ d'au moins                                                                                     ║
 ║   2593 Mo  alors qu'il n'y a que 740 Mo de disponible sur ce processeur !                      ║
 ║   Le calcul pourrait donc être ralenti ou s'arrêter pour cette raison.                         ║
 ║                                                                                                ║
 ║   Pour information: mémoire déjà pré-allouée par MUMPS (exécutable, matrice...)= 421 Mo,       ║
 ║                     nombre de systèmes linéaires à factoriser en même temps    = 1.            ║
 ║                                                                                                ║
 ║ Conseils :                                                                                     ║
 ║   La prochaine fois, relancez avec plus de mémoire globale ou avec une option de calcul plus   ║
 ║ économe                                                                                        ║
 ║   (par ordre décroissant d'efficacité):                                                        ║
 ║    - Si le calcul est parallèle, réduisez la consommation MUMPS en augmentant le nombre de     ║
 ║ processeurs,                                                                                   ║
 ║    - Si le calcul est parallèle, réduisez la consommation Aster en activant l'option           ║
 ║ SOLVEUR/MATR_DISTRIBUEE,                                                                       ║
 ║   Ou, plus radicalement:                                                                       ║
 ║    - Utilisez un solveur moins exigeant en mémoire (par exemple: SOLVEUR/METHODE='PETSC' +     ║
 ║ PRECOND='LDLT_SP').                                                                            ║
 ║                                                                                                ║
 ║                                                                                                ║
 ║ Ceci est une alarme. Si vous ne comprenez pas le sens de cette                                 ║
 ║ alarme, vous pouvez obtenir des résultats inattendus !                                         ║
 ╚================================================================================================╝

|     0        X | 4.55394E-02  X | 2.76315E+01    |TANGENTE (NOSYM)|

 ╔================================================================================================╗
 ║ <A> <FACTOR_75>                                                                                ║
 ║                                                                                                ║
 ║ Attention, vous avez demandé un calcul OUT_OF_CORE, mais MUMPS estime avoir besoin pour cela   ║
 ║ d'au moins                                                                                     ║
 ║   2592 Mo  alors qu'il n'y a que 745 Mo de disponible sur ce processeur !                      ║
 ║   Le calcul pourrait donc être ralenti ou s'arrêter pour cette raison.                         ║
 ║                                                                                                ║
 ║   Pour information: mémoire déjà pré-allouée par MUMPS (exécutable, matrice...)= 420 Mo,       ║
 ║                     nombre de systèmes linéaires à factoriser en même temps    = 1.            ║
 ║                                                                                                ║
 ║ Conseils :                                                                                     ║
 ║   La prochaine fois, relancez avec plus de mémoire globale ou avec une option de calcul plus   ║
 ║ économe                                                                                        ║
 ║   (par ordre décroissant d'efficacité):                                                        ║
 ║    - Si le calcul est parallèle, réduisez la consommation MUMPS en augmentant le nombre de     ║
 ║ processeurs,                                                                                   ║
 ║    - Si le calcul est parallèle, réduisez la consommation Aster en activant l'option           ║
 ║ SOLVEUR/MATR_DISTRIBUEE,                                                                       ║
 ║   Ou, plus radicalement:                                                                       ║
 ║    - Utilisez un solveur moins exigeant en mémoire (par exemple: SOLVEUR/METHODE='PETSC' +     ║
 ║ PRECOND='LDLT_SP').                                                                            ║
 ║                                                                                                ║
 ║                                                                                                ║
 ║ Ceci est une alarme. Si vous ne comprenez pas le sens de cette                                 ║
 ║ alarme, vous pouvez obtenir des résultats inattendus !                                         ║
 ╚================================================================================================╝

|     1        X | 6.76298E-03  X | 4.12638E+00    |TANGENTE (NOSYM)|

 ╔================================================================================================╗
 ║ <A> <FACTOR_75>                                                                                ║
 ║                                                                                                ║
 ║ Attention, vous avez demandé un calcul OUT_OF_CORE, mais MUMPS estime avoir besoin pour cela   ║
 ║ d'au moins                                                                                     ║
 ║   2593 Mo  alors qu'il n'y a que 743 Mo de disponible sur ce processeur !                      ║
 ║   Le calcul pourrait donc être ralenti ou s'arrêter pour cette raison.                         ║
 ║                                                                                                ║
 ║   Pour information: mémoire déjà pré-allouée par MUMPS (exécutable, matrice...)= 420 Mo,       ║
 ║                     nombre de systèmes linéaires à factoriser en même temps    = 1.            ║
 ║                                                                                                ║
 ║ Conseils :                                                                                     ║
 ║   La prochaine fois, relancez avec plus de mémoire globale ou avec une option de calcul plus   ║
 ║ économe                                                                                        ║
 ║   (par ordre décroissant d'efficacité):                                                        ║
 ║    - Si le calcul est parallèle, réduisez la consommation MUMPS en augmentant le nombre de     ║
 ║ processeurs,                                                                                   ║
 ║    - Si le calcul est parallèle, réduisez la consommation Aster en activant l'option           ║
 ║ SOLVEUR/MATR_DISTRIBUEE,                                                                       ║
 ║   Ou, plus radicalement:                                                                       ║
 ║    - Utilisez un solveur moins exigeant en mémoire (par exemple: SOLVEUR/METHODE='PETSC' +     ║
 ║ PRECOND='LDLT_SP').                                                                            ║
 ║                                                                                                ║
 ║                                                                                                ║
 ║ Ceci est une alarme. Si vous ne comprenez pas le sens de cette                                 ║
 ║ alarme, vous pouvez obtenir des résultats inattendus !                                         ║
 ╚================================================================================================╝


 ╔================================================================================================╗
 ║ <A> <CATAMESS_41>                                                                              ║
 ║                                                                                                ║
 ║ Le message d'alarme 'FACTOR_75' a été émis 5 fois, il ne sera plus affiché.                    ║
 ║                                                                                                ║
 ║                                                                                                ║
 ║ Ceci est une alarme. Si vous ne comprenez pas le sens de cette                                 ║
 ║ alarme, vous pouvez obtenir des résultats inattendus !                                         ║
 ╚================================================================================================╝

|     2        X | 2.65252E-02  X | 1.62531E+01    |TANGENTE (NOSYM)|
|     3        X | 4.36511E-03  X | 2.66891E+00    |TANGENTE (NOSYM)|
|     4        X | 2.82354E-04  X | 1.72591E-01    |TANGENTE (NOSYM)|
|     5        X | 1.14695E-04  X | 7.00962E-02    |TANGENTE (NOSYM)|
|     6          | 8.92356E-05    | 5.45336E-02    |TANGENTE (NOSYM)|
---------------------------------------------------------------------
Critère(s) de convergence atteint(s)

Le résidu de type <RESI_GLOB_RELA> vaut  8.923564062090e-05 au noeud et degré de liberté <8627   
VARI>
Temps CPU consommé dans ce pas de temps    : 14 min 46 s

* Nombre d'itérations de Newton                     : 7
* Temps total intégration comportement              : 30.239 s (8 intégrations)
* Temps total factorisation matrice                 : 13 min  3 s (7 factorisations)
* Temps construction second membre                  : 0.573 s
* Temps total résolution K.U=F                      : 24.569 s (7 résolutions)
* Temps assemblage matrice                          : 0.000 s
* Temps autres opérations                           : 47.488 s
Mémoire (Mo) :  5344.98 /  2708.59 /  2488.57 /   981.59 (VmPeak / VmSize / Optimum / Minimum)

Archivage des champs

Champ stocké <DEPL> à l'instant  1.500000000000e-01 pour le numéro d'ordre 8
Champ stocké <SIEF_ELGA> à l'instant  1.500000000000e-01 pour le numéro d'ordre 8
Champ stocké <VARI_ELGA> à l'instant  1.500000000000e-01 pour le numéro d'ordre 8
Champ stocké <COMPORTEMENT> à l'instant  1.500000000000e-01 pour le numéro d'ordre 8
[ 50%] Instant calculé : 1.50000e-01, seul l'instant initial a été archivé
---------------------------------------------------------------------
Instant de calcul:  1.600000000000e-01 - Niveau de découpe: 2

---------------------------------------------------------------------
|     NEWTON     |     RESIDU     |     RESIDU     |     OPTION     |
|    ITERATION   |     RELATIF    |     ABSOLU     |   ASSEMBLAGE   |
|                | RESI_GLOB_RELA | RESI_GLOB_MAXI |(+ TYPE MATRICE)|
---------------------------------------------------------------------
|     0        X | 2.52127E-02  X | 1.47030E+01    |TANGENTE (NOSYM)|
|     1        X | 5.15189E-01  X | 2.97114E+02    |TANGENTE (NOSYM)|
Degré de liberté physique associé au noeud 37375 et à la composante DX.

Problème : la matrice est singulière ou presque singulière :
  Lors de la factorisation de la matrice, on a rencontré un problème
  (pivot nul ou presque nul) à la ligne 134623 qui correspond au degré de liberté donné ci-dessus.

Risques et conseils :
   * Si la ligne correspond a un degré de liberté physique, il s'agit probablement d'un mouvement
     de corps rigide mal bloqué.
     Vérifiez les conditions aux limites.
     Si vous faites du contact, il ne faut pas que la structure ne "tienne" que par le contact.
     Vérifiez également les caractéristiques matériaux (module d'Young, ...).

   * Si la ligne correspond a un degré de liberté de Lagrange, il s'agit sans doute d'une condition
     limite redondante.
     En particulier, il se peut que la relation linéaire surabondante provienne des conditions de
contact.
     Peut-être devriez vous exclure certains noeuds des conditions de contact
     (mots clés SANS_NOEUD et SANS_GROUP_NO).

   * Si le solveur utilisé est LDLT ou MULT_FRONT, vous pouvez utiliser le solveur MUMPS
     car celui-ci est le seul à pouvoir factoriser les matrices qui ne sont pas définies positives.

   * Parfois, en parallèle, le critère de détection de singularité de MUMPS est trop pessimiste ! Il
reste néanmoins souvent
     possible de faire passer le calcul complet en relaxant ce critère (augmenter de 1 ou 2 la
valeur du mot-clé NPREC) ou
     en le débranchant (valeur du mot-clé NPREC=-1) ou en relançant le calcul sur moins de
processeurs.

   * Il se peut aussi que ce phénomène soit tout à fait normal avec X-FEM si la fissure passe
     très près d'un noeud.
     Si le nombre de décimales perdues n'est pas trop grand (max 10 décimales),
     vous pouvez relancer le calcul en augmentant le nombre de décimales perdues autorisé :
     mot-clé NPREC du mot clé facteur SOLVEUR.
     Sinon, contactez l'équipe de développement.


|     1        E |              X |                |TANGENTE (NOSYM)|
---------------------------------------------------------------------
<Erreur> La matrice du système est singulière

<Action> On essaie de découper le pas de temps.

On utilise la découpe manuelle.
Découpe uniforme à partir de l'instant  1.500000000000e-01 en 2 pas de temps.
(soit un incrément constant de  5.000000000000e-03)
<Action> On découpe le pas de temps.
Temps CPU consommé dans ce pas de temps    : 6 min  7 s

* Nombre d'itérations de Newton                     : 2
* Temps total intégration comportement              : 10.730 s (3 intégrations)
* Temps total factorisation matrice                 : 5 min 27 s (3 factorisations)
* Temps construction second membre                  : 0.425 s
* Temps total résolution K.U=F                      : 9.024 s (2 résolutions)
* Temps assemblage matrice                          : 0.000 s
* Temps autres opérations                           : 19.603 s
Mémoire (Mo) :  5382.47 /  2749.52 /  2533.09 /   981.59 (VmPeak / VmSize / Optimum / Minimum)

---------------------------------------------------------------------
Instant de calcul:  1.550000000000e-01 - Niveau de découpe: 3

---------------------------------------------------------------------
|     NEWTON     |     RESIDU     |     RESIDU     |     OPTION     |
|    ITERATION   |     RELATIF    |     ABSOLU     |   ASSEMBLAGE   |
|                | RESI_GLOB_RELA | RESI_GLOB_MAXI |(+ TYPE MATRICE)|
---------------------------------------------------------------------
|     0        X | 6.66378E-03  X | 3.97870E+00    |TANGENTE (NOSYM)|
|     1        X | 7.04263E-01  X | 4.41821E+02    |TANGENTE (NOSYM)|
|     2        X | 2.06678E-02  X | 1.25955E+01    |TANGENTE (NOSYM)|
|     3        X | 8.42802E-03  X | 5.09752E+00    |TANGENTE (NOSYM)|
|     4        X | 2.48862E-03  X | 1.48871E+00    |TANGENTE (NOSYM)|
|     5        X | 3.66276E-03  X | 2.18865E+00    |TANGENTE (NOSYM)|
Degré de liberté physique associé au noeud 12559 et à la composante DX.

Problème : la matrice est singulière ou presque singulière :
  Lors de la factorisation de la matrice, on a rencontré un problème
  (pivot nul ou presque nul) à la ligne 48796 qui correspond au degré de liberté donné ci-dessus.

Risques et conseils :
   * Si la ligne correspond a un degré de liberté physique, il s'agit probablement d'un mouvement
     de corps rigide mal bloqué.
     Vérifiez les conditions aux limites.
     Si vous faites du contact, il ne faut pas que la structure ne "tienne" que par le contact.
     Vérifiez également les caractéristiques matériaux (module d'Young, ...).

   * Si la ligne correspond a un degré de liberté de Lagrange, il s'agit sans doute d'une condition
     limite redondante.
     En particulier, il se peut que la relation linéaire surabondante provienne des conditions de
contact.
     Peut-être devriez vous exclure certains noeuds des conditions de contact
     (mots clés SANS_NOEUD et SANS_GROUP_NO).

   * Si le solveur utilisé est LDLT ou MULT_FRONT, vous pouvez utiliser le solveur MUMPS
     car celui-ci est le seul à pouvoir factoriser les matrices qui ne sont pas définies positives.

   * Parfois, en parallèle, le critère de détection de singularité de MUMPS est trop pessimiste ! Il
reste néanmoins souvent
     possible de faire passer le calcul complet en relaxant ce critère (augmenter de 1 ou 2 la
valeur du mot-clé NPREC) ou
     en le débranchant (valeur du mot-clé NPREC=-1) ou en relançant le calcul sur moins de
processeurs.

   * Il se peut aussi que ce phénomène soit tout à fait normal avec X-FEM si la fissure passe
     très près d'un noeud.
     Si le nombre de décimales perdues n'est pas trop grand (max 10 décimales),
     vous pouvez relancer le calcul en augmentant le nombre de décimales perdues autorisé :
     mot-clé NPREC du mot clé facteur SOLVEUR.
     Sinon, contactez l'équipe de développement.


|     5        E |              X |                |TANGENTE (NOSYM)|
---------------------------------------------------------------------
<Erreur> La matrice du système est singulière

<Action> On essaie de découper le pas de temps.

On utilise la découpe manuelle.
Découpe uniforme à partir de l'instant  1.500000000000e-01 en 2 pas de temps.
(soit un incrément constant de  2.500000000000e-03)
<Action> On découpe le pas de temps.
Temps CPU consommé dans ce pas de temps    : 14 min  4 s

* Nombre d'itérations de Newton                     : 6
* Temps total intégration comportement              : 25.783 s (7 intégrations)
* Temps total factorisation matrice                 : 12 min 29 s (7 factorisations)
* Temps construction second membre                  : 0.559 s
* Temps total résolution K.U=F                      : 22.625 s (6 résolutions)
* Temps assemblage matrice                          : 0.000 s
* Temps autres opérations                           : 45.550 s
Mémoire (Mo) :  5382.47 /  2748.69 /  2533.09 /   981.59 (VmPeak / VmSize / Optimum / Minimum)

---------------------------------------------------------------------
Instant de calcul:  1.525000000000e-01 - Niveau de découpe: 4

---------------------------------------------------------------------
|     NEWTON     |     RESIDU     |     RESIDU     |     OPTION     |
|    ITERATION   |     RELATIF    |     ABSOLU     |   ASSEMBLAGE   |
|                | RESI_GLOB_RELA | RESI_GLOB_MAXI |(+ TYPE MATRICE)|
---------------------------------------------------------------------
|     0        X | 2.36636E-03  X | 1.42932E+00    |TANGENTE (NOSYM)|
|     1        X | 5.00017E-01  X | 3.11239E+02    |TANGENTE (NOSYM)|
|     2        X | 2.12913E-02  X | 1.29974E+01    |TANGENTE (NOSYM)|
|     3        X | 2.38243E-03  X | 1.45172E+00    |TANGENTE (NOSYM)|
|     4        X | 3.46482E-03  X | 2.10296E+00    |TANGENTE (NOSYM)|
|     5        X | 2.85984E-03  X | 1.72742E+00    |TANGENTE (NOSYM)|
|     6        X | 1.09327E-03  X | 6.58908E-01    |TANGENTE (NOSYM)|
|     7        X | 7.26511E-04  X | 4.37182E-01    |TANGENTE (NOSYM)|
|     8        X | 2.49039E-03  X | 1.49797E+00    |TANGENTE (NOSYM)|
|     9        X | 4.29570E-02  X | 2.57918E+01    |TANGENTE (NOSYM)|
Degré de liberté physique associé au noeud 37331 et à la composante DX.

Problème : la matrice est singulière ou presque singulière :
  Lors de la factorisation de la matrice, on a rencontré un problème
  (pivot nul ou presque nul) à la ligne 134491 qui correspond au degré de liberté donné ci-dessus.

Risques et conseils :
   * Si la ligne correspond a un degré de liberté physique, il s'agit probablement d'un mouvement
     de corps rigide mal bloqué.
     Vérifiez les conditions aux limites.
     Si vous faites du contact, il ne faut pas que la structure ne "tienne" que par le contact.
     Vérifiez également les caractéristiques matériaux (module d'Young, ...).

   * Si la ligne correspond a un degré de liberté de Lagrange, il s'agit sans doute d'une condition
     limite redondante.
     En particulier, il se peut que la relation linéaire surabondante provienne des conditions de
contact.
     Peut-être devriez vous exclure certains noeuds des conditions de contact
     (mots clés SANS_NOEUD et SANS_GROUP_NO).

   * Si le solveur utilisé est LDLT ou MULT_FRONT, vous pouvez utiliser le solveur MUMPS
     car celui-ci est le seul à pouvoir factoriser les matrices qui ne sont pas définies positives.

   * Parfois, en parallèle, le critère de détection de singularité de MUMPS est trop pessimiste ! Il
reste néanmoins souvent
     possible de faire passer le calcul complet en relaxant ce critère (augmenter de 1 ou 2 la
valeur du mot-clé NPREC) ou
     en le débranchant (valeur du mot-clé NPREC=-1) ou en relançant le calcul sur moins de
processeurs.

   * Il se peut aussi que ce phénomène soit tout à fait normal avec X-FEM si la fissure passe
     très près d'un noeud.
     Si le nombre de décimales perdues n'est pas trop grand (max 10 décimales),
     vous pouvez relancer le calcul en augmentant le nombre de décimales perdues autorisé :
     mot-clé NPREC du mot clé facteur SOLVEUR.
     Sinon, contactez l'équipe de développement.


|     9        E |              X |                |TANGENTE (NOSYM)|
---------------------------------------------------------------------
<Erreur> La matrice du système est singulière

<Action> On essaie de découper le pas de temps.

On utilise la découpe manuelle.
Découpe uniforme à partir de l'instant  1.500000000000e-01 en 2 pas de temps.
(soit un incrément constant de  1.250000000000e-03)
<Action> On découpe le pas de temps.
Temps CPU consommé dans ce pas de temps    : 22 min  6 s

* Nombre d'itérations de Newton                     : 10
* Temps total intégration comportement              : 40.372 s (11 intégrations)
* Temps total factorisation matrice                 : 19 min 36 s (11 factorisations)
* Temps construction second membre                  : 0.557 s
* Temps total résolution K.U=F                      : 37.109 s (10 résolutions)
* Temps assemblage matrice                          : 0.000 s
* Temps autres opérations                           : 1 min 12 s
Mémoire (Mo) :  5530.49 /  2749.21 /  2533.09 /   981.59 (VmPeak / VmSize / Optimum / Minimum)

---------------------------------------------------------------------
Instant de calcul:  1.512500000000e-01 - Niveau de découpe: 5

---------------------------------------------------------------------
|     NEWTON     |     RESIDU     |     RESIDU     |     OPTION     |
|    ITERATION   |     RELATIF    |     ABSOLU     |   ASSEMBLAGE   |
|                | RESI_GLOB_RELA | RESI_GLOB_MAXI |(+ TYPE MATRICE)|
---------------------------------------------------------------------
|     0        X | 1.89667E-03  X | 1.15221E+00    |TANGENTE (NOSYM)|
|     1        X | 4.94257E-01  X | 3.12907E+02    |TANGENTE (NOSYM)|
|     2        X | 2.55562E-02  X | 1.56140E+01    |TANGENTE (NOSYM)|
|     3        X | 1.37258E-03  X | 8.37754E-01    |TANGENTE (NOSYM)|
|     4        X | 2.48805E-03  X | 1.51790E+00    |TANGENTE (NOSYM)|
|     5        X | 2.30530E-03  X | 1.40406E+00    |TANGENTE (NOSYM)|
|     6        X | 9.46375E-03  X | 5.74056E+00    |TANGENTE (NOSYM)|
|     7        X | 1.53028E-03  X | 9.27121E-01    |TANGENTE (NOSYM)|
|     8        X | 3.64368E-04  X | 2.20452E-01    |TANGENTE (NOSYM)|
|     9        X | 3.55124E-04  X | 2.14865E-01    |TANGENTE (NOSYM)|
