WARNING: If MPI_Abort is called during execution, result files could not be copied.
Running: /root/mm/envs/aster/bin/run_aster -w /home/user/aas-corner-fe/wd/v8c75_TV2 --status-file /root/.tmp_run_aster/run_aster_3swha5u0/__status__ --no-mpi /root/.tmp_run_aster/run_aster_3swha5u0/v8c75_TV2.resume.0

# ------------------------------------------------------------------------------
Execution of code_aster

# ------------------------------------------------------------------------------
Prepare environment in /home/user/aas-corner-fe/wd/v8c75_TV2

# ------------------------------------------------------------------------------
Command file #1 / 19

Content of the file to execute:
# coding=utf-8
# original filename
__file__ = r"/home/user/aas-corner-fe/jobs/v8c75_TV2_s01.comm"


# temporarly added for compatibility with code_aster legacy
from math import *

import code_aster
from code_aster.Commands import *
from code_aster import CA

POURSUITE(LANG='EN', PAR_LOT='NON')

LOADS='TV2'
CURVE='/home/user/aas-corner-fe/jobs/../results/v8c75_TV2.curve'
common=dict(MODELE=model, CHAM_MATER=fmat, EXCIT=(_F(CHARGE=fix), _F(CHARGE=load, FONC_MULT=ramp)),
        COMPORTEMENT=(_F(RELATION='ENDO_FISS_EXP', GROUP_MA=('CONC','HZ')), _F(RELATION='ELAS', GROUP_MA=('STEEL','SLV','HZH'))),
        NEWTON=_F(MATRICE='TANGENTE', REAC_ITER=1),
        CONVERGENCE=_F(RESI_GLOB_RELA=1.E-4, ITER_GLOB_MAXI=50), ARCHIVAGE=_F(PAS_ARCH=1), SOLVEUR=_F(METHODE='MUMPS', GESTION_MEMOIRE='OUT_OF_CORE', NPREC=10))
import os, re
tcur=0.0; peak=0.0; stopped=False
if os.path.exists(CURVE):
    for line in open(CURVE):
        m=re.match(r'CURVE\s+(\S+)\s+(\S+)', line)
        if m:
            tcur=max(tcur, float(m.group(1))); peak=max(peak, float(m.group(2)))
        if line.startswith('STOP'): stopped=True
def reac(res, t):
    r2=CALC_CHAMP(RESULTAT=res, FORCE='REAC_NODA', INST=t)
    vals={}
    for g in ('HEADT','HEADV'):
        try:
            tb=POST_RELEVE_T(ACTION=_F(OPERATION='EXTRACTION', INTITULE='R', RESULTAT=r2, NOM_CHAM='REAC_NODA',
                                       GROUP_NO=g, RESULTANTE='DX', INST=t)).EXTR_TABLE().values()
            vals[g]=-tb['DX'][-1]*2
        except Exception:
            vals[g]=0.
    DETRUIRE(NOM=r2)
    return vals
TARGETS=[0.04]
for tn in TARGETS:
    if stopped or tn <= tcur+1e-9: continue
    try:
        if tcur < 1e-12 and '0'=='1':
            res=STAT_NON_LINE(INCREMENT=_F(LIST_INST=times, INST_FIN=tn), **common)
        else:
            res=STAT_NON_LINE(reuse=res, ETAT_INIT=_F(EVOL_NOLI=res), INCREMENT=_F(LIST_INST=times, INST_FIN=tn), **common)
    except Exception as exc:
        print('AASSTOP at', tcur, exc, flush=True)
        open(CURVE,'a').write('STOP solver %g\n'%tcur); stopped=True; break
    tcur=tn
    v=reac(res, tcur)
    tot=(v['HEADT'] if 'T' in LOADS else 0.)+(v['HEADV'] if 'V' in LOADS else 0.)
    peak=max(peak, tot)
    open(CURVE,'a').write('CURVE %g %g %g %g\n'%(tcur,tot,v['HEADT'],v['HEADV']))
    print('AASCURVE %g %g %g %g'%(tcur,tot,v['HEADT'],v['HEADV']), flush=True)
    if tot < 0.9*peak:
        open(CURVE,'a').write('STOP peak %g\n'%peak); stopped=True; break
FIN()



# ------------------------------------------------------------------------------
Command line #1:
    ulimit -c unlimited ; ulimit -t 100000 ; ( /root/mm/envs/aster/bin/python3 "v8c75_TV2_s01.comm.changed.py" --link="F::mmed::/home/user/aas-corner-fe/jobs/../mesh/m8_h100_d16_ct75_e75_T.med::D::20" --memory 3000.0 --numthreads 4 --tpmax 20000 ; echo $? > _exit_code_ ) 2>&1 | tee -a fort.6
setting '--memory' value to 2700.00 MB (keyword RESERVE_MEMOIRE)
copying (shutil) '/home/user/aas-corner-fe/jobs/../mesh/m8_h100_d16_ct75_e75_T.med' to 'fort.20'...
Ouverture en écriture du fichier ./vola.1

<INFO> Démarrage de l'exécution.

                       -- CODE_ASTER -- VERSION : DÉVELOPPEMENT (unstable) --                       
                               Version 18.1.6 modifiée le 14/09/2026                                
                                    révision n/a - branche 'n/a'                                    
                                     Copyright EDF 1991 - 2026                                      
                                                                                                    
                              Exécution du : Mon Sep 28 09:11:46 2026                               
                                       Nom de la machine : vm                                       
                                        Architecture : 64bit                                        
                                    Type de processeur : x86_64                                     
                Système d'exploitation : Linux-6.18.44-fc-v37-x86_64-with-glibc2.39                 
                                  Langue des messages : C (UTF-8)                                   
                                     Version de Python : 3.14.7                                     
                                      Version de NumPy : 2.5.3                                      
                                  Version de MEDCoupling : 9.16.0                                   
                                     Parallélisme MPI : inactif                                     
                                    Parallélisme OpenMP : actif                                     
                              Nombre de processus OpenMP utilisés : 4                               
                                Version de la librairie HDF5 : 2.2.0                                
                                Version de la librairie MED : 4.2.0                                 
                               Version de la librairie MFront : 5.1.0                               
                               Version de la librairie MUMPS : 5.8.2                                
                                  Librairie PETSc : non disponible                                  
                              Version de la librairie SCOTCH : 7.0.11                               

restarting from a previous execution...
/home/user/aas-corner-fe/wd/v8c75_TV2/v8c75_TV2_s01.comm.changed.py:13: DeprecationWarning: This feature is obsolete, 'PAR_LOT' has been removed.
  POURSUITE(LANG='EN', PAR_LOT='NON')
Valeur initiale du temps CPU maximum =   20000 secondes
  Valeur du temps CPU maximum passé aux commandes =   18000 secondes
  Réserve CPU prévue = 2000 secondes

Ouverture en lecture du fichier ./glob.1

Ajustement de la taille maximale des bases à 2048.00 Go.
    
Nom de la base                          :  GLOBALE
     Créée avec la version                   :  18.01.06
     Nombre d'enregistrements utilisés       :  475
     Nombre d'enregistrements maximum        :  2684354
     Nombre d'enregistrements par fichier    :  15728
     Longueur d'enregistrement (octets)      :  819200
     Nombre d'identificateurs utilisés       :  653
     Taille maximum du répertoire            :  2000
     Pourcentage d'utilisation du répertoire :  32 %

Ouverture en lecture du fichier ./glob.1

Ouverture en écriture du fichier ./vola.1

Fin de lecture (durée  0.000029  s.) 

                      Mémoire limite pour l'allocation dynamique : 3212.06 Mo                       
                         ajouté à l'initialisation du processus : 997.21 Mo                         
                               Limite cible du processus : 4209.27 Mo                               
                         Taille limite des fichiers d'échange : 2048.00 Go                          
pi                       <class 'float'>
e                        <class 'float'>
tau                      <class 'float'>
inf                      <class 'float'>
nan                      <class 'float'>
mesh                     <class 'libaster.Mesh'>
model                    <class 'libaster.Model'>
mat                      <class 'libaster.Material'>
matH                     <class 'libaster.Material'>
matHH                    <class 'libaster.Material'>
stl                      <class 'libaster.Material'>
slvm                     <class 'libaster.Material'>
fmat                     <class 'libaster.MaterialField'>
fix                      <class 'libaster.MechanicalLoadReal'>
grp                      <class 'list'>
load                     <class 'libaster.MechanicalLoadReal'>
ramp                     <class 'libaster.Function'>
steps                    <class 'libaster.ListOfFloats'>
times                    <class 'libaster.TimesList'>
LOADS                    <class 'str'>
CURVE                    <class 'str'>
common                   <class 'dict'>
tcur                     <class 'float'>
peak                     <class 'float'>
stopped                  <class 'bool'>
TARGETS                  <class 'list'>
tn                       <class 'float'>
res                      <class 'libaster.NonLinearResult'>
v                        <class 'dict'>
tot                      <class 'float'>
# Mémoire (Mo) :  1163.75 /  1163.74 /   326.13 /   326.10 (VmPeak / VmSize / Optimum / Minimum)
# Fin commande #0001   user+syst:        0.18s (syst:        2.69s, elaps:        2.93s)
# ----------------------------------------------------------------------------------------------
/home/user/aas-corner-fe/wd/v8c75_TV2/v8c75_TV2_s01.comm.changed.py:24: ResourceWarning: unclosed file <_io.TextIOWrapper name='/home/user/aas-corner-fe/jobs/../results/v8c75_TV2.curve' mode='r' encoding='UTF-8'>
  for line in open(CURVE):

.. _stg1_txt76
# ----------------------------------------------------------------------------------------------
# Commande #0002 de /root/mm/envs/aster/lib/python3.14/site-packages/code_aster/CodeCommands/fin.py,
ligne 76
FIN(INFO_RESU='NON',
    RETASSAGE='NON')

Saving objects...
pi                       <class 'float'>
e                        <class 'float'>
tau                      <class 'float'>
inf                      <class 'float'>
nan                      <class 'float'>
mesh                     <class 'libaster.Mesh'>
model                    <class 'libaster.Model'>
mat                      <class 'libaster.Material'>
matH                     <class 'libaster.Material'>
matHH                    <class 'libaster.Material'>
stl                      <class 'libaster.Material'>
slvm                     <class 'libaster.Material'>
fmat                     <class 'libaster.MaterialField'>
fix                      <class 'libaster.MechanicalLoadReal'>
grp                      <class 'list'>
load                     <class 'libaster.MechanicalLoadReal'>
ramp                     <class 'libaster.Function'>
steps                    <class 'libaster.ListOfFloats'>
times                    <class 'libaster.TimesList'>
LOADS                    <class 'str'>
CURVE                    <class 'str'>
common                   <class 'dict'>
tcur                     <class 'float'>
peak                     <class 'float'>
stopped                  <class 'bool'>
TARGETS                  <class 'list'>
tn                       <class 'float'>
res                      <class 'libaster.NonLinearResult'>
v                        <class 'dict'>
tot                      <class 'float'>
line                     <class 'str'>

 ╔================================================================================================╗
 ║ <I> <CATAMESS_89>                                                                              ║
 ║                                                                                                ║
 ║ Liste des alarmes émises lors de l'exécution du calcul.                                        ║
 ║                                                                                                ║
 ║     Les alarmes que vous avez choisies d'ignorer sont précédées de (*).                        ║
 ║     Nombre d'occurrences pour chacune des alarmes :                                            ║
 ║            aucune alarme                                                                       ║
 ╚================================================================================================╝

 ---------------------------------------------------------------------------
 Concepts de la base: G
    Nom        Type                Taille (Mo)         Nombre      Nombre de
                                                     d'objets       segments
    TOTAL                               268.36            405            600
  
    00000001   MAILLAGE_SDASTER          12.00             34             70
    00000002   MODELE_SDASTER            11.86             11             16
    00000003   MATER_SDASTER              0.00             15             15
    00000004   MATER_SDASTER              0.00             15             15
    00000005   MATER_SDASTER              0.00              7              7
    00000006   MATER_SDASTER              0.00              7              7
    00000007   MATER_SDASTER              0.00              7              7
    00000008   CHAM_MATER                 0.89              8             13
    00000009   CHAR_MECA                 12.89             56             76
    0000000a   CHAR_MECA                  9.42             56             76
    0000000b   FONCTION_SDASTER           0.00              3              3
    0000000c   LISTR8_SDASTER             0.00              6              6
    0000000d   LIST_INST                  0.00              8              8
    0000000e   EVOL_NOLI                183.72            123            159
    &FOZERO                               0.00              2              2
    &&_NUM_C                              0.00              1              1
    &CATA                                37.45             42            103
    &&NMDOME                              0.00              2              2
    0000000f                              0.12              2             14
 (*) sous-objets non accessible directement
 ---------------------------------------------------------------------------
Nom de la base                          :  GLOBALE
     Nombre d'enregistrements utilisés       :  475
     Nombre d'enregistrements maximum        :  2684354
     Nombre d'enregistrements par fichier    :  15728
     Longueur d'enregistrement (octets)      :  819200
     Nombre total d'accès en lecture         :  378
     Volume des accès en lecture             :        295.31 Mo.
     Nombre total d'accès en écriture        :  224
     Volume des accès en écriture            :        175.00 Mo.
     Nombre d'identificateurs utilisés       :  653
     Taille maximum du répertoire            :  2000
     Pourcentage d'utilisation du répertoire :  32 %

Nom de la base                          :  VOLATILE
     Nombre d'enregistrements utilisés       :  107
     Nombre d'enregistrements maximum        :  2684354
     Nombre d'enregistrements par fichier    :  15728
     Longueur d'enregistrement (octets)      :  819200
     Nombre total d'accès en lecture         :  0
     Volume des accès en lecture             :          0.00 Mo.
     Nombre total d'accès en écriture        :  291
     Volume des accès en écriture            :        227.34 Mo.
     Nombre d'identificateurs utilisés       :  25
     Taille maximum du répertoire            :  2000
     Pourcentage d'utilisation du répertoire :  1 %

<I> <FIN> ARRET NORMAL DANS "FIN" PAR APPEL A "JEFINI".
  
 <I> <FIN> MEMOIRE JEVEUX MINIMALE REQUISE POUR L'EXECUTION :                     330.06 Mo
 <I> <FIN> MEMOIRE JEVEUX OPTIMALE REQUISE POUR L'EXECUTION :                     335.90 Mo
 <I> <FIN> MAXIMUM DE MEMOIRE UTILISEE PAR LE PROCESSUS LORS DE L'EXECUTION :    1174.29 Mo
  
 <I>       FERMETURE DES BASES EFFECTUEE
  
   STATISTIQUES CONCERNANT L'ALLOCATION DYNAMIQUE :
     TAILLE CUMULEE MAXIMUM            :                  336  Mo.
     TAILLE CUMULEE LIBEREE            :                   61  Mo.
     NOMBRE TOTAL D'ALLOCATIONS        :               182675
     NOMBRE TOTAL DE LIBERATIONS       :               182675
     APPELS AU MECANISME DE LIBERATION :                    0
     TAILLE MEMOIRE CUMULEE RECUPEREE  :                    0  Mo.
     VOLUME DES LECTURES               :                    0  Mo.
     VOLUME DES ECRITURES              :                    0  Mo.
  
   MEMOIRE JEVEUX MINIMALE REQUISE POUR L'EXECUTION :     330.06 Mo
     - IMPOSE DE NOMBREUX ACCES DISQUE
     - RALENTIT LA VITESSE D'EXECUTION
   MEMOIRE JEVEUX OPTIMALE REQUISE POUR L'EXECUTION :     335.90 Mo
     - LIMITE LES ACCES DISQUE
     - AMELIORE LA VITESSE D'EXECUTION
   MAXIMUM DE MEMOIRE UTILISEE PAR LE PROCESSUS     :    1174.29 Mo
     - COMPREND LA MEMOIRE CONSOMMEE PAR  JEVEUX, 
       LE SUPERVISEUR PYTHON, LES LIBRAIRIES EXTERNES
  
 <I>       FIN D'EXECUTION LE : LU-28-SEPT-2026 09:11:53
Signature of pickled file   : 9c5bec1ae8a5bc609ca9f2e91e81f8e7b1756aee7762d95e673d1d33130b3e45
Signature of info file      : 06960fe2949de4798c3328a7269d7d8542fbc26d5f0fbbf5f738762172f840e0
Signature of Jeveux database: a0f56c7f52df1ba4e7bc451604219ad503e79ac9e576161ea39672907f4ecaa3

 ********************************************************************************
 * COMMAND                  :       USER :     SYSTEM :   USER+SYS :    ELAPSED *
 ********************************************************************************
 * DEBUT                    :       0.18 :       2.69 :       2.87 :       2.93 *
 * FIN                      :       0.17 :       0.16 :       0.33 :       0.55 *
 *  . sdveri                :       0.00 :       0.00 :       0.00 :       0.00 *
 *  . cleanup               :       0.00 :       0.00 :       0.00 :       0.00 *
 *  . check syntax          :       0.00 :       0.00 :       0.00 :       0.00 *
 *  . fortran               :       0.34 :       2.85 :       3.19 :       3.29 *
 ********************************************************************************
 * TOTAL_JOB                :       0.54 :       3.09 :       3.63 :       8.22 *
 ********************************************************************************

# Mémoire (Mo) :  1174.29 /   837.96 /   335.90 /   330.06 (VmPeak / VmSize / Optimum / Minimum)
# Fin commande #0002   user+syst:        0.17s (syst:        0.16s, elaps:        0.55s)
# ----------------------------------------------------------------------------------------------

EXECUTION_CODE_ASTER_EXIT_515=0


saving result databases to 'BASE_PREC'...
execution ended (command file #1): OK
Running: /root/mm/envs/aster/bin/run_aster -w /home/user/aas-corner-fe/wd/v8c75_TV2 --status-file /root/.tmp_run_aster/run_aster_3swha5u0/__status__ --no-mpi /root/.tmp_run_aster/run_aster_3swha5u0/v8c75_TV2.resume.1

# ------------------------------------------------------------------------------
Execution of code_aster

# ------------------------------------------------------------------------------
Prepare environment in /home/user/aas-corner-fe/wd/v8c75_TV2

# ------------------------------------------------------------------------------
Command file #2 / 19

Content of the file to execute:
# coding=utf-8
# original filename
__file__ = r"/home/user/aas-corner-fe/jobs/v8c75_TV2_s02.comm"


# temporarly added for compatibility with code_aster legacy
from math import *

import code_aster
from code_aster.Commands import *
from code_aster import CA

POURSUITE(LANG='EN', PAR_LOT='NON')

LOADS='TV2'
CURVE='/home/user/aas-corner-fe/jobs/../results/v8c75_TV2.curve'
common=dict(MODELE=model, CHAM_MATER=fmat, EXCIT=(_F(CHARGE=fix), _F(CHARGE=load, FONC_MULT=ramp)),
        COMPORTEMENT=(_F(RELATION='ENDO_FISS_EXP', GROUP_MA=('CONC','HZ')), _F(RELATION='ELAS', GROUP_MA=('STEEL','SLV','HZH'))),
        NEWTON=_F(MATRICE='TANGENTE', REAC_ITER=1),
        CONVERGENCE=_F(RESI_GLOB_RELA=1.E-4, ITER_GLOB_MAXI=50), ARCHIVAGE=_F(PAS_ARCH=1), SOLVEUR=_F(METHODE='MUMPS', GESTION_MEMOIRE='OUT_OF_CORE', NPREC=10))
import os, re
tcur=0.0; peak=0.0; stopped=False
if os.path.exists(CURVE):
    for line in open(CURVE):
        m=re.match(r'CURVE\s+(\S+)\s+(\S+)', line)
        if m:
            tcur=max(tcur, float(m.group(1))); peak=max(peak, float(m.group(2)))
        if line.startswith('STOP'): stopped=True
def reac(res, t):
    r2=CALC_CHAMP(RESULTAT=res, FORCE='REAC_NODA', INST=t)
    vals={}
    for g in ('HEADT','HEADV'):
        try:
            tb=POST_RELEVE_T(ACTION=_F(OPERATION='EXTRACTION', INTITULE='R', RESULTAT=r2, NOM_CHAM='REAC_NODA',
                                       GROUP_NO=g, RESULTANTE='DX', INST=t)).EXTR_TABLE().values()
            vals[g]=-tb['DX'][-1]*2
        except Exception:
            vals[g]=0.
    DETRUIRE(NOM=r2)
    return vals
TARGETS=[0.06]
for tn in TARGETS:
    if stopped or tn <= tcur+1e-9: continue
    try:
        if tcur < 1e-12 and '0'=='1':
            res=STAT_NON_LINE(INCREMENT=_F(LIST_INST=times, INST_FIN=tn), **common)
        else:
            res=STAT_NON_LINE(reuse=res, ETAT_INIT=_F(EVOL_NOLI=res), INCREMENT=_F(LIST_INST=times, INST_FIN=tn), **common)
    except Exception as exc:
        print('AASSTOP at', tcur, exc, flush=True)
        open(CURVE,'a').write('STOP solver %g\n'%tcur); stopped=True; break
    tcur=tn
    v=reac(res, tcur)
    tot=(v['HEADT'] if 'T' in LOADS else 0.)+(v['HEADV'] if 'V' in LOADS else 0.)
    peak=max(peak, tot)
    open(CURVE,'a').write('CURVE %g %g %g %g\n'%(tcur,tot,v['HEADT'],v['HEADV']))
    print('AASCURVE %g %g %g %g'%(tcur,tot,v['HEADT'],v['HEADV']), flush=True)
    if tot < 0.9*peak:
        open(CURVE,'a').write('STOP peak %g\n'%peak); stopped=True; break
FIN()



# ------------------------------------------------------------------------------
Command line #2:
    ulimit -c unlimited ; ulimit -t 100000 ; ( /root/mm/envs/aster/bin/python3 "v8c75_TV2_s02.comm.changed.py" --memory 3000.0 --numthreads 4 --tpmax 20000 ; echo $? > _exit_code_ ) 2>&1 | tee -a fort.6
setting '--memory' value to 2700.00 MB (keyword RESERVE_MEMOIRE)
Ouverture en écriture du fichier ./vola.1

<INFO> Démarrage de l'exécution.

                       -- CODE_ASTER -- VERSION : DÉVELOPPEMENT (unstable) --                       
                               Version 18.1.6 modifiée le 14/09/2026                                
                                    révision n/a - branche 'n/a'                                    
                                     Copyright EDF 1991 - 2026                                      
                                                                                                    
                              Exécution du : Mon Sep 28 09:11:54 2026                               
                                       Nom de la machine : vm                                       
                                        Architecture : 64bit                                        
                                    Type de processeur : x86_64                                     
                Système d'exploitation : Linux-6.18.44-fc-v37-x86_64-with-glibc2.39                 
                                  Langue des messages : C (UTF-8)                                   
                                     Version de Python : 3.14.7                                     
                                      Version de NumPy : 2.5.3                                      
                                  Version de MEDCoupling : 9.16.0                                   
                                     Parallélisme MPI : inactif                                     
                                    Parallélisme OpenMP : actif                                     
                              Nombre de processus OpenMP utilisés : 4                               
                                Version de la librairie HDF5 : 2.2.0                                
                                Version de la librairie MED : 4.2.0                                 
                               Version de la librairie MFront : 5.1.0                               
                               Version de la librairie MUMPS : 5.8.2                                
                                  Librairie PETSc : non disponible                                  
                              Version de la librairie SCOTCH : 7.0.11                               

restarting from a previous execution...
/home/user/aas-corner-fe/wd/v8c75_TV2/v8c75_TV2_s02.comm.changed.py:13: DeprecationWarning: This feature is obsolete, 'PAR_LOT' has been removed.
  POURSUITE(LANG='EN', PAR_LOT='NON')
Valeur initiale du temps CPU maximum =   20000 secondes
  Valeur du temps CPU maximum passé aux commandes =   18000 secondes
  Réserve CPU prévue = 2000 secondes

Ouverture en lecture du fichier ./glob.1

Ajustement de la taille maximale des bases à 2048.00 Go.
    
Nom de la base                          :  GLOBALE
     Créée avec la version                   :  18.01.06
     Nombre d'enregistrements utilisés       :  475
     Nombre d'enregistrements maximum        :  2684354
     Nombre d'enregistrements par fichier    :  15728
     Longueur d'enregistrement (octets)      :  819200
     Nombre d'identificateurs utilisés       :  653
     Taille maximum du répertoire            :  2000
     Pourcentage d'utilisation du répertoire :  32 %

Ouverture en lecture du fichier ./glob.1

Ouverture en écriture du fichier ./vola.1

Fin de lecture (durée  0.000030  s.) 

                      Mémoire limite pour l'allocation dynamique : 3212.06 Mo                       
                         ajouté à l'initialisation du processus : 997.43 Mo                         
                               Limite cible du processus : 4209.49 Mo                               
                         Taille limite des fichiers d'échange : 2048.00 Go                          
pi                       <class 'float'>
e                        <class 'float'>
tau                      <class 'float'>
inf                      <class 'float'>
nan                      <class 'float'>
mesh                     <class 'libaster.Mesh'>
model                    <class 'libaster.Model'>
mat                      <class 'libaster.Material'>
matH                     <class 'libaster.Material'>
matHH                    <class 'libaster.Material'>
stl                      <class 'libaster.Material'>
slvm                     <class 'libaster.Material'>
fmat                     <class 'libaster.MaterialField'>
fix                      <class 'libaster.MechanicalLoadReal'>
grp                      <class 'list'>
load                     <class 'libaster.MechanicalLoadReal'>
ramp                     <class 'libaster.Function'>
steps                    <class 'libaster.ListOfFloats'>
times                    <class 'libaster.TimesList'>
LOADS                    <class 'str'>
CURVE                    <class 'str'>
common                   <class 'dict'>
tcur                     <class 'float'>
peak                     <class 'float'>
stopped                  <class 'bool'>
TARGETS                  <class 'list'>
tn                       <class 'float'>
res                      <class 'libaster.NonLinearResult'>
v                        <class 'dict'>
tot                      <class 'float'>
line                     <class 'str'>
# Mémoire (Mo) :  1163.96 /  1163.83 /   326.13 /   326.10 (VmPeak / VmSize / Optimum / Minimum)
# Fin commande #0001   user+syst:        0.18s (syst:        1.83s, elaps:        2.05s)
# ----------------------------------------------------------------------------------------------
/home/user/aas-corner-fe/wd/v8c75_TV2/v8c75_TV2_s02.comm.changed.py:24: ResourceWarning: unclosed file <_io.TextIOWrapper name='/home/user/aas-corner-fe/jobs/../results/v8c75_TV2.curve' mode='r' encoding='UTF-8'>
  for line in open(CURVE):

.. _stg1_txt76
# ----------------------------------------------------------------------------------------------
# Commande #0002 de /root/mm/envs/aster/lib/python3.14/site-packages/code_aster/CodeCommands/fin.py,
ligne 76
FIN(INFO_RESU='NON',
    RETASSAGE='NON')

Saving objects...
pi                       <class 'float'>
e                        <class 'float'>
tau                      <class 'float'>
inf                      <class 'float'>
nan                      <class 'float'>
mesh                     <class 'libaster.Mesh'>
model                    <class 'libaster.Model'>
mat                      <class 'libaster.Material'>
matH                     <class 'libaster.Material'>
matHH                    <class 'libaster.Material'>
stl                      <class 'libaster.Material'>
slvm                     <class 'libaster.Material'>
fmat                     <class 'libaster.MaterialField'>
fix                      <class 'libaster.MechanicalLoadReal'>
grp                      <class 'list'>
load                     <class 'libaster.MechanicalLoadReal'>
ramp                     <class 'libaster.Function'>
steps                    <class 'libaster.ListOfFloats'>
times                    <class 'libaster.TimesList'>
LOADS                    <class 'str'>
CURVE                    <class 'str'>
common                   <class 'dict'>
tcur                     <class 'float'>
peak                     <class 'float'>
stopped                  <class 'bool'>
TARGETS                  <class 'list'>
tn                       <class 'float'>
res                      <class 'libaster.NonLinearResult'>
v                        <class 'dict'>
tot                      <class 'float'>
line                     <class 'str'>

 ╔================================================================================================╗
 ║ <I> <CATAMESS_89>                                                                              ║
 ║                                                                                                ║
 ║ Liste des alarmes émises lors de l'exécution du calcul.                                        ║
 ║                                                                                                ║
 ║     Les alarmes que vous avez choisies d'ignorer sont précédées de (*).                        ║
 ║     Nombre d'occurrences pour chacune des alarmes :                                            ║
 ║            aucune alarme                                                                       ║
 ╚================================================================================================╝

 ---------------------------------------------------------------------------
 Concepts de la base: G
    Nom        Type                Taille (Mo)         Nombre      Nombre de
                                                     d'objets       segments
    TOTAL                               268.36            405            600
  
    00000001   MAILLAGE_SDASTER          12.00             34             70
    00000002   MODELE_SDASTER            11.86             11             16
    00000003   MATER_SDASTER              0.00             15             15
    00000004   MATER_SDASTER              0.00             15             15
    00000005   MATER_SDASTER              0.00              7              7
    00000006   MATER_SDASTER              0.00              7              7
    00000007   MATER_SDASTER              0.00              7              7
    00000008   CHAM_MATER                 0.89              8             13
    00000009   CHAR_MECA                 12.89             56             76
    0000000a   CHAR_MECA                  9.42             56             76
    0000000b   FONCTION_SDASTER           0.00              3              3
    0000000c   LISTR8_SDASTER             0.00              6              6
    0000000d   LIST_INST                  0.00              8              8
    0000000e   EVOL_NOLI                183.72            123            159
    &FOZERO                               0.00              2              2
    &&_NUM_C                              0.00              1              1
    &CATA                                37.45             42            103
    &&NMDOME                              0.00              2              2
    0000000f                              0.12              2             14
 (*) sous-objets non accessible directement
 ---------------------------------------------------------------------------
Nom de la base                          :  GLOBALE
     Nombre d'enregistrements utilisés       :  475
     Nombre d'enregistrements maximum        :  2684354
     Nombre d'enregistrements par fichier    :  15728
     Longueur d'enregistrement (octets)      :  819200
     Nombre total d'accès en lecture         :  378
     Volume des accès en lecture             :        295.31 Mo.
     Nombre total d'accès en écriture        :  224
     Volume des accès en écriture            :        175.00 Mo.
     Nombre d'identificateurs utilisés       :  653
     Taille maximum du répertoire            :  2000
     Pourcentage d'utilisation du répertoire :  32 %

Nom de la base                          :  VOLATILE
     Nombre d'enregistrements utilisés       :  107
     Nombre d'enregistrements maximum        :  2684354
     Nombre d'enregistrements par fichier    :  15728
     Longueur d'enregistrement (octets)      :  819200
     Nombre total d'accès en lecture         :  0
     Volume des accès en lecture             :          0.00 Mo.
     Nombre total d'accès en écriture        :  291
     Volume des accès en écriture            :        227.34 Mo.
     Nombre d'identificateurs utilisés       :  25
     Taille maximum du répertoire            :  2000
     Pourcentage d'utilisation du répertoire :  1 %

<I> <FIN> ARRET NORMAL DANS "FIN" PAR APPEL A "JEFINI".
  
 <I> <FIN> MEMOIRE JEVEUX MINIMALE REQUISE POUR L'EXECUTION :                     330.06 Mo
 <I> <FIN> MEMOIRE JEVEUX OPTIMALE REQUISE POUR L'EXECUTION :                     335.90 Mo
 <I> <FIN> MAXIMUM DE MEMOIRE UTILISEE PAR LE PROCESSUS LORS DE L'EXECUTION :    1174.48 Mo
  
 <I>       FERMETURE DES BASES EFFECTUEE
  
   STATISTIQUES CONCERNANT L'ALLOCATION DYNAMIQUE :
     TAILLE CUMULEE MAXIMUM            :                  336  Mo.
     TAILLE CUMULEE LIBEREE            :                   61  Mo.
     NOMBRE TOTAL D'ALLOCATIONS        :               182675
     NOMBRE TOTAL DE LIBERATIONS       :               182675
     APPELS AU MECANISME DE LIBERATION :                    0
     TAILLE MEMOIRE CUMULEE RECUPEREE  :                    0  Mo.
     VOLUME DES LECTURES               :                    0  Mo.
     VOLUME DES ECRITURES              :                    0  Mo.
  
   MEMOIRE JEVEUX MINIMALE REQUISE POUR L'EXECUTION :     330.06 Mo
     - IMPOSE DE NOMBREUX ACCES DISQUE
     - RALENTIT LA VITESSE D'EXECUTION
   MEMOIRE JEVEUX OPTIMALE REQUISE POUR L'EXECUTION :     335.90 Mo
     - LIMITE LES ACCES DISQUE
     - AMELIORE LA VITESSE D'EXECUTION
   MAXIMUM DE MEMOIRE UTILISEE PAR LE PROCESSUS     :    1174.48 Mo
     - COMPREND LA MEMOIRE CONSOMMEE PAR  JEVEUX, 
       LE SUPERVISEUR PYTHON, LES LIBRAIRIES EXTERNES
  
 <I>       FIN D'EXECUTION LE : LU-28-SEPT-2026 09:11:57
Signature of pickled file   : 8a37d01bc1a2a7f72dd8b76eae440098bf434af06b8e613e672b5f8b23f2a662
Signature of info file      : 06960fe2949de4798c3328a7269d7d8542fbc26d5f0fbbf5f738762172f840e0
Signature of Jeveux database: a0f56c7f52df1ba4e7bc451604219ad503e79ac9e576161ea39672907f4ecaa3

 ********************************************************************************
 * COMMAND                  :       USER :     SYSTEM :   USER+SYS :    ELAPSED *
 ********************************************************************************
 * DEBUT                    :       0.18 :       1.83 :       2.01 :       2.05 *
 * FIN                      :       0.15 :       0.15 :       0.30 :       0.31 *
 *  . sdveri                :       0.00 :       0.00 :       0.00 :       0.00 *
 *  . cleanup               :       0.00 :       0.00 :       0.00 :       0.00 *
 *  . check syntax          :       0.01 :       0.00 :       0.01 :       0.01 *
 *  . fortran               :       0.32 :       1.98 :       2.30 :       2.35 *
 ********************************************************************************
 * TOTAL_JOB                :       0.46 :       1.99 :       2.45 :       2.49 *
 ********************************************************************************

# Mémoire (Mo) :  1174.48 /   838.09 /   335.90 /   330.06 (VmPeak / VmSize / Optimum / Minimum)
# Fin commande #0002   user+syst:        0.15s (syst:        0.15s, elaps:        0.31s)
# ----------------------------------------------------------------------------------------------

EXECUTION_CODE_ASTER_EXIT_553=0


saving result databases to 'BASE_PREC'...
execution ended (command file #2): OK
Running: /root/mm/envs/aster/bin/run_aster -w /home/user/aas-corner-fe/wd/v8c75_TV2 --status-file /root/.tmp_run_aster/run_aster_3swha5u0/__status__ --no-mpi /root/.tmp_run_aster/run_aster_3swha5u0/v8c75_TV2.resume.2

# ------------------------------------------------------------------------------
Execution of code_aster

# ------------------------------------------------------------------------------
Prepare environment in /home/user/aas-corner-fe/wd/v8c75_TV2

# ------------------------------------------------------------------------------
Command file #3 / 19

Content of the file to execute:
# coding=utf-8
# original filename
__file__ = r"/home/user/aas-corner-fe/jobs/v8c75_TV2_s03.comm"


# temporarly added for compatibility with code_aster legacy
from math import *

import code_aster
from code_aster.Commands import *
from code_aster import CA

POURSUITE(LANG='EN', PAR_LOT='NON')

LOADS='TV2'
CURVE='/home/user/aas-corner-fe/jobs/../results/v8c75_TV2.curve'
common=dict(MODELE=model, CHAM_MATER=fmat, EXCIT=(_F(CHARGE=fix), _F(CHARGE=load, FONC_MULT=ramp)),
        COMPORTEMENT=(_F(RELATION='ENDO_FISS_EXP', GROUP_MA=('CONC','HZ')), _F(RELATION='ELAS', GROUP_MA=('STEEL','SLV','HZH'))),
        NEWTON=_F(MATRICE='TANGENTE', REAC_ITER=1),
        CONVERGENCE=_F(RESI_GLOB_RELA=1.E-4, ITER_GLOB_MAXI=50), ARCHIVAGE=_F(PAS_ARCH=1), SOLVEUR=_F(METHODE='MUMPS', GESTION_MEMOIRE='OUT_OF_CORE', NPREC=10))
import os, re
tcur=0.0; peak=0.0; stopped=False
if os.path.exists(CURVE):
    for line in open(CURVE):
        m=re.match(r'CURVE\s+(\S+)\s+(\S+)', line)
        if m:
            tcur=max(tcur, float(m.group(1))); peak=max(peak, float(m.group(2)))
        if line.startswith('STOP'): stopped=True
def reac(res, t):
    r2=CALC_CHAMP(RESULTAT=res, FORCE='REAC_NODA', INST=t)
    vals={}
    for g in ('HEADT','HEADV'):
        try:
            tb=POST_RELEVE_T(ACTION=_F(OPERATION='EXTRACTION', INTITULE='R', RESULTAT=r2, NOM_CHAM='REAC_NODA',
                                       GROUP_NO=g, RESULTANTE='DX', INST=t)).EXTR_TABLE().values()
            vals[g]=-tb['DX'][-1]*2
        except Exception:
            vals[g]=0.
    DETRUIRE(NOM=r2)
    return vals
TARGETS=[0.08]
for tn in TARGETS:
    if stopped or tn <= tcur+1e-9: continue
    try:
        if tcur < 1e-12 and '0'=='1':
            res=STAT_NON_LINE(INCREMENT=_F(LIST_INST=times, INST_FIN=tn), **common)
        else:
            res=STAT_NON_LINE(reuse=res, ETAT_INIT=_F(EVOL_NOLI=res), INCREMENT=_F(LIST_INST=times, INST_FIN=tn), **common)
    except Exception as exc:
        print('AASSTOP at', tcur, exc, flush=True)
        open(CURVE,'a').write('STOP solver %g\n'%tcur); stopped=True; break
    tcur=tn
    v=reac(res, tcur)
    tot=(v['HEADT'] if 'T' in LOADS else 0.)+(v['HEADV'] if 'V' in LOADS else 0.)
    peak=max(peak, tot)
    open(CURVE,'a').write('CURVE %g %g %g %g\n'%(tcur,tot,v['HEADT'],v['HEADV']))
    print('AASCURVE %g %g %g %g'%(tcur,tot,v['HEADT'],v['HEADV']), flush=True)
    if tot < 0.9*peak:
        open(CURVE,'a').write('STOP peak %g\n'%peak); stopped=True; break
FIN()



# ------------------------------------------------------------------------------
Command line #3:
    ulimit -c unlimited ; ulimit -t 100000 ; ( /root/mm/envs/aster/bin/python3 "v8c75_TV2_s03.comm.changed.py" --memory 3000.0 --numthreads 4 --tpmax 20000 ; echo $? > _exit_code_ ) 2>&1 | tee -a fort.6
setting '--memory' value to 2700.00 MB (keyword RESERVE_MEMOIRE)
Ouverture en écriture du fichier ./vola.1

<INFO> Démarrage de l'exécution.

                       -- CODE_ASTER -- VERSION : DÉVELOPPEMENT (unstable) --                       
                               Version 18.1.6 modifiée le 14/09/2026                                
                                    révision n/a - branche 'n/a'                                    
                                     Copyright EDF 1991 - 2026                                      
                                                                                                    
                              Exécution du : Mon Sep 28 09:11:58 2026                               
                                       Nom de la machine : vm                                       
                                        Architecture : 64bit                                        
                                    Type de processeur : x86_64                                     
                Système d'exploitation : Linux-6.18.44-fc-v37-x86_64-with-glibc2.39                 
                                  Langue des messages : C (UTF-8)                                   
                                     Version de Python : 3.14.7                                     
                                      Version de NumPy : 2.5.3                                      
                                  Version de MEDCoupling : 9.16.0                                   
                                     Parallélisme MPI : inactif                                     
                                    Parallélisme OpenMP : actif                                     
                              Nombre de processus OpenMP utilisés : 4                               
                                Version de la librairie HDF5 : 2.2.0                                
                                Version de la librairie MED : 4.2.0                                 
                               Version de la librairie MFront : 5.1.0                               
                               Version de la librairie MUMPS : 5.8.2                                
                                  Librairie PETSc : non disponible                                  
                              Version de la librairie SCOTCH : 7.0.11                               

restarting from a previous execution...
/home/user/aas-corner-fe/wd/v8c75_TV2/v8c75_TV2_s03.comm.changed.py:13: DeprecationWarning: This feature is obsolete, 'PAR_LOT' has been removed.
  POURSUITE(LANG='EN', PAR_LOT='NON')
Valeur initiale du temps CPU maximum =   20000 secondes
  Valeur du temps CPU maximum passé aux commandes =   18000 secondes
  Réserve CPU prévue = 2000 secondes

Ouverture en lecture du fichier ./glob.1

Ajustement de la taille maximale des bases à 2048.00 Go.
    
Nom de la base                          :  GLOBALE
     Créée avec la version                   :  18.01.06
     Nombre d'enregistrements utilisés       :  475
     Nombre d'enregistrements maximum        :  2684354
     Nombre d'enregistrements par fichier    :  15728
     Longueur d'enregistrement (octets)      :  819200
     Nombre d'identificateurs utilisés       :  653
     Taille maximum du répertoire            :  2000
     Pourcentage d'utilisation du répertoire :  32 %

Ouverture en lecture du fichier ./glob.1

Ouverture en écriture du fichier ./vola.1

Fin de lecture (durée  0.000085  s.) 

                      Mémoire limite pour l'allocation dynamique : 3212.06 Mo                       
                         ajouté à l'initialisation du processus : 997.31 Mo                         
                               Limite cible du processus : 4209.37 Mo                               
                         Taille limite des fichiers d'échange : 2048.00 Go                          
pi                       <class 'float'>
e                        <class 'float'>
tau                      <class 'float'>
inf                      <class 'float'>
nan                      <class 'float'>
mesh                     <class 'libaster.Mesh'>
model                    <class 'libaster.Model'>
mat                      <class 'libaster.Material'>
matH                     <class 'libaster.Material'>
matHH                    <class 'libaster.Material'>
stl                      <class 'libaster.Material'>
slvm                     <class 'libaster.Material'>
fmat                     <class 'libaster.MaterialField'>
fix                      <class 'libaster.MechanicalLoadReal'>
grp                      <class 'list'>
load                     <class 'libaster.MechanicalLoadReal'>
ramp                     <class 'libaster.Function'>
steps                    <class 'libaster.ListOfFloats'>
times                    <class 'libaster.TimesList'>
LOADS                    <class 'str'>
CURVE                    <class 'str'>
common                   <class 'dict'>
tcur                     <class 'float'>
peak                     <class 'float'>
stopped                  <class 'bool'>
TARGETS                  <class 'list'>
tn                       <class 'float'>
res                      <class 'libaster.NonLinearResult'>
v                        <class 'dict'>
tot                      <class 'float'>
line                     <class 'str'>
# Mémoire (Mo) :  1163.83 /  1163.70 /   326.13 /   326.10 (VmPeak / VmSize / Optimum / Minimum)
# Fin commande #0001   user+syst:        0.19s (syst:        0.87s, elaps:        1.08s)
# ----------------------------------------------------------------------------------------------
/home/user/aas-corner-fe/wd/v8c75_TV2/v8c75_TV2_s03.comm.changed.py:24: ResourceWarning: unclosed file <_io.TextIOWrapper name='/home/user/aas-corner-fe/jobs/../results/v8c75_TV2.curve' mode='r' encoding='UTF-8'>
  for line in open(CURVE):

.. _stg1_txt76
# ----------------------------------------------------------------------------------------------
# Commande #0002 de /root/mm/envs/aster/lib/python3.14/site-packages/code_aster/CodeCommands/fin.py,
ligne 76
FIN(INFO_RESU='NON',
    RETASSAGE='NON')

Saving objects...
pi                       <class 'float'>
e                        <class 'float'>
tau                      <class 'float'>
inf                      <class 'float'>
nan                      <class 'float'>
mesh                     <class 'libaster.Mesh'>
model                    <class 'libaster.Model'>
mat                      <class 'libaster.Material'>
matH                     <class 'libaster.Material'>
matHH                    <class 'libaster.Material'>
stl                      <class 'libaster.Material'>
slvm                     <class 'libaster.Material'>
fmat                     <class 'libaster.MaterialField'>
fix                      <class 'libaster.MechanicalLoadReal'>
grp                      <class 'list'>
load                     <class 'libaster.MechanicalLoadReal'>
ramp                     <class 'libaster.Function'>
steps                    <class 'libaster.ListOfFloats'>
times                    <class 'libaster.TimesList'>
LOADS                    <class 'str'>
CURVE                    <class 'str'>
common                   <class 'dict'>
tcur                     <class 'float'>
peak                     <class 'float'>
stopped                  <class 'bool'>
TARGETS                  <class 'list'>
tn                       <class 'float'>
res                      <class 'libaster.NonLinearResult'>
v                        <class 'dict'>
tot                      <class 'float'>
line                     <class 'str'>

 ╔================================================================================================╗
 ║ <I> <CATAMESS_89>                                                                              ║
 ║                                                                                                ║
 ║ Liste des alarmes émises lors de l'exécution du calcul.                                        ║
 ║                                                                                                ║
 ║     Les alarmes que vous avez choisies d'ignorer sont précédées de (*).                        ║
 ║     Nombre d'occurrences pour chacune des alarmes :                                            ║
 ║            aucune alarme                                                                       ║
 ╚================================================================================================╝

 ---------------------------------------------------------------------------
 Concepts de la base: G
    Nom        Type                Taille (Mo)         Nombre      Nombre de
                                                     d'objets       segments
    TOTAL                               268.36            405            600
  
    00000001   MAILLAGE_SDASTER          12.00             34             70
    00000002   MODELE_SDASTER            11.86             11             16
    00000003   MATER_SDASTER              0.00             15             15
    00000004   MATER_SDASTER              0.00             15             15
    00000005   MATER_SDASTER              0.00              7              7
    00000006   MATER_SDASTER              0.00              7              7
    00000007   MATER_SDASTER              0.00              7              7
    00000008   CHAM_MATER                 0.89              8             13
    00000009   CHAR_MECA                 12.89             56             76
    0000000a   CHAR_MECA                  9.42             56             76
    0000000b   FONCTION_SDASTER           0.00              3              3
    0000000c   LISTR8_SDASTER             0.00              6              6
    0000000d   LIST_INST                  0.00              8              8
    0000000e   EVOL_NOLI                183.72            123            159
    &FOZERO                               0.00              2              2
    &&_NUM_C                              0.00              1              1
    &CATA                                37.45             42            103
    &&NMDOME                              0.00              2              2
    0000000f                              0.12              2             14
 (*) sous-objets non accessible directement
 ---------------------------------------------------------------------------
Nom de la base                          :  GLOBALE
     Nombre d'enregistrements utilisés       :  475
     Nombre d'enregistrements maximum        :  2684354
     Nombre d'enregistrements par fichier    :  15728
     Longueur d'enregistrement (octets)      :  819200
     Nombre total d'accès en lecture         :  378
     Volume des accès en lecture             :        295.31 Mo.
     Nombre total d'accès en écriture        :  224
     Volume des accès en écriture            :        175.00 Mo.
     Nombre d'identificateurs utilisés       :  653
     Taille maximum du répertoire            :  2000
     Pourcentage d'utilisation du répertoire :  32 %

Nom de la base                          :  VOLATILE
     Nombre d'enregistrements utilisés       :  107
     Nombre d'enregistrements maximum        :  2684354
     Nombre d'enregistrements par fichier    :  15728
     Longueur d'enregistrement (octets)      :  819200
     Nombre total d'accès en lecture         :  0
     Volume des accès en lecture             :          0.00 Mo.
     Nombre total d'accès en écriture        :  291
     Volume des accès en écriture            :        227.34 Mo.
     Nombre d'identificateurs utilisés       :  25
     Taille maximum du répertoire            :  2000
     Pourcentage d'utilisation du répertoire :  1 %

<I> <FIN> ARRET NORMAL DANS "FIN" PAR APPEL A "JEFINI".
  
 <I> <FIN> MEMOIRE JEVEUX MINIMALE REQUISE POUR L'EXECUTION :                     330.06 Mo
 <I> <FIN> MEMOIRE JEVEUX OPTIMALE REQUISE POUR L'EXECUTION :                     335.90 Mo
 <I> <FIN> MAXIMUM DE MEMOIRE UTILISEE PAR LE PROCESSUS LORS DE L'EXECUTION :    1174.32 Mo
  
 <I>       FERMETURE DES BASES EFFECTUEE
  
   STATISTIQUES CONCERNANT L'ALLOCATION DYNAMIQUE :
     TAILLE CUMULEE MAXIMUM            :                  336  Mo.
     TAILLE CUMULEE LIBEREE            :                   61  Mo.
     NOMBRE TOTAL D'ALLOCATIONS        :               182675
     NOMBRE TOTAL DE LIBERATIONS       :               182675
     APPELS AU MECANISME DE LIBERATION :                    0
     TAILLE MEMOIRE CUMULEE RECUPEREE  :                    0  Mo.
     VOLUME DES LECTURES               :                    0  Mo.
     VOLUME DES ECRITURES              :                    0  Mo.
  
   MEMOIRE JEVEUX MINIMALE REQUISE POUR L'EXECUTION :     330.06 Mo
     - IMPOSE DE NOMBREUX ACCES DISQUE
     - RALENTIT LA VITESSE D'EXECUTION
   MEMOIRE JEVEUX OPTIMALE REQUISE POUR L'EXECUTION :     335.90 Mo
     - LIMITE LES ACCES DISQUE
     - AMELIORE LA VITESSE D'EXECUTION
   MAXIMUM DE MEMOIRE UTILISEE PAR LE PROCESSUS     :    1174.32 Mo
     - COMPREND LA MEMOIRE CONSOMMEE PAR  JEVEUX, 
       LE SUPERVISEUR PYTHON, LES LIBRAIRIES EXTERNES
  
 <I>       FIN D'EXECUTION LE : LU-28-SEPT-2026 09:12:00
Signature of pickled file   : fd72a56002779269ee3fc2a03d3ad696a14da313534f7e9c352d9489357df9c0
Signature of info file      : 06960fe2949de4798c3328a7269d7d8542fbc26d5f0fbbf5f738762172f840e0
Signature of Jeveux database: a0f56c7f52df1ba4e7bc451604219ad503e79ac9e576161ea39672907f4ecaa3

 ********************************************************************************
 * COMMAND                  :       USER :     SYSTEM :   USER+SYS :    ELAPSED *
 ********************************************************************************
 * DEBUT                    :       0.19 :       0.87 :       1.06 :       1.08 *
 * FIN                      :       0.17 :       0.15 :       0.32 :       0.35 *
 *  . sdveri                :       0.00 :       0.00 :       0.00 :       0.00 *
 *  . cleanup               :       0.00 :       0.00 :       0.00 :       0.00 *
 *  . check syntax          :       0.00 :       0.00 :       0.00 :       0.00 *
 *  . fortran               :       0.36 :       1.02 :       1.38 :       1.43 *
 ********************************************************************************
 * TOTAL_JOB                :       0.48 :       1.04 :       1.52 :       1.57 *
 ********************************************************************************

# Mémoire (Mo) :  1174.32 /   838.00 /   335.90 /   330.06 (VmPeak / VmSize / Optimum / Minimum)
# Fin commande #0002   user+syst:        0.17s (syst:        0.15s, elaps:        0.35s)
# ----------------------------------------------------------------------------------------------

EXECUTION_CODE_ASTER_EXIT_567=0


saving result databases to 'BASE_PREC'...
execution ended (command file #3): OK
Running: /root/mm/envs/aster/bin/run_aster -w /home/user/aas-corner-fe/wd/v8c75_TV2 --status-file /root/.tmp_run_aster/run_aster_3swha5u0/__status__ --no-mpi /root/.tmp_run_aster/run_aster_3swha5u0/v8c75_TV2.resume.3

# ------------------------------------------------------------------------------
Execution of code_aster

# ------------------------------------------------------------------------------
Prepare environment in /home/user/aas-corner-fe/wd/v8c75_TV2

# ------------------------------------------------------------------------------
Command file #4 / 19

Content of the file to execute:
# coding=utf-8
# original filename
__file__ = r"/home/user/aas-corner-fe/jobs/v8c75_TV2_s04.comm"


# temporarly added for compatibility with code_aster legacy
from math import *

import code_aster
from code_aster.Commands import *
from code_aster import CA

POURSUITE(LANG='EN', PAR_LOT='NON')

LOADS='TV2'
CURVE='/home/user/aas-corner-fe/jobs/../results/v8c75_TV2.curve'
common=dict(MODELE=model, CHAM_MATER=fmat, EXCIT=(_F(CHARGE=fix), _F(CHARGE=load, FONC_MULT=ramp)),
        COMPORTEMENT=(_F(RELATION='ENDO_FISS_EXP', GROUP_MA=('CONC','HZ')), _F(RELATION='ELAS', GROUP_MA=('STEEL','SLV','HZH'))),
        NEWTON=_F(MATRICE='TANGENTE', REAC_ITER=1),
        CONVERGENCE=_F(RESI_GLOB_RELA=1.E-4, ITER_GLOB_MAXI=50), ARCHIVAGE=_F(PAS_ARCH=1), SOLVEUR=_F(METHODE='MUMPS', GESTION_MEMOIRE='OUT_OF_CORE', NPREC=10))
import os, re
tcur=0.0; peak=0.0; stopped=False
if os.path.exists(CURVE):
    for line in open(CURVE):
        m=re.match(r'CURVE\s+(\S+)\s+(\S+)', line)
        if m:
            tcur=max(tcur, float(m.group(1))); peak=max(peak, float(m.group(2)))
        if line.startswith('STOP'): stopped=True
def reac(res, t):
    r2=CALC_CHAMP(RESULTAT=res, FORCE='REAC_NODA', INST=t)
    vals={}
    for g in ('HEADT','HEADV'):
        try:
            tb=POST_RELEVE_T(ACTION=_F(OPERATION='EXTRACTION', INTITULE='R', RESULTAT=r2, NOM_CHAM='REAC_NODA',
                                       GROUP_NO=g, RESULTANTE='DX', INST=t)).EXTR_TABLE().values()
            vals[g]=-tb['DX'][-1]*2
        except Exception:
            vals[g]=0.
    DETRUIRE(NOM=r2)
    return vals
TARGETS=[0.1]
for tn in TARGETS:
    if stopped or tn <= tcur+1e-9: continue
    try:
        if tcur < 1e-12 and '0'=='1':
            res=STAT_NON_LINE(INCREMENT=_F(LIST_INST=times, INST_FIN=tn), **common)
        else:
            res=STAT_NON_LINE(reuse=res, ETAT_INIT=_F(EVOL_NOLI=res), INCREMENT=_F(LIST_INST=times, INST_FIN=tn), **common)
    except Exception as exc:
        print('AASSTOP at', tcur, exc, flush=True)
        open(CURVE,'a').write('STOP solver %g\n'%tcur); stopped=True; break
    tcur=tn
    v=reac(res, tcur)
    tot=(v['HEADT'] if 'T' in LOADS else 0.)+(v['HEADV'] if 'V' in LOADS else 0.)
    peak=max(peak, tot)
    open(CURVE,'a').write('CURVE %g %g %g %g\n'%(tcur,tot,v['HEADT'],v['HEADV']))
    print('AASCURVE %g %g %g %g'%(tcur,tot,v['HEADT'],v['HEADV']), flush=True)
    if tot < 0.9*peak:
        open(CURVE,'a').write('STOP peak %g\n'%peak); stopped=True; break
FIN()



# ------------------------------------------------------------------------------
Command line #4:
    ulimit -c unlimited ; ulimit -t 100000 ; ( /root/mm/envs/aster/bin/python3 "v8c75_TV2_s04.comm.changed.py" --memory 3000.0 --numthreads 4 --tpmax 20000 ; echo $? > _exit_code_ ) 2>&1 | tee -a fort.6
setting '--memory' value to 2700.00 MB (keyword RESERVE_MEMOIRE)
Ouverture en écriture du fichier ./vola.1

<INFO> Démarrage de l'exécution.

                       -- CODE_ASTER -- VERSION : DÉVELOPPEMENT (unstable) --                       
                               Version 18.1.6 modifiée le 14/09/2026                                
                                    révision n/a - branche 'n/a'                                    
                                     Copyright EDF 1991 - 2026                                      
                                                                                                    
                              Exécution du : Mon Sep 28 09:12:02 2026                               
                                       Nom de la machine : vm                                       
                                        Architecture : 64bit                                        
                                    Type de processeur : x86_64                                     
                Système d'exploitation : Linux-6.18.44-fc-v37-x86_64-with-glibc2.39                 
                                  Langue des messages : C (UTF-8)                                   
                                     Version de Python : 3.14.7                                     
                                      Version de NumPy : 2.5.3                                      
                                  Version de MEDCoupling : 9.16.0                                   
                                     Parallélisme MPI : inactif                                     
                                    Parallélisme OpenMP : actif                                     
                              Nombre de processus OpenMP utilisés : 4                               
                                Version de la librairie HDF5 : 2.2.0                                
                                Version de la librairie MED : 4.2.0                                 
                               Version de la librairie MFront : 5.1.0                               
                               Version de la librairie MUMPS : 5.8.2                                
                                  Librairie PETSc : non disponible                                  
                              Version de la librairie SCOTCH : 7.0.11                               

restarting from a previous execution...
/home/user/aas-corner-fe/wd/v8c75_TV2/v8c75_TV2_s04.comm.changed.py:13: DeprecationWarning: This feature is obsolete, 'PAR_LOT' has been removed.
  POURSUITE(LANG='EN', PAR_LOT='NON')
Valeur initiale du temps CPU maximum =   20000 secondes
  Valeur du temps CPU maximum passé aux commandes =   18000 secondes
  Réserve CPU prévue = 2000 secondes

Ouverture en lecture du fichier ./glob.1

Ajustement de la taille maximale des bases à 2048.00 Go.
    
Nom de la base                          :  GLOBALE
     Créée avec la version                   :  18.01.06
     Nombre d'enregistrements utilisés       :  475
     Nombre d'enregistrements maximum        :  2684354
     Nombre d'enregistrements par fichier    :  15728
     Longueur d'enregistrement (octets)      :  819200
     Nombre d'identificateurs utilisés       :  653
     Taille maximum du répertoire            :  2000
     Pourcentage d'utilisation du répertoire :  32 %

Ouverture en lecture du fichier ./glob.1

Ouverture en écriture du fichier ./vola.1

Fin de lecture (durée  0.000026  s.) 

                      Mémoire limite pour l'allocation dynamique : 3212.06 Mo                       
                         ajouté à l'initialisation du processus : 997.21 Mo                         
                               Limite cible du processus : 4209.27 Mo                               
                         Taille limite des fichiers d'échange : 2048.00 Go                          
pi                       <class 'float'>
e                        <class 'float'>
tau                      <class 'float'>
inf                      <class 'float'>
nan                      <class 'float'>
mesh                     <class 'libaster.Mesh'>
model                    <class 'libaster.Model'>
mat                      <class 'libaster.Material'>
matH                     <class 'libaster.Material'>
matHH                    <class 'libaster.Material'>
stl                      <class 'libaster.Material'>
slvm                     <class 'libaster.Material'>
fmat                     <class 'libaster.MaterialField'>
fix                      <class 'libaster.MechanicalLoadReal'>
grp                      <class 'list'>
load                     <class 'libaster.MechanicalLoadReal'>
ramp                     <class 'libaster.Function'>
steps                    <class 'libaster.ListOfFloats'>
times                    <class 'libaster.TimesList'>
LOADS                    <class 'str'>
CURVE                    <class 'str'>
common                   <class 'dict'>
tcur                     <class 'float'>
peak                     <class 'float'>
stopped                  <class 'bool'>
TARGETS                  <class 'list'>
tn                       <class 'float'>
res                      <class 'libaster.NonLinearResult'>
v                        <class 'dict'>
tot                      <class 'float'>
line                     <class 'str'>
# Mémoire (Mo) :  1163.75 /  1163.74 /   326.13 /   326.10 (VmPeak / VmSize / Optimum / Minimum)
# Fin commande #0001   user+syst:        0.15s (syst:        1.07s, elaps:        1.24s)
# ----------------------------------------------------------------------------------------------
/home/user/aas-corner-fe/wd/v8c75_TV2/v8c75_TV2_s04.comm.changed.py:24: ResourceWarning: unclosed file <_io.TextIOWrapper name='/home/user/aas-corner-fe/jobs/../results/v8c75_TV2.curve' mode='r' encoding='UTF-8'>
  for line in open(CURVE):

.. _stg1_txt76
# ----------------------------------------------------------------------------------------------
# Commande #0002 de /root/mm/envs/aster/lib/python3.14/site-packages/code_aster/CodeCommands/fin.py,
ligne 76
FIN(INFO_RESU='NON',
    RETASSAGE='NON')

Saving objects...
pi                       <class 'float'>
e                        <class 'float'>
tau                      <class 'float'>
inf                      <class 'float'>
nan                      <class 'float'>
mesh                     <class 'libaster.Mesh'>
model                    <class 'libaster.Model'>
mat                      <class 'libaster.Material'>
matH                     <class 'libaster.Material'>
matHH                    <class 'libaster.Material'>
stl                      <class 'libaster.Material'>
slvm                     <class 'libaster.Material'>
fmat                     <class 'libaster.MaterialField'>
fix                      <class 'libaster.MechanicalLoadReal'>
grp                      <class 'list'>
load                     <class 'libaster.MechanicalLoadReal'>
ramp                     <class 'libaster.Function'>
steps                    <class 'libaster.ListOfFloats'>
times                    <class 'libaster.TimesList'>
LOADS                    <class 'str'>
CURVE                    <class 'str'>
common                   <class 'dict'>
tcur                     <class 'float'>
peak                     <class 'float'>
stopped                  <class 'bool'>
TARGETS                  <class 'list'>
tn                       <class 'float'>
res                      <class 'libaster.NonLinearResult'>
v                        <class 'dict'>
tot                      <class 'float'>
line                     <class 'str'>

 ╔================================================================================================╗
 ║ <I> <CATAMESS_89>                                                                              ║
 ║                                                                                                ║
 ║ Liste des alarmes émises lors de l'exécution du calcul.                                        ║
 ║                                                                                                ║
 ║     Les alarmes que vous avez choisies d'ignorer sont précédées de (*).                        ║
 ║     Nombre d'occurrences pour chacune des alarmes :                                            ║
 ║            aucune alarme                                                                       ║
 ╚================================================================================================╝

 ---------------------------------------------------------------------------
 Concepts de la base: G
    Nom        Type                Taille (Mo)         Nombre      Nombre de
                                                     d'objets       segments
    TOTAL                               268.36            405            600
  
    00000001   MAILLAGE_SDASTER          12.00             34             70
    00000002   MODELE_SDASTER            11.86             11             16
    00000003   MATER_SDASTER              0.00             15             15
    00000004   MATER_SDASTER              0.00             15             15
    00000005   MATER_SDASTER              0.00              7              7
    00000006   MATER_SDASTER              0.00              7              7
    00000007   MATER_SDASTER              0.00              7              7
    00000008   CHAM_MATER                 0.89              8             13
    00000009   CHAR_MECA                 12.89             56             76
    0000000a   CHAR_MECA                  9.42             56             76
    0000000b   FONCTION_SDASTER           0.00              3              3
    0000000c   LISTR8_SDASTER             0.00              6              6
    0000000d   LIST_INST                  0.00              8              8
    0000000e   EVOL_NOLI                183.72            123            159
    &FOZERO                               0.00              2              2
    &&_NUM_C                              0.00              1              1
    &CATA                                37.45             42            103
    &&NMDOME                              0.00              2              2
    0000000f                              0.12              2             14
 (*) sous-objets non accessible directement
 ---------------------------------------------------------------------------
Nom de la base                          :  GLOBALE
     Nombre d'enregistrements utilisés       :  475
     Nombre d'enregistrements maximum        :  2684354
     Nombre d'enregistrements par fichier    :  15728
     Longueur d'enregistrement (octets)      :  819200
     Nombre total d'accès en lecture         :  378
     Volume des accès en lecture             :        295.31 Mo.
     Nombre total d'accès en écriture        :  224
     Volume des accès en écriture            :        175.00 Mo.
     Nombre d'identificateurs utilisés       :  653
     Taille maximum du répertoire            :  2000
     Pourcentage d'utilisation du répertoire :  32 %

Nom de la base                          :  VOLATILE
     Nombre d'enregistrements utilisés       :  107
     Nombre d'enregistrements maximum        :  2684354
     Nombre d'enregistrements par fichier    :  15728
     Longueur d'enregistrement (octets)      :  819200
     Nombre total d'accès en lecture         :  0
     Volume des accès en lecture             :          0.00 Mo.
     Nombre total d'accès en écriture        :  291
     Volume des accès en écriture            :        227.34 Mo.
     Nombre d'identificateurs utilisés       :  25
     Taille maximum du répertoire            :  2000
     Pourcentage d'utilisation du répertoire :  1 %

<I> <FIN> ARRET NORMAL DANS "FIN" PAR APPEL A "JEFINI".
  
 <I> <FIN> MEMOIRE JEVEUX MINIMALE REQUISE POUR L'EXECUTION :                     330.06 Mo
 <I> <FIN> MEMOIRE JEVEUX OPTIMALE REQUISE POUR L'EXECUTION :                     335.90 Mo
 <I> <FIN> MAXIMUM DE MEMOIRE UTILISEE PAR LE PROCESSUS LORS DE L'EXECUTION :    1174.30 Mo
  
 <I>       FERMETURE DES BASES EFFECTUEE
  
   STATISTIQUES CONCERNANT L'ALLOCATION DYNAMIQUE :
     TAILLE CUMULEE MAXIMUM            :                  336  Mo.
     TAILLE CUMULEE LIBEREE            :                   61  Mo.
     NOMBRE TOTAL D'ALLOCATIONS        :               182675
     NOMBRE TOTAL DE LIBERATIONS       :               182675
     APPELS AU MECANISME DE LIBERATION :                    0
     TAILLE MEMOIRE CUMULEE RECUPEREE  :                    0  Mo.
     VOLUME DES LECTURES               :                    0  Mo.
     VOLUME DES ECRITURES              :                    0  Mo.
  
   MEMOIRE JEVEUX MINIMALE REQUISE POUR L'EXECUTION :     330.06 Mo
     - IMPOSE DE NOMBREUX ACCES DISQUE
     - RALENTIT LA VITESSE D'EXECUTION
   MEMOIRE JEVEUX OPTIMALE REQUISE POUR L'EXECUTION :     335.90 Mo
     - LIMITE LES ACCES DISQUE
     - AMELIORE LA VITESSE D'EXECUTION
   MAXIMUM DE MEMOIRE UTILISEE PAR LE PROCESSUS     :    1174.30 Mo
     - COMPREND LA MEMOIRE CONSOMMEE PAR  JEVEUX, 
       LE SUPERVISEUR PYTHON, LES LIBRAIRIES EXTERNES
  
 <I>       FIN D'EXECUTION LE : LU-28-SEPT-2026 09:12:03
Signature of pickled file   : b67cc80f38f44db3815d2969d5ef7a943024e96a3794603eec4303ef21e6569a
Signature of info file      : 06960fe2949de4798c3328a7269d7d8542fbc26d5f0fbbf5f738762172f840e0
Signature of Jeveux database: 9468f0ea0138ce97dd18e3e91123f081dd2e2002483937c89bf1d3b2e5563522

 ********************************************************************************
 * COMMAND                  :       USER :     SYSTEM :   USER+SYS :    ELAPSED *
 ********************************************************************************
 * DEBUT                    :       0.15 :       1.07 :       1.22 :       1.24 *
 * FIN                      :       0.18 :       0.15 :       0.33 :       0.32 *
 *  . sdveri                :       0.00 :       0.00 :       0.00 :       0.00 *
 *  . cleanup               :       0.00 :       0.00 :       0.00 :       0.00 *
 *  . check syntax          :       0.01 :       0.00 :       0.01 :       0.00 *
 *  . fortran               :       0.32 :       1.22 :       1.54 :       1.56 *
 ********************************************************************************
 * TOTAL_JOB                :       0.46 :       1.24 :       1.70 :       1.72 *
 ********************************************************************************

# Mémoire (Mo) :  1174.30 /   838.02 /   335.90 /   330.06 (VmPeak / VmSize / Optimum / Minimum)
# Fin commande #0002   user+syst:        0.18s (syst:        0.15s, elaps:        0.32s)
# ----------------------------------------------------------------------------------------------

EXECUTION_CODE_ASTER_EXIT_600=0


saving result databases to 'BASE_PREC'...
execution ended (command file #4): OK
Running: /root/mm/envs/aster/bin/run_aster -w /home/user/aas-corner-fe/wd/v8c75_TV2 --status-file /root/.tmp_run_aster/run_aster_3swha5u0/__status__ --no-mpi /root/.tmp_run_aster/run_aster_3swha5u0/v8c75_TV2.resume.4

# ------------------------------------------------------------------------------
Execution of code_aster

# ------------------------------------------------------------------------------
Prepare environment in /home/user/aas-corner-fe/wd/v8c75_TV2

# ------------------------------------------------------------------------------
Command file #5 / 19

Content of the file to execute:
# coding=utf-8
# original filename
__file__ = r"/home/user/aas-corner-fe/jobs/v8c75_TV2_s05.comm"


# temporarly added for compatibility with code_aster legacy
from math import *

import code_aster
from code_aster.Commands import *
from code_aster import CA

POURSUITE(LANG='EN', PAR_LOT='NON')

LOADS='TV2'
CURVE='/home/user/aas-corner-fe/jobs/../results/v8c75_TV2.curve'
common=dict(MODELE=model, CHAM_MATER=fmat, EXCIT=(_F(CHARGE=fix), _F(CHARGE=load, FONC_MULT=ramp)),
        COMPORTEMENT=(_F(RELATION='ENDO_FISS_EXP', GROUP_MA=('CONC','HZ')), _F(RELATION='ELAS', GROUP_MA=('STEEL','SLV','HZH'))),
        NEWTON=_F(MATRICE='TANGENTE', REAC_ITER=1),
        CONVERGENCE=_F(RESI_GLOB_RELA=1.E-4, ITER_GLOB_MAXI=50), ARCHIVAGE=_F(PAS_ARCH=1), SOLVEUR=_F(METHODE='MUMPS', GESTION_MEMOIRE='OUT_OF_CORE', NPREC=10))
import os, re
tcur=0.0; peak=0.0; stopped=False
if os.path.exists(CURVE):
    for line in open(CURVE):
        m=re.match(r'CURVE\s+(\S+)\s+(\S+)', line)
        if m:
            tcur=max(tcur, float(m.group(1))); peak=max(peak, float(m.group(2)))
        if line.startswith('STOP'): stopped=True
def reac(res, t):
    r2=CALC_CHAMP(RESULTAT=res, FORCE='REAC_NODA', INST=t)
    vals={}
    for g in ('HEADT','HEADV'):
        try:
            tb=POST_RELEVE_T(ACTION=_F(OPERATION='EXTRACTION', INTITULE='R', RESULTAT=r2, NOM_CHAM='REAC_NODA',
                                       GROUP_NO=g, RESULTANTE='DX', INST=t)).EXTR_TABLE().values()
            vals[g]=-tb['DX'][-1]*2
        except Exception:
            vals[g]=0.
    DETRUIRE(NOM=r2)
    return vals
TARGETS=[0.12]
for tn in TARGETS:
    if stopped or tn <= tcur+1e-9: continue
    try:
        if tcur < 1e-12 and '0'=='1':
            res=STAT_NON_LINE(INCREMENT=_F(LIST_INST=times, INST_FIN=tn), **common)
        else:
            res=STAT_NON_LINE(reuse=res, ETAT_INIT=_F(EVOL_NOLI=res), INCREMENT=_F(LIST_INST=times, INST_FIN=tn), **common)
    except Exception as exc:
        print('AASSTOP at', tcur, exc, flush=True)
        open(CURVE,'a').write('STOP solver %g\n'%tcur); stopped=True; break
    tcur=tn
    v=reac(res, tcur)
    tot=(v['HEADT'] if 'T' in LOADS else 0.)+(v['HEADV'] if 'V' in LOADS else 0.)
    peak=max(peak, tot)
    open(CURVE,'a').write('CURVE %g %g %g %g\n'%(tcur,tot,v['HEADT'],v['HEADV']))
    print('AASCURVE %g %g %g %g'%(tcur,tot,v['HEADT'],v['HEADV']), flush=True)
    if tot < 0.9*peak:
        open(CURVE,'a').write('STOP peak %g\n'%peak); stopped=True; break
FIN()



# ------------------------------------------------------------------------------
Command line #5:
    ulimit -c unlimited ; ulimit -t 100000 ; ( /root/mm/envs/aster/bin/python3 "v8c75_TV2_s05.comm.changed.py" --memory 3000.0 --numthreads 4 --tpmax 20000 ; echo $? > _exit_code_ ) 2>&1 | tee -a fort.6
setting '--memory' value to 2700.00 MB (keyword RESERVE_MEMOIRE)
Ouverture en écriture du fichier ./vola.1

<INFO> Démarrage de l'exécution.

                       -- CODE_ASTER -- VERSION : DÉVELOPPEMENT (unstable) --                       
                               Version 18.1.6 modifiée le 14/09/2026                                
                                    révision n/a - branche 'n/a'                                    
                                     Copyright EDF 1991 - 2026                                      
                                                                                                    
                              Exécution du : Mon Sep 28 09:12:05 2026                               
                                       Nom de la machine : vm                                       
                                        Architecture : 64bit                                        
                                    Type de processeur : x86_64                                     
                Système d'exploitation : Linux-6.18.44-fc-v37-x86_64-with-glibc2.39                 
                                  Langue des messages : C (UTF-8)                                   
                                     Version de Python : 3.14.7                                     
                                      Version de NumPy : 2.5.3                                      
                                  Version de MEDCoupling : 9.16.0                                   
                                     Parallélisme MPI : inactif                                     
                                    Parallélisme OpenMP : actif                                     
                              Nombre de processus OpenMP utilisés : 4                               
                                Version de la librairie HDF5 : 2.2.0                                
                                Version de la librairie MED : 4.2.0                                 
                               Version de la librairie MFront : 5.1.0                               
                               Version de la librairie MUMPS : 5.8.2                                
                                  Librairie PETSc : non disponible                                  
                              Version de la librairie SCOTCH : 7.0.11                               

restarting from a previous execution...
/home/user/aas-corner-fe/wd/v8c75_TV2/v8c75_TV2_s05.comm.changed.py:13: DeprecationWarning: This feature is obsolete, 'PAR_LOT' has been removed.
  POURSUITE(LANG='EN', PAR_LOT='NON')
Valeur initiale du temps CPU maximum =   20000 secondes
  Valeur du temps CPU maximum passé aux commandes =   18000 secondes
  Réserve CPU prévue = 2000 secondes

Ouverture en lecture du fichier ./glob.1

Ajustement de la taille maximale des bases à 2048.00 Go.
    
Nom de la base                          :  GLOBALE
     Créée avec la version                   :  18.01.06
     Nombre d'enregistrements utilisés       :  475
     Nombre d'enregistrements maximum        :  2684354
     Nombre d'enregistrements par fichier    :  15728
     Longueur d'enregistrement (octets)      :  819200
     Nombre d'identificateurs utilisés       :  653
     Taille maximum du répertoire            :  2000
     Pourcentage d'utilisation du répertoire :  32 %

Ouverture en lecture du fichier ./glob.1

Ouverture en écriture du fichier ./vola.1

Fin de lecture (durée  0.000034  s.) 

                      Mémoire limite pour l'allocation dynamique : 3212.06 Mo                       
                         ajouté à l'initialisation du processus : 997.21 Mo                         
                               Limite cible du processus : 4209.27 Mo                               
                         Taille limite des fichiers d'échange : 2048.00 Go                          
pi                       <class 'float'>
e                        <class 'float'>
tau                      <class 'float'>
inf                      <class 'float'>
nan                      <class 'float'>
mesh                     <class 'libaster.Mesh'>
model                    <class 'libaster.Model'>
mat                      <class 'libaster.Material'>
matH                     <class 'libaster.Material'>
matHH                    <class 'libaster.Material'>
stl                      <class 'libaster.Material'>
slvm                     <class 'libaster.Material'>
fmat                     <class 'libaster.MaterialField'>
fix                      <class 'libaster.MechanicalLoadReal'>
grp                      <class 'list'>
load                     <class 'libaster.MechanicalLoadReal'>
ramp                     <class 'libaster.Function'>
steps                    <class 'libaster.ListOfFloats'>
times                    <class 'libaster.TimesList'>
LOADS                    <class 'str'>
CURVE                    <class 'str'>
common                   <class 'dict'>
tcur                     <class 'float'>
peak                     <class 'float'>
stopped                  <class 'bool'>
TARGETS                  <class 'list'>
tn                       <class 'float'>
res                      <class 'libaster.NonLinearResult'>
v                        <class 'dict'>
tot                      <class 'float'>
line                     <class 'str'>
# Mémoire (Mo) :  1163.75 /  1163.75 /   326.13 /   326.10 (VmPeak / VmSize / Optimum / Minimum)
# Fin commande #0001   user+syst:        0.16s (syst:        0.92s, elaps:        1.10s)
# ----------------------------------------------------------------------------------------------
/home/user/aas-corner-fe/wd/v8c75_TV2/v8c75_TV2_s05.comm.changed.py:24: ResourceWarning: unclosed file <_io.TextIOWrapper name='/home/user/aas-corner-fe/jobs/../results/v8c75_TV2.curve' mode='r' encoding='UTF-8'>
  for line in open(CURVE):

.. _stg1_txt48
# ----------------------------------------------------------------------------------------------
# Commande #0002 de /home/user/aas-corner-fe/wd/v8c75_TV2/v8c75_TV2_s05.comm.changed.py, ligne 48
res = STAT_NON_LINE(AFFICHAGE=_F(INFO_RESIDU='NON',
                                 INFO_TEMPS='NON'),
                    ARCHIVAGE=_F(CHAM_EXCLU=('RESI_NOEU', 'RESI_RELA_NOEU'),
                                 PAS_ARCH=1),
                    CHAM_MATER=fmat,
                    COMPORTEMENT=(_F(DEFORMATION='PETIT',
                                     GROUP_MA=('CONC', 'HZ'),
                                     ITER_CPLAN_MAXI=10,
                                     ITER_INTE_MAXI=20,
                                     ITER_INTE_PAS=0,
                                     PARM_THETA=1.0,
                                     REGU_VISC='NON',
                                     RELATION='ENDO_FISS_EXP',
                                     RESI_CPLAN_RELA=1e-06,
                                     RESI_INTE=1e-06),
                                  _F(DEFORMATION='PETIT',
                                     GROUP_MA=('STEEL', 'SLV', 'HZH'),
                                     ITER_CPLAN_MAXI=10,
                                     ITER_INTE_MAXI=20,
                                     ITER_INTE_PAS=0,
                                     PARM_THETA=1.0,
                                     REGU_VISC='NON',
                                     RELATION='ELAS',
                                     RESI_CPLAN_RELA=1e-06,
                                     RESI_INTE=1e-06)),
                    CONVERGENCE=_F(ARRET='OUI',
                                   ITER_GLOB_ELAS=25,
                                   ITER_GLOB_MAXI=50,
                                   RESI_GLOB_RELA=0.0001,
                                   VERIF='TOUT'),
                    ETAT_INIT=_F(EVOL_NOLI=res),
                    EXCIT=(_F(CHARGE='<00000009>',
                              TYPE_CHARGE='FIXE_CSTE'),
                           _F(CHARGE='<0000000a>',
                              FONC_MULT=ramp,
                              TYPE_CHARGE='FIXE_CSTE')),
                    INCREMENT=_F(CRITERE='RELATIF',
                                 INST_FIN=0.12,
                                 INST_INIT=0.02,
                                 LIST_INST=times,
                                 PRECISION=1e-06),
                    MESURE=_F(TABLE='NON'),
                    METHODE='NEWTON',
                    MODELE=model,
                    NEWTON=_F(MATRICE='TANGENTE',
                              MATR_RIGI_SYME='NON',
                              REAC_INCR=1,
                              REAC_ITER=1,
                              REAC_ITER_ELAS=0),
                    SOLVEUR=_F(ACCELERATION='AUTO',
                               ELIM_LAGR='LAGR2',
                               FILTRAGE_MATRICE=-1.0,
                               GESTION_MEMOIRE='OUT_OF_CORE',
                               LOW_RANK_SEUIL=0.0,
                               MATR_DISTRIBUEE='NON',
                               METHODE='MUMPS',
                               MIXER_PRECISION='NON',
                               NB_RHS=1,
                               NPREC=10,
                               PCENT_PIVOT=35,
                               POSTTRAITEMENTS='AUTO',
                               PRETRAITEMENTS='AUTO',
                               REDUCTION_MPI=0,
                               RENUM='AUTO',
                               RESI_RELA=-1.0,
                               STOP_SINGULIER='OUI',
                               TYPE_RESOL='AUTO'),
                    reuse=res)

Liste des comportements

Affecté sur 67406 éléments
Relation                             : ENDO_FISS_EXP
Déformation                          : PETIT
Pas de régularisation visqueuse
Pas de post-traitement à la fin du pas de temps
Nombre total de variables internes   : 9
V1 : ENDO
V2 : INDIENDO
V3 : ENDORIGI
V4 : EPSEXX
V5 : EPSEYY
V6 : EPSEZZ
V7 : EPSEXY
V8 : EPSEXZ
V9 : EPSEYZ
Affecté sur 11844 éléments
Relation                             : ELAS
Déformation                          : PETIT
Pas de régularisation visqueuse
Pas de post-traitement à la fin du pas de temps
Nombre total de variables internes   : 1
V1 : VIDE
Le système linéaire à résoudre a 375089 degrés de liberté:
   - 359637 sont des degrés de liberté physiques
     (ils sont portés par 111469 noeuds du maillage)
   - 15452 sont les couples de paramètres de Lagrange associés
     aux 7726 relations linéaires dualisées.
La matrice est de taille 375089 équations.
  Elle contient 19289373 termes non nuls si elle est symétrique et 38203657 termes non nuls si elle
n'est pas symétrique.
  Soit un taux de remplissage de   0.027 %.
Lecture de l'état initial
L'état initial a été récupéré dans la structure de données résultat de nom <0000000e> pour le numéro
d'ordre 2 et à l'instant  2.000000000000e-02
Le champ <DEPL> est lu dans ETAT_INIT dans la structure de données résultat donné dans la commande.
Le champ <SIEF_ELGA> est lu dans ETAT_INIT dans la structure de données résultat donné dans la
commande.
Le champ <VARI_ELGA> est lu dans ETAT_INIT dans la structure de données résultat donné dans la
commande.
---------------------------------------------------------------------
Instant de calcul:  4.000000000000e-02 - Niveau de découpe: 1

---------------------------------------------------------------------
|     NEWTON     |     RESIDU     |     RESIDU     |     OPTION     |
|    ITERATION   |     RELATIF    |     ABSOLU     |   ASSEMBLAGE   |
|                | RESI_GLOB_RELA | RESI_GLOB_MAXI |(+ TYPE MATRICE)|
---------------------------------------------------------------------

 ╔================================================================================================╗
 ║ <A> <FACTOR_75>                                                                                ║
 ║                                                                                                ║
 ║ Attention, vous avez demandé un calcul OUT_OF_CORE, mais MUMPS estime avoir besoin pour cela   ║
 ║ d'au moins                                                                                     ║
 ║   3546 Mo  alors qu'il n'y a que 673 Mo de disponible sur ce processeur !                      ║
 ║   Le calcul pourrait donc être ralenti ou s'arrêter pour cette raison.                         ║
 ║                                                                                                ║
 ║   Pour information: mémoire déjà pré-allouée par MUMPS (exécutable, matrice...)= 471 Mo,       ║
 ║                     nombre de systèmes linéaires à factoriser en même temps    = 1.            ║
 ║                                                                                                ║
 ║ Conseils :                                                                                     ║
 ║   La prochaine fois, relancez avec plus de mémoire globale ou avec une option de calcul plus   ║
 ║ économe                                                                                        ║
 ║   (par ordre décroissant d'efficacité):                                                        ║
 ║    - Si le calcul est parallèle, réduisez la consommation MUMPS en augmentant le nombre de     ║
 ║ processeurs,                                                                                   ║
 ║    - Si le calcul est parallèle, réduisez la consommation Aster en activant l'option           ║
 ║ SOLVEUR/MATR_DISTRIBUEE,                                                                       ║
 ║   Ou, plus radicalement:                                                                       ║
 ║    - Utilisez un solveur moins exigeant en mémoire (par exemple: SOLVEUR/METHODE='PETSC' +     ║
 ║ PRECOND='LDLT_SP').                                                                            ║
 ║                                                                                                ║
 ║                                                                                                ║
 ║ Ceci est une alarme. Si vous ne comprenez pas le sens de cette                                 ║
 ║ alarme, vous pouvez obtenir des résultats inattendus !                                         ║
 ╚================================================================================================╝

|     0        X | 2.08199E-01  X | 3.69217E+02    |TANGENTE (NOSYM)|

 ╔================================================================================================╗
 ║ <A> <FACTOR_75>                                                                                ║
 ║                                                                                                ║
 ║ Attention, vous avez demandé un calcul OUT_OF_CORE, mais MUMPS estime avoir besoin pour cela   ║
 ║ d'au moins                                                                                     ║
 ║   3551 Mo  alors qu'il n'y a que 401 Mo de disponible sur ce processeur !                      ║
 ║   Le calcul pourrait donc être ralenti ou s'arrêter pour cette raison.                         ║
 ║                                                                                                ║
 ║   Pour information: mémoire déjà pré-allouée par MUMPS (exécutable, matrice...)= 477 Mo,       ║
 ║                     nombre de systèmes linéaires à factoriser en même temps    = 1.            ║
 ║                                                                                                ║
 ║ Conseils :                                                                                     ║
 ║   La prochaine fois, relancez avec plus de mémoire globale ou avec une option de calcul plus   ║
 ║ économe                                                                                        ║
 ║   (par ordre décroissant d'efficacité):                                                        ║
 ║    - Si le calcul est parallèle, réduisez la consommation MUMPS en augmentant le nombre de     ║
 ║ processeurs,                                                                                   ║
 ║    - Si le calcul est parallèle, réduisez la consommation Aster en activant l'option           ║
 ║ SOLVEUR/MATR_DISTRIBUEE,                                                                       ║
 ║   Ou, plus radicalement:                                                                       ║
 ║    - Utilisez un solveur moins exigeant en mémoire (par exemple: SOLVEUR/METHODE='PETSC' +     ║
 ║ PRECOND='LDLT_SP').                                                                            ║
 ║                                                                                                ║
 ║                                                                                                ║
 ║ Ceci est une alarme. Si vous ne comprenez pas le sens de cette                                 ║
 ║ alarme, vous pouvez obtenir des résultats inattendus !                                         ║
 ╚================================================================================================╝

|     1        X | 9.31451E-02  X | 1.49760E+02    |TANGENTE (NOSYM)|

 ╔================================================================================================╗
 ║ <A> <FACTOR_75>                                                                                ║
 ║                                                                                                ║
 ║ Attention, vous avez demandé un calcul OUT_OF_CORE, mais MUMPS estime avoir besoin pour cela   ║
 ║ d'au moins                                                                                     ║
 ║   3550 Mo  alors qu'il n'y a que 403 Mo de disponible sur ce processeur !                      ║
 ║   Le calcul pourrait donc être ralenti ou s'arrêter pour cette raison.                         ║
 ║                                                                                                ║
 ║   Pour information: mémoire déjà pré-allouée par MUMPS (exécutable, matrice...)= 476 Mo,       ║
 ║                     nombre de systèmes linéaires à factoriser en même temps    = 1.            ║
 ║                                                                                                ║
 ║ Conseils :                                                                                     ║
 ║   La prochaine fois, relancez avec plus de mémoire globale ou avec une option de calcul plus   ║
 ║ économe                                                                                        ║
 ║   (par ordre décroissant d'efficacité):                                                        ║
 ║    - Si le calcul est parallèle, réduisez la consommation MUMPS en augmentant le nombre de     ║
 ║ processeurs,                                                                                   ║
 ║    - Si le calcul est parallèle, réduisez la consommation Aster en activant l'option           ║
 ║ SOLVEUR/MATR_DISTRIBUEE,                                                                       ║
 ║   Ou, plus radicalement:                                                                       ║
 ║    - Utilisez un solveur moins exigeant en mémoire (par exemple: SOLVEUR/METHODE='PETSC' +     ║
 ║ PRECOND='LDLT_SP').                                                                            ║
 ║                                                                                                ║
 ║                                                                                                ║
 ║ Ceci est une alarme. Si vous ne comprenez pas le sens de cette                                 ║
 ║ alarme, vous pouvez obtenir des résultats inattendus !                                         ║
 ╚================================================================================================╝

|     2        X | 2.35122E-02  X | 3.54576E+01    |TANGENTE (NOSYM)|

 ╔================================================================================================╗
 ║ <A> <FACTOR_75>                                                                                ║
 ║                                                                                                ║
 ║ Attention, vous avez demandé un calcul OUT_OF_CORE, mais MUMPS estime avoir besoin pour cela   ║
 ║ d'au moins                                                                                     ║
 ║   3550 Mo  alors qu'il n'y a que 403 Mo de disponible sur ce processeur !                      ║
 ║   Le calcul pourrait donc être ralenti ou s'arrêter pour cette raison.                         ║
 ║                                                                                                ║
 ║   Pour information: mémoire déjà pré-allouée par MUMPS (exécutable, matrice...)= 475 Mo,       ║
 ║                     nombre de systèmes linéaires à factoriser en même temps    = 1.            ║
 ║                                                                                                ║
 ║ Conseils :                                                                                     ║
 ║   La prochaine fois, relancez avec plus de mémoire globale ou avec une option de calcul plus   ║
 ║ économe                                                                                        ║
 ║   (par ordre décroissant d'efficacité):                                                        ║
 ║    - Si le calcul est parallèle, réduisez la consommation MUMPS en augmentant le nombre de     ║
 ║ processeurs,                                                                                   ║
 ║    - Si le calcul est parallèle, réduisez la consommation Aster en activant l'option           ║
 ║ SOLVEUR/MATR_DISTRIBUEE,                                                                       ║
 ║   Ou, plus radicalement:                                                                       ║
 ║    - Utilisez un solveur moins exigeant en mémoire (par exemple: SOLVEUR/METHODE='PETSC' +     ║
 ║ PRECOND='LDLT_SP').                                                                            ║
 ║                                                                                                ║
 ║                                                                                                ║
 ║ Ceci est une alarme. Si vous ne comprenez pas le sens de cette                                 ║
 ║ alarme, vous pouvez obtenir des résultats inattendus !                                         ║
 ╚================================================================================================╝

|     3        X | 4.93074E-03  X | 7.31954E+00    |TANGENTE (NOSYM)|

 ╔================================================================================================╗
 ║ <A> <FACTOR_75>                                                                                ║
 ║                                                                                                ║
 ║ Attention, vous avez demandé un calcul OUT_OF_CORE, mais MUMPS estime avoir besoin pour cela   ║
 ║ d'au moins                                                                                     ║
 ║   3549 Mo  alors qu'il n'y a que 403 Mo de disponible sur ce processeur !                      ║
 ║   Le calcul pourrait donc être ralenti ou s'arrêter pour cette raison.                         ║
 ║                                                                                                ║
 ║   Pour information: mémoire déjà pré-allouée par MUMPS (exécutable, matrice...)= 475 Mo,       ║
 ║                     nombre de systèmes linéaires à factoriser en même temps    = 1.            ║
 ║                                                                                                ║
 ║ Conseils :                                                                                     ║
 ║   La prochaine fois, relancez avec plus de mémoire globale ou avec une option de calcul plus   ║
 ║ économe                                                                                        ║
 ║   (par ordre décroissant d'efficacité):                                                        ║
 ║    - Si le calcul est parallèle, réduisez la consommation MUMPS en augmentant le nombre de     ║
 ║ processeurs,                                                                                   ║
 ║    - Si le calcul est parallèle, réduisez la consommation Aster en activant l'option           ║
 ║ SOLVEUR/MATR_DISTRIBUEE,                                                                       ║
 ║   Ou, plus radicalement:                                                                       ║
 ║    - Utilisez un solveur moins exigeant en mémoire (par exemple: SOLVEUR/METHODE='PETSC' +     ║
 ║ PRECOND='LDLT_SP').                                                                            ║
 ║                                                                                                ║
 ║                                                                                                ║
 ║ Ceci est une alarme. Si vous ne comprenez pas le sens de cette                                 ║
 ║ alarme, vous pouvez obtenir des résultats inattendus !                                         ║
 ╚================================================================================================╝


 ╔================================================================================================╗
 ║ <A> <CATAMESS_41>                                                                              ║
 ║                                                                                                ║
 ║ Le message d'alarme 'FACTOR_75' a été émis 5 fois, il ne sera plus affiché.                    ║
 ║                                                                                                ║
 ║                                                                                                ║
 ║ Ceci est une alarme. Si vous ne comprenez pas le sens de cette                                 ║
 ║ alarme, vous pouvez obtenir des résultats inattendus !                                         ║
 ╚================================================================================================╝

|     4        X | 2.13791E-03  X | 3.16767E+00    |TANGENTE (NOSYM)|
|     5        X | 1.47417E-03  X | 2.18418E+00    |TANGENTE (NOSYM)|
|     6        X | 1.21810E-04  X | 1.80477E-01    |TANGENTE (NOSYM)|
|     7          | 9.61144E-06    | 1.42406E-02    |TANGENTE (NOSYM)|
---------------------------------------------------------------------
Critère(s) de convergence atteint(s)

Le résidu de type <RESI_GLOB_RELA> vaut  9.611436519676e-06 au noeud et degré de liberté <76359  
DX>
Temps CPU consommé dans ce pas de temps    : 15 min 47 s

* Nombre d'itérations de Newton                     : 8
* Temps total intégration comportement              : 48.063 s (9 intégrations)
* Temps total factorisation matrice                 : 12 min 48 s (8 factorisations)
* Temps construction second membre                  : 0.732 s
* Temps total résolution K.U=F                      : 1 min  4 s (8 résolutions)
* Temps assemblage matrice                          : 0.000 s
* Temps autres opérations                           : 1 min  5 s
Mémoire (Mo) :  6849.38 /  3403.98 /  2651.73 /   871.85 (VmPeak / VmSize / Optimum / Minimum)

Archivage des champs

Champ stocké <DEPL> à l'instant  4.000000000000e-02 pour le numéro d'ordre 3
Champ stocké <SIEF_ELGA> à l'instant  4.000000000000e-02 pour le numéro d'ordre 3
Champ stocké <VARI_ELGA> à l'instant  4.000000000000e-02 pour le numéro d'ordre 3
Champ stocké <COMPORTEMENT> à l'instant  4.000000000000e-02 pour le numéro d'ordre 3
[ 20%] Instant calculé : 4.00000e-02, seul l'instant initial a été archivé
---------------------------------------------------------------------
Instant de calcul:  6.000000000000e-02 - Niveau de découpe: 1

---------------------------------------------------------------------
|     NEWTON     |     RESIDU     |     RESIDU     |     OPTION     |
|    ITERATION   |     RELATIF    |     ABSOLU     |   ASSEMBLAGE   |
|                | RESI_GLOB_RELA | RESI_GLOB_MAXI |(+ TYPE MATRICE)|
---------------------------------------------------------------------
|     0        X | 7.85302E-02  X | 1.36868E+02    |TANGENTE (NOSYM)|
|     1        X | 3.09356E-02  X | 5.02140E+01    |TANGENTE (NOSYM)|
|     2        X | 2.20781E-02  X | 3.52394E+01    |TANGENTE (NOSYM)|
|     3        X | 3.99526E-03  X | 6.33720E+00    |TANGENTE (NOSYM)|
|     4        X | 1.56242E-03  X | 2.47273E+00    |TANGENTE (NOSYM)|
|     5          | 7.51171E-05    | 1.18834E-01    |TANGENTE (NOSYM)|
---------------------------------------------------------------------
Critère(s) de convergence atteint(s)

Le résidu de type <RESI_GLOB_RELA> vaut  7.511713302539e-05 au noeud et degré de liberté <18958  
DX>
Temps CPU consommé dans ce pas de temps    : 11 min 13 s

* Nombre d'itérations de Newton                     : 6
* Temps total intégration comportement              : 30.895 s (7 intégrations)
* Temps total factorisation matrice                 : 8 min 48 s (6 factorisations)
* Temps construction second membre                  : 0.641 s
* Temps total résolution K.U=F                      : 1 min  5 s (6 résolutions)
* Temps assemblage matrice                          : 0.000 s
* Temps autres opérations                           : 47.970 s
Mémoire (Mo) :  6907.62 /  3459.75 /  2704.77 /   871.85 (VmPeak / VmSize / Optimum / Minimum)

Archivage des champs

Champ stocké <DEPL> à l'instant  6.000000000000e-02 pour le numéro d'ordre 4
Champ stocké <SIEF_ELGA> à l'instant  6.000000000000e-02 pour le numéro d'ordre 4
Champ stocké <VARI_ELGA> à l'instant  6.000000000000e-02 pour le numéro d'ordre 4
Champ stocké <COMPORTEMENT> à l'instant  6.000000000000e-02 pour le numéro d'ordre 4
[ 39%] Instant calculé : 6.00000e-02, dernier instant archivé : 6.00000e-02, au numéro d'ordre :    
4
---------------------------------------------------------------------
Instant de calcul:  8.000000000000e-02 - Niveau de découpe: 1

---------------------------------------------------------------------
|     NEWTON     |     RESIDU     |     RESIDU     |     OPTION     |
|    ITERATION   |     RELATIF    |     ABSOLU     |   ASSEMBLAGE   |
|                | RESI_GLOB_RELA | RESI_GLOB_MAXI |(+ TYPE MATRICE)|
---------------------------------------------------------------------
|     0        X | 1.18656E-01  X | 1.82904E+02    |TANGENTE (NOSYM)|
|     1        X | 4.94198E-02  X | 7.63250E+01    |TANGENTE (NOSYM)|
|     2        X | 4.79430E-03  X | 7.42445E+00    |TANGENTE (NOSYM)|
|     3        X | 6.12256E-04  X | 9.48189E-01    |TANGENTE (NOSYM)|
|     4        X | 2.91289E-04  X | 4.51120E-01    |TANGENTE (NOSYM)|
