WARNING: If MPI_Abort is called during execution, result files could not be copied.
Running: /root/mm/envs/aster/bin/run_aster -w /home/user/aas-corner-fe/wd/v8c75_TV2 --status-file /root/.tmp_run_aster/run_aster_e_ttemwt/__status__ --no-mpi /root/.tmp_run_aster/run_aster_e_ttemwt/v8c75_TV2.resume.0

# ------------------------------------------------------------------------------
Execution of code_aster

# ------------------------------------------------------------------------------
Prepare environment in /home/user/aas-corner-fe/wd/v8c75_TV2

# ------------------------------------------------------------------------------
Command file #1 / 19

Content of the file to execute:
# coding=utf-8
# original filename
__file__ = r"/home/user/aas-corner-fe/jobs/v8c75_TV2_s01.comm"


# temporarly added for compatibility with code_aster legacy
from math import *

import code_aster
from code_aster.Commands import *
from code_aster import CA

POURSUITE(LANG='EN', PAR_LOT='NON')

LOADS='TV2'
CURVE='/home/user/aas-corner-fe/jobs/../results/v8c75_TV2.curve'
common=dict(MODELE=model, CHAM_MATER=fmat, EXCIT=(_F(CHARGE=fix), _F(CHARGE=load, FONC_MULT=ramp)),
        COMPORTEMENT=(_F(RELATION='ENDO_FISS_EXP', GROUP_MA=('CONC','HZ')), _F(RELATION='ELAS', GROUP_MA=('STEEL','SLV','HZH'))),
        NEWTON=_F(MATRICE='TANGENTE', REAC_ITER=1),
        CONVERGENCE=_F(RESI_GLOB_RELA=1.E-4, ITER_GLOB_MAXI=50), ARCHIVAGE=_F(PAS_ARCH=1), SOLVEUR=_F(METHODE='MUMPS', GESTION_MEMOIRE='OUT_OF_CORE', NPREC=10))
import os, re
tcur=0.0; peak=0.0; stopped=False
if os.path.exists(CURVE):
    for line in open(CURVE):
        m=re.match(r'CURVE\s+(\S+)\s+(\S+)', line)
        if m:
            tcur=max(tcur, float(m.group(1))); peak=max(peak, float(m.group(2)))
        if line.startswith('STOP'): stopped=True
def reac(res, t):
    r2=CALC_CHAMP(RESULTAT=res, FORCE='REAC_NODA', INST=t)
    vals={}
    for g in ('HEADT','HEADV'):
        try:
            tb=POST_RELEVE_T(ACTION=_F(OPERATION='EXTRACTION', INTITULE='R', RESULTAT=r2, NOM_CHAM='REAC_NODA',
                                       GROUP_NO=g, RESULTANTE='DX', INST=t)).EXTR_TABLE().values()
            vals[g]=-tb['DX'][-1]*2
        except Exception:
            vals[g]=0.
    DETRUIRE(NOM=r2)
    return vals
TARGETS=[0.04]
for tn in TARGETS:
    if stopped or tn <= tcur+1e-9: continue
    try:
        if tcur < 1e-12 and '0'=='1':
            res=STAT_NON_LINE(INCREMENT=_F(LIST_INST=times, INST_FIN=tn), **common)
        else:
            res=STAT_NON_LINE(reuse=res, ETAT_INIT=_F(EVOL_NOLI=res), INCREMENT=_F(LIST_INST=times, INST_FIN=tn), **common)
    except Exception as exc:
        print('AASSTOP at', tcur, exc, flush=True)
        open(CURVE,'a').write('STOP solver %g\n'%tcur); stopped=True; break
    tcur=tn
    v=reac(res, tcur)
    tot=(v['HEADT'] if 'T' in LOADS else 0.)+(v['HEADV'] if 'V' in LOADS else 0.)
    peak=max(peak, tot)
    open(CURVE,'a').write('CURVE %g %g %g %g\n'%(tcur,tot,v['HEADT'],v['HEADV']))
    print('AASCURVE %g %g %g %g'%(tcur,tot,v['HEADT'],v['HEADV']), flush=True)
    if tot < 0.9*peak:
        open(CURVE,'a').write('STOP peak %g\n'%peak); stopped=True; break
FIN()



# ------------------------------------------------------------------------------
Command line #1:
    ulimit -c unlimited ; ulimit -t 100000 ; ( /root/mm/envs/aster/bin/python3 "v8c75_TV2_s01.comm.changed.py" --link="F::mmed::/home/user/aas-corner-fe/jobs/../mesh/m8_h100_d16_ct75_e75_T.med::D::20" --memory 3000.0 --numthreads 4 --tpmax 20000 ; echo $? > _exit_code_ ) 2>&1 | tee -a fort.6
setting '--memory' value to 2700.00 MB (keyword RESERVE_MEMOIRE)
copying (shutil) '/home/user/aas-corner-fe/jobs/../mesh/m8_h100_d16_ct75_e75_T.med' to 'fort.20'...
Ouverture en écriture du fichier ./vola.1

<INFO> Démarrage de l'exécution.

                       -- CODE_ASTER -- VERSION : DÉVELOPPEMENT (unstable) --                       
                               Version 18.1.6 modifiée le 14/09/2026                                
                                    révision n/a - branche 'n/a'                                    
                                     Copyright EDF 1991 - 2026                                      
                                                                                                    
                              Exécution du : Mon Sep 28 08:11:07 2026                               
                                       Nom de la machine : vm                                       
                                        Architecture : 64bit                                        
                                    Type de processeur : x86_64                                     
                Système d'exploitation : Linux-6.18.44-fc-v37-x86_64-with-glibc2.39                 
                                  Langue des messages : C (UTF-8)                                   
                                     Version de Python : 3.14.7                                     
                                      Version de NumPy : 2.5.3                                      
                                  Version de MEDCoupling : 9.16.0                                   
                                     Parallélisme MPI : inactif                                     
                                    Parallélisme OpenMP : actif                                     
                              Nombre de processus OpenMP utilisés : 4                               
                                Version de la librairie HDF5 : 2.2.0                                
                                Version de la librairie MED : 4.2.0                                 
                               Version de la librairie MFront : 5.1.0                               
                               Version de la librairie MUMPS : 5.8.2                                
                                  Librairie PETSc : non disponible                                  
                              Version de la librairie SCOTCH : 7.0.11                               

restarting from a previous execution...
/home/user/aas-corner-fe/wd/v8c75_TV2/v8c75_TV2_s01.comm.changed.py:13: DeprecationWarning: This feature is obsolete, 'PAR_LOT' has been removed.
  POURSUITE(LANG='EN', PAR_LOT='NON')
Valeur initiale du temps CPU maximum =   20000 secondes
  Valeur du temps CPU maximum passé aux commandes =   18000 secondes
  Réserve CPU prévue = 2000 secondes

Ouverture en lecture du fichier ./glob.1

Ajustement de la taille maximale des bases à 2048.00 Go.
    
Nom de la base                          :  GLOBALE
     Créée avec la version                   :  18.01.06
     Nombre d'enregistrements utilisés       :  475
     Nombre d'enregistrements maximum        :  2684354
     Nombre d'enregistrements par fichier    :  15728
     Longueur d'enregistrement (octets)      :  819200
     Nombre d'identificateurs utilisés       :  653
     Taille maximum du répertoire            :  2000
     Pourcentage d'utilisation du répertoire :  32 %

Ouverture en lecture du fichier ./glob.1

Ouverture en écriture du fichier ./vola.1

Fin de lecture (durée  0.000034  s.) 

                      Mémoire limite pour l'allocation dynamique : 3212.06 Mo                       
                         ajouté à l'initialisation du processus : 997.32 Mo                         
                               Limite cible du processus : 4209.37 Mo                               
                         Taille limite des fichiers d'échange : 2048.00 Go                          
pi                       <class 'float'>
e                        <class 'float'>
tau                      <class 'float'>
inf                      <class 'float'>
nan                      <class 'float'>
mesh                     <class 'libaster.Mesh'>
model                    <class 'libaster.Model'>
mat                      <class 'libaster.Material'>
matH                     <class 'libaster.Material'>
matHH                    <class 'libaster.Material'>
stl                      <class 'libaster.Material'>
slvm                     <class 'libaster.Material'>
fmat                     <class 'libaster.MaterialField'>
fix                      <class 'libaster.MechanicalLoadReal'>
grp                      <class 'list'>
load                     <class 'libaster.MechanicalLoadReal'>
ramp                     <class 'libaster.Function'>
steps                    <class 'libaster.ListOfFloats'>
times                    <class 'libaster.TimesList'>
LOADS                    <class 'str'>
CURVE                    <class 'str'>
common                   <class 'dict'>
tcur                     <class 'float'>
peak                     <class 'float'>
stopped                  <class 'bool'>
TARGETS                  <class 'list'>
tn                       <class 'float'>
res                      <class 'libaster.NonLinearResult'>
v                        <class 'dict'>
tot                      <class 'float'>
# Mémoire (Mo) :  1163.84 /  1163.71 /   326.13 /   326.10 (VmPeak / VmSize / Optimum / Minimum)
# Fin commande #0001   user+syst:        0.29s (syst:        3.03s, elaps:        3.33s)
# ----------------------------------------------------------------------------------------------
/home/user/aas-corner-fe/wd/v8c75_TV2/v8c75_TV2_s01.comm.changed.py:24: ResourceWarning: unclosed file <_io.TextIOWrapper name='/home/user/aas-corner-fe/jobs/../results/v8c75_TV2.curve' mode='r' encoding='UTF-8'>
  for line in open(CURVE):

.. _stg1_txt48
# ----------------------------------------------------------------------------------------------
# Commande #0002 de /home/user/aas-corner-fe/wd/v8c75_TV2/v8c75_TV2_s01.comm.changed.py, ligne 48
res = STAT_NON_LINE(AFFICHAGE=_F(INFO_RESIDU='NON',
                                 INFO_TEMPS='NON'),
                    ARCHIVAGE=_F(CHAM_EXCLU=('RESI_NOEU', 'RESI_RELA_NOEU'),
                                 PAS_ARCH=1),
                    CHAM_MATER=fmat,
                    COMPORTEMENT=(_F(DEFORMATION='PETIT',
                                     GROUP_MA=('CONC', 'HZ'),
                                     ITER_CPLAN_MAXI=10,
                                     ITER_INTE_MAXI=20,
                                     ITER_INTE_PAS=0,
                                     PARM_THETA=1.0,
                                     REGU_VISC='NON',
                                     RELATION='ENDO_FISS_EXP',
                                     RESI_CPLAN_RELA=1e-06,
                                     RESI_INTE=1e-06),
                                  _F(DEFORMATION='PETIT',
                                     GROUP_MA=('STEEL', 'SLV', 'HZH'),
                                     ITER_CPLAN_MAXI=10,
                                     ITER_INTE_MAXI=20,
                                     ITER_INTE_PAS=0,
                                     PARM_THETA=1.0,
                                     REGU_VISC='NON',
                                     RELATION='ELAS',
                                     RESI_CPLAN_RELA=1e-06,
                                     RESI_INTE=1e-06)),
                    CONVERGENCE=_F(ARRET='OUI',
                                   ITER_GLOB_ELAS=25,
                                   ITER_GLOB_MAXI=50,
                                   RESI_GLOB_RELA=0.0001,
                                   VERIF='TOUT'),
                    ETAT_INIT=_F(EVOL_NOLI=res),
                    EXCIT=(_F(CHARGE='<00000009>',
                              TYPE_CHARGE='FIXE_CSTE'),
                           _F(CHARGE='<0000000a>',
                              FONC_MULT=ramp,
                              TYPE_CHARGE='FIXE_CSTE')),
                    INCREMENT=_F(CRITERE='RELATIF',
                                 INST_FIN=0.04,
                                 INST_INIT=0.02,
                                 LIST_INST=times,
                                 PRECISION=1e-06),
                    MESURE=_F(TABLE='NON'),
                    METHODE='NEWTON',
                    MODELE=model,
                    NEWTON=_F(MATRICE='TANGENTE',
                              MATR_RIGI_SYME='NON',
                              REAC_INCR=1,
                              REAC_ITER=1,
                              REAC_ITER_ELAS=0),
                    SOLVEUR=_F(ACCELERATION='AUTO',
                               ELIM_LAGR='LAGR2',
                               FILTRAGE_MATRICE=-1.0,
                               GESTION_MEMOIRE='OUT_OF_CORE',
                               LOW_RANK_SEUIL=0.0,
                               MATR_DISTRIBUEE='NON',
                               METHODE='MUMPS',
                               MIXER_PRECISION='NON',
                               NB_RHS=1,
                               NPREC=10,
                               PCENT_PIVOT=35,
                               POSTTRAITEMENTS='AUTO',
                               PRETRAITEMENTS='AUTO',
                               REDUCTION_MPI=0,
                               RENUM='AUTO',
                               RESI_RELA=-1.0,
                               STOP_SINGULIER='OUI',
                               TYPE_RESOL='AUTO'),
                    reuse=res)

Liste des comportements

Affecté sur 67406 éléments
Relation                             : ENDO_FISS_EXP
Déformation                          : PETIT
Pas de régularisation visqueuse
Pas de post-traitement à la fin du pas de temps
Nombre total de variables internes   : 9
V1 : ENDO
V2 : INDIENDO
V3 : ENDORIGI
V4 : EPSEXX
V5 : EPSEYY
V6 : EPSEZZ
V7 : EPSEXY
V8 : EPSEXZ
V9 : EPSEYZ
Affecté sur 11844 éléments
Relation                             : ELAS
Déformation                          : PETIT
Pas de régularisation visqueuse
Pas de post-traitement à la fin du pas de temps
Nombre total de variables internes   : 1
V1 : VIDE
Le système linéaire à résoudre a 375089 degrés de liberté:
   - 359637 sont des degrés de liberté physiques
     (ils sont portés par 111469 noeuds du maillage)
   - 15452 sont les couples de paramètres de Lagrange associés
     aux 7726 relations linéaires dualisées.
La matrice est de taille 375089 équations.
  Elle contient 19289373 termes non nuls si elle est symétrique et 38203657 termes non nuls si elle
n'est pas symétrique.
  Soit un taux de remplissage de   0.027 %.
Lecture de l'état initial
L'état initial a été récupéré dans la structure de données résultat de nom <0000000e> pour le numéro
d'ordre 2 et à l'instant  2.000000000000e-02
Le champ <DEPL> est lu dans ETAT_INIT dans la structure de données résultat donné dans la commande.
Le champ <SIEF_ELGA> est lu dans ETAT_INIT dans la structure de données résultat donné dans la
commande.
Le champ <VARI_ELGA> est lu dans ETAT_INIT dans la structure de données résultat donné dans la
commande.
---------------------------------------------------------------------
Instant de calcul:  4.000000000000e-02 - Niveau de découpe: 1

---------------------------------------------------------------------
|     NEWTON     |     RESIDU     |     RESIDU     |     OPTION     |
|    ITERATION   |     RELATIF    |     ABSOLU     |   ASSEMBLAGE   |
|                | RESI_GLOB_RELA | RESI_GLOB_MAXI |(+ TYPE MATRICE)|
---------------------------------------------------------------------

 ╔================================================================================================╗
 ║ <A> <FACTOR_75>                                                                                ║
 ║                                                                                                ║
 ║ Attention, vous avez demandé un calcul OUT_OF_CORE, mais MUMPS estime avoir besoin pour cela   ║
 ║ d'au moins                                                                                     ║
 ║   3546 Mo  alors qu'il n'y a que 674 Mo de disponible sur ce processeur !                      ║
 ║   Le calcul pourrait donc être ralenti ou s'arrêter pour cette raison.                         ║
 ║                                                                                                ║
 ║   Pour information: mémoire déjà pré-allouée par MUMPS (exécutable, matrice...)= 471 Mo,       ║
 ║                     nombre de systèmes linéaires à factoriser en même temps    = 1.            ║
 ║                                                                                                ║
 ║ Conseils :                                                                                     ║
 ║   La prochaine fois, relancez avec plus de mémoire globale ou avec une option de calcul plus   ║
 ║ économe                                                                                        ║
 ║   (par ordre décroissant d'efficacité):                                                        ║
 ║    - Si le calcul est parallèle, réduisez la consommation MUMPS en augmentant le nombre de     ║
 ║ processeurs,                                                                                   ║
 ║    - Si le calcul est parallèle, réduisez la consommation Aster en activant l'option           ║
 ║ SOLVEUR/MATR_DISTRIBUEE,                                                                       ║
 ║   Ou, plus radicalement:                                                                       ║
 ║    - Utilisez un solveur moins exigeant en mémoire (par exemple: SOLVEUR/METHODE='PETSC' +     ║
 ║ PRECOND='LDLT_SP').                                                                            ║
 ║                                                                                                ║
 ║                                                                                                ║
 ║ Ceci est une alarme. Si vous ne comprenez pas le sens de cette                                 ║
 ║ alarme, vous pouvez obtenir des résultats inattendus !                                         ║
 ╚================================================================================================╝

|     0        X | 2.08199E-01  X | 3.69217E+02    |TANGENTE (NOSYM)|

 ╔================================================================================================╗
 ║ <A> <FACTOR_75>                                                                                ║
 ║                                                                                                ║
 ║ Attention, vous avez demandé un calcul OUT_OF_CORE, mais MUMPS estime avoir besoin pour cela   ║
 ║ d'au moins                                                                                     ║
 ║   3551 Mo  alors qu'il n'y a que 401 Mo de disponible sur ce processeur !                      ║
 ║   Le calcul pourrait donc être ralenti ou s'arrêter pour cette raison.                         ║
 ║                                                                                                ║
 ║   Pour information: mémoire déjà pré-allouée par MUMPS (exécutable, matrice...)= 477 Mo,       ║
 ║                     nombre de systèmes linéaires à factoriser en même temps    = 1.            ║
 ║                                                                                                ║
 ║ Conseils :                                                                                     ║
 ║   La prochaine fois, relancez avec plus de mémoire globale ou avec une option de calcul plus   ║
 ║ économe                                                                                        ║
 ║   (par ordre décroissant d'efficacité):                                                        ║
 ║    - Si le calcul est parallèle, réduisez la consommation MUMPS en augmentant le nombre de     ║
 ║ processeurs,                                                                                   ║
 ║    - Si le calcul est parallèle, réduisez la consommation Aster en activant l'option           ║
 ║ SOLVEUR/MATR_DISTRIBUEE,                                                                       ║
 ║   Ou, plus radicalement:                                                                       ║
 ║    - Utilisez un solveur moins exigeant en mémoire (par exemple: SOLVEUR/METHODE='PETSC' +     ║
 ║ PRECOND='LDLT_SP').                                                                            ║
 ║                                                                                                ║
 ║                                                                                                ║
 ║ Ceci est une alarme. Si vous ne comprenez pas le sens de cette                                 ║
 ║ alarme, vous pouvez obtenir des résultats inattendus !                                         ║
 ╚================================================================================================╝

|     1        X | 9.31451E-02  X | 1.49760E+02    |TANGENTE (NOSYM)|

 ╔================================================================================================╗
 ║ <A> <FACTOR_75>                                                                                ║
 ║                                                                                                ║
 ║ Attention, vous avez demandé un calcul OUT_OF_CORE, mais MUMPS estime avoir besoin pour cela   ║
 ║ d'au moins                                                                                     ║
 ║   3550 Mo  alors qu'il n'y a que 402 Mo de disponible sur ce processeur !                      ║
 ║   Le calcul pourrait donc être ralenti ou s'arrêter pour cette raison.                         ║
 ║                                                                                                ║
 ║   Pour information: mémoire déjà pré-allouée par MUMPS (exécutable, matrice...)= 476 Mo,       ║
 ║                     nombre de systèmes linéaires à factoriser en même temps    = 1.            ║
 ║                                                                                                ║
 ║ Conseils :                                                                                     ║
 ║   La prochaine fois, relancez avec plus de mémoire globale ou avec une option de calcul plus   ║
 ║ économe                                                                                        ║
 ║   (par ordre décroissant d'efficacité):                                                        ║
 ║    - Si le calcul est parallèle, réduisez la consommation MUMPS en augmentant le nombre de     ║
 ║ processeurs,                                                                                   ║
 ║    - Si le calcul est parallèle, réduisez la consommation Aster en activant l'option           ║
 ║ SOLVEUR/MATR_DISTRIBUEE,                                                                       ║
 ║   Ou, plus radicalement:                                                                       ║
 ║    - Utilisez un solveur moins exigeant en mémoire (par exemple: SOLVEUR/METHODE='PETSC' +     ║
 ║ PRECOND='LDLT_SP').                                                                            ║
 ║                                                                                                ║
 ║                                                                                                ║
 ║ Ceci est une alarme. Si vous ne comprenez pas le sens de cette                                 ║
 ║ alarme, vous pouvez obtenir des résultats inattendus !                                         ║
 ╚================================================================================================╝

|     2        X | 2.35122E-02  X | 3.54576E+01    |TANGENTE (NOSYM)|

 ╔================================================================================================╗
 ║ <A> <FACTOR_75>                                                                                ║
 ║                                                                                                ║
 ║ Attention, vous avez demandé un calcul OUT_OF_CORE, mais MUMPS estime avoir besoin pour cela   ║
 ║ d'au moins                                                                                     ║
 ║   3550 Mo  alors qu'il n'y a que 401 Mo de disponible sur ce processeur !                      ║
 ║   Le calcul pourrait donc être ralenti ou s'arrêter pour cette raison.                         ║
 ║                                                                                                ║
 ║   Pour information: mémoire déjà pré-allouée par MUMPS (exécutable, matrice...)= 475 Mo,       ║
 ║                     nombre de systèmes linéaires à factoriser en même temps    = 1.            ║
 ║                                                                                                ║
 ║ Conseils :                                                                                     ║
 ║   La prochaine fois, relancez avec plus de mémoire globale ou avec une option de calcul plus   ║
 ║ économe                                                                                        ║
 ║   (par ordre décroissant d'efficacité):                                                        ║
 ║    - Si le calcul est parallèle, réduisez la consommation MUMPS en augmentant le nombre de     ║
 ║ processeurs,                                                                                   ║
 ║    - Si le calcul est parallèle, réduisez la consommation Aster en activant l'option           ║
 ║ SOLVEUR/MATR_DISTRIBUEE,                                                                       ║
 ║   Ou, plus radicalement:                                                                       ║
 ║    - Utilisez un solveur moins exigeant en mémoire (par exemple: SOLVEUR/METHODE='PETSC' +     ║
 ║ PRECOND='LDLT_SP').                                                                            ║
 ║                                                                                                ║
 ║                                                                                                ║
 ║ Ceci est une alarme. Si vous ne comprenez pas le sens de cette                                 ║
 ║ alarme, vous pouvez obtenir des résultats inattendus !                                         ║
 ╚================================================================================================╝

|     3        X | 4.93074E-03  X | 7.31954E+00    |TANGENTE (NOSYM)|

 ╔================================================================================================╗
 ║ <A> <FACTOR_75>                                                                                ║
 ║                                                                                                ║
 ║ Attention, vous avez demandé un calcul OUT_OF_CORE, mais MUMPS estime avoir besoin pour cela   ║
 ║ d'au moins                                                                                     ║
 ║   3549 Mo  alors qu'il n'y a que 403 Mo de disponible sur ce processeur !                      ║
 ║   Le calcul pourrait donc être ralenti ou s'arrêter pour cette raison.                         ║
 ║                                                                                                ║
 ║   Pour information: mémoire déjà pré-allouée par MUMPS (exécutable, matrice...)= 475 Mo,       ║
 ║                     nombre de systèmes linéaires à factoriser en même temps    = 1.            ║
 ║                                                                                                ║
 ║ Conseils :                                                                                     ║
 ║   La prochaine fois, relancez avec plus de mémoire globale ou avec une option de calcul plus   ║
 ║ économe                                                                                        ║
 ║   (par ordre décroissant d'efficacité):                                                        ║
 ║    - Si le calcul est parallèle, réduisez la consommation MUMPS en augmentant le nombre de     ║
 ║ processeurs,                                                                                   ║
 ║    - Si le calcul est parallèle, réduisez la consommation Aster en activant l'option           ║
 ║ SOLVEUR/MATR_DISTRIBUEE,                                                                       ║
 ║   Ou, plus radicalement:                                                                       ║
 ║    - Utilisez un solveur moins exigeant en mémoire (par exemple: SOLVEUR/METHODE='PETSC' +     ║
 ║ PRECOND='LDLT_SP').                                                                            ║
 ║                                                                                                ║
 ║                                                                                                ║
 ║ Ceci est une alarme. Si vous ne comprenez pas le sens de cette                                 ║
 ║ alarme, vous pouvez obtenir des résultats inattendus !                                         ║
 ╚================================================================================================╝


 ╔================================================================================================╗
 ║ <A> <CATAMESS_41>                                                                              ║
 ║                                                                                                ║
 ║ Le message d'alarme 'FACTOR_75' a été émis 5 fois, il ne sera plus affiché.                    ║
 ║                                                                                                ║
 ║                                                                                                ║
 ║ Ceci est une alarme. Si vous ne comprenez pas le sens de cette                                 ║
 ║ alarme, vous pouvez obtenir des résultats inattendus !                                         ║
 ╚================================================================================================╝

|     4        X | 2.13791E-03  X | 3.16767E+00    |TANGENTE (NOSYM)|
|     5        X | 1.47417E-03  X | 2.18418E+00    |TANGENTE (NOSYM)|
|     6        X | 1.21810E-04  X | 1.80477E-01    |TANGENTE (NOSYM)|
|     7          | 9.61144E-06    | 1.42406E-02    |TANGENTE (NOSYM)|
---------------------------------------------------------------------
Critère(s) de convergence atteint(s)

Le résidu de type <RESI_GLOB_RELA> vaut  9.611436519676e-06 au noeud et degré de liberté <76359  
DX>
Temps CPU consommé dans ce pas de temps    : 15 min 49 s

* Nombre d'itérations de Newton                     : 8
* Temps total intégration comportement              : 46.181 s (9 intégrations)
* Temps total factorisation matrice                 : 12 min 55 s (8 factorisations)
* Temps construction second membre                  : 0.721 s
* Temps total résolution K.U=F                      : 58.519 s (8 résolutions)
* Temps assemblage matrice                          : 0.000 s
* Temps autres opérations                           : 1 min  9 s
Mémoire (Mo) :  6849.47 /  3404.05 /  2651.73 /   871.85 (VmPeak / VmSize / Optimum / Minimum)

Archivage des champs

Champ stocké <DEPL> à l'instant  4.000000000000e-02 pour le numéro d'ordre 3
Champ stocké <SIEF_ELGA> à l'instant  4.000000000000e-02 pour le numéro d'ordre 3
Champ stocké <VARI_ELGA> à l'instant  4.000000000000e-02 pour le numéro d'ordre 3
Champ stocké <COMPORTEMENT> à l'instant  4.000000000000e-02 pour le numéro d'ordre 3
[100%] Instant calculé : 4.00000e-02, seul l'instant initial a été archivé
Temps CPU consommé dans le calcul          : 15 min 49 s

dont temps CPU "perdu" dans les découpes            : 0.000 s
* Nombre de pas de temps                            : 1
* Nombre d'itérations de Newton                     : 8
* Temps dans l'archivage                            : 0.042 s
* Temps dans le post-traitement                     : 0.000 s
* Temps total intégration comportement              : 46.181 s (9 intégrations)
* Temps total factorisation matrice                 : 12 min 55 s (8 factorisations)
* Temps construction second membre                  : 0.721 s
* Temps total résolution K.U=F                      : 58.519 s (8 résolutions)
* Temps assemblage matrice                          : 0.000 s
#1      Resolution des systemes lineaires                 CPU (USER+SYST/SYST/ELAPS):   2823.79    498.29    839.25
#2      Calculs elementaires et assemblages               CPU (USER+SYST/SYST/ELAPS):    107.60     16.91    109.70
# Résultat commande #0002 (STAT_NON_LINE): res ('<0000000e>') de type <NonLinearResult>
# Mémoire (Mo) :  6849.47 /  1987.36 /  2651.73 /   871.85 (VmPeak / VmSize / Optimum / Minimum)
# Fin commande #0002   user+syst:     2435.37s (syst:      521.40s, elaps:      965.15s)
# ----------------------------------------------------------------------------------------------

.. _stg1_txt184
# ----------------------------------------------------------------------------------------------
# Commande #0003 de
/root/mm/envs/aster/lib/python3.14/site-packages/code_aster/Supervis/ExecuteCommand.py, ligne 184
CALC_CHAMP(CRITERE='RELATIF',
           FORCE='REAC_NODA',
           INFO=1,
           INST=0.04,
           PARALLELISME_TEMPS='NON',
           PRECISION=1e-06,
           RESULTAT=res)

Le système linéaire à résoudre a 375089 degrés de liberté:
   - 359637 sont des degrés de liberté physiques
     (ils sont portés par 111469 noeuds du maillage)
   - 15452 sont les couples de paramètres de Lagrange associés
     aux 7726 relations linéaires dualisées.
#2      Calculs elementaires et assemblages               CPU (USER+SYST/SYST/ELAPS):      0.43      0.00      0.54
# Résultat commande #0003 (CALC_CHAMP): '<00000012>' de type <NonLinearResult>
# Dépend de :
# - model ('<00000002>') de type <Model>
# - fmat ('<00000008>') de type <MaterialField>
# Mémoire (Mo) :  6849.47 /  1987.36 /  2651.73 /   871.85 (VmPeak / VmSize / Optimum / Minimum)
# Fin commande #0003   user+syst:        0.74s (syst:        0.02s, elaps:        1.08s)
# ----------------------------------------------------------------------------------------------

.. _stg1_txt34
# ----------------------------------------------------------------------------------------------
# Commande #0004 de /home/user/aas-corner-fe/wd/v8c75_TV2/v8c75_TV2_s01.comm.changed.py, ligne 34
tb = POST_RELEVE_T(ACTION=_F(CRITERE='RELATIF',
                             FORMAT_C='MODULE',
                             GROUP_NO='HEADT',
                             INST=0.04,
                             INTITULE='R',
                             MOYE_NOEUD='OUI',
                             NOM_CHAM='REAC_NODA',
                             OPERATION='EXTRACTION',
                             PRECISION=1e-06,
                             REPERE='GLOBAL',
                             RESULTANTE='DX',
                             RESULTAT=r2),
                   INFO=1)

# Résultat commande #0004 (POST_RELEVE_T): tb ('<00000013>') de type <Table>
# Mémoire (Mo) :  6849.47 /  1987.36 /  2651.73 /   871.85 (VmPeak / VmSize / Optimum / Minimum)
# Fin commande #0004   user+syst:        0.02s (syst:        0.00s, elaps:        0.01s)
# ----------------------------------------------------------------------------------------------

.. _stg1_txt34
# ----------------------------------------------------------------------------------------------
# Commande #0005 de /home/user/aas-corner-fe/wd/v8c75_TV2/v8c75_TV2_s01.comm.changed.py, ligne 34
tb = POST_RELEVE_T(ACTION=_F(CRITERE='RELATIF',
                             FORMAT_C='MODULE',
                             GROUP_NO='HEADV',
                             INST=0.04,
                             INTITULE='R',
                             MOYE_NOEUD='OUI',
                             NOM_CHAM='REAC_NODA',
                             OPERATION='EXTRACTION',
                             PRECISION=1e-06,
                             REPERE='GLOBAL',
                             RESULTANTE='DX',
                             RESULTAT=r2),
                   INFO=1)

# Résultat commande #0005 (POST_RELEVE_T): tb ('<00000014>') de type <Table>
# Mémoire (Mo) :  6849.47 /  1987.36 /  2651.73 /   871.85 (VmPeak / VmSize / Optimum / Minimum)
# Fin commande #0005   user+syst:        0.02s (syst:        0.00s, elaps:        0.00s)
# ----------------------------------------------------------------------------------------------

.. _stg1_txt39
# ----------------------------------------------------------------------------------------------
# Commande #0006 de /home/user/aas-corner-fe/wd/v8c75_TV2/v8c75_TV2_s01.comm.changed.py, ligne 39
DETRUIRE(INFO=1,
         NOM=r2)

# Mémoire (Mo) :  6849.47 /  1987.36 /  2651.73 /   871.85 (VmPeak / VmSize / Optimum / Minimum)
# Fin commande #0006   user+syst:        0.42s (syst:        0.00s, elaps:        0.11s)
# ----------------------------------------------------------------------------------------------
/home/user/aas-corner-fe/wd/v8c75_TV2/v8c75_TV2_s01.comm.changed.py:56: ResourceWarning: unclosed file <_io.TextIOWrapper name='/home/user/aas-corner-fe/jobs/../results/v8c75_TV2.curve' mode='a' encoding='UTF-8'>
  open(CURVE,'a').write('CURVE %g %g %g %g\n'%(tcur,tot,v['HEADT'],v['HEADV']))
AASCURVE 0.04 29066.4 13346 15720.4

.. _stg1_txt76
# ----------------------------------------------------------------------------------------------
# Commande #0007 de /root/mm/envs/aster/lib/python3.14/site-packages/code_aster/CodeCommands/fin.py,
ligne 76
FIN(INFO_RESU='NON',
    RETASSAGE='NON')

Saving objects...
pi                       <class 'float'>
e                        <class 'float'>
tau                      <class 'float'>
inf                      <class 'float'>
nan                      <class 'float'>
mesh                     <class 'libaster.Mesh'>
model                    <class 'libaster.Model'>
mat                      <class 'libaster.Material'>
matH                     <class 'libaster.Material'>
matHH                    <class 'libaster.Material'>
stl                      <class 'libaster.Material'>
slvm                     <class 'libaster.Material'>
fmat                     <class 'libaster.MaterialField'>
fix                      <class 'libaster.MechanicalLoadReal'>
grp                      <class 'list'>
load                     <class 'libaster.MechanicalLoadReal'>
ramp                     <class 'libaster.Function'>
steps                    <class 'libaster.ListOfFloats'>
times                    <class 'libaster.TimesList'>
LOADS                    <class 'str'>
CURVE                    <class 'str'>
common                   <class 'dict'>
tcur                     <class 'float'>
peak                     <class 'float'>
stopped                  <class 'bool'>
TARGETS                  <class 'list'>
tn                       <class 'float'>
res                      <class 'libaster.NonLinearResult'>
v                        <class 'dict'>
tot                      <class 'float'>
line                     <class 'str'>

 ╔================================================================================================╗
 ║ <I> <CATAMESS_89>                                                                              ║
 ║                                                                                                ║
 ║ Liste des alarmes émises lors de l'exécution du calcul.                                        ║
 ║                                                                                                ║
 ║     Les alarmes que vous avez choisies d'ignorer sont précédées de (*).                        ║
 ║     Nombre d'occurrences pour chacune des alarmes :                                            ║
 ║            FACTOR_75            émise    8 fois                                                ║
 ╚================================================================================================╝

 ---------------------------------------------------------------------------
 Concepts de la base: G
    Nom        Type                Taille (Mo)         Nombre      Nombre de
                                                     d'objets       segments
    TOTAL                               349.28            431            643
  
    00000001   MAILLAGE_SDASTER          12.00             34             70
    00000002   MODELE_SDASTER            11.86             11             16
    00000003   MATER_SDASTER              0.00             15             15
    00000004   MATER_SDASTER              0.00             15             15
    00000005   MATER_SDASTER              0.00              7              7
    00000006   MATER_SDASTER              0.00              7              7
    00000007   MATER_SDASTER              0.00              7              7
    00000008   CHAM_MATER                 0.89              8             13
    00000009   CHAR_MECA                 12.89             56             76
    0000000a   CHAR_MECA                  9.42             56             76
    0000000b   FONCTION_SDASTER           0.00              3              3
    0000000c   LISTR8_SDASTER             0.00              6              6
    0000000d   LIST_INST                  0.00              8              8
    0000000e   EVOL_NOLI                236.76            144            185
    &FOZERO                               0.00              2              2
    &&_NUM_C                              0.00              1              1
    &CATA                                37.45             42            103
    &&NMDOME                              0.00              2              2
    0000000f                              0.12              2             14
    &&NMCH1P                             27.76              3              3
    00000012                              0.12              2             14
 (*) sous-objets non accessible directement
 ---------------------------------------------------------------------------
Nom de la base                          :  GLOBALE
     Nombre d'enregistrements utilisés       :  585
     Nombre d'enregistrements maximum        :  2684354
     Nombre d'enregistrements par fichier    :  15728
     Longueur d'enregistrement (octets)      :  819200
     Nombre total d'accès en lecture         :  589
     Volume des accès en lecture             :        460.16 Mo.
     Nombre total d'accès en écriture        :  335
     Volume des accès en écriture            :        261.72 Mo.
     Nombre d'identificateurs utilisés       :  751
     Taille maximum du répertoire            :  2000
     Pourcentage d'utilisation du répertoire :  37 %

Nom de la base                          :  VOLATILE
     Nombre d'enregistrements utilisés       :  584
     Nombre d'enregistrements maximum        :  2684354
     Nombre d'enregistrements par fichier    :  15728
     Longueur d'enregistrement (octets)      :  819200
     Nombre total d'accès en lecture         :  693
     Volume des accès en lecture             :        541.41 Mo.
     Nombre total d'accès en écriture        :  3414
     Volume des accès en écriture            :       2667.19 Mo.
     Nombre d'identificateurs utilisés       :  999
     Taille maximum du répertoire            :  2000
     Pourcentage d'utilisation du répertoire :  49 %

<I> <FIN> ARRET NORMAL DANS "FIN" PAR APPEL A "JEFINI".
  
 <I> <FIN> MEMOIRE JEVEUX MINIMALE REQUISE POUR L'EXECUTION :                     871.85 Mo
 <I> <FIN> MEMOIRE JEVEUX OPTIMALE REQUISE POUR L'EXECUTION :                    2651.73 Mo
 <I> <FIN> MAXIMUM DE MEMOIRE UTILISEE PAR LE PROCESSUS LORS DE L'EXECUTION :    6849.47 Mo
  
 <I>       FERMETURE DES BASES EFFECTUEE
  
   STATISTIQUES CONCERNANT L'ALLOCATION DYNAMIQUE :
     TAILLE CUMULEE MAXIMUM            :                 2652  Mo.
     TAILLE CUMULEE LIBEREE            :                 2700  Mo.
     NOMBRE TOTAL D'ALLOCATIONS        :              2688017
     NOMBRE TOTAL DE LIBERATIONS       :              2688017
     APPELS AU MECANISME DE LIBERATION :                    0
     TAILLE MEMOIRE CUMULEE RECUPEREE  :                 2984  Mo.
     VOLUME DES LECTURES               :                    0  Mo.
     VOLUME DES ECRITURES              :                 2440  Mo.
  
   MEMOIRE JEVEUX MINIMALE REQUISE POUR L'EXECUTION :     871.85 Mo
     - IMPOSE DE NOMBREUX ACCES DISQUE
     - RALENTIT LA VITESSE D'EXECUTION
   MEMOIRE JEVEUX OPTIMALE REQUISE POUR L'EXECUTION :    2651.73 Mo
     - LIMITE LES ACCES DISQUE
     - AMELIORE LA VITESSE D'EXECUTION
   MAXIMUM DE MEMOIRE UTILISEE PAR LE PROCESSUS     :    6849.47 Mo
     - COMPREND LA MEMOIRE CONSOMMEE PAR  JEVEUX, 
       LE SUPERVISEUR PYTHON, LES LIBRAIRIES EXTERNES
  
 <I>       FIN D'EXECUTION LE : LU-28-SEPT-2026 08:27:20
Signature of pickled file   : 249112782e5618b96fb0c125b3e201afb86d7e891fa96f887737024edc39140f
Signature of info file      : f6689dee8c6c45f895c8f6ad7feaf633e27208987e10d7e6269090618ffbcde4
Signature of Jeveux database: d2ee6083b1043c2d14a46f96fa88368195274b4bb1baecbb805ceb282cf5653b

 ********************************************************************************
 * COMMAND                  :       USER :     SYSTEM :   USER+SYS :    ELAPSED *
 ********************************************************************************
 * DEBUT                    :       0.29 :       3.03 :       3.32 :       3.33 *
 * STAT_NON_LINE            :    2435.37 :     521.40 :    2956.77 :     965.15 *
 * CALC_CHAMP               :       0.74 :       0.02 :       0.76 :       1.08 *
 * POST_RELEVE_T            :       0.02 :       0.00 :       0.02 :       0.01 *
 * POST_RELEVE_T            :       0.02 :       0.00 :       0.02 :       0.00 *
 * DETRUIRE                 :       0.42 :       0.00 :       0.42 :       0.11 *
 * FIN                      :       0.28 :       0.20 :       0.48 :       0.75 *
 *  . sdveri                :       0.00 :       0.00 :       0.00 :       0.00 *
 *  . cleanup               :       0.00 :       0.00 :       0.00 :       0.00 *
 *  . check syntax          :       0.02 :       0.01 :       0.03 :       0.04 *
 *  . fortran               :    2436.65 :     524.64 :    2961.29 :     969.92 *
 ********************************************************************************
 * TOTAL_JOB                :    2437.52 :     524.96 :    2962.48 :     974.30 *
 ********************************************************************************

# Mémoire (Mo) :  6849.47 /  1515.36 /  2651.73 /   871.85 (VmPeak / VmSize / Optimum / Minimum)
# Fin commande #0007   user+syst:        0.28s (syst:        0.20s, elaps:        0.75s)
# ----------------------------------------------------------------------------------------------

EXECUTION_CODE_ASTER_EXIT_453=0


saving result databases to 'BASE_PREC'...
execution ended (command file #1): <A>_ALARM
Running: /root/mm/envs/aster/bin/run_aster -w /home/user/aas-corner-fe/wd/v8c75_TV2 --status-file /root/.tmp_run_aster/run_aster_e_ttemwt/__status__ --no-mpi /root/.tmp_run_aster/run_aster_e_ttemwt/v8c75_TV2.resume.1

# ------------------------------------------------------------------------------
Execution of code_aster

# ------------------------------------------------------------------------------
Prepare environment in /home/user/aas-corner-fe/wd/v8c75_TV2

# ------------------------------------------------------------------------------
Command file #2 / 19

Content of the file to execute:
# coding=utf-8
# original filename
__file__ = r"/home/user/aas-corner-fe/jobs/v8c75_TV2_s02.comm"


# temporarly added for compatibility with code_aster legacy
from math import *

import code_aster
from code_aster.Commands import *
from code_aster import CA

POURSUITE(LANG='EN', PAR_LOT='NON')

LOADS='TV2'
CURVE='/home/user/aas-corner-fe/jobs/../results/v8c75_TV2.curve'
common=dict(MODELE=model, CHAM_MATER=fmat, EXCIT=(_F(CHARGE=fix), _F(CHARGE=load, FONC_MULT=ramp)),
        COMPORTEMENT=(_F(RELATION='ENDO_FISS_EXP', GROUP_MA=('CONC','HZ')), _F(RELATION='ELAS', GROUP_MA=('STEEL','SLV','HZH'))),
        NEWTON=_F(MATRICE='TANGENTE', REAC_ITER=1),
        CONVERGENCE=_F(RESI_GLOB_RELA=1.E-4, ITER_GLOB_MAXI=50), ARCHIVAGE=_F(PAS_ARCH=1), SOLVEUR=_F(METHODE='MUMPS', GESTION_MEMOIRE='OUT_OF_CORE', NPREC=10))
import os, re
tcur=0.0; peak=0.0; stopped=False
if os.path.exists(CURVE):
    for line in open(CURVE):
        m=re.match(r'CURVE\s+(\S+)\s+(\S+)', line)
        if m:
            tcur=max(tcur, float(m.group(1))); peak=max(peak, float(m.group(2)))
        if line.startswith('STOP'): stopped=True
def reac(res, t):
    r2=CALC_CHAMP(RESULTAT=res, FORCE='REAC_NODA', INST=t)
    vals={}
    for g in ('HEADT','HEADV'):
        try:
            tb=POST_RELEVE_T(ACTION=_F(OPERATION='EXTRACTION', INTITULE='R', RESULTAT=r2, NOM_CHAM='REAC_NODA',
                                       GROUP_NO=g, RESULTANTE='DX', INST=t)).EXTR_TABLE().values()
            vals[g]=-tb['DX'][-1]*2
        except Exception:
            vals[g]=0.
    DETRUIRE(NOM=r2)
    return vals
TARGETS=[0.06]
for tn in TARGETS:
    if stopped or tn <= tcur+1e-9: continue
    try:
        if tcur < 1e-12 and '0'=='1':
            res=STAT_NON_LINE(INCREMENT=_F(LIST_INST=times, INST_FIN=tn), **common)
        else:
            res=STAT_NON_LINE(reuse=res, ETAT_INIT=_F(EVOL_NOLI=res), INCREMENT=_F(LIST_INST=times, INST_FIN=tn), **common)
    except Exception as exc:
        print('AASSTOP at', tcur, exc, flush=True)
        open(CURVE,'a').write('STOP solver %g\n'%tcur); stopped=True; break
    tcur=tn
    v=reac(res, tcur)
    tot=(v['HEADT'] if 'T' in LOADS else 0.)+(v['HEADV'] if 'V' in LOADS else 0.)
    peak=max(peak, tot)
    open(CURVE,'a').write('CURVE %g %g %g %g\n'%(tcur,tot,v['HEADT'],v['HEADV']))
    print('AASCURVE %g %g %g %g'%(tcur,tot,v['HEADT'],v['HEADV']), flush=True)
    if tot < 0.9*peak:
        open(CURVE,'a').write('STOP peak %g\n'%peak); stopped=True; break
FIN()



# ------------------------------------------------------------------------------
Command line #2:
    ulimit -c unlimited ; ulimit -t 100000 ; ( /root/mm/envs/aster/bin/python3 "v8c75_TV2_s02.comm.changed.py" --memory 3000.0 --numthreads 4 --tpmax 20000 ; echo $? > _exit_code_ ) 2>&1 | tee -a fort.6
setting '--memory' value to 2700.00 MB (keyword RESERVE_MEMOIRE)
Ouverture en écriture du fichier ./vola.1

<INFO> Démarrage de l'exécution.

                       -- CODE_ASTER -- VERSION : DÉVELOPPEMENT (unstable) --                       
                               Version 18.1.6 modifiée le 14/09/2026                                
                                    révision n/a - branche 'n/a'                                    
                                     Copyright EDF 1991 - 2026                                      
                                                                                                    
                              Exécution du : Mon Sep 28 08:27:23 2026                               
                                       Nom de la machine : vm                                       
                                        Architecture : 64bit                                        
                                    Type de processeur : x86_64                                     
                Système d'exploitation : Linux-6.18.44-fc-v37-x86_64-with-glibc2.39                 
                                  Langue des messages : C (UTF-8)                                   
                                     Version de Python : 3.14.7                                     
                                      Version de NumPy : 2.5.3                                      
                                  Version de MEDCoupling : 9.16.0                                   
                                     Parallélisme MPI : inactif                                     
                                    Parallélisme OpenMP : actif                                     
                              Nombre de processus OpenMP utilisés : 4                               
                                Version de la librairie HDF5 : 2.2.0                                
                                Version de la librairie MED : 4.2.0                                 
                               Version de la librairie MFront : 5.1.0                               
                               Version de la librairie MUMPS : 5.8.2                                
                                  Librairie PETSc : non disponible                                  
                              Version de la librairie SCOTCH : 7.0.11                               

restarting from a previous execution...
/home/user/aas-corner-fe/wd/v8c75_TV2/v8c75_TV2_s02.comm.changed.py:13: DeprecationWarning: This feature is obsolete, 'PAR_LOT' has been removed.
  POURSUITE(LANG='EN', PAR_LOT='NON')
Valeur initiale du temps CPU maximum =   20000 secondes
  Valeur du temps CPU maximum passé aux commandes =   18000 secondes
  Réserve CPU prévue = 2000 secondes

Ouverture en lecture du fichier ./glob.1

Ajustement de la taille maximale des bases à 2048.00 Go.
    
Nom de la base                          :  GLOBALE
     Créée avec la version                   :  18.01.06
     Nombre d'enregistrements utilisés       :  585
     Nombre d'enregistrements maximum        :  2684354
     Nombre d'enregistrements par fichier    :  15728
     Longueur d'enregistrement (octets)      :  819200
     Nombre d'identificateurs utilisés       :  751
     Taille maximum du répertoire            :  2000
     Pourcentage d'utilisation du répertoire :  37 %

Ouverture en lecture du fichier ./glob.1

Ouverture en écriture du fichier ./vola.1

Fin de lecture (durée  0.000034  s.) 

                      Mémoire limite pour l'allocation dynamique : 3212.06 Mo                       
                         ajouté à l'initialisation du processus : 997.21 Mo                         
                               Limite cible du processus : 4209.27 Mo                               
                         Taille limite des fichiers d'échange : 2048.00 Go                          
pi                       <class 'float'>
e                        <class 'float'>
tau                      <class 'float'>
inf                      <class 'float'>
nan                      <class 'float'>
mesh                     <class 'libaster.Mesh'>
model                    <class 'libaster.Model'>
mat                      <class 'libaster.Material'>
matH                     <class 'libaster.Material'>
matHH                    <class 'libaster.Material'>
stl                      <class 'libaster.Material'>
slvm                     <class 'libaster.Material'>
fmat                     <class 'libaster.MaterialField'>
fix                      <class 'libaster.MechanicalLoadReal'>
grp                      <class 'list'>
load                     <class 'libaster.MechanicalLoadReal'>
ramp                     <class 'libaster.Function'>
steps                    <class 'libaster.ListOfFloats'>
times                    <class 'libaster.TimesList'>
LOADS                    <class 'str'>
CURVE                    <class 'str'>
common                   <class 'dict'>
tcur                     <class 'float'>
peak                     <class 'float'>
stopped                  <class 'bool'>
TARGETS                  <class 'list'>
tn                       <class 'float'>
res                      <class 'libaster.NonLinearResult'>
v                        <class 'dict'>
tot                      <class 'float'>
line                     <class 'str'>
# Mémoire (Mo) :  1215.77 /  1215.77 /   378.14 /   378.11 (VmPeak / VmSize / Optimum / Minimum)
# Fin commande #0001   user+syst:        0.29s (syst:        0.35s, elaps:        0.64s)
# ----------------------------------------------------------------------------------------------
/home/user/aas-corner-fe/wd/v8c75_TV2/v8c75_TV2_s02.comm.changed.py:24: ResourceWarning: unclosed file <_io.TextIOWrapper name='/home/user/aas-corner-fe/jobs/../results/v8c75_TV2.curve' mode='r' encoding='UTF-8'>
  for line in open(CURVE):

.. _stg1_txt48
# ----------------------------------------------------------------------------------------------
# Commande #0002 de /home/user/aas-corner-fe/wd/v8c75_TV2/v8c75_TV2_s02.comm.changed.py, ligne 48
res = STAT_NON_LINE(AFFICHAGE=_F(INFO_RESIDU='NON',
                                 INFO_TEMPS='NON'),
                    ARCHIVAGE=_F(CHAM_EXCLU=('RESI_NOEU', 'RESI_RELA_NOEU'),
                                 PAS_ARCH=1),
                    CHAM_MATER=fmat,
                    COMPORTEMENT=(_F(DEFORMATION='PETIT',
                                     GROUP_MA=('CONC', 'HZ'),
                                     ITER_CPLAN_MAXI=10,
                                     ITER_INTE_MAXI=20,
                                     ITER_INTE_PAS=0,
                                     PARM_THETA=1.0,
                                     REGU_VISC='NON',
                                     RELATION='ENDO_FISS_EXP',
                                     RESI_CPLAN_RELA=1e-06,
                                     RESI_INTE=1e-06),
                                  _F(DEFORMATION='PETIT',
                                     GROUP_MA=('STEEL', 'SLV', 'HZH'),
                                     ITER_CPLAN_MAXI=10,
                                     ITER_INTE_MAXI=20,
                                     ITER_INTE_PAS=0,
                                     PARM_THETA=1.0,
                                     REGU_VISC='NON',
                                     RELATION='ELAS',
                                     RESI_CPLAN_RELA=1e-06,
                                     RESI_INTE=1e-06)),
                    CONVERGENCE=_F(ARRET='OUI',
                                   ITER_GLOB_ELAS=25,
                                   ITER_GLOB_MAXI=50,
                                   RESI_GLOB_RELA=0.0001,
                                   VERIF='TOUT'),
                    ETAT_INIT=_F(EVOL_NOLI=res),
                    EXCIT=(_F(CHARGE='<00000009>',
                              TYPE_CHARGE='FIXE_CSTE'),
                           _F(CHARGE='<0000000a>',
                              FONC_MULT=ramp,
                              TYPE_CHARGE='FIXE_CSTE')),
                    INCREMENT=_F(CRITERE='RELATIF',
                                 INST_FIN=0.06,
                                 INST_INIT=0.04,
                                 LIST_INST=times,
                                 PRECISION=1e-06),
                    MESURE=_F(TABLE='NON'),
                    METHODE='NEWTON',
                    MODELE=model,
                    NEWTON=_F(MATRICE='TANGENTE',
                              MATR_RIGI_SYME='NON',
                              REAC_INCR=1,
                              REAC_ITER=1,
                              REAC_ITER_ELAS=0),
                    SOLVEUR=_F(ACCELERATION='AUTO',
                               ELIM_LAGR='LAGR2',
                               FILTRAGE_MATRICE=-1.0,
                               GESTION_MEMOIRE='OUT_OF_CORE',
                               LOW_RANK_SEUIL=0.0,
                               MATR_DISTRIBUEE='NON',
                               METHODE='MUMPS',
                               MIXER_PRECISION='NON',
                               NB_RHS=1,
                               NPREC=10,
                               PCENT_PIVOT=35,
                               POSTTRAITEMENTS='AUTO',
                               PRETRAITEMENTS='AUTO',
                               REDUCTION_MPI=0,
                               RENUM='AUTO',
                               RESI_RELA=-1.0,
                               STOP_SINGULIER='OUI',
                               TYPE_RESOL='AUTO'),
                    reuse=res)

Liste des comportements

Affecté sur 67406 éléments
Relation                             : ENDO_FISS_EXP
Déformation                          : PETIT
Pas de régularisation visqueuse
Pas de post-traitement à la fin du pas de temps
Nombre total de variables internes   : 9
V1 : ENDO
V2 : INDIENDO
V3 : ENDORIGI
V4 : EPSEXX
V5 : EPSEYY
V6 : EPSEZZ
V7 : EPSEXY
V8 : EPSEXZ
V9 : EPSEYZ
Affecté sur 11844 éléments
Relation                             : ELAS
Déformation                          : PETIT
Pas de régularisation visqueuse
Pas de post-traitement à la fin du pas de temps
Nombre total de variables internes   : 1
V1 : VIDE
Le système linéaire à résoudre a 375089 degrés de liberté:
   - 359637 sont des degrés de liberté physiques
     (ils sont portés par 111469 noeuds du maillage)
   - 15452 sont les couples de paramètres de Lagrange associés
     aux 7726 relations linéaires dualisées.
La matrice est de taille 375089 équations.
  Elle contient 19289373 termes non nuls si elle est symétrique et 38203657 termes non nuls si elle
n'est pas symétrique.
  Soit un taux de remplissage de   0.027 %.
Lecture de l'état initial
L'état initial a été récupéré dans la structure de données résultat de nom <0000000e> pour le numéro
d'ordre 3 et à l'instant  4.000000000000e-02
Le champ <DEPL> est lu dans ETAT_INIT dans la structure de données résultat donné dans la commande.
Le champ <SIEF_ELGA> est lu dans ETAT_INIT dans la structure de données résultat donné dans la
commande.
Le champ <VARI_ELGA> est lu dans ETAT_INIT dans la structure de données résultat donné dans la
commande.
---------------------------------------------------------------------
Instant de calcul:  6.000000000000e-02 - Niveau de découpe: 1

---------------------------------------------------------------------
|     NEWTON     |     RESIDU     |     RESIDU     |     OPTION     |
|    ITERATION   |     RELATIF    |     ABSOLU     |   ASSEMBLAGE   |
|                | RESI_GLOB_RELA | RESI_GLOB_MAXI |(+ TYPE MATRICE)|
---------------------------------------------------------------------

 ╔================================================================================================╗
 ║ <A> <FACTOR_75>                                                                                ║
 ║                                                                                                ║
 ║ Attention, vous avez demandé un calcul OUT_OF_CORE, mais MUMPS estime avoir besoin pour cela   ║
 ║ d'au moins                                                                                     ║
 ║   3549 Mo  alors qu'il n'y a que 624 Mo de disponible sur ce processeur !                      ║
 ║   Le calcul pourrait donc être ralenti ou s'arrêter pour cette raison.                         ║
 ║                                                                                                ║
 ║   Pour information: mémoire déjà pré-allouée par MUMPS (exécutable, matrice...)= 475 Mo,       ║
 ║                     nombre de systèmes linéaires à factoriser en même temps    = 1.            ║
 ║                                                                                                ║
 ║ Conseils :                                                                                     ║
 ║   La prochaine fois, relancez avec plus de mémoire globale ou avec une option de calcul plus   ║
 ║ économe                                                                                        ║
 ║   (par ordre décroissant d'efficacité):                                                        ║
 ║    - Si le calcul est parallèle, réduisez la consommation MUMPS en augmentant le nombre de     ║
 ║ processeurs,                                                                                   ║
 ║    - Si le calcul est parallèle, réduisez la consommation Aster en activant l'option           ║
 ║ SOLVEUR/MATR_DISTRIBUEE,                                                                       ║
 ║   Ou, plus radicalement:                                                                       ║
 ║    - Utilisez un solveur moins exigeant en mémoire (par exemple: SOLVEUR/METHODE='PETSC' +     ║
 ║ PRECOND='LDLT_SP').                                                                            ║
 ║                                                                                                ║
 ║                                                                                                ║
 ║ Ceci est une alarme. Si vous ne comprenez pas le sens de cette                                 ║
 ║ alarme, vous pouvez obtenir des résultats inattendus !                                         ║
 ╚================================================================================================╝

|     0        X | 7.85302E-02  X | 1.36868E+02    |TANGENTE (NOSYM)|

 ╔================================================================================================╗
 ║ <A> <FACTOR_75>                                                                                ║
 ║                                                                                                ║
 ║ Attention, vous avez demandé un calcul OUT_OF_CORE, mais MUMPS estime avoir besoin pour cela   ║
 ║ d'au moins                                                                                     ║
 ║   3553 Mo  alors qu'il n'y a que 354 Mo de disponible sur ce processeur !                      ║
 ║   Le calcul pourrait donc être ralenti ou s'arrêter pour cette raison.                         ║
 ║                                                                                                ║
 ║   Pour information: mémoire déjà pré-allouée par MUMPS (exécutable, matrice...)= 479 Mo,       ║
 ║                     nombre de systèmes linéaires à factoriser en même temps    = 1.            ║
 ║                                                                                                ║
 ║ Conseils :                                                                                     ║
 ║   La prochaine fois, relancez avec plus de mémoire globale ou avec une option de calcul plus   ║
 ║ économe                                                                                        ║
 ║   (par ordre décroissant d'efficacité):                                                        ║
 ║    - Si le calcul est parallèle, réduisez la consommation MUMPS en augmentant le nombre de     ║
 ║ processeurs,                                                                                   ║
 ║    - Si le calcul est parallèle, réduisez la consommation Aster en activant l'option           ║
 ║ SOLVEUR/MATR_DISTRIBUEE,                                                                       ║
 ║   Ou, plus radicalement:                                                                       ║
 ║    - Utilisez un solveur moins exigeant en mémoire (par exemple: SOLVEUR/METHODE='PETSC' +     ║
 ║ PRECOND='LDLT_SP').                                                                            ║
 ║                                                                                                ║
 ║                                                                                                ║
 ║ Ceci est une alarme. Si vous ne comprenez pas le sens de cette                                 ║
 ║ alarme, vous pouvez obtenir des résultats inattendus !                                         ║
 ╚================================================================================================╝

|     1        X | 3.09356E-02  X | 5.02140E+01    |TANGENTE (NOSYM)|

 ╔================================================================================================╗
 ║ <A> <FACTOR_75>                                                                                ║
 ║                                                                                                ║
 ║ Attention, vous avez demandé un calcul OUT_OF_CORE, mais MUMPS estime avoir besoin pour cela   ║
 ║ d'au moins                                                                                     ║
 ║   3553 Mo  alors qu'il n'y a que 354 Mo de disponible sur ce processeur !                      ║
 ║   Le calcul pourrait donc être ralenti ou s'arrêter pour cette raison.                         ║
 ║                                                                                                ║
 ║   Pour information: mémoire déjà pré-allouée par MUMPS (exécutable, matrice...)= 479 Mo,       ║
 ║                     nombre de systèmes linéaires à factoriser en même temps    = 1.            ║
 ║                                                                                                ║
 ║ Conseils :                                                                                     ║
 ║   La prochaine fois, relancez avec plus de mémoire globale ou avec une option de calcul plus   ║
 ║ économe                                                                                        ║
 ║   (par ordre décroissant d'efficacité):                                                        ║
 ║    - Si le calcul est parallèle, réduisez la consommation MUMPS en augmentant le nombre de     ║
 ║ processeurs,                                                                                   ║
 ║    - Si le calcul est parallèle, réduisez la consommation Aster en activant l'option           ║
 ║ SOLVEUR/MATR_DISTRIBUEE,                                                                       ║
 ║   Ou, plus radicalement:                                                                       ║
 ║    - Utilisez un solveur moins exigeant en mémoire (par exemple: SOLVEUR/METHODE='PETSC' +     ║
 ║ PRECOND='LDLT_SP').                                                                            ║
 ║                                                                                                ║
 ║                                                                                                ║
 ║ Ceci est une alarme. Si vous ne comprenez pas le sens de cette                                 ║
 ║ alarme, vous pouvez obtenir des résultats inattendus !                                         ║
 ╚================================================================================================╝

|     2        X | 2.20781E-02  X | 3.52394E+01    |TANGENTE (NOSYM)|

 ╔================================================================================================╗
 ║ <A> <FACTOR_75>                                                                                ║
 ║                                                                                                ║
 ║ Attention, vous avez demandé un calcul OUT_OF_CORE, mais MUMPS estime avoir besoin pour cela   ║
 ║ d'au moins                                                                                     ║
 ║   3553 Mo  alors qu'il n'y a que 354 Mo de disponible sur ce processeur !                      ║
 ║   Le calcul pourrait donc être ralenti ou s'arrêter pour cette raison.                         ║
 ║                                                                                                ║
 ║   Pour information: mémoire déjà pré-allouée par MUMPS (exécutable, matrice...)= 479 Mo,       ║
 ║                     nombre de systèmes linéaires à factoriser en même temps    = 1.            ║
 ║                                                                                                ║
 ║ Conseils :                                                                                     ║
 ║   La prochaine fois, relancez avec plus de mémoire globale ou avec une option de calcul plus   ║
 ║ économe                                                                                        ║
 ║   (par ordre décroissant d'efficacité):                                                        ║
 ║    - Si le calcul est parallèle, réduisez la consommation MUMPS en augmentant le nombre de     ║
 ║ processeurs,                                                                                   ║
 ║    - Si le calcul est parallèle, réduisez la consommation Aster en activant l'option           ║
 ║ SOLVEUR/MATR_DISTRIBUEE,                                                                       ║
 ║   Ou, plus radicalement:                                                                       ║
 ║    - Utilisez un solveur moins exigeant en mémoire (par exemple: SOLVEUR/METHODE='PETSC' +     ║
 ║ PRECOND='LDLT_SP').                                                                            ║
 ║                                                                                                ║
 ║                                                                                                ║
 ║ Ceci est une alarme. Si vous ne comprenez pas le sens de cette                                 ║
 ║ alarme, vous pouvez obtenir des résultats inattendus !                                         ║
 ╚================================================================================================╝

|     3        X | 3.99526E-03  X | 6.33720E+00    |TANGENTE (NOSYM)|

 ╔================================================================================================╗
 ║ <A> <FACTOR_75>                                                                                ║
 ║                                                                                                ║
 ║ Attention, vous avez demandé un calcul OUT_OF_CORE, mais MUMPS estime avoir besoin pour cela   ║
 ║ d'au moins                                                                                     ║
 ║   3553 Mo  alors qu'il n'y a que 354 Mo de disponible sur ce processeur !                      ║
 ║   Le calcul pourrait donc être ralenti ou s'arrêter pour cette raison.                         ║
 ║                                                                                                ║
 ║   Pour information: mémoire déjà pré-allouée par MUMPS (exécutable, matrice...)= 479 Mo,       ║
 ║                     nombre de systèmes linéaires à factoriser en même temps    = 1.            ║
 ║                                                                                                ║
 ║ Conseils :                                                                                     ║
 ║   La prochaine fois, relancez avec plus de mémoire globale ou avec une option de calcul plus   ║
 ║ économe                                                                                        ║
 ║   (par ordre décroissant d'efficacité):                                                        ║
 ║    - Si le calcul est parallèle, réduisez la consommation MUMPS en augmentant le nombre de     ║
 ║ processeurs,                                                                                   ║
 ║    - Si le calcul est parallèle, réduisez la consommation Aster en activant l'option           ║
 ║ SOLVEUR/MATR_DISTRIBUEE,                                                                       ║
 ║   Ou, plus radicalement:                                                                       ║
 ║    - Utilisez un solveur moins exigeant en mémoire (par exemple: SOLVEUR/METHODE='PETSC' +     ║
 ║ PRECOND='LDLT_SP').                                                                            ║
 ║                                                                                                ║
 ║                                                                                                ║
 ║ Ceci est une alarme. Si vous ne comprenez pas le sens de cette                                 ║
 ║ alarme, vous pouvez obtenir des résultats inattendus !                                         ║
 ╚================================================================================================╝


 ╔================================================================================================╗
 ║ <A> <CATAMESS_41>                                                                              ║
 ║                                                                                                ║
 ║ Le message d'alarme 'FACTOR_75' a été émis 5 fois, il ne sera plus affiché.                    ║
 ║                                                                                                ║
 ║                                                                                                ║
 ║ Ceci est une alarme. Si vous ne comprenez pas le sens de cette                                 ║
 ║ alarme, vous pouvez obtenir des résultats inattendus !                                         ║
 ╚================================================================================================╝

|     4        X | 1.56242E-03  X | 2.47273E+00    |TANGENTE (NOSYM)|
|     5          | 7.51171E-05    | 1.18834E-01    |TANGENTE (NOSYM)|
---------------------------------------------------------------------
Critère(s) de convergence atteint(s)

Le résidu de type <RESI_GLOB_RELA> vaut  7.511713302539e-05 au noeud et degré de liberté <18958  
DX>
Temps CPU consommé dans ce pas de temps    : 11 min 17 s

* Nombre d'itérations de Newton                     : 6
* Temps total intégration comportement              : 28.280 s (7 intégrations)
* Temps total factorisation matrice                 : 9 min  5 s (6 factorisations)
* Temps construction second membre                  : 0.540 s
* Temps total résolution K.U=F                      : 52.005 s (6 résolutions)
* Temps assemblage matrice                          : 0.000 s
* Temps autres opérations                           : 50.997 s
Mémoire (Mo) :  6903.61 /  3454.07 /  2703.74 /   923.86 (VmPeak / VmSize / Optimum / Minimum)

Archivage des champs

Champ stocké <DEPL> à l'instant  6.000000000000e-02 pour le numéro d'ordre 4
Champ stocké <SIEF_ELGA> à l'instant  6.000000000000e-02 pour le numéro d'ordre 4
Champ stocké <VARI_ELGA> à l'instant  6.000000000000e-02 pour le numéro d'ordre 4
Champ stocké <COMPORTEMENT> à l'instant  6.000000000000e-02 pour le numéro d'ordre 4
[100%] Instant calculé : 6.00000e-02, seul l'instant initial a été archivé
Temps CPU consommé dans le calcul          : 11 min 17 s

dont temps CPU "perdu" dans les découpes            : 0.000 s
* Nombre de pas de temps                            : 1
* Nombre d'itérations de Newton                     : 6
* Temps dans l'archivage                            : 0.039 s
* Temps dans le post-traitement                     : 0.000 s
* Temps total intégration comportement              : 28.280 s (7 intégrations)
* Temps total factorisation matrice                 : 9 min  5 s (6 factorisations)
* Temps construction second membre                  : 0.540 s
* Temps total résolution K.U=F                      : 52.005 s (6 résolutions)
* Temps assemblage matrice                          : 0.000 s
#1      Resolution des systemes lineaires                 CPU (USER+SYST/SYST/ELAPS):   2000.17    348.52    600.45
#2      Calculs elementaires et assemblages               CPU (USER+SYST/SYST/ELAPS):     73.57      5.16     74.92
# Résultat commande #0002 (STAT_NON_LINE): res ('<0000000e>') de type <NonLinearResult>
# Mémoire (Mo) :  6903.61 /  2015.19 /  2703.74 /   923.86 (VmPeak / VmSize / Optimum / Minimum)
# Fin commande #0002   user+syst:     1736.52s (syst:      357.43s, elaps:      688.46s)
# ----------------------------------------------------------------------------------------------

.. _stg1_txt184
# ----------------------------------------------------------------------------------------------
# Commande #0003 de
/root/mm/envs/aster/lib/python3.14/site-packages/code_aster/Supervis/ExecuteCommand.py, ligne 184
CALC_CHAMP(CRITERE='RELATIF',
           FORCE='REAC_NODA',
           INFO=1,
           INST=0.06,
           PARALLELISME_TEMPS='NON',
           PRECISION=1e-06,
           RESULTAT=res)

Le système linéaire à résoudre a 375089 degrés de liberté:
   - 359637 sont des degrés de liberté physiques
     (ils sont portés par 111469 noeuds du maillage)
   - 15452 sont les couples de paramètres de Lagrange associés
     aux 7726 relations linéaires dualisées.
#2      Calculs elementaires et assemblages               CPU (USER+SYST/SYST/ELAPS):      0.47      0.00      0.48
# Résultat commande #0003 (CALC_CHAMP): '<00000015>' de type <NonLinearResult>
# Dépend de :
# - model ('<00000002>') de type <Model>
# - fmat ('<00000008>') de type <MaterialField>
# Mémoire (Mo) :  6903.61 /  2015.19 /  2703.74 /   923.86 (VmPeak / VmSize / Optimum / Minimum)
# Fin commande #0003   user+syst:        0.82s (syst:        0.00s, elaps:        0.85s)
# ----------------------------------------------------------------------------------------------

.. _stg1_txt34
# ----------------------------------------------------------------------------------------------
# Commande #0004 de /home/user/aas-corner-fe/wd/v8c75_TV2/v8c75_TV2_s02.comm.changed.py, ligne 34
tb = POST_RELEVE_T(ACTION=_F(CRITERE='RELATIF',
                             FORMAT_C='MODULE',
                             GROUP_NO='HEADT',
                             INST=0.06,
                             INTITULE='R',
                             MOYE_NOEUD='OUI',
                             NOM_CHAM='REAC_NODA',
                             OPERATION='EXTRACTION',
                             PRECISION=1e-06,
                             REPERE='GLOBAL',
                             RESULTANTE='DX',
                             RESULTAT=r2),
                   INFO=1)

# Résultat commande #0004 (POST_RELEVE_T): tb ('<00000016>') de type <Table>
# Mémoire (Mo) :  6903.61 /  2015.19 /  2703.74 /   923.86 (VmPeak / VmSize / Optimum / Minimum)
# Fin commande #0004   user+syst:        0.03s (syst:        0.00s, elaps:        0.00s)
# ----------------------------------------------------------------------------------------------

.. _stg1_txt34
# ----------------------------------------------------------------------------------------------
# Commande #0005 de /home/user/aas-corner-fe/wd/v8c75_TV2/v8c75_TV2_s02.comm.changed.py, ligne 34
tb = POST_RELEVE_T(ACTION=_F(CRITERE='RELATIF',
                             FORMAT_C='MODULE',
                             GROUP_NO='HEADV',
                             INST=0.06,
                             INTITULE='R',
                             MOYE_NOEUD='OUI',
                             NOM_CHAM='REAC_NODA',
                             OPERATION='EXTRACTION',
                             PRECISION=1e-06,
                             REPERE='GLOBAL',
                             RESULTANTE='DX',
                             RESULTAT=r2),
                   INFO=1)

# Résultat commande #0005 (POST_RELEVE_T): tb ('<00000017>') de type <Table>
# Mémoire (Mo) :  6903.61 /  2015.19 /  2703.74 /   923.86 (VmPeak / VmSize / Optimum / Minimum)
# Fin commande #0005   user+syst:        0.02s (syst:        0.00s, elaps:        0.00s)
# ----------------------------------------------------------------------------------------------

.. _stg1_txt39
# ----------------------------------------------------------------------------------------------
# Commande #0006 de /home/user/aas-corner-fe/wd/v8c75_TV2/v8c75_TV2_s02.comm.changed.py, ligne 39
DETRUIRE(INFO=1,
         NOM=r2)

# Mémoire (Mo) :  6903.61 /  2015.19 /  2703.74 /   923.86 (VmPeak / VmSize / Optimum / Minimum)
# Fin commande #0006   user+syst:        0.38s (syst:        0.03s, elaps:        0.10s)
# ----------------------------------------------------------------------------------------------
/home/user/aas-corner-fe/wd/v8c75_TV2/v8c75_TV2_s02.comm.changed.py:56: ResourceWarning: unclosed file <_io.TextIOWrapper name='/home/user/aas-corner-fe/jobs/../results/v8c75_TV2.curve' mode='a' encoding='UTF-8'>
  open(CURVE,'a').write('CURVE %g %g %g %g\n'%(tcur,tot,v['HEADT'],v['HEADV']))
AASCURVE 0.06 36133.6 19580.3 16553.4

.. _stg1_txt76
# ----------------------------------------------------------------------------------------------
# Commande #0007 de /root/mm/envs/aster/lib/python3.14/site-packages/code_aster/CodeCommands/fin.py,
ligne 76
FIN(INFO_RESU='NON',
    RETASSAGE='NON')

Saving objects...
pi                       <class 'float'>
e                        <class 'float'>
tau                      <class 'float'>
inf                      <class 'float'>
nan                      <class 'float'>
mesh                     <class 'libaster.Mesh'>
model                    <class 'libaster.Model'>
mat                      <class 'libaster.Material'>
matH                     <class 'libaster.Material'>
matHH                    <class 'libaster.Material'>
stl                      <class 'libaster.Material'>
slvm                     <class 'libaster.Material'>
fmat                     <class 'libaster.MaterialField'>
fix                      <class 'libaster.MechanicalLoadReal'>
grp                      <class 'list'>
load                     <class 'libaster.MechanicalLoadReal'>
ramp                     <class 'libaster.Function'>
steps                    <class 'libaster.ListOfFloats'>
times                    <class 'libaster.TimesList'>
LOADS                    <class 'str'>
CURVE                    <class 'str'>
common                   <class 'dict'>
tcur                     <class 'float'>
peak                     <class 'float'>
stopped                  <class 'bool'>
TARGETS                  <class 'list'>
tn                       <class 'float'>
res                      <class 'libaster.NonLinearResult'>
v                        <class 'dict'>
tot                      <class 'float'>
line                     <class 'str'>

 ╔================================================================================================╗
 ║ <I> <CATAMESS_89>                                                                              ║
 ║                                                                                                ║
 ║ Liste des alarmes émises lors de l'exécution du calcul.                                        ║
 ║                                                                                                ║
 ║     Les alarmes que vous avez choisies d'ignorer sont précédées de (*).                        ║
 ║     Nombre d'occurrences pour chacune des alarmes :                                            ║
 ║            FACTOR_75            émise    6 fois                                                ║
 ╚================================================================================================╝

 ---------------------------------------------------------------------------
 Concepts de la base: G
    Nom        Type                Taille (Mo)         Nombre      Nombre de
                                                     d'objets       segments
    TOTAL                               402.44            454            683
  
    00000001   MAILLAGE_SDASTER          12.00             34             70
    00000002   MODELE_SDASTER            11.86             11             16
    00000003   MATER_SDASTER              0.00             15             15
    00000004   MATER_SDASTER              0.00             15             15
    00000005   MATER_SDASTER              0.00              7              7
    00000006   MATER_SDASTER              0.00              7              7
    00000007   MATER_SDASTER              0.00              7              7
    00000008   CHAM_MATER                 0.89              8             13
    00000009   CHAR_MECA                 12.89             56             76
    0000000a   CHAR_MECA                  9.42             56             76
    0000000b   FONCTION_SDASTER           0.00              3              3
    0000000c   LISTR8_SDASTER             0.00              6              6
    0000000d   LIST_INST                  0.00              8              8
    0000000e   EVOL_NOLI                289.80            165            211
    &FOZERO                               0.00              2              2
    &&_NUM_C                              0.00              1              1
    &CATA                                37.45             42            103
    &&NMDOME                              0.00              2              2
    0000000f                              0.12              2             14
    &&NMCH1P                             27.76              3              3
    00000012                              0.12              2             14
    00000015                              0.12              2             14
 (*) sous-objets non accessible directement
 ---------------------------------------------------------------------------
Nom de la base                          :  GLOBALE
     Nombre d'enregistrements utilisés       :  659
     Nombre d'enregistrements maximum        :  2684354
     Nombre d'enregistrements par fichier    :  15728
     Longueur d'enregistrement (octets)      :  819200
     Nombre total d'accès en lecture         :  647
     Volume des accès en lecture             :        505.47 Mo.
     Nombre total d'accès en écriture        :  336
     Volume des accès en écriture            :        262.50 Mo.
     Nombre d'identificateurs utilisés       :  822
     Taille maximum du répertoire            :  2000
     Pourcentage d'utilisation du répertoire :  41 %

Nom de la base                          :  VOLATILE
     Nombre d'enregistrements utilisés       :  584
     Nombre d'enregistrements maximum        :  2684354
     Nombre d'enregistrements par fichier    :  15728
     Longueur d'enregistrement (octets)      :  819200
     Nombre total d'accès en lecture         :  495
     Volume des accès en lecture             :        386.72 Mo.
     Nombre total d'accès en écriture        :  2658
     Volume des accès en écriture            :       2076.56 Mo.
     Nombre d'identificateurs utilisés       :  1001
     Taille maximum du répertoire            :  2000
     Pourcentage d'utilisation du répertoire :  50 %

<I> <FIN> ARRET NORMAL DANS "FIN" PAR APPEL A "JEFINI".
  
 <I> <FIN> MEMOIRE JEVEUX MINIMALE REQUISE POUR L'EXECUTION :                     923.86 Mo
 <I> <FIN> MEMOIRE JEVEUX OPTIMALE REQUISE POUR L'EXECUTION :                    2703.74 Mo
 <I> <FIN> MAXIMUM DE MEMOIRE UTILISEE PAR LE PROCESSUS LORS DE L'EXECUTION :    6903.61 Mo
  
 <I>       FERMETURE DES BASES EFFECTUEE
  
   STATISTIQUES CONCERNANT L'ALLOCATION DYNAMIQUE :
     TAILLE CUMULEE MAXIMUM            :                 2704  Mo.
     TAILLE CUMULEE LIBEREE            :                 2216  Mo.
     NOMBRE TOTAL D'ALLOCATIONS        :              2669170
     NOMBRE TOTAL DE LIBERATIONS       :              2669170
     APPELS AU MECANISME DE LIBERATION :                    0
     TAILLE MEMOIRE CUMULEE RECUPEREE  :                 2238  Mo.
     VOLUME DES LECTURES               :                    0  Mo.
     VOLUME DES ECRITURES              :                 1849  Mo.
  
   MEMOIRE JEVEUX MINIMALE REQUISE POUR L'EXECUTION :     923.86 Mo
     - IMPOSE DE NOMBREUX ACCES DISQUE
     - RALENTIT LA VITESSE D'EXECUTION
   MEMOIRE JEVEUX OPTIMALE REQUISE POUR L'EXECUTION :    2703.74 Mo
     - LIMITE LES ACCES DISQUE
     - AMELIORE LA VITESSE D'EXECUTION
   MAXIMUM DE MEMOIRE UTILISEE PAR LE PROCESSUS     :    6903.61 Mo
     - COMPREND LA MEMOIRE CONSOMMEE PAR  JEVEUX, 
       LE SUPERVISEUR PYTHON, LES LIBRAIRIES EXTERNES
  
 <I>       FIN D'EXECUTION LE : LU-28-SEPT-2026 08:38:54
Signature of pickled file   : eea01a3a793bbaaf0ae0b1a6ba1b693e3303340ddd3e15cf7dd8afbf8d802ce3
Signature of info file      : 0f8b260d1cd2faff2ef45299533e4af48f72e2ef695db786b77b16c0b71ea846
Signature of Jeveux database: 52b04246ee1bcd3b7967859c052435a4900ca6eea62883d9d876ba77e3ef24a5

 ********************************************************************************
 * COMMAND                  :       USER :     SYSTEM :   USER+SYS :    ELAPSED *
 ********************************************************************************
 * DEBUT                    :       0.29 :       0.35 :       0.64 :       0.64 *
 * STAT_NON_LINE            :    1736.52 :     357.43 :    2093.95 :     688.46 *
 * CALC_CHAMP               :       0.82 :       0.00 :       0.82 :       0.85 *
 * POST_RELEVE_T            :       0.03 :       0.00 :       0.03 :       0.00 *
 * POST_RELEVE_T            :       0.02 :       0.00 :       0.02 :       0.00 *
 * DETRUIRE                 :       0.38 :       0.03 :       0.41 :       0.10 *
 * FIN                      :       0.31 :       0.22 :       0.53 :       0.80 *
 *  . sdveri                :       0.00 :       0.00 :       0.00 :       0.00 *
 *  . cleanup               :       0.00 :       0.00 :       0.00 :       0.00 *
 *  . check syntax          :       0.06 :       0.00 :       0.06 :       0.02 *
 *  . fortran               :    1737.91 :     358.00 :    2095.91 :     690.71 *
 ********************************************************************************
 * TOTAL_JOB                :    1738.62 :     358.04 :    2096.66 :     691.03 *
 ********************************************************************************

# Mémoire (Mo) :  6903.61 /  1515.66 /  2703.74 /   923.86 (VmPeak / VmSize / Optimum / Minimum)
# Fin commande #0007   user+syst:        0.31s (syst:        0.22s, elaps:        0.80s)
# ----------------------------------------------------------------------------------------------

EXECUTION_CODE_ASTER_EXIT_781=0


saving result databases to 'BASE_PREC'...
execution ended (command file #2): <A>_ALARM
Running: /root/mm/envs/aster/bin/run_aster -w /home/user/aas-corner-fe/wd/v8c75_TV2 --status-file /root/.tmp_run_aster/run_aster_e_ttemwt/__status__ --no-mpi /root/.tmp_run_aster/run_aster_e_ttemwt/v8c75_TV2.resume.2

# ------------------------------------------------------------------------------
Execution of code_aster

# ------------------------------------------------------------------------------
Prepare environment in /home/user/aas-corner-fe/wd/v8c75_TV2

# ------------------------------------------------------------------------------
Command file #3 / 19

Content of the file to execute:
# coding=utf-8
# original filename
__file__ = r"/home/user/aas-corner-fe/jobs/v8c75_TV2_s03.comm"


# temporarly added for compatibility with code_aster legacy
from math import *

import code_aster
from code_aster.Commands import *
from code_aster import CA

POURSUITE(LANG='EN', PAR_LOT='NON')

LOADS='TV2'
CURVE='/home/user/aas-corner-fe/jobs/../results/v8c75_TV2.curve'
common=dict(MODELE=model, CHAM_MATER=fmat, EXCIT=(_F(CHARGE=fix), _F(CHARGE=load, FONC_MULT=ramp)),
        COMPORTEMENT=(_F(RELATION='ENDO_FISS_EXP', GROUP_MA=('CONC','HZ')), _F(RELATION='ELAS', GROUP_MA=('STEEL','SLV','HZH'))),
        NEWTON=_F(MATRICE='TANGENTE', REAC_ITER=1),
        CONVERGENCE=_F(RESI_GLOB_RELA=1.E-4, ITER_GLOB_MAXI=50), ARCHIVAGE=_F(PAS_ARCH=1), SOLVEUR=_F(METHODE='MUMPS', GESTION_MEMOIRE='OUT_OF_CORE', NPREC=10))
import os, re
tcur=0.0; peak=0.0; stopped=False
if os.path.exists(CURVE):
    for line in open(CURVE):
        m=re.match(r'CURVE\s+(\S+)\s+(\S+)', line)
        if m:
            tcur=max(tcur, float(m.group(1))); peak=max(peak, float(m.group(2)))
        if line.startswith('STOP'): stopped=True
def reac(res, t):
    r2=CALC_CHAMP(RESULTAT=res, FORCE='REAC_NODA', INST=t)
    vals={}
    for g in ('HEADT','HEADV'):
        try:
            tb=POST_RELEVE_T(ACTION=_F(OPERATION='EXTRACTION', INTITULE='R', RESULTAT=r2, NOM_CHAM='REAC_NODA',
                                       GROUP_NO=g, RESULTANTE='DX', INST=t)).EXTR_TABLE().values()
            vals[g]=-tb['DX'][-1]*2
        except Exception:
            vals[g]=0.
    DETRUIRE(NOM=r2)
    return vals
TARGETS=[0.08]
for tn in TARGETS:
    if stopped or tn <= tcur+1e-9: continue
    try:
        if tcur < 1e-12 and '0'=='1':
            res=STAT_NON_LINE(INCREMENT=_F(LIST_INST=times, INST_FIN=tn), **common)
        else:
            res=STAT_NON_LINE(reuse=res, ETAT_INIT=_F(EVOL_NOLI=res), INCREMENT=_F(LIST_INST=times, INST_FIN=tn), **common)
    except Exception as exc:
        print('AASSTOP at', tcur, exc, flush=True)
        open(CURVE,'a').write('STOP solver %g\n'%tcur); stopped=True; break
    tcur=tn
    v=reac(res, tcur)
    tot=(v['HEADT'] if 'T' in LOADS else 0.)+(v['HEADV'] if 'V' in LOADS else 0.)
    peak=max(peak, tot)
    open(CURVE,'a').write('CURVE %g %g %g %g\n'%(tcur,tot,v['HEADT'],v['HEADV']))
    print('AASCURVE %g %g %g %g'%(tcur,tot,v['HEADT'],v['HEADV']), flush=True)
    if tot < 0.9*peak:
        open(CURVE,'a').write('STOP peak %g\n'%peak); stopped=True; break
FIN()



# ------------------------------------------------------------------------------
Command line #3:
    ulimit -c unlimited ; ulimit -t 100000 ; ( /root/mm/envs/aster/bin/python3 "v8c75_TV2_s03.comm.changed.py" --memory 3000.0 --numthreads 4 --tpmax 20000 ; echo $? > _exit_code_ ) 2>&1 | tee -a fort.6
setting '--memory' value to 2700.00 MB (keyword RESERVE_MEMOIRE)
Ouverture en écriture du fichier ./vola.1

<INFO> Démarrage de l'exécution.

                       -- CODE_ASTER -- VERSION : DÉVELOPPEMENT (unstable) --                       
                               Version 18.1.6 modifiée le 14/09/2026                                
                                    révision n/a - branche 'n/a'                                    
                                     Copyright EDF 1991 - 2026                                      
                                                                                                    
                              Exécution du : Mon Sep 28 08:38:57 2026                               
                                       Nom de la machine : vm                                       
                                        Architecture : 64bit                                        
                                    Type de processeur : x86_64                                     
                Système d'exploitation : Linux-6.18.44-fc-v37-x86_64-with-glibc2.39                 
                                  Langue des messages : C (UTF-8)                                   
                                     Version de Python : 3.14.7                                     
                                      Version de NumPy : 2.5.3                                      
                                  Version de MEDCoupling : 9.16.0                                   
                                     Parallélisme MPI : inactif                                     
                                    Parallélisme OpenMP : actif                                     
                              Nombre de processus OpenMP utilisés : 4                               
                                Version de la librairie HDF5 : 2.2.0                                
                                Version de la librairie MED : 4.2.0                                 
                               Version de la librairie MFront : 5.1.0                               
                               Version de la librairie MUMPS : 5.8.2                                
                                  Librairie PETSc : non disponible                                  
                              Version de la librairie SCOTCH : 7.0.11                               

restarting from a previous execution...
/home/user/aas-corner-fe/wd/v8c75_TV2/v8c75_TV2_s03.comm.changed.py:13: DeprecationWarning: This feature is obsolete, 'PAR_LOT' has been removed.
  POURSUITE(LANG='EN', PAR_LOT='NON')
Valeur initiale du temps CPU maximum =   20000 secondes
  Valeur du temps CPU maximum passé aux commandes =   18000 secondes
  Réserve CPU prévue = 2000 secondes

Ouverture en lecture du fichier ./glob.1

Ajustement de la taille maximale des bases à 2048.00 Go.
    
Nom de la base                          :  GLOBALE
     Créée avec la version                   :  18.01.06
     Nombre d'enregistrements utilisés       :  659
     Nombre d'enregistrements maximum        :  2684354
     Nombre d'enregistrements par fichier    :  15728
     Longueur d'enregistrement (octets)      :  819200
     Nombre d'identificateurs utilisés       :  822
     Taille maximum du répertoire            :  2000
     Pourcentage d'utilisation du répertoire :  41 %

Ouverture en lecture du fichier ./glob.1

Ouverture en écriture du fichier ./vola.1

Fin de lecture (durée  0.000031  s.) 

                      Mémoire limite pour l'allocation dynamique : 3212.06 Mo                       
                         ajouté à l'initialisation du processus : 997.21 Mo                         
                               Limite cible du processus : 4209.27 Mo                               
                         Taille limite des fichiers d'échange : 2048.00 Go                          
pi                       <class 'float'>
e                        <class 'float'>
tau                      <class 'float'>
inf                      <class 'float'>
nan                      <class 'float'>
mesh                     <class 'libaster.Mesh'>
model                    <class 'libaster.Model'>
mat                      <class 'libaster.Material'>
matH                     <class 'libaster.Material'>
matHH                    <class 'libaster.Material'>
stl                      <class 'libaster.Material'>
slvm                     <class 'libaster.Material'>
fmat                     <class 'libaster.MaterialField'>
fix                      <class 'libaster.MechanicalLoadReal'>
grp                      <class 'list'>
load                     <class 'libaster.MechanicalLoadReal'>
ramp                     <class 'libaster.Function'>
steps                    <class 'libaster.ListOfFloats'>
times                    <class 'libaster.TimesList'>
LOADS                    <class 'str'>
CURVE                    <class 'str'>
common                   <class 'dict'>
tcur                     <class 'float'>
peak                     <class 'float'>
stopped                  <class 'bool'>
TARGETS                  <class 'list'>
tn                       <class 'float'>
res                      <class 'libaster.NonLinearResult'>
v                        <class 'dict'>
tot                      <class 'float'>
line                     <class 'str'>
# Mémoire (Mo) :  1267.92 /  1267.92 /   430.15 /   430.12 (VmPeak / VmSize / Optimum / Minimum)
# Fin commande #0001   user+syst:        0.19s (syst:        0.28s, elaps:        0.47s)
# ----------------------------------------------------------------------------------------------
/home/user/aas-corner-fe/wd/v8c75_TV2/v8c75_TV2_s03.comm.changed.py:24: ResourceWarning: unclosed file <_io.TextIOWrapper name='/home/user/aas-corner-fe/jobs/../results/v8c75_TV2.curve' mode='r' encoding='UTF-8'>
  for line in open(CURVE):

.. _stg1_txt48
# ----------------------------------------------------------------------------------------------
# Commande #0002 de /home/user/aas-corner-fe/wd/v8c75_TV2/v8c75_TV2_s03.comm.changed.py, ligne 48
res = STAT_NON_LINE(AFFICHAGE=_F(INFO_RESIDU='NON',
                                 INFO_TEMPS='NON'),
                    ARCHIVAGE=_F(CHAM_EXCLU=('RESI_NOEU', 'RESI_RELA_NOEU'),
                                 PAS_ARCH=1),
                    CHAM_MATER=fmat,
                    COMPORTEMENT=(_F(DEFORMATION='PETIT',
                                     GROUP_MA=('CONC', 'HZ'),
                                     ITER_CPLAN_MAXI=10,
                                     ITER_INTE_MAXI=20,
                                     ITER_INTE_PAS=0,
                                     PARM_THETA=1.0,
                                     REGU_VISC='NON',
                                     RELATION='ENDO_FISS_EXP',
                                     RESI_CPLAN_RELA=1e-06,
                                     RESI_INTE=1e-06),
                                  _F(DEFORMATION='PETIT',
                                     GROUP_MA=('STEEL', 'SLV', 'HZH'),
                                     ITER_CPLAN_MAXI=10,
                                     ITER_INTE_MAXI=20,
                                     ITER_INTE_PAS=0,
                                     PARM_THETA=1.0,
                                     REGU_VISC='NON',
                                     RELATION='ELAS',
                                     RESI_CPLAN_RELA=1e-06,
                                     RESI_INTE=1e-06)),
                    CONVERGENCE=_F(ARRET='OUI',
                                   ITER_GLOB_ELAS=25,
                                   ITER_GLOB_MAXI=50,
                                   RESI_GLOB_RELA=0.0001,
                                   VERIF='TOUT'),
                    ETAT_INIT=_F(EVOL_NOLI=res),
                    EXCIT=(_F(CHARGE='<00000009>',
                              TYPE_CHARGE='FIXE_CSTE'),
                           _F(CHARGE='<0000000a>',
                              FONC_MULT=ramp,
                              TYPE_CHARGE='FIXE_CSTE')),
                    INCREMENT=_F(CRITERE='RELATIF',
                                 INST_FIN=0.08,
                                 INST_INIT=0.06,
                                 LIST_INST=times,
                                 PRECISION=1e-06),
                    MESURE=_F(TABLE='NON'),
                    METHODE='NEWTON',
                    MODELE=model,
                    NEWTON=_F(MATRICE='TANGENTE',
                              MATR_RIGI_SYME='NON',
                              REAC_INCR=1,
                              REAC_ITER=1,
                              REAC_ITER_ELAS=0),
                    SOLVEUR=_F(ACCELERATION='AUTO',
                               ELIM_LAGR='LAGR2',
                               FILTRAGE_MATRICE=-1.0,
                               GESTION_MEMOIRE='OUT_OF_CORE',
                               LOW_RANK_SEUIL=0.0,
                               MATR_DISTRIBUEE='NON',
                               METHODE='MUMPS',
                               MIXER_PRECISION='NON',
                               NB_RHS=1,
                               NPREC=10,
                               PCENT_PIVOT=35,
                               POSTTRAITEMENTS='AUTO',
                               PRETRAITEMENTS='AUTO',
                               REDUCTION_MPI=0,
                               RENUM='AUTO',
                               RESI_RELA=-1.0,
                               STOP_SINGULIER='OUI',
                               TYPE_RESOL='AUTO'),
                    reuse=res)

Liste des comportements

Affecté sur 67406 éléments
Relation                             : ENDO_FISS_EXP
Déformation                          : PETIT
Pas de régularisation visqueuse
Pas de post-traitement à la fin du pas de temps
Nombre total de variables internes   : 9
V1 : ENDO
V2 : INDIENDO
V3 : ENDORIGI
V4 : EPSEXX
V5 : EPSEYY
V6 : EPSEZZ
V7 : EPSEXY
V8 : EPSEXZ
V9 : EPSEYZ
Affecté sur 11844 éléments
Relation                             : ELAS
Déformation                          : PETIT
Pas de régularisation visqueuse
Pas de post-traitement à la fin du pas de temps
Nombre total de variables internes   : 1
V1 : VIDE
Le système linéaire à résoudre a 375089 degrés de liberté:
   - 359637 sont des degrés de liberté physiques
     (ils sont portés par 111469 noeuds du maillage)
   - 15452 sont les couples de paramètres de Lagrange associés
     aux 7726 relations linéaires dualisées.
La matrice est de taille 375089 équations.
  Elle contient 19289373 termes non nuls si elle est symétrique et 38203657 termes non nuls si elle
n'est pas symétrique.
  Soit un taux de remplissage de   0.027 %.
Lecture de l'état initial
L'état initial a été récupéré dans la structure de données résultat de nom <0000000e> pour le numéro
d'ordre 4 et à l'instant  6.000000000000e-02
Le champ <DEPL> est lu dans ETAT_INIT dans la structure de données résultat donné dans la commande.
Le champ <SIEF_ELGA> est lu dans ETAT_INIT dans la structure de données résultat donné dans la
commande.
Le champ <VARI_ELGA> est lu dans ETAT_INIT dans la structure de données résultat donné dans la
commande.
---------------------------------------------------------------------
Instant de calcul:  8.000000000000e-02 - Niveau de découpe: 1

---------------------------------------------------------------------
|     NEWTON     |     RESIDU     |     RESIDU     |     OPTION     |
|    ITERATION   |     RELATIF    |     ABSOLU     |   ASSEMBLAGE   |
|                | RESI_GLOB_RELA | RESI_GLOB_MAXI |(+ TYPE MATRICE)|
---------------------------------------------------------------------

 ╔================================================================================================╗
 ║ <A> <FACTOR_75>                                                                                ║
 ║                                                                                                ║
 ║ Attention, vous avez demandé un calcul OUT_OF_CORE, mais MUMPS estime avoir besoin pour cela   ║
 ║ d'au moins                                                                                     ║
 ║   3553 Mo  alors qu'il n'y a que 569 Mo de disponible sur ce processeur !                      ║
 ║   Le calcul pourrait donc être ralenti ou s'arrêter pour cette raison.                         ║
 ║                                                                                                ║
 ║   Pour information: mémoire déjà pré-allouée par MUMPS (exécutable, matrice...)= 479 Mo,       ║
 ║                     nombre de systèmes linéaires à factoriser en même temps    = 1.            ║
 ║                                                                                                ║
 ║ Conseils :                                                                                     ║
 ║   La prochaine fois, relancez avec plus de mémoire globale ou avec une option de calcul plus   ║
 ║ économe                                                                                        ║
 ║   (par ordre décroissant d'efficacité):                                                        ║
 ║    - Si le calcul est parallèle, réduisez la consommation MUMPS en augmentant le nombre de     ║
 ║ processeurs,                                                                                   ║
 ║    - Si le calcul est parallèle, réduisez la consommation Aster en activant l'option           ║
 ║ SOLVEUR/MATR_DISTRIBUEE,                                                                       ║
 ║   Ou, plus radicalement:                                                                       ║
 ║    - Utilisez un solveur moins exigeant en mémoire (par exemple: SOLVEUR/METHODE='PETSC' +     ║
 ║ PRECOND='LDLT_SP').                                                                            ║
 ║                                                                                                ║
 ║                                                                                                ║
 ║ Ceci est une alarme. Si vous ne comprenez pas le sens de cette                                 ║
 ║ alarme, vous pouvez obtenir des résultats inattendus !                                         ║
 ╚================================================================================================╝

|     0        X | 1.18656E-01  X | 1.82904E+02    |TANGENTE (NOSYM)|

 ╔================================================================================================╗
 ║ <A> <FACTOR_75>                                                                                ║
 ║                                                                                                ║
 ║ Attention, vous avez demandé un calcul OUT_OF_CORE, mais MUMPS estime avoir besoin pour cela   ║
 ║ d'au moins                                                                                     ║
 ║   3555 Mo  alors qu'il n'y a que 298 Mo de disponible sur ce processeur !                      ║
 ║   Le calcul pourrait donc être ralenti ou s'arrêter pour cette raison.                         ║
 ║                                                                                                ║
 ║   Pour information: mémoire déjà pré-allouée par MUMPS (exécutable, matrice...)= 481 Mo,       ║
 ║                     nombre de systèmes linéaires à factoriser en même temps    = 1.            ║
 ║                                                                                                ║
 ║ Conseils :                                                                                     ║
 ║   La prochaine fois, relancez avec plus de mémoire globale ou avec une option de calcul plus   ║
 ║ économe                                                                                        ║
 ║   (par ordre décroissant d'efficacité):                                                        ║
 ║    - Si le calcul est parallèle, réduisez la consommation MUMPS en augmentant le nombre de     ║
 ║ processeurs,                                                                                   ║
 ║    - Si le calcul est parallèle, réduisez la consommation Aster en activant l'option           ║
 ║ SOLVEUR/MATR_DISTRIBUEE,                                                                       ║
 ║   Ou, plus radicalement:                                                                       ║
 ║    - Utilisez un solveur moins exigeant en mémoire (par exemple: SOLVEUR/METHODE='PETSC' +     ║
 ║ PRECOND='LDLT_SP').                                                                            ║
 ║                                                                                                ║
 ║                                                                                                ║
 ║ Ceci est une alarme. Si vous ne comprenez pas le sens de cette                                 ║
 ║ alarme, vous pouvez obtenir des résultats inattendus !                                         ║
 ╚================================================================================================╝

|     1        X | 4.94198E-02  X | 7.63250E+01    |TANGENTE (NOSYM)|

 ╔================================================================================================╗
 ║ <A> <FACTOR_75>                                                                                ║
 ║                                                                                                ║
 ║ Attention, vous avez demandé un calcul OUT_OF_CORE, mais MUMPS estime avoir besoin pour cela   ║
 ║ d'au moins                                                                                     ║
 ║   3555 Mo  alors qu'il n'y a que 298 Mo de disponible sur ce processeur !                      ║
 ║   Le calcul pourrait donc être ralenti ou s'arrêter pour cette raison.                         ║
 ║                                                                                                ║
 ║   Pour information: mémoire déjà pré-allouée par MUMPS (exécutable, matrice...)= 481 Mo,       ║
 ║                     nombre de systèmes linéaires à factoriser en même temps    = 1.            ║
 ║                                                                                                ║
 ║ Conseils :                                                                                     ║
 ║   La prochaine fois, relancez avec plus de mémoire globale ou avec une option de calcul plus   ║
 ║ économe                                                                                        ║
 ║   (par ordre décroissant d'efficacité):                                                        ║
 ║    - Si le calcul est parallèle, réduisez la consommation MUMPS en augmentant le nombre de     ║
 ║ processeurs,                                                                                   ║
 ║    - Si le calcul est parallèle, réduisez la consommation Aster en activant l'option           ║
 ║ SOLVEUR/MATR_DISTRIBUEE,                                                                       ║
 ║   Ou, plus radicalement:                                                                       ║
 ║    - Utilisez un solveur moins exigeant en mémoire (par exemple: SOLVEUR/METHODE='PETSC' +     ║
 ║ PRECOND='LDLT_SP').                                                                            ║
 ║                                                                                                ║
 ║                                                                                                ║
 ║ Ceci est une alarme. Si vous ne comprenez pas le sens de cette                                 ║
 ║ alarme, vous pouvez obtenir des résultats inattendus !                                         ║
 ╚================================================================================================╝

|     2        X | 4.79430E-03  X | 7.42445E+00    |TANGENTE (NOSYM)|

 ╔================================================================================================╗
 ║ <A> <FACTOR_75>                                                                                ║
 ║                                                                                                ║
 ║ Attention, vous avez demandé un calcul OUT_OF_CORE, mais MUMPS estime avoir besoin pour cela   ║
 ║ d'au moins                                                                                     ║
 ║   3555 Mo  alors qu'il n'y a que 298 Mo de disponible sur ce processeur !                      ║
 ║   Le calcul pourrait donc être ralenti ou s'arrêter pour cette raison.                         ║
 ║                                                                                                ║
 ║   Pour information: mémoire déjà pré-allouée par MUMPS (exécutable, matrice...)= 482 Mo,       ║
 ║                     nombre de systèmes linéaires à factoriser en même temps    = 1.            ║
 ║                                                                                                ║
 ║ Conseils :                                                                                     ║
 ║   La prochaine fois, relancez avec plus de mémoire globale ou avec une option de calcul plus   ║
 ║ économe                                                                                        ║
 ║   (par ordre décroissant d'efficacité):                                                        ║
 ║    - Si le calcul est parallèle, réduisez la consommation MUMPS en augmentant le nombre de     ║
 ║ processeurs,                                                                                   ║
 ║    - Si le calcul est parallèle, réduisez la consommation Aster en activant l'option           ║
 ║ SOLVEUR/MATR_DISTRIBUEE,                                                                       ║
 ║   Ou, plus radicalement:                                                                       ║
 ║    - Utilisez un solveur moins exigeant en mémoire (par exemple: SOLVEUR/METHODE='PETSC' +     ║
 ║ PRECOND='LDLT_SP').                                                                            ║
 ║                                                                                                ║
 ║                                                                                                ║
 ║ Ceci est une alarme. Si vous ne comprenez pas le sens de cette                                 ║
 ║ alarme, vous pouvez obtenir des résultats inattendus !                                         ║
 ╚================================================================================================╝

|     3        X | 6.12256E-04  X | 9.48189E-01    |TANGENTE (NOSYM)|

 ╔================================================================================================╗
 ║ <A> <FACTOR_75>                                                                                ║
 ║                                                                                                ║
 ║ Attention, vous avez demandé un calcul OUT_OF_CORE, mais MUMPS estime avoir besoin pour cela   ║
 ║ d'au moins                                                                                     ║
 ║   3555 Mo  alors qu'il n'y a que 298 Mo de disponible sur ce processeur !                      ║
 ║   Le calcul pourrait donc être ralenti ou s'arrêter pour cette raison.                         ║
 ║                                                                                                ║
 ║   Pour information: mémoire déjà pré-allouée par MUMPS (exécutable, matrice...)= 482 Mo,       ║
 ║                     nombre de systèmes linéaires à factoriser en même temps    = 1.            ║
 ║                                                                                                ║
 ║ Conseils :                                                                                     ║
 ║   La prochaine fois, relancez avec plus de mémoire globale ou avec une option de calcul plus   ║
 ║ économe                                                                                        ║
 ║   (par ordre décroissant d'efficacité):                                                        ║
 ║    - Si le calcul est parallèle, réduisez la consommation MUMPS en augmentant le nombre de     ║
 ║ processeurs,                                                                                   ║
 ║    - Si le calcul est parallèle, réduisez la consommation Aster en activant l'option           ║
 ║ SOLVEUR/MATR_DISTRIBUEE,                                                                       ║
 ║   Ou, plus radicalement:                                                                       ║
 ║    - Utilisez un solveur moins exigeant en mémoire (par exemple: SOLVEUR/METHODE='PETSC' +     ║
 ║ PRECOND='LDLT_SP').                                                                            ║
 ║                                                                                                ║
 ║                                                                                                ║
 ║ Ceci est une alarme. Si vous ne comprenez pas le sens de cette                                 ║
 ║ alarme, vous pouvez obtenir des résultats inattendus !                                         ║
 ╚================================================================================================╝


 ╔================================================================================================╗
 ║ <A> <CATAMESS_41>                                                                              ║
 ║                                                                                                ║
 ║ Le message d'alarme 'FACTOR_75' a été émis 5 fois, il ne sera plus affiché.                    ║
 ║                                                                                                ║
 ║                                                                                                ║
 ║ Ceci est une alarme. Si vous ne comprenez pas le sens de cette                                 ║
 ║ alarme, vous pouvez obtenir des résultats inattendus !                                         ║
 ╚================================================================================================╝

|     4        X | 2.91289E-04  X | 4.51120E-01    |TANGENTE (NOSYM)|
|     5          | 8.17503E-06    | 1.26610E-02    |TANGENTE (NOSYM)|
---------------------------------------------------------------------
Critère(s) de convergence atteint(s)

Le résidu de type <RESI_GLOB_RELA> vaut  8.175030287711e-06 au noeud et degré de liberté <85393  
DX>
Temps CPU consommé dans ce pas de temps    : 10 min 23 s

* Nombre d'itérations de Newton                     : 6
* Temps total intégration comportement              : 27.493 s (7 intégrations)
* Temps total factorisation matrice                 : 8 min 13 s (6 factorisations)
* Temps construction second membre                  : 0.644 s
* Temps total résolution K.U=F                      : 54.276 s (6 résolutions)
* Temps assemblage matrice                          : 0.000 s
* Temps autres opérations                           : 47.727 s
Mémoire (Mo) :  6965.00 /  3508.44 /  2755.75 /   975.87 (VmPeak / VmSize / Optimum / Minimum)

Archivage des champs

Champ stocké <DEPL> à l'instant  8.000000000000e-02 pour le numéro d'ordre 5
Champ stocké <SIEF_ELGA> à l'instant  8.000000000000e-02 pour le numéro d'ordre 5
Champ stocké <VARI_ELGA> à l'instant  8.000000000000e-02 pour le numéro d'ordre 5
Champ stocké <COMPORTEMENT> à l'instant  8.000000000000e-02 pour le numéro d'ordre 5
[100%] Instant calculé : 8.00000e-02, seul l'instant initial a été archivé
Temps CPU consommé dans le calcul          : 10 min 23 s

dont temps CPU "perdu" dans les découpes            : 0.000 s
* Nombre de pas de temps                            : 1
* Nombre d'itérations de Newton                     : 6
* Temps dans l'archivage                            : 0.045 s
* Temps dans le post-traitement                     : 0.000 s
* Temps total intégration comportement              : 27.493 s (7 intégrations)
* Temps total factorisation matrice                 : 8 min 13 s (6 factorisations)
* Temps construction second membre                  : 0.644 s
* Temps total résolution K.U=F                      : 54.276 s (6 résolutions)
* Temps assemblage matrice                          : 0.000 s
#1      Resolution des systemes lineaires                 CPU (USER+SYST/SYST/ELAPS):   1846.14    298.63    550.66
#2      Calculs elementaires et assemblages               CPU (USER+SYST/SYST/ELAPS):     70.43      5.00     71.58
# Résultat commande #0002 (STAT_NON_LINE): res ('<0000000e>') de type <NonLinearResult>
# Mémoire (Mo) :  6965.00 /  2086.28 /  2755.75 /   975.87 (VmPeak / VmSize / Optimum / Minimum)
# Fin commande #0002   user+syst:     1628.58s (syst:      307.01s, elaps:      634.09s)
# ----------------------------------------------------------------------------------------------

.. _stg1_txt184
# ----------------------------------------------------------------------------------------------
# Commande #0003 de
/root/mm/envs/aster/lib/python3.14/site-packages/code_aster/Supervis/ExecuteCommand.py, ligne 184
CALC_CHAMP(CRITERE='RELATIF',
           FORCE='REAC_NODA',
           INFO=1,
           INST=0.08,
           PARALLELISME_TEMPS='NON',
           PRECISION=1e-06,
           RESULTAT=res)

Le système linéaire à résoudre a 375089 degrés de liberté:
   - 359637 sont des degrés de liberté physiques
     (ils sont portés par 111469 noeuds du maillage)
   - 15452 sont les couples de paramètres de Lagrange associés
     aux 7726 relations linéaires dualisées.
#2      Calculs elementaires et assemblages               CPU (USER+SYST/SYST/ELAPS):      0.46      0.01      0.45
# Résultat commande #0003 (CALC_CHAMP): '<00000018>' de type <NonLinearResult>
# Dépend de :
# - model ('<00000002>') de type <Model>
# - fmat ('<00000008>') de type <MaterialField>
# Mémoire (Mo) :  6965.00 /  2086.28 /  2755.75 /   975.87 (VmPeak / VmSize / Optimum / Minimum)
# Fin commande #0003   user+syst:        0.73s (syst:        0.01s, elaps:        0.74s)
# ----------------------------------------------------------------------------------------------

.. _stg1_txt34
# ----------------------------------------------------------------------------------------------
# Commande #0004 de /home/user/aas-corner-fe/wd/v8c75_TV2/v8c75_TV2_s03.comm.changed.py, ligne 34
tb = POST_RELEVE_T(ACTION=_F(CRITERE='RELATIF',
                             FORMAT_C='MODULE',
                             GROUP_NO='HEADT',
                             INST=0.08,
                             INTITULE='R',
                             MOYE_NOEUD='OUI',
                             NOM_CHAM='REAC_NODA',
                             OPERATION='EXTRACTION',
                             PRECISION=1e-06,
                             REPERE='GLOBAL',
                             RESULTANTE='DX',
                             RESULTAT=r2),
                   INFO=1)

# Résultat commande #0004 (POST_RELEVE_T): tb ('<00000019>') de type <Table>
# Mémoire (Mo) :  6965.00 /  2086.28 /  2755.75 /   975.87 (VmPeak / VmSize / Optimum / Minimum)
# Fin commande #0004   user+syst:        0.03s (syst:        0.00s, elaps:        0.01s)
# ----------------------------------------------------------------------------------------------

.. _stg1_txt34
# ----------------------------------------------------------------------------------------------
# Commande #0005 de /home/user/aas-corner-fe/wd/v8c75_TV2/v8c75_TV2_s03.comm.changed.py, ligne 34
tb = POST_RELEVE_T(ACTION=_F(CRITERE='RELATIF',
                             FORMAT_C='MODULE',
                             GROUP_NO='HEADV',
                             INST=0.08,
                             INTITULE='R',
                             MOYE_NOEUD='OUI',
                             NOM_CHAM='REAC_NODA',
                             OPERATION='EXTRACTION',
                             PRECISION=1e-06,
                             REPERE='GLOBAL',
                             RESULTANTE='DX',
                             RESULTAT=r2),
                   INFO=1)

# Résultat commande #0005 (POST_RELEVE_T): tb ('<0000001a>') de type <Table>
# Mémoire (Mo) :  6965.00 /  2086.28 /  2755.75 /   975.87 (VmPeak / VmSize / Optimum / Minimum)
# Fin commande #0005   user+syst:        0.02s (syst:        0.00s, elaps:        0.00s)
# ----------------------------------------------------------------------------------------------

.. _stg1_txt39
# ----------------------------------------------------------------------------------------------
# Commande #0006 de /home/user/aas-corner-fe/wd/v8c75_TV2/v8c75_TV2_s03.comm.changed.py, ligne 39
DETRUIRE(INFO=1,
         NOM=r2)

# Mémoire (Mo) :  6965.00 /  2086.28 /  2755.75 /   975.87 (VmPeak / VmSize / Optimum / Minimum)
# Fin commande #0006   user+syst:        0.30s (syst:        0.00s, elaps:        0.07s)
# ----------------------------------------------------------------------------------------------
/home/user/aas-corner-fe/wd/v8c75_TV2/v8c75_TV2_s03.comm.changed.py:56: ResourceWarning: unclosed file <_io.TextIOWrapper name='/home/user/aas-corner-fe/jobs/../results/v8c75_TV2.curve' mode='a' encoding='UTF-8'>
  open(CURVE,'a').write('CURVE %g %g %g %g\n'%(tcur,tot,v['HEADT'],v['HEADV']))
AASCURVE 0.08 41902.2 25679.1 16223.1

.. _stg1_txt76
# ----------------------------------------------------------------------------------------------
# Commande #0007 de /root/mm/envs/aster/lib/python3.14/site-packages/code_aster/CodeCommands/fin.py,
ligne 76
FIN(INFO_RESU='NON',
    RETASSAGE='NON')

Saving objects...
pi                       <class 'float'>
e                        <class 'float'>
tau                      <class 'float'>
inf                      <class 'float'>
nan                      <class 'float'>
mesh                     <class 'libaster.Mesh'>
model                    <class 'libaster.Model'>
mat                      <class 'libaster.Material'>
matH                     <class 'libaster.Material'>
matHH                    <class 'libaster.Material'>
stl                      <class 'libaster.Material'>
slvm                     <class 'libaster.Material'>
fmat                     <class 'libaster.MaterialField'>
fix                      <class 'libaster.MechanicalLoadReal'>
grp                      <class 'list'>
load                     <class 'libaster.MechanicalLoadReal'>
ramp                     <class 'libaster.Function'>
steps                    <class 'libaster.ListOfFloats'>
times                    <class 'libaster.TimesList'>
LOADS                    <class 'str'>
CURVE                    <class 'str'>
common                   <class 'dict'>
tcur                     <class 'float'>
peak                     <class 'float'>
stopped                  <class 'bool'>
TARGETS                  <class 'list'>
tn                       <class 'float'>
res                      <class 'libaster.NonLinearResult'>
v                        <class 'dict'>
tot                      <class 'float'>
line                     <class 'str'>

 ╔================================================================================================╗
 ║ <I> <CATAMESS_89>                                                                              ║
 ║                                                                                                ║
 ║ Liste des alarmes émises lors de l'exécution du calcul.                                        ║
 ║                                                                                                ║
 ║     Les alarmes que vous avez choisies d'ignorer sont précédées de (*).                        ║
 ║     Nombre d'occurrences pour chacune des alarmes :                                            ║
 ║            FACTOR_75            émise    6 fois                                                ║
 ╚================================================================================================╝

 ---------------------------------------------------------------------------
 Concepts de la base: G
    Nom        Type                Taille (Mo)         Nombre      Nombre de
                                                     d'objets       segments
    TOTAL                               455.60            477            723
  
    00000001   MAILLAGE_SDASTER          12.00             34             70
    00000002   MODELE_SDASTER            11.86             11             16
    00000003   MATER_SDASTER              0.00             15             15
    00000004   MATER_SDASTER              0.00             15             15
    00000005   MATER_SDASTER              0.00              7              7
    00000006   MATER_SDASTER              0.00              7              7
    00000007   MATER_SDASTER              0.00              7              7
    00000008   CHAM_MATER                 0.89              8             13
    00000009   CHAR_MECA                 12.89             56             76
    0000000a   CHAR_MECA                  9.42             56             76
    0000000b   FONCTION_SDASTER           0.00              3              3
    0000000c   LISTR8_SDASTER             0.00              6              6
    0000000d   LIST_INST                  0.00              8              8
    0000000e   EVOL_NOLI                342.84            186            237
    &FOZERO                               0.00              2              2
    &&_NUM_C                              0.00              1              1
    &CATA                                37.45             42            103
    &&NMDOME                              0.00              2              2
    0000000f                              0.12              2             14
    &&NMCH1P                             27.76              3              3
    00000012                              0.12              2             14
    00000015                              0.12              2             14
    00000018                              0.12              2             14
 (*) sous-objets non accessible directement
 ---------------------------------------------------------------------------
Nom de la base                          :  GLOBALE
     Nombre d'enregistrements utilisés       :  750
     Nombre d'enregistrements maximum        :  2684354
     Nombre d'enregistrements par fichier    :  15728
     Longueur d'enregistrement (octets)      :  819200
     Nombre total d'accès en lecture         :  719
     Volume des accès en lecture             :        561.72 Mo.
     Nombre total d'accès en écriture        :  336
     Volume des accès en écriture            :        262.50 Mo.
     Nombre d'identificateurs utilisés       :  917
     Taille maximum du répertoire            :  2000
     Pourcentage d'utilisation du répertoire :  45 %

Nom de la base                          :  VOLATILE
     Nombre d'enregistrements utilisés       :  584
     Nombre d'enregistrements maximum        :  2684354
     Nombre d'enregistrements par fichier    :  15728
     Longueur d'enregistrement (octets)      :  819200
     Nombre total d'accès en lecture         :  495
     Volume des accès en lecture             :        386.72 Mo.
     Nombre total d'accès en écriture        :  2658
     Volume des accès en écriture            :       2076.56 Mo.
     Nombre d'identificateurs utilisés       :  999
     Taille maximum du répertoire            :  2000
     Pourcentage d'utilisation du répertoire :  49 %

<I> <FIN> ARRET NORMAL DANS "FIN" PAR APPEL A "JEFINI".
  
 <I> <FIN> MEMOIRE JEVEUX MINIMALE REQUISE POUR L'EXECUTION :                     975.87 Mo
 <I> <FIN> MEMOIRE JEVEUX OPTIMALE REQUISE POUR L'EXECUTION :                    2755.75 Mo
 <I> <FIN> MAXIMUM DE MEMOIRE UTILISEE PAR LE PROCESSUS LORS DE L'EXECUTION :    6965.00 Mo
  
 <I>       FERMETURE DES BASES EFFECTUEE
  
   STATISTIQUES CONCERNANT L'ALLOCATION DYNAMIQUE :
     TAILLE CUMULEE MAXIMUM            :                 2756  Mo.
     TAILLE CUMULEE LIBEREE            :                 2223  Mo.
     NOMBRE TOTAL D'ALLOCATIONS        :              2669233
     NOMBRE TOTAL DE LIBERATIONS       :              2669233
     APPELS AU MECANISME DE LIBERATION :                    0
     TAILLE MEMOIRE CUMULEE RECUPEREE  :                 2238  Mo.
     VOLUME DES LECTURES               :                    0  Mo.
     VOLUME DES ECRITURES              :                 1849  Mo.
  
   MEMOIRE JEVEUX MINIMALE REQUISE POUR L'EXECUTION :     975.87 Mo
     - IMPOSE DE NOMBREUX ACCES DISQUE
     - RALENTIT LA VITESSE D'EXECUTION
   MEMOIRE JEVEUX OPTIMALE REQUISE POUR L'EXECUTION :    2755.75 Mo
     - LIMITE LES ACCES DISQUE
     - AMELIORE LA VITESSE D'EXECUTION
   MAXIMUM DE MEMOIRE UTILISEE PAR LE PROCESSUS     :    6965.00 Mo
     - COMPREND LA MEMOIRE CONSOMMEE PAR  JEVEUX, 
       LE SUPERVISEUR PYTHON, LES LIBRAIRIES EXTERNES
  
 <I>       FIN D'EXECUTION LE : LU-28-SEPT-2026 08:49:33
Signature of pickled file   : 95686217351f2a3afc81a9cffd128f0893143e5666a31e31c4548ed048c8dfb9
Signature of info file      : 3c20f1f5640021f40864a555f5a76b13ab8fe63e18d21d969fdb5f4a54e911d8
Signature of Jeveux database: 1da7d8f48224228f87d2baf49f1cca7bad18b53d31f425ffec07d9662cd60730

 ********************************************************************************
 * COMMAND                  :       USER :     SYSTEM :   USER+SYS :    ELAPSED *
 ********************************************************************************
 * DEBUT                    :       0.19 :       0.28 :       0.47 :       0.47 *
 * STAT_NON_LINE            :    1628.58 :     307.01 :    1935.59 :     634.09 *
 * CALC_CHAMP               :       0.73 :       0.01 :       0.74 :       0.74 *
 * POST_RELEVE_T            :       0.03 :       0.00 :       0.03 :       0.01 *
 * POST_RELEVE_T            :       0.02 :       0.00 :       0.02 :       0.00 *
 * DETRUIRE                 :       0.30 :       0.00 :       0.30 :       0.07 *
 * FIN                      :       0.35 :       0.19 :       0.54 :       0.42 *
 *  . sdveri                :       0.00 :       0.00 :       0.00 :       0.00 *
 *  . cleanup               :       0.00 :       0.00 :       0.00 :       0.00 *
 *  . check syntax          :       0.05 :       0.00 :       0.05 :       0.02 *
 *  . fortran               :    1629.83 :     307.49 :    1937.32 :     635.70 *
 ********************************************************************************
 * TOTAL_JOB                :    1630.42 :     307.52 :    1937.94 :     635.95 *
 ********************************************************************************

# Mémoire (Mo) :  6965.00 /  1510.31 /  2755.75 /   975.87 (VmPeak / VmSize / Optimum / Minimum)
# Fin commande #0007   user+syst:        0.35s (syst:        0.19s, elaps:        0.42s)
# ----------------------------------------------------------------------------------------------

EXECUTION_CODE_ASTER_EXIT_1003=0


saving result databases to 'BASE_PREC'...
execution ended (command file #3): <A>_ALARM
Running: /root/mm/envs/aster/bin/run_aster -w /home/user/aas-corner-fe/wd/v8c75_TV2 --status-file /root/.tmp_run_aster/run_aster_e_ttemwt/__status__ --no-mpi /root/.tmp_run_aster/run_aster_e_ttemwt/v8c75_TV2.resume.3

# ------------------------------------------------------------------------------
Execution of code_aster

# ------------------------------------------------------------------------------
Prepare environment in /home/user/aas-corner-fe/wd/v8c75_TV2

# ------------------------------------------------------------------------------
Command file #4 / 19

Content of the file to execute:
# coding=utf-8
# original filename
__file__ = r"/home/user/aas-corner-fe/jobs/v8c75_TV2_s04.comm"


# temporarly added for compatibility with code_aster legacy
from math import *

import code_aster
from code_aster.Commands import *
from code_aster import CA

POURSUITE(LANG='EN', PAR_LOT='NON')

LOADS='TV2'
CURVE='/home/user/aas-corner-fe/jobs/../results/v8c75_TV2.curve'
common=dict(MODELE=model, CHAM_MATER=fmat, EXCIT=(_F(CHARGE=fix), _F(CHARGE=load, FONC_MULT=ramp)),
        COMPORTEMENT=(_F(RELATION='ENDO_FISS_EXP', GROUP_MA=('CONC','HZ')), _F(RELATION='ELAS', GROUP_MA=('STEEL','SLV','HZH'))),
        NEWTON=_F(MATRICE='TANGENTE', REAC_ITER=1),
        CONVERGENCE=_F(RESI_GLOB_RELA=1.E-4, ITER_GLOB_MAXI=50), ARCHIVAGE=_F(PAS_ARCH=1), SOLVEUR=_F(METHODE='MUMPS', GESTION_MEMOIRE='OUT_OF_CORE', NPREC=10))
import os, re
tcur=0.0; peak=0.0; stopped=False
if os.path.exists(CURVE):
    for line in open(CURVE):
        m=re.match(r'CURVE\s+(\S+)\s+(\S+)', line)
        if m:
            tcur=max(tcur, float(m.group(1))); peak=max(peak, float(m.group(2)))
        if line.startswith('STOP'): stopped=True
def reac(res, t):
    r2=CALC_CHAMP(RESULTAT=res, FORCE='REAC_NODA', INST=t)
    vals={}
    for g in ('HEADT','HEADV'):
        try:
            tb=POST_RELEVE_T(ACTION=_F(OPERATION='EXTRACTION', INTITULE='R', RESULTAT=r2, NOM_CHAM='REAC_NODA',
                                       GROUP_NO=g, RESULTANTE='DX', INST=t)).EXTR_TABLE().values()
            vals[g]=-tb['DX'][-1]*2
        except Exception:
            vals[g]=0.
    DETRUIRE(NOM=r2)
    return vals
TARGETS=[0.1]
for tn in TARGETS:
    if stopped or tn <= tcur+1e-9: continue
    try:
        if tcur < 1e-12 and '0'=='1':
            res=STAT_NON_LINE(INCREMENT=_F(LIST_INST=times, INST_FIN=tn), **common)
        else:
            res=STAT_NON_LINE(reuse=res, ETAT_INIT=_F(EVOL_NOLI=res), INCREMENT=_F(LIST_INST=times, INST_FIN=tn), **common)
    except Exception as exc:
        print('AASSTOP at', tcur, exc, flush=True)
        open(CURVE,'a').write('STOP solver %g\n'%tcur); stopped=True; break
    tcur=tn
    v=reac(res, tcur)
    tot=(v['HEADT'] if 'T' in LOADS else 0.)+(v['HEADV'] if 'V' in LOADS else 0.)
    peak=max(peak, tot)
    open(CURVE,'a').write('CURVE %g %g %g %g\n'%(tcur,tot,v['HEADT'],v['HEADV']))
    print('AASCURVE %g %g %g %g'%(tcur,tot,v['HEADT'],v['HEADV']), flush=True)
    if tot < 0.9*peak:
        open(CURVE,'a').write('STOP peak %g\n'%peak); stopped=True; break
FIN()



# ------------------------------------------------------------------------------
Command line #4:
    ulimit -c unlimited ; ulimit -t 100000 ; ( /root/mm/envs/aster/bin/python3 "v8c75_TV2_s04.comm.changed.py" --memory 3000.0 --numthreads 4 --tpmax 20000 ; echo $? > _exit_code_ ) 2>&1 | tee -a fort.6
setting '--memory' value to 2700.00 MB (keyword RESERVE_MEMOIRE)
Ouverture en écriture du fichier ./vola.1

<INFO> Démarrage de l'exécution.

                       -- CODE_ASTER -- VERSION : DÉVELOPPEMENT (unstable) --                       
                               Version 18.1.6 modifiée le 14/09/2026                                
                                    révision n/a - branche 'n/a'                                    
                                     Copyright EDF 1991 - 2026                                      
                                                                                                    
                              Exécution du : Mon Sep 28 08:49:36 2026                               
                                       Nom de la machine : vm                                       
                                        Architecture : 64bit                                        
                                    Type de processeur : x86_64                                     
                Système d'exploitation : Linux-6.18.44-fc-v37-x86_64-with-glibc2.39                 
                                  Langue des messages : C (UTF-8)                                   
                                     Version de Python : 3.14.7                                     
                                      Version de NumPy : 2.5.3                                      
                                  Version de MEDCoupling : 9.16.0                                   
                                     Parallélisme MPI : inactif                                     
                                    Parallélisme OpenMP : actif                                     
                              Nombre de processus OpenMP utilisés : 4                               
                                Version de la librairie HDF5 : 2.2.0                                
                                Version de la librairie MED : 4.2.0                                 
                               Version de la librairie MFront : 5.1.0                               
                               Version de la librairie MUMPS : 5.8.2                                
                                  Librairie PETSc : non disponible                                  
                              Version de la librairie SCOTCH : 7.0.11                               

restarting from a previous execution...
/home/user/aas-corner-fe/wd/v8c75_TV2/v8c75_TV2_s04.comm.changed.py:13: DeprecationWarning: This feature is obsolete, 'PAR_LOT' has been removed.
  POURSUITE(LANG='EN', PAR_LOT='NON')
Valeur initiale du temps CPU maximum =   20000 secondes
  Valeur du temps CPU maximum passé aux commandes =   18000 secondes
  Réserve CPU prévue = 2000 secondes

Ouverture en lecture du fichier ./glob.1

Ajustement de la taille maximale des bases à 2048.00 Go.
    
Nom de la base                          :  GLOBALE
     Créée avec la version                   :  18.01.06
     Nombre d'enregistrements utilisés       :  750
     Nombre d'enregistrements maximum        :  2684354
     Nombre d'enregistrements par fichier    :  15728
     Longueur d'enregistrement (octets)      :  819200
     Nombre d'identificateurs utilisés       :  917
     Taille maximum du répertoire            :  2000
     Pourcentage d'utilisation du répertoire :  45 %

Ouverture en lecture du fichier ./glob.1

Ouverture en écriture du fichier ./vola.1

Fin de lecture (durée  0.000027  s.) 

                      Mémoire limite pour l'allocation dynamique : 3212.06 Mo                       
                         ajouté à l'initialisation du processus : 997.33 Mo                         
                               Limite cible du processus : 4209.39 Mo                               
                         Taille limite des fichiers d'échange : 2048.00 Go                          
pi                       <class 'float'>
e                        <class 'float'>
tau                      <class 'float'>
inf                      <class 'float'>
nan                      <class 'float'>
mesh                     <class 'libaster.Mesh'>
model                    <class 'libaster.Model'>
mat                      <class 'libaster.Material'>
matH                     <class 'libaster.Material'>
matHH                    <class 'libaster.Material'>
stl                      <class 'libaster.Material'>
slvm                     <class 'libaster.Material'>
fmat                     <class 'libaster.MaterialField'>
fix                      <class 'libaster.MechanicalLoadReal'>
grp                      <class 'list'>
load                     <class 'libaster.MechanicalLoadReal'>
ramp                     <class 'libaster.Function'>
steps                    <class 'libaster.ListOfFloats'>
times                    <class 'libaster.TimesList'>
LOADS                    <class 'str'>
CURVE                    <class 'str'>
common                   <class 'dict'>
tcur                     <class 'float'>
peak                     <class 'float'>
stopped                  <class 'bool'>
TARGETS                  <class 'list'>
tn                       <class 'float'>
res                      <class 'libaster.NonLinearResult'>
v                        <class 'dict'>
tot                      <class 'float'>
line                     <class 'str'>
# Mémoire (Mo) :  1319.92 /  1319.92 /   482.17 /   482.14 (VmPeak / VmSize / Optimum / Minimum)
# Fin commande #0001   user+syst:        0.19s (syst:        0.30s, elaps:        0.49s)
# ----------------------------------------------------------------------------------------------
/home/user/aas-corner-fe/wd/v8c75_TV2/v8c75_TV2_s04.comm.changed.py:24: ResourceWarning: unclosed file <_io.TextIOWrapper name='/home/user/aas-corner-fe/jobs/../results/v8c75_TV2.curve' mode='r' encoding='UTF-8'>
  for line in open(CURVE):

.. _stg1_txt48
# ----------------------------------------------------------------------------------------------
# Commande #0002 de /home/user/aas-corner-fe/wd/v8c75_TV2/v8c75_TV2_s04.comm.changed.py, ligne 48
res = STAT_NON_LINE(AFFICHAGE=_F(INFO_RESIDU='NON',
                                 INFO_TEMPS='NON'),
                    ARCHIVAGE=_F(CHAM_EXCLU=('RESI_NOEU', 'RESI_RELA_NOEU'),
                                 PAS_ARCH=1),
                    CHAM_MATER=fmat,
                    COMPORTEMENT=(_F(DEFORMATION='PETIT',
                                     GROUP_MA=('CONC', 'HZ'),
                                     ITER_CPLAN_MAXI=10,
                                     ITER_INTE_MAXI=20,
                                     ITER_INTE_PAS=0,
                                     PARM_THETA=1.0,
                                     REGU_VISC='NON',
                                     RELATION='ENDO_FISS_EXP',
                                     RESI_CPLAN_RELA=1e-06,
                                     RESI_INTE=1e-06),
                                  _F(DEFORMATION='PETIT',
                                     GROUP_MA=('STEEL', 'SLV', 'HZH'),
                                     ITER_CPLAN_MAXI=10,
                                     ITER_INTE_MAXI=20,
                                     ITER_INTE_PAS=0,
                                     PARM_THETA=1.0,
                                     REGU_VISC='NON',
                                     RELATION='ELAS',
                                     RESI_CPLAN_RELA=1e-06,
                                     RESI_INTE=1e-06)),
                    CONVERGENCE=_F(ARRET='OUI',
                                   ITER_GLOB_ELAS=25,
                                   ITER_GLOB_MAXI=50,
                                   RESI_GLOB_RELA=0.0001,
                                   VERIF='TOUT'),
                    ETAT_INIT=_F(EVOL_NOLI=res),
                    EXCIT=(_F(CHARGE='<00000009>',
                              TYPE_CHARGE='FIXE_CSTE'),
                           _F(CHARGE='<0000000a>',
                              FONC_MULT=ramp,
                              TYPE_CHARGE='FIXE_CSTE')),
                    INCREMENT=_F(CRITERE='RELATIF',
                                 INST_FIN=0.1,
                                 INST_INIT=0.08,
                                 LIST_INST=times,
                                 PRECISION=1e-06),
                    MESURE=_F(TABLE='NON'),
                    METHODE='NEWTON',
                    MODELE=model,
                    NEWTON=_F(MATRICE='TANGENTE',
                              MATR_RIGI_SYME='NON',
                              REAC_INCR=1,
                              REAC_ITER=1,
                              REAC_ITER_ELAS=0),
                    SOLVEUR=_F(ACCELERATION='AUTO',
                               ELIM_LAGR='LAGR2',
                               FILTRAGE_MATRICE=-1.0,
                               GESTION_MEMOIRE='OUT_OF_CORE',
                               LOW_RANK_SEUIL=0.0,
                               MATR_DISTRIBUEE='NON',
                               METHODE='MUMPS',
                               MIXER_PRECISION='NON',
                               NB_RHS=1,
                               NPREC=10,
                               PCENT_PIVOT=35,
                               POSTTRAITEMENTS='AUTO',
                               PRETRAITEMENTS='AUTO',
                               REDUCTION_MPI=0,
                               RENUM='AUTO',
                               RESI_RELA=-1.0,
                               STOP_SINGULIER='OUI',
                               TYPE_RESOL='AUTO'),
                    reuse=res)

Liste des comportements

Affecté sur 67406 éléments
Relation                             : ENDO_FISS_EXP
Déformation                          : PETIT
Pas de régularisation visqueuse
Pas de post-traitement à la fin du pas de temps
Nombre total de variables internes   : 9
V1 : ENDO
V2 : INDIENDO
V3 : ENDORIGI
V4 : EPSEXX
V5 : EPSEYY
V6 : EPSEZZ
V7 : EPSEXY
V8 : EPSEXZ
V9 : EPSEYZ
Affecté sur 11844 éléments
Relation                             : ELAS
Déformation                          : PETIT
Pas de régularisation visqueuse
Pas de post-traitement à la fin du pas de temps
Nombre total de variables internes   : 1
V1 : VIDE
Le système linéaire à résoudre a 375089 degrés de liberté:
   - 359637 sont des degrés de liberté physiques
     (ils sont portés par 111469 noeuds du maillage)
   - 15452 sont les couples de paramètres de Lagrange associés
     aux 7726 relations linéaires dualisées.
La matrice est de taille 375089 équations.
  Elle contient 19289373 termes non nuls si elle est symétrique et 38203657 termes non nuls si elle
n'est pas symétrique.
  Soit un taux de remplissage de   0.027 %.
Lecture de l'état initial
L'état initial a été récupéré dans la structure de données résultat de nom <0000000e> pour le numéro
d'ordre 5 et à l'instant  8.000000000000e-02
Le champ <DEPL> est lu dans ETAT_INIT dans la structure de données résultat donné dans la commande.
Le champ <SIEF_ELGA> est lu dans ETAT_INIT dans la structure de données résultat donné dans la
commande.
Le champ <VARI_ELGA> est lu dans ETAT_INIT dans la structure de données résultat donné dans la
commande.
---------------------------------------------------------------------
Instant de calcul:  1.000000000000e-01 - Niveau de découpe: 1

---------------------------------------------------------------------
|     NEWTON     |     RESIDU     |     RESIDU     |     OPTION     |
|    ITERATION   |     RELATIF    |     ABSOLU     |   ASSEMBLAGE   |
|                | RESI_GLOB_RELA | RESI_GLOB_MAXI |(+ TYPE MATRICE)|
---------------------------------------------------------------------
