WARNING: If MPI_Abort is called during execution, result files could not be copied.
Running: /root/mm/envs/aster/bin/run_aster -w /home/user/aas-corner-fe/wd/v8c75_TV --status-file /root/.tmp_run_aster/run_aster_dk8d6s0i/__status__ --no-mpi /root/.tmp_run_aster/run_aster_dk8d6s0i/v8c75_TV.0

# ------------------------------------------------------------------------------
Execution of code_aster

# ------------------------------------------------------------------------------
Prepare environment in /home/user/aas-corner-fe/wd/v8c75_TV

# ------------------------------------------------------------------------------
Command file #1 / 20

Content of the file to execute:
# coding=utf-8
# original filename
__file__ = r"/home/user/aas-corner-fe/jobs/v8c75_TV_s00.comm"


# temporarly added for compatibility with code_aster legacy
from math import *

import code_aster
from code_aster.Commands import *
from code_aster import CA

DEBUT(LANG='EN', PAR_LOT='NON')
mesh=LIRE_MAILLAGE(UNITE=20, FORMAT='MED')
mesh=DEFI_GROUP(reuse=mesh, MAILLAGE=mesh, CREA_GROUP_NO=_F(GROUP_MA=('SYMZ','FARX','FARY','HEADT','HEADV')))
model=AFFE_MODELE(MAILLAGE=mesh, AFFE=(
    _F(GROUP_MA=('CONC','HZ'), PHENOMENE='MECANIQUE', MODELISATION='3D_GRAD_VARI'),
    _F(GROUP_MA=('STEEL','SLV','HZH'), PHENOMENE='MECANIQUE', MODELISATION='3D')))
mat=DEFI_MATER_GC(ENDO_FISS_EXP=_F(E=32836.56803133079, NU=0.2, FT=2.896468153816889, FC=38.0, GF=0.14050245330952899, P=1.5, LARG_BANDE=12, REST_RIGI_FC=0.))
matH=DEFI_MATER_GC(ENDO_FISS_EXP=_F(E=32836.56803133079, NU=0.2, FT=2.896468153816889, FC=76.0, GF=0.14050245330952899, P=1.5, LARG_BANDE=12, REST_RIGI_FC=0.))
matHH=DEFI_MATERIAU(ELAS=_F(E=32836.56803133079, NU=0.2))
stl=DEFI_MATERIAU(ELAS=_F(E=210000., NU=0.3))
slvm=DEFI_MATERIAU(ELAS=_F(E=10., NU=0.3))
fmat=AFFE_MATERIAU(MAILLAGE=mesh, AFFE=(_F(GROUP_MA='CONC', MATER=mat), _F(GROUP_MA='HZ', MATER=matH), _F(GROUP_MA='HZH', MATER=matHH), _F(GROUP_MA='STEEL', MATER=stl), _F(GROUP_MA='SLV', MATER=slvm)))
fix=AFFE_CHAR_MECA(MODELE=model, DDL_IMPO=(_F(GROUP_MA='SYMZ', DZ=0.), _F(GROUP_MA='FARX', DX=0.), _F(GROUP_MA='FARY', DY=0.)))
grp=[]
if 'T' in 'TV': grp.append('HEADT')
if 'V' in 'TV': grp.append('HEADV')
load=AFFE_CHAR_MECA(MODELE=model, DDL_IMPO=tuple(_F(GROUP_MA=g, DX=-1) for g in grp))
ramp=DEFI_FONCTION(NOM_PARA='INST', VALE=(0.,0.,0.4,0.4))
steps=DEFI_LIST_REEL(DEBUT=0., INTERVALLE=_F(JUSQU_A=0.4, NOMBRE=20))
times=DEFI_LIST_INST(DEFI_LIST=_F(LIST_INST=steps), ECHEC=_F(EVENEMENT='ERREUR', ACTION='DECOUPE', SUBD_METHODE='MANUEL', SUBD_PAS=2, SUBD_NIVEAU=5))

LOADS='TV'
CURVE='/home/user/aas-corner-fe/jobs/../results/v8c75_TV.curve'
common=dict(MODELE=model, CHAM_MATER=fmat, EXCIT=(_F(CHARGE=fix), _F(CHARGE=load, FONC_MULT=ramp)),
        COMPORTEMENT=(_F(RELATION='ENDO_FISS_EXP', GROUP_MA=('CONC','HZ')), _F(RELATION='ELAS', GROUP_MA=('STEEL','SLV','HZH'))),
        NEWTON=_F(MATRICE='TANGENTE', REAC_ITER=1),
        CONVERGENCE=_F(RESI_GLOB_RELA=1.E-4, ITER_GLOB_MAXI=30), ARCHIVAGE=_F(PAS_ARCH=1), SOLVEUR=_F(METHODE='MUMPS', GESTION_MEMOIRE='OUT_OF_CORE'))
import os, re
tcur=0.0; peak=0.0; stopped=False
if os.path.exists(CURVE):
    for line in open(CURVE):
        m=re.match(r'CURVE\s+(\S+)\s+(\S+)', line)
        if m:
            tcur=max(tcur, float(m.group(1))); peak=max(peak, float(m.group(2)))
        if line.startswith('STOP'): stopped=True
def reac(res, t):
    r2=CALC_CHAMP(RESULTAT=res, FORCE='REAC_NODA', INST=t)
    vals={}
    for g in ('HEADT','HEADV'):
        try:
            tb=POST_RELEVE_T(ACTION=_F(OPERATION='EXTRACTION', INTITULE='R', RESULTAT=r2, NOM_CHAM='REAC_NODA',
                                       GROUP_NO=g, RESULTANTE='DX', INST=t)).EXTR_TABLE().values()
            vals[g]=-tb['DX'][-1]*2
        except Exception:
            vals[g]=0.
    DETRUIRE(NOM=r2)
    return vals
TARGETS=[0.02]
for tn in TARGETS:
    if stopped or tn <= tcur+1e-9: continue
    try:
        if tcur < 1e-12 and '1'=='1':
            res=STAT_NON_LINE(INCREMENT=_F(LIST_INST=times, INST_FIN=tn), **common)
        else:
            res=STAT_NON_LINE(reuse=res, ETAT_INIT=_F(EVOL_NOLI=res), INCREMENT=_F(LIST_INST=times, INST_FIN=tn), **common)
    except Exception as exc:
        print('AASSTOP at', tcur, exc, flush=True)
        open(CURVE,'a').write('STOP solver %g\n'%tcur); stopped=True; break
    tcur=tn
    v=reac(res, tcur)
    tot=(v['HEADT'] if 'T' in LOADS else 0.)+(v['HEADV'] if 'V' in LOADS else 0.)
    peak=max(peak, tot)
    open(CURVE,'a').write('CURVE %g %g %g %g\n'%(tcur,tot,v['HEADT'],v['HEADV']))
    print('AASCURVE %g %g %g %g'%(tcur,tot,v['HEADT'],v['HEADV']), flush=True)
    if tot < 0.9*peak:
        open(CURVE,'a').write('STOP peak %g\n'%peak); stopped=True; break
FIN()



# ------------------------------------------------------------------------------
Command line #1:
    ulimit -c unlimited ; ulimit -t 50000 ; ( /root/mm/envs/aster/bin/python3 "v8c75_TV_s00.comm.changed.py" --link="F::mmed::/home/user/aas-corner-fe/jobs/../mesh/m8_h100_d16_ct75_e75_T.med::D::20" --memory 3600.0 --numthreads 2 --tpmax 20000 ; echo $? > _exit_code_ ) 2>&1 | tee -a fort.6
setting '--memory' value to 3240.00 MB (keyword RESERVE_MEMOIRE)
copying (shutil) '/home/user/aas-corner-fe/jobs/../mesh/m8_h100_d16_ct75_e75_T.med' to 'fort.20'...
Ouverture en écriture du fichier ./vola.1

<INFO> Démarrage de l'exécution.

                       -- CODE_ASTER -- VERSION : DÉVELOPPEMENT (unstable) --                       
                               Version 18.1.6 modifiée le 14/09/2026                                
                                    révision n/a - branche 'n/a'                                    
                                     Copyright EDF 1991 - 2026                                      
                                                                                                    
                              Exécution du : Thu Sep 24 15:40:02 2026                               
                                       Nom de la machine : vm                                       
                                        Architecture : 64bit                                        
                                    Type de processeur : x86_64                                     
                Système d'exploitation : Linux-6.18.44-fc-v37-x86_64-with-glibc2.39                 
                                  Langue des messages : C (UTF-8)                                   
                                     Version de Python : 3.14.7                                     
                                      Version de NumPy : 2.5.3                                      
                                  Version de MEDCoupling : 9.16.0                                   
                                     Parallélisme MPI : inactif                                     
                                    Parallélisme OpenMP : actif                                     
                              Nombre de processus OpenMP utilisés : 2                               
                                Version de la librairie HDF5 : 2.2.0                                
                                Version de la librairie MED : 4.2.0                                 
                               Version de la librairie MFront : 5.1.0                               
                               Version de la librairie MUMPS : 5.8.2                                
                                  Librairie PETSc : non disponible                                  
                              Version de la librairie SCOTCH : 7.0.11                               

starting the execution...
/home/user/aas-corner-fe/wd/v8c75_TV/v8c75_TV_s00.comm.changed.py:13: DeprecationWarning: This feature is obsolete, 'PAR_LOT' has been removed.
  DEBUT(LANG='EN', PAR_LOT='NON')
Valeur initiale du temps CPU maximum =   20000 secondes
  Valeur du temps CPU maximum passé aux commandes =   18000 secondes
  Réserve CPU prévue = 2000 secondes

Ouverture en écriture du fichier ./glob.1

Ouverture en écriture du fichier ./vola.1

Ouverture en lecture du fichier /root/mm/envs/aster/lib/elem.1

Nom de la base                          :  ELEMBASE
     Créée avec la version                   :  18.01.06
     Nombre d'enregistrements utilisés       :  54
     Nombre d'enregistrements maximum        :  512
     Nombre d'enregistrements par fichier    :  512
     Longueur d'enregistrement (octets)      :  819200
     Nombre d'identificateurs utilisés       :  123
     Taille maximum du répertoire            :  300
     Pourcentage d'utilisation du répertoire :  41 %

Ouverture en lecture du fichier /root/mm/envs/aster/lib/elem.1

Nom de la base                          :  ELEMBASE
     Nombre d'enregistrements utilisés       :  54
     Nombre d'enregistrements maximum        :  512
     Nombre d'enregistrements par fichier    :  512
     Longueur d'enregistrement (octets)      :  819200
     Nombre total d'accès en lecture         :  72
     Volume des accès en lecture             :         56.25 Mo.
     Nombre total d'accès en écriture        :  0
     Volume des accès en écriture            :          0.00 Mo.
     Nombre d'identificateurs utilisés       :  123
     Taille maximum du répertoire            :  300
     Pourcentage d'utilisation du répertoire :  41 %

Relecture des catalogues des éléments faite.

Fin de lecture (durée  0.376957  s.) 

                      Mémoire limite pour l'allocation dynamique : 3798.87 Mo                       
                         ajouté à l'initialisation du processus : 863.96 Mo                         
                               Limite cible du processus : 4662.82 Mo                               
                         Taille limite des fichiers d'échange : 2048.00 Go                          
# Mémoire (Mo) :   863.96 /   854.64 /   216.07 /   186.93 (VmPeak / VmSize / Optimum / Minimum)
# Fin commande #0001   user+syst:        0.07s (syst:        2.49s, elaps:        2.62s)
# ----------------------------------------------------------------------------------------------

.. _stg1_txt14
# ----------------------------------------------------------------------------------------------
# Commande #0002 de /home/user/aas-corner-fe/wd/v8c75_TV/v8c75_TV_s00.comm.changed.py, ligne 14
mesh = LIRE_MAILLAGE(FORMAT='MED',
                     INFO=1,
                     INFO_MED=0,
                     PARTITIONNEUR='SANS',
                     UNITE=20,
                     VERI_MAIL=_F(APLAT=0.001,
                                  VERIF='OUI'))

Nom MED du maillage : untitled


------------ MAILLAGE 00000001 - IMPRESSIONS NIVEAU  1 ------------


NOMBRE DE NOEUDS                      111469

NOMBRE DE MAILLES                      83023
                              TRIA6                3773
                              TETRA10             79250

NOMBRE DE GROUPES DE MAILLES              10

--------------------------------------------------------------------------------

Vérification du maillage.

# Résultat commande #0002 (LIRE_MAILLAGE): mesh ('<00000001>') de type <Mesh>
# Mémoire (Mo) :  1207.09 /   877.32 /   229.69 /   191.60 (VmPeak / VmSize / Optimum / Minimum)
# Fin commande #0002   user+syst:        1.25s (syst:        2.19s, elaps:        3.50s)
# ----------------------------------------------------------------------------------------------

.. _stg1_txt15
# ----------------------------------------------------------------------------------------------
# Commande #0003 de /home/user/aas-corner-fe/wd/v8c75_TV/v8c75_TV_s00.comm.changed.py, ligne 15
mesh = DEFI_GROUP(ALARME='OUI',
                  CREA_GROUP_NO=_F(CRIT_NOEUD='TOUS',
                                   GROUP_MA=('SYMZ', 'FARX', 'FARY', 'HEADT', 'HEADV')),
                  MAILLAGE=mesh,
                  reuse=mesh)



NOMBRE  DE GROUPES DE NOEUDS CREES :      5
=======================================

               ------------------------------------------------------
               !         NOM DU GROUPE         ! NBRE DE NOEUDS DU  !
               !            NOEUDS             !      GROUPE_NO     !
               ------------------------------------------------------
               !  SYMZ                         !      7075          !
               !  FARX                         !       257          !
               !  FARY                         !       257          !
               !  HEADT                        !       122          !
               !  HEADV                        !        15          !
               ------------------------------------------------------

# Résultat commande #0003 (DEFI_GROUP): mesh ('<00000001>') de type <Mesh>
# Mémoire (Mo) :  1207.09 /   877.32 /   229.69 /   191.60 (VmPeak / VmSize / Optimum / Minimum)
# Fin commande #0003   user+syst:        0.02s (syst:        0.00s, elaps:        0.02s)
# ----------------------------------------------------------------------------------------------

.. _stg1_txt16
# ----------------------------------------------------------------------------------------------
# Commande #0004 de /home/user/aas-corner-fe/wd/v8c75_TV/v8c75_TV_s00.comm.changed.py, ligne 16
model = AFFE_MODELE(AFFE=(_F(GROUP_MA=('CONC', 'HZ'),
                             MODELISATION='3D_GRAD_VARI',
                             PHENOMENE='MECANIQUE'),
                          _F(GROUP_MA=('STEEL', 'SLV', 'HZH'),
                             MODELISATION='3D',
                             PHENOMENE='MECANIQUE')),
                    DISTRIBUTION=_F(METHODE='SOUS_DOMAINE',
                                    PARTITIONNEUR='METIS'),
                    INFO=1,
                    MAILLAGE=mesh,
                    VERI_FORMULATION_IFS='OUI',
                    VERI_JACOBIEN='OUI',
                    VERI_NORM_IFS='OUI',
                    VERI_PLAN='OUI')

Sur les 83023 mailles du maillage 00000001, on a demandé l'affectation de 79250, on a pu en affecter
79250.
Modélisation     Formulation      Type maille  Élément fini     Nombre
3D               _                TETRA10      MECA_TETRA10     11844
3D_GRAD_VARI     _                TETRA10      MVCA_TETRA10     67406
#2      Calculs elementaires et assemblages               CPU (USER+SYST/SYST/ELAPS):      0.07      0.00      0.08
# Résultat commande #0004 (AFFE_MODELE): model ('<00000002>') de type <Model>
# Mémoire (Mo) :  1207.09 /  1016.68 /   234.79 /   220.77 (VmPeak / VmSize / Optimum / Minimum)
# Fin commande #0004   user+syst:        0.60s (syst:        0.01s, elaps:        0.62s)
# ----------------------------------------------------------------------------------------------

.. _stg1_txt19
# ----------------------------------------------------------------------------------------------
# Commande #0005 de /home/user/aas-corner-fe/wd/v8c75_TV/v8c75_TV_s00.comm.changed.py, ligne 19
mat = DEFI_MATER_GC(ENDO_FISS_EXP=_F(COEF_RIGI_MINI=0.0,
                                     E=32836.56803133079,
                                     FC=38.0,
                                     FT=2.896468153816889,
                                     GF=0.14050245330952899,
                                     LARG_BANDE=12,
                                     NU=0.2,
                                     P=1.5,
                                     REST_RIGI_FC=0.0),
                    INFO=1)

# Résultat commande #0005 (DEFI_MATER_GC): mat ('<00000003>') de type <Material>
# Mémoire (Mo) :  1207.09 /  1016.68 /   234.79 /   220.77 (VmPeak / VmSize / Optimum / Minimum)
# Fin commande #0005   user+syst:        0.01s (syst:        0.00s, elaps:        0.01s)
# ----------------------------------------------------------------------------------------------

.. _stg1_txt20
# ----------------------------------------------------------------------------------------------
# Commande #0007 de /home/user/aas-corner-fe/wd/v8c75_TV/v8c75_TV_s00.comm.changed.py, ligne 20
matH = DEFI_MATER_GC(ENDO_FISS_EXP=_F(COEF_RIGI_MINI=0.0,
                                      E=32836.56803133079,
                                      FC=76.0,
                                      FT=2.896468153816889,
                                      GF=0.14050245330952899,
                                      LARG_BANDE=12,
                                      NU=0.2,
                                      P=1.5,
                                      REST_RIGI_FC=0.0),
                     INFO=1)

# Résultat commande #0007 (DEFI_MATER_GC): matH ('<00000004>') de type <Material>
# Mémoire (Mo) :  1207.09 /  1016.68 /   234.79 /   220.77 (VmPeak / VmSize / Optimum / Minimum)
# Fin commande #0007   user+syst:        0.01s (syst:        0.00s, elaps:        0.01s)
# ----------------------------------------------------------------------------------------------

.. _stg1_txt21
# ----------------------------------------------------------------------------------------------
# Commande #0009 de /home/user/aas-corner-fe/wd/v8c75_TV/v8c75_TV_s00.comm.changed.py, ligne 21
matHH = DEFI_MATERIAU(ELAS=_F(B_ENDOGE=0.0,
                              COEF_AMOR=1.0,
                              E=32836.56803133079,
                              K_DESSIC=0.0,
                              NU=0.2),
                      INFO=1)

# Résultat commande #0009 (DEFI_MATERIAU): matHH ('<00000005>') de type <Material>
# Mémoire (Mo) :  1207.09 /  1016.68 /   234.79 /   220.77 (VmPeak / VmSize / Optimum / Minimum)
# Fin commande #0009   user+syst:        0.00s (syst:        0.00s, elaps:        0.00s)
# ----------------------------------------------------------------------------------------------

.. _stg1_txt22
# ----------------------------------------------------------------------------------------------
# Commande #0010 de /home/user/aas-corner-fe/wd/v8c75_TV/v8c75_TV_s00.comm.changed.py, ligne 22
stl = DEFI_MATERIAU(ELAS=_F(B_ENDOGE=0.0,
                            COEF_AMOR=1.0,
                            E=210000.0,
                            K_DESSIC=0.0,
                            NU=0.3),
                    INFO=1)

# Résultat commande #0010 (DEFI_MATERIAU): stl ('<00000006>') de type <Material>
# Mémoire (Mo) :  1207.09 /  1016.68 /   234.79 /   220.77 (VmPeak / VmSize / Optimum / Minimum)
# Fin commande #0010   user+syst:        0.00s (syst:        0.00s, elaps:        0.01s)
# ----------------------------------------------------------------------------------------------

.. _stg1_txt23
# ----------------------------------------------------------------------------------------------
# Commande #0011 de /home/user/aas-corner-fe/wd/v8c75_TV/v8c75_TV_s00.comm.changed.py, ligne 23
slvm = DEFI_MATERIAU(ELAS=_F(B_ENDOGE=0.0,
                             COEF_AMOR=1.0,
                             E=10.0,
                             K_DESSIC=0.0,
                             NU=0.3),
                     INFO=1)

# Résultat commande #0011 (DEFI_MATERIAU): slvm ('<00000007>') de type <Material>
# Mémoire (Mo) :  1207.09 /  1016.68 /   234.79 /   220.77 (VmPeak / VmSize / Optimum / Minimum)
# Fin commande #0011   user+syst:        0.01s (syst:        0.00s, elaps:        0.00s)
# ----------------------------------------------------------------------------------------------

.. _stg1_txt24
# ----------------------------------------------------------------------------------------------
# Commande #0012 de /home/user/aas-corner-fe/wd/v8c75_TV/v8c75_TV_s00.comm.changed.py, ligne 24
fmat = AFFE_MATERIAU(AFFE=(_F(GROUP_MA='CONC',
                              MATER=mat),
                           _F(GROUP_MA='HZ',
                              MATER=matH),
                           _F(GROUP_MA='HZH',
                              MATER=matHH),
                           _F(GROUP_MA='STEEL',
                              MATER=stl),
                           _F(GROUP_MA='SLV',
                              MATER=slvm)),
                     INFO=1,
                     MAILLAGE=mesh)

# Résultat commande #0012 (AFFE_MATERIAU): fmat ('<00000008>') de type <MaterialField>
# Mémoire (Mo) :  1207.09 /  1017.57 /   234.79 /   220.77 (VmPeak / VmSize / Optimum / Minimum)
# Fin commande #0012   user+syst:        0.02s (syst:        0.00s, elaps:        0.02s)
# ----------------------------------------------------------------------------------------------

.. _stg1_txt25
# ----------------------------------------------------------------------------------------------
# Commande #0013 de /home/user/aas-corner-fe/wd/v8c75_TV/v8c75_TV_s00.comm.changed.py, ligne 25
fix = AFFE_CHAR_MECA(DDL_IMPO=(_F(DZ=0.0,
                                  GROUP_MA='SYMZ'),
                               _F(DX=0.0,
                                  GROUP_MA='FARX'),
                               _F(DY=0.0,
                                  GROUP_MA='FARY')),
                     DOUBLE_LAGRANGE='OUI',
                     INFO=1,
                     MODELE=model,
                     SYNTAXE='NON',
                     VERI_AFFE='OUI',
                     VERI_NORM='OUI')

# Résultat commande #0013 (AFFE_CHAR_MECA): fix ('<00000009>') de type <MechanicalLoadReal>
# Mémoire (Mo) :  1207.09 /  1029.67 /   244.34 /   220.77 (VmPeak / VmSize / Optimum / Minimum)
# Fin commande #0013   user+syst:        0.13s (syst:        0.01s, elaps:        0.13s)
# ----------------------------------------------------------------------------------------------

.. _stg1_txt29
# ----------------------------------------------------------------------------------------------
# Commande #0014 de /home/user/aas-corner-fe/wd/v8c75_TV/v8c75_TV_s00.comm.changed.py, ligne 29
load = AFFE_CHAR_MECA(DDL_IMPO=(_F(DX=-1,
                                   GROUP_MA='HEADT'),
                                _F(DX=-1,
                                   GROUP_MA='HEADV')),
                      DOUBLE_LAGRANGE='OUI',
                      INFO=1,
                      MODELE=model,
                      SYNTAXE='NON',
                      VERI_AFFE='OUI',
                      VERI_NORM='OUI')

# Résultat commande #0014 (AFFE_CHAR_MECA): load ('<0000000a>') de type <MechanicalLoadReal>
# Mémoire (Mo) :  1207.09 /  1039.02 /   253.76 /   220.77 (VmPeak / VmSize / Optimum / Minimum)
# Fin commande #0014   user+syst:        0.01s (syst:        0.00s, elaps:        0.03s)
# ----------------------------------------------------------------------------------------------

.. _stg1_txt30
# ----------------------------------------------------------------------------------------------
# Commande #0015 de /home/user/aas-corner-fe/wd/v8c75_TV/v8c75_TV_s00.comm.changed.py, ligne 30
ramp = DEFI_FONCTION(INFO=1,
                     INTERPOL='LIN',
                     NOM_PARA='INST',
                     NOM_RESU='TOUTRESU',
                     PROL_DROITE='EXCLU',
                     PROL_GAUCHE='EXCLU',
                     VALE=(0.0, 0.0, 0.4, 0.4),
                     VERIF='CROISSANT')

# Résultat commande #0015 (DEFI_FONCTION): ramp ('<0000000b>') de type <Function>
# Mémoire (Mo) :  1207.09 /  1039.02 /   253.76 /   220.77 (VmPeak / VmSize / Optimum / Minimum)
# Fin commande #0015   user+syst:        0.00s (syst:        0.00s, elaps:        0.00s)
# ----------------------------------------------------------------------------------------------

.. _stg1_txt31
# ----------------------------------------------------------------------------------------------
# Commande #0016 de /home/user/aas-corner-fe/wd/v8c75_TV/v8c75_TV_s00.comm.changed.py, ligne 31
steps = DEFI_LIST_REEL(DEBUT=0.0,
                       INFO=1,
                       INTERVALLE=_F(JUSQU_A=0.4,
                                     NOMBRE=20))

# Résultat commande #0016 (DEFI_LIST_REEL): steps ('<0000000c>') de type <ListOfFloats>
# Mémoire (Mo) :  1207.09 /  1039.02 /   253.77 /   220.77 (VmPeak / VmSize / Optimum / Minimum)
# Fin commande #0016   user+syst:        0.01s (syst:        0.00s, elaps:        0.00s)
# ----------------------------------------------------------------------------------------------

.. _stg1_txt32
# ----------------------------------------------------------------------------------------------
# Commande #0017 de /home/user/aas-corner-fe/wd/v8c75_TV/v8c75_TV_s00.comm.changed.py, ligne 32
times = DEFI_LIST_INST(DEFI_LIST=_F(LIST_INST=steps),
                       ECHEC=_F(ACTION='DECOUPE',
                                EVENEMENT='ERREUR',
                                SUBD_METHODE='MANUEL',
                                SUBD_NIVEAU=5,
                                SUBD_PAS=2,
                                SUBD_PAS_MINI=0.0),
                       INFO=1,
                       METHODE='MANUEL')

Gestion manuelle de la liste d'instants.
La liste d'instants contient 21 pas de temps et le pas de temps minimum vaut          0.02.
Il y a 1 événements.
L'événement 1 est pour capturer les erreurs.
Si cet événement se déclenche, on découpe le pas de temps.
La découpe du pas de temps est manuelle.
On découpe le pas de temps en 2 incréments jusqu'à ce que le niveau atteigne 5.
# Résultat commande #0017 (DEFI_LIST_INST): times ('<0000000d>') de type <TimesList>
# Dépend de :
# - steps ('<0000000c>') de type <ListOfFloats>
# Mémoire (Mo) :  1207.09 /  1039.02 /   253.77 /   220.77 (VmPeak / VmSize / Optimum / Minimum)
# Fin commande #0017   user+syst:        0.00s (syst:        0.01s, elaps:        0.01s)
# ----------------------------------------------------------------------------------------------

.. _stg1_txt65
# ----------------------------------------------------------------------------------------------
# Commande #0018 de /home/user/aas-corner-fe/wd/v8c75_TV/v8c75_TV_s00.comm.changed.py, ligne 65
res = STAT_NON_LINE(AFFICHAGE=_F(INFO_RESIDU='NON',
                                 INFO_TEMPS='NON'),
                    ARCHIVAGE=_F(CHAM_EXCLU=('RESI_NOEU', 'RESI_RELA_NOEU'),
                                 PAS_ARCH=1),
                    CHAM_MATER=fmat,
                    COMPORTEMENT=(_F(DEFORMATION='PETIT',
                                     GROUP_MA=('CONC', 'HZ'),
                                     ITER_CPLAN_MAXI=10,
                                     ITER_INTE_MAXI=20,
                                     ITER_INTE_PAS=0,
                                     PARM_THETA=1.0,
                                     REGU_VISC='NON',
                                     RELATION='ENDO_FISS_EXP',
                                     RESI_CPLAN_RELA=1e-06,
                                     RESI_INTE=1e-06),
                                  _F(DEFORMATION='PETIT',
                                     GROUP_MA=('STEEL', 'SLV', 'HZH'),
                                     ITER_CPLAN_MAXI=10,
                                     ITER_INTE_MAXI=20,
                                     ITER_INTE_PAS=0,
                                     PARM_THETA=1.0,
                                     REGU_VISC='NON',
                                     RELATION='ELAS',
                                     RESI_CPLAN_RELA=1e-06,
                                     RESI_INTE=1e-06)),
                    CONVERGENCE=_F(ARRET='OUI',
                                   ITER_GLOB_ELAS=25,
                                   ITER_GLOB_MAXI=30,
                                   RESI_GLOB_RELA=0.0001,
                                   VERIF='TOUT'),
                    EXCIT=(_F(CHARGE=fix,
                              TYPE_CHARGE='FIXE_CSTE'),
                           _F(CHARGE=load,
                              FONC_MULT=ramp,
                              TYPE_CHARGE='FIXE_CSTE')),
                    INCREMENT=_F(CRITERE='RELATIF',
                                 INST_FIN=0.02,
                                 LIST_INST=times,
                                 NUME_INST_INIT=0,
                                 PRECISION=1e-06),
                    MESURE=_F(TABLE='NON'),
                    METHODE='NEWTON',
                    MODELE=model,
                    NEWTON=_F(MATRICE='TANGENTE',
                              MATR_RIGI_SYME='NON',
                              REAC_INCR=1,
                              REAC_ITER=1,
                              REAC_ITER_ELAS=0),
                    SOLVEUR=_F(ACCELERATION='AUTO',
                               ELIM_LAGR='LAGR2',
                               FILTRAGE_MATRICE=-1.0,
                               GESTION_MEMOIRE='OUT_OF_CORE',
                               LOW_RANK_SEUIL=0.0,
                               MATR_DISTRIBUEE='NON',
                               METHODE='MUMPS',
                               MIXER_PRECISION='NON',
                               NB_RHS=1,
                               NPREC=8,
                               PCENT_PIVOT=35,
                               POSTTRAITEMENTS='AUTO',
                               PRETRAITEMENTS='AUTO',
                               REDUCTION_MPI=0,
                               RENUM='AUTO',
                               RESI_RELA=-1.0,
                               STOP_SINGULIER='OUI',
                               TYPE_RESOL='AUTO'))

Liste des comportements

Affecté sur 67406 éléments
Relation                             : ENDO_FISS_EXP
Déformation                          : PETIT
Pas de régularisation visqueuse
Pas de post-traitement à la fin du pas de temps
Nombre total de variables internes   : 9
V1 : ENDO
V2 : INDIENDO
V3 : ENDORIGI
V4 : EPSEXX
V5 : EPSEYY
V6 : EPSEZZ
V7 : EPSEXY
V8 : EPSEXZ
V9 : EPSEYZ
Affecté sur 11844 éléments
Relation                             : ELAS
Déformation                          : PETIT
Pas de régularisation visqueuse
Pas de post-traitement à la fin du pas de temps
Nombre total de variables internes   : 1
V1 : VIDE
Le système linéaire à résoudre a 375089 degrés de liberté:
   - 359637 sont des degrés de liberté physiques
     (ils sont portés par 111469 noeuds du maillage)
   - 15452 sont les couples de paramètres de Lagrange associés
     aux 7726 relations linéaires dualisées.
La matrice est de taille 375089 équations.
  Elle contient 19289373 termes non nuls si elle est symétrique et 38203657 termes non nuls si elle
n'est pas symétrique.
  Soit un taux de remplissage de   0.027 %.
Il n'y a pas d'état initial défini. On prend un état initial nul.
Le champ <DEPL> est initialisé a zéro
Le champ <SIEF_ELGA> est initialisé a zéro
Le champ <VARI_ELGA> est initialisé a zéro
Archivage de l'état initial
Archivage des champs

Champ stocké <DEPL> à l'instant  0.000000000000e+00 pour le numéro d'ordre 0
Champ stocké <SIEF_ELGA> à l'instant  0.000000000000e+00 pour le numéro d'ordre 0
Champ stocké <VARI_ELGA> à l'instant  0.000000000000e+00 pour le numéro d'ordre 0
Champ stocké <COMPORTEMENT> à l'instant  0.000000000000e+00 pour le numéro d'ordre 0
---------------------------------------------------------------------
Instant de calcul:  2.000000000000e-02 - Niveau de découpe: 1

---------------------------------------------------------------------
|     NEWTON     |     RESIDU     |     RESIDU     |     OPTION     |
|    ITERATION   |     RELATIF    |     ABSOLU     |   ASSEMBLAGE   |
|                | RESI_GLOB_RELA | RESI_GLOB_MAXI |(+ TYPE MATRICE)|
---------------------------------------------------------------------

 ╔================================================================================================╗
 ║ <A> <FACTOR_75>                                                                                ║
 ║                                                                                                ║
 ║ Attention, vous avez demandé un calcul OUT_OF_CORE, mais MUMPS estime avoir besoin pour cela   ║
 ║ d'au moins                                                                                     ║
 ║   3545 Mo  alors qu'il n'y a que 1348 Mo de disponible sur ce processeur !                     ║
 ║   Le calcul pourrait donc être ralenti ou s'arrêter pour cette raison.                         ║
 ║                                                                                                ║
 ║   Pour information: mémoire déjà pré-allouée par MUMPS (exécutable, matrice...)= 469 Mo,       ║
 ║                     nombre de systèmes linéaires à factoriser en même temps    = 1.            ║
 ║                                                                                                ║
 ║ Conseils :                                                                                     ║
 ║   La prochaine fois, relancez avec plus de mémoire globale ou avec une option de calcul plus   ║
 ║ économe                                                                                        ║
 ║   (par ordre décroissant d'efficacité):                                                        ║
 ║    - Si le calcul est parallèle, réduisez la consommation MUMPS en augmentant le nombre de     ║
 ║ processeurs,                                                                                   ║
 ║    - Si le calcul est parallèle, réduisez la consommation Aster en activant l'option           ║
 ║ SOLVEUR/MATR_DISTRIBUEE,                                                                       ║
 ║   Ou, plus radicalement:                                                                       ║
 ║    - Utilisez un solveur moins exigeant en mémoire (par exemple: SOLVEUR/METHODE='PETSC' +     ║
 ║ PRECOND='LDLT_SP').                                                                            ║
 ║                                                                                                ║
 ║                                                                                                ║
 ║ Ceci est une alarme. Si vous ne comprenez pas le sens de cette                                 ║
 ║ alarme, vous pouvez obtenir des résultats inattendus !                                         ║
 ╚================================================================================================╝

|     0        X | 3.71990E-01  X | 2.72639E+02    |TANGENTE (NOSYM)|

 ╔================================================================================================╗
 ║ <A> <FACTOR_75>                                                                                ║
 ║                                                                                                ║
 ║ Attention, vous avez demandé un calcul OUT_OF_CORE, mais MUMPS estime avoir besoin pour cela   ║
 ║ d'au moins                                                                                     ║
 ║   3546 Mo  alors qu'il n'y a que 1289 Mo de disponible sur ce processeur !                     ║
 ║   Le calcul pourrait donc être ralenti ou s'arrêter pour cette raison.                         ║
 ║                                                                                                ║
 ║   Pour information: mémoire déjà pré-allouée par MUMPS (exécutable, matrice...)= 470 Mo,       ║
 ║                     nombre de systèmes linéaires à factoriser en même temps    = 1.            ║
 ║                                                                                                ║
 ║ Conseils :                                                                                     ║
 ║   La prochaine fois, relancez avec plus de mémoire globale ou avec une option de calcul plus   ║
 ║ économe                                                                                        ║
 ║   (par ordre décroissant d'efficacité):                                                        ║
 ║    - Si le calcul est parallèle, réduisez la consommation MUMPS en augmentant le nombre de     ║
 ║ processeurs,                                                                                   ║
 ║    - Si le calcul est parallèle, réduisez la consommation Aster en activant l'option           ║
 ║ SOLVEUR/MATR_DISTRIBUEE,                                                                       ║
 ║   Ou, plus radicalement:                                                                       ║
 ║    - Utilisez un solveur moins exigeant en mémoire (par exemple: SOLVEUR/METHODE='PETSC' +     ║
 ║ PRECOND='LDLT_SP').                                                                            ║
 ║                                                                                                ║
 ║                                                                                                ║
 ║ Ceci est une alarme. Si vous ne comprenez pas le sens de cette                                 ║
 ║ alarme, vous pouvez obtenir des résultats inattendus !                                         ║
 ╚================================================================================================╝

|     1        X | 5.98538E-01  X | 3.69778E+02    |TANGENTE (NOSYM)|

 ╔================================================================================================╗
 ║ <A> <FACTOR_75>                                                                                ║
 ║                                                                                                ║
 ║ Attention, vous avez demandé un calcul OUT_OF_CORE, mais MUMPS estime avoir besoin pour cela   ║
 ║ d'au moins                                                                                     ║
 ║   3546 Mo  alors qu'il n'y a que 1289 Mo de disponible sur ce processeur !                     ║
 ║   Le calcul pourrait donc être ralenti ou s'arrêter pour cette raison.                         ║
 ║                                                                                                ║
 ║   Pour information: mémoire déjà pré-allouée par MUMPS (exécutable, matrice...)= 470 Mo,       ║
 ║                     nombre de systèmes linéaires à factoriser en même temps    = 1.            ║
 ║                                                                                                ║
 ║ Conseils :                                                                                     ║
 ║   La prochaine fois, relancez avec plus de mémoire globale ou avec une option de calcul plus   ║
 ║ économe                                                                                        ║
 ║   (par ordre décroissant d'efficacité):                                                        ║
 ║    - Si le calcul est parallèle, réduisez la consommation MUMPS en augmentant le nombre de     ║
 ║ processeurs,                                                                                   ║
 ║    - Si le calcul est parallèle, réduisez la consommation Aster en activant l'option           ║
 ║ SOLVEUR/MATR_DISTRIBUEE,                                                                       ║
 ║   Ou, plus radicalement:                                                                       ║
 ║    - Utilisez un solveur moins exigeant en mémoire (par exemple: SOLVEUR/METHODE='PETSC' +     ║
 ║ PRECOND='LDLT_SP').                                                                            ║
 ║                                                                                                ║
 ║                                                                                                ║
 ║ Ceci est une alarme. Si vous ne comprenez pas le sens de cette                                 ║
 ║ alarme, vous pouvez obtenir des résultats inattendus !                                         ║
 ╚================================================================================================╝

|     2        X | 1.29610E+00  X | 7.68898E+02    |TANGENTE (NOSYM)|

 ╔================================================================================================╗
 ║ <A> <FACTOR_75>                                                                                ║
 ║                                                                                                ║
 ║ Attention, vous avez demandé un calcul OUT_OF_CORE, mais MUMPS estime avoir besoin pour cela   ║
 ║ d'au moins                                                                                     ║
 ║   3546 Mo  alors qu'il n'y a que 1289 Mo de disponible sur ce processeur !                     ║
 ║   Le calcul pourrait donc être ralenti ou s'arrêter pour cette raison.                         ║
 ║                                                                                                ║
 ║   Pour information: mémoire déjà pré-allouée par MUMPS (exécutable, matrice...)= 470 Mo,       ║
 ║                     nombre de systèmes linéaires à factoriser en même temps    = 1.            ║
 ║                                                                                                ║
 ║ Conseils :                                                                                     ║
 ║   La prochaine fois, relancez avec plus de mémoire globale ou avec une option de calcul plus   ║
 ║ économe                                                                                        ║
 ║   (par ordre décroissant d'efficacité):                                                        ║
 ║    - Si le calcul est parallèle, réduisez la consommation MUMPS en augmentant le nombre de     ║
 ║ processeurs,                                                                                   ║
 ║    - Si le calcul est parallèle, réduisez la consommation Aster en activant l'option           ║
 ║ SOLVEUR/MATR_DISTRIBUEE,                                                                       ║
 ║   Ou, plus radicalement:                                                                       ║
 ║    - Utilisez un solveur moins exigeant en mémoire (par exemple: SOLVEUR/METHODE='PETSC' +     ║
 ║ PRECOND='LDLT_SP').                                                                            ║
 ║                                                                                                ║
 ║                                                                                                ║
 ║ Ceci est une alarme. Si vous ne comprenez pas le sens de cette                                 ║
 ║ alarme, vous pouvez obtenir des résultats inattendus !                                         ║
 ╚================================================================================================╝

|     3        X | 8.80141E-02  X | 5.13737E+01    |TANGENTE (NOSYM)|

 ╔================================================================================================╗
 ║ <A> <FACTOR_75>                                                                                ║
 ║                                                                                                ║
 ║ Attention, vous avez demandé un calcul OUT_OF_CORE, mais MUMPS estime avoir besoin pour cela   ║
 ║ d'au moins                                                                                     ║
 ║   3545 Mo  alors qu'il n'y a que 1289 Mo de disponible sur ce processeur !                     ║
 ║   Le calcul pourrait donc être ralenti ou s'arrêter pour cette raison.                         ║
 ║                                                                                                ║
 ║   Pour information: mémoire déjà pré-allouée par MUMPS (exécutable, matrice...)= 470 Mo,       ║
 ║                     nombre de systèmes linéaires à factoriser en même temps    = 1.            ║
 ║                                                                                                ║
 ║ Conseils :                                                                                     ║
 ║   La prochaine fois, relancez avec plus de mémoire globale ou avec une option de calcul plus   ║
 ║ économe                                                                                        ║
 ║   (par ordre décroissant d'efficacité):                                                        ║
 ║    - Si le calcul est parallèle, réduisez la consommation MUMPS en augmentant le nombre de     ║
 ║ processeurs,                                                                                   ║
 ║    - Si le calcul est parallèle, réduisez la consommation Aster en activant l'option           ║
 ║ SOLVEUR/MATR_DISTRIBUEE,                                                                       ║
 ║   Ou, plus radicalement:                                                                       ║
 ║    - Utilisez un solveur moins exigeant en mémoire (par exemple: SOLVEUR/METHODE='PETSC' +     ║
 ║ PRECOND='LDLT_SP').                                                                            ║
 ║                                                                                                ║
 ║                                                                                                ║
 ║ Ceci est une alarme. Si vous ne comprenez pas le sens de cette                                 ║
 ║ alarme, vous pouvez obtenir des résultats inattendus !                                         ║
 ╚================================================================================================╝


 ╔================================================================================================╗
 ║ <A> <CATAMESS_41>                                                                              ║
 ║                                                                                                ║
 ║ Le message d'alarme 'FACTOR_75' a été émis 5 fois, il ne sera plus affiché.                    ║
 ║                                                                                                ║
 ║                                                                                                ║
 ║ Ceci est une alarme. Si vous ne comprenez pas le sens de cette                                 ║
 ║ alarme, vous pouvez obtenir des résultats inattendus !                                         ║
 ╚================================================================================================╝

|     4        X | 3.36206E-02  X | 1.90269E+01    |TANGENTE (NOSYM)|
|     5        X | 5.82168E-03  X | 3.27472E+00    |TANGENTE (NOSYM)|
|     6        X | 2.01465E-03  X | 1.13211E+00    |TANGENTE (NOSYM)|
|     7          | 5.34272E-05    | 3.00189E-02    |TANGENTE (NOSYM)|
---------------------------------------------------------------------
Critère(s) de convergence atteint(s)

Le résidu de type <RESI_GLOB_RELA> vaut  5.342722938937e-05 au noeud et degré de liberté <12728  
DX>
Temps CPU consommé dans ce pas de temps    : 19 min 30 s

* Nombre d'itérations de Newton                     : 8
* Temps total intégration comportement              : 58.704 s (9 intégrations)
* Temps total factorisation matrice                 : 15 min 42 s (8 factorisations)
* Temps construction second membre                  : 0.929 s
* Temps total résolution K.U=F                      : 1 min 30 s (8 résolutions)
* Temps assemblage matrice                          : 0.000 s
* Temps autres opérations                           : 1 min 18 s
Mémoire (Mo) :  6366.94 /  2933.21 /  2581.16 /   724.51 (VmPeak / VmSize / Optimum / Minimum)

Archivage des champs

Champ stocké <DEPL> à l'instant  2.000000000000e-02 pour le numéro d'ordre 1
Champ stocké <SIEF_ELGA> à l'instant  2.000000000000e-02 pour le numéro d'ordre 1
Champ stocké <VARI_ELGA> à l'instant  2.000000000000e-02 pour le numéro d'ordre 1
Champ stocké <COMPORTEMENT> à l'instant  2.000000000000e-02 pour le numéro d'ordre 1
[100%] Instant calculé : 2.00000e-02, dernier instant archivé : 2.00000e-02, au numéro d'ordre :    
1
Temps CPU consommé dans le calcul          : 19 min 30 s

dont temps CPU "perdu" dans les découpes            : 0.000 s
* Nombre de pas de temps                            : 1
* Nombre d'itérations de Newton                     : 8
* Temps dans l'archivage                            : 0.058 s
* Temps dans le post-traitement                     : 0.000 s
* Temps total intégration comportement              : 58.704 s (9 intégrations)
* Temps total factorisation matrice                 : 15 min 42 s (8 factorisations)
* Temps construction second membre                  : 0.929 s
* Temps total résolution K.U=F                      : 1 min 30 s (8 résolutions)
* Temps assemblage matrice                          : 0.000 s
#1      Resolution des systemes lineaires                 CPU (USER+SYST/SYST/ELAPS):   2018.42    436.60   1038.42
#2      Calculs elementaires et assemblages               CPU (USER+SYST/SYST/ELAPS):    128.95     18.77    131.23
# Résultat commande #0018 (STAT_NON_LINE): res ('<0000000e>') de type <NonLinearResult>
# Mémoire (Mo) :  6366.94 /  1440.98 /  2581.16 /   724.51 (VmPeak / VmSize / Optimum / Minimum)
# Fin commande #0018   user+syst:     1703.64s (syst:      461.13s, elaps:     1184.02s)
# ----------------------------------------------------------------------------------------------

.. _stg1_txt184
# ----------------------------------------------------------------------------------------------
# Commande #0019 de
/root/mm/envs/aster/lib/python3.14/site-packages/code_aster/Supervis/ExecuteCommand.py, ligne 184
CALC_CHAMP(CRITERE='RELATIF',
           FORCE='REAC_NODA',
           INFO=1,
           INST=0.02,
           PARALLELISME_TEMPS='NON',
           PRECISION=1e-06,
           RESULTAT=res)

Le système linéaire à résoudre a 375089 degrés de liberté:
   - 359637 sont des degrés de liberté physiques
     (ils sont portés par 111469 noeuds du maillage)
   - 15452 sont les couples de paramètres de Lagrange associés
     aux 7726 relations linéaires dualisées.
#2      Calculs elementaires et assemblages               CPU (USER+SYST/SYST/ELAPS):      0.62      0.00      0.64
# Résultat commande #0019 (CALC_CHAMP): '<0000000f>' de type <NonLinearResult>
# Dépend de :
# - model ('<00000002>') de type <Model>
# - fmat ('<00000008>') de type <MaterialField>
# Mémoire (Mo) :  6366.94 /  1440.98 /  2581.16 /   724.51 (VmPeak / VmSize / Optimum / Minimum)
# Fin commande #0019   user+syst:        0.98s (syst:        0.01s, elaps:        1.01s)
# ----------------------------------------------------------------------------------------------

.. _stg1_txt53
# ----------------------------------------------------------------------------------------------
# Commande #0020 de /home/user/aas-corner-fe/wd/v8c75_TV/v8c75_TV_s00.comm.changed.py, ligne 53
tb = POST_RELEVE_T(ACTION=_F(CRITERE='RELATIF',
                             FORMAT_C='MODULE',
                             GROUP_NO='HEADT',
                             INST=0.02,
                             INTITULE='R',
                             MOYE_NOEUD='OUI',
                             NOM_CHAM='REAC_NODA',
                             OPERATION='EXTRACTION',
                             PRECISION=1e-06,
                             REPERE='GLOBAL',
                             RESULTANTE='DX',
                             RESULTAT=r2),
                   INFO=1)

# Résultat commande #0020 (POST_RELEVE_T): tb ('<00000010>') de type <Table>
# Mémoire (Mo) :  6366.94 /  1440.98 /  2581.16 /   724.51 (VmPeak / VmSize / Optimum / Minimum)
# Fin commande #0020   user+syst:        0.02s (syst:        0.00s, elaps:        0.01s)
# ----------------------------------------------------------------------------------------------

.. _stg1_txt53
# ----------------------------------------------------------------------------------------------
# Commande #0021 de /home/user/aas-corner-fe/wd/v8c75_TV/v8c75_TV_s00.comm.changed.py, ligne 53
tb = POST_RELEVE_T(ACTION=_F(CRITERE='RELATIF',
                             FORMAT_C='MODULE',
                             GROUP_NO='HEADV',
                             INST=0.02,
                             INTITULE='R',
                             MOYE_NOEUD='OUI',
                             NOM_CHAM='REAC_NODA',
                             OPERATION='EXTRACTION',
                             PRECISION=1e-06,
                             REPERE='GLOBAL',
                             RESULTANTE='DX',
                             RESULTAT=r2),
                   INFO=1)

# Résultat commande #0021 (POST_RELEVE_T): tb ('<00000011>') de type <Table>
# Mémoire (Mo) :  6366.94 /  1440.98 /  2581.16 /   724.51 (VmPeak / VmSize / Optimum / Minimum)
# Fin commande #0021   user+syst:        0.02s (syst:        0.00s, elaps:        0.01s)
# ----------------------------------------------------------------------------------------------

.. _stg1_txt58
# ----------------------------------------------------------------------------------------------
# Commande #0022 de /home/user/aas-corner-fe/wd/v8c75_TV/v8c75_TV_s00.comm.changed.py, ligne 58
DETRUIRE(INFO=1,
         NOM=r2)

# Mémoire (Mo) :  6366.94 /  1440.98 /  2581.16 /   724.51 (VmPeak / VmSize / Optimum / Minimum)
# Fin commande #0022   user+syst:        0.22s (syst:        0.00s, elaps:        0.12s)
# ----------------------------------------------------------------------------------------------
/home/user/aas-corner-fe/wd/v8c75_TV/v8c75_TV_s00.comm.changed.py:75: ResourceWarning: unclosed file <_io.TextIOWrapper name='/home/user/aas-corner-fe/jobs/../results/v8c75_TV.curve' mode='a' encoding='UTF-8'>
  open(CURVE,'a').write('CURVE %g %g %g %g\n'%(tcur,tot,v['HEADT'],v['HEADV']))
AASCURVE 0.02 13835.8 7093.95 6741.82

.. _stg1_txt76
# ----------------------------------------------------------------------------------------------
# Commande #0023 de /root/mm/envs/aster/lib/python3.14/site-packages/code_aster/CodeCommands/fin.py,
ligne 76
FIN(INFO_RESU='NON',
    RETASSAGE='NON')

Saving objects...
pi                       <class 'float'>
e                        <class 'float'>
tau                      <class 'float'>
inf                      <class 'float'>
nan                      <class 'float'>
mesh                     <class 'libaster.Mesh'>
model                    <class 'libaster.Model'>
mat                      <class 'libaster.Material'>
matH                     <class 'libaster.Material'>
matHH                    <class 'libaster.Material'>
stl                      <class 'libaster.Material'>
slvm                     <class 'libaster.Material'>
fmat                     <class 'libaster.MaterialField'>
fix                      <class 'libaster.MechanicalLoadReal'>
grp                      <class 'list'>
load                     <class 'libaster.MechanicalLoadReal'>
ramp                     <class 'libaster.Function'>
steps                    <class 'libaster.ListOfFloats'>
times                    <class 'libaster.TimesList'>
LOADS                    <class 'str'>
CURVE                    <class 'str'>
common                   <class 'dict'>
tcur                     <class 'float'>
peak                     <class 'float'>
stopped                  <class 'bool'>
TARGETS                  <class 'list'>
tn                       <class 'float'>
res                      <class 'libaster.NonLinearResult'>
v                        <class 'dict'>
tot                      <class 'float'>

 ╔================================================================================================╗
 ║ <I> <CATAMESS_89>                                                                              ║
 ║                                                                                                ║
 ║ Liste des alarmes émises lors de l'exécution du calcul.                                        ║
 ║                                                                                                ║
 ║     Les alarmes que vous avez choisies d'ignorer sont précédées de (*).                        ║
 ║     Nombre d'occurrences pour chacune des alarmes :                                            ║
 ║            FACTOR_75            émise    8 fois                                                ║
 ╚================================================================================================╝

 ---------------------------------------------------------------------------
 Concepts de la base: G
    Nom        Type                Taille (Mo)         Nombre      Nombre de
                                                     d'objets       segments
    TOTAL                               215.32            388            578
  
    00000001   MAILLAGE_SDASTER          12.00             34             70
    00000002   MODELE_SDASTER            11.86             11             16
    00000003   MATER_SDASTER              0.00             15             15
    00000004   MATER_SDASTER              0.00             15             15
    00000005   MATER_SDASTER              0.00              7              7
    00000006   MATER_SDASTER              0.00              7              7
    00000007   MATER_SDASTER              0.00              7              7
    00000008   CHAM_MATER                 0.89              8             13
    00000009   CHAR_MECA                 12.89             56             76
    0000000a   CHAR_MECA                  9.42             56             76
    0000000b   FONCTION_SDASTER           0.00              3              3
    0000000c   LISTR8_SDASTER             0.00              6              6
    0000000d   LIST_INST                  0.00              8              8
    0000000e   EVOL_NOLI                130.68            106            137
    &FOZERO                               0.00              2              2
    &&_NUM_C                              0.00              1              1
    &CATA                                37.45             42            103
    &&NMDOME                              0.00              2              2
    0000000f                              0.12              2             14
 (*) sous-objets non accessible directement
 ---------------------------------------------------------------------------
Nom de la base                          :  GLOBALE
     Nombre d'enregistrements utilisés       :  403
     Nombre d'enregistrements maximum        :  2684354
     Nombre d'enregistrements par fichier    :  15728
     Longueur d'enregistrement (octets)      :  819200
     Nombre total d'accès en lecture         :  70
     Volume des accès en lecture             :         54.69 Mo.
     Nombre total d'accès en écriture        :  625
     Volume des accès en écriture            :        488.28 Mo.
     Nombre d'identificateurs utilisés       :  631
     Taille maximum du répertoire            :  2000
     Pourcentage d'utilisation du répertoire :  31 %

Nom de la base                          :  VOLATILE
     Nombre d'enregistrements utilisés       :  584
     Nombre d'enregistrements maximum        :  2684354
     Nombre d'enregistrements par fichier    :  15728
     Longueur d'enregistrement (octets)      :  819200
     Nombre total d'accès en lecture         :  693
     Volume des accès en lecture             :        541.41 Mo.
     Nombre total d'accès en écriture        :  3414
     Volume des accès en écriture            :       2667.19 Mo.
     Nombre d'identificateurs utilisés       :  1059
     Taille maximum du répertoire            :  2000
     Pourcentage d'utilisation du répertoire :  52 %

<I> <FIN> ARRET NORMAL DANS "FIN" PAR APPEL A "JEFINI".
  
 <I> <FIN> MEMOIRE JEVEUX MINIMALE REQUISE POUR L'EXECUTION :                     724.51 Mo
 <I> <FIN> MEMOIRE JEVEUX OPTIMALE REQUISE POUR L'EXECUTION :                    2581.16 Mo
 <I> <FIN> MAXIMUM DE MEMOIRE UTILISEE PAR LE PROCESSUS LORS DE L'EXECUTION :    6366.94 Mo
  
 <I>       FERMETURE DES BASES EFFECTUEE
  
   STATISTIQUES CONCERNANT L'ALLOCATION DYNAMIQUE :
     TAILLE CUMULEE MAXIMUM            :                 2581  Mo.
     TAILLE CUMULEE LIBEREE            :                 2748  Mo.
     NOMBRE TOTAL D'ALLOCATIONS        :              3835738
     NOMBRE TOTAL DE LIBERATIONS       :              3835718
     APPELS AU MECANISME DE LIBERATION :                    0
     TAILLE MEMOIRE CUMULEE RECUPEREE  :                 2984  Mo.
     VOLUME DES LECTURES               :                    0  Mo.
     VOLUME DES ECRITURES              :                 2446  Mo.
  
   MEMOIRE JEVEUX MINIMALE REQUISE POUR L'EXECUTION :     724.51 Mo
     - IMPOSE DE NOMBREUX ACCES DISQUE
     - RALENTIT LA VITESSE D'EXECUTION
   MEMOIRE JEVEUX OPTIMALE REQUISE POUR L'EXECUTION :    2581.16 Mo
     - LIMITE LES ACCES DISQUE
     - AMELIORE LA VITESSE D'EXECUTION
   MAXIMUM DE MEMOIRE UTILISEE PAR LE PROCESSUS     :    6366.94 Mo
     - COMPREND LA MEMOIRE CONSOMMEE PAR  JEVEUX, 
       LE SUPERVISEUR PYTHON, LES LIBRAIRIES EXTERNES
  
 <I>       FIN D'EXECUTION LE : JE-24-SEPT-2026 15:59:55
Signature of pickled file   : 6c9f0143a481e0d848b802f28879f4c42cbcfb3e2e7d8c1094cb296017a66cf1
Signature of info file      : d28609a40e64d85a36b6330bc32d7d8f6c5c15c0623eaca4ed196a7e0fe7f5b7
Signature of Jeveux database: 47812bdda96fd9398728460069f26127ba65ca4ebf9eb2a7a3f939bbe2d713e9

 ********************************************************************************
 * COMMAND                  :       USER :     SYSTEM :   USER+SYS :    ELAPSED *
 ********************************************************************************
 * DEBUT                    :       0.07 :       2.49 :       2.56 :       2.62 *
 * LIRE_MAILLAGE            :       1.25 :       2.19 :       3.44 :       3.50 *
 * DEFI_GROUP               :       0.02 :       0.00 :       0.02 :       0.02 *
 * AFFE_MODELE              :       0.60 :       0.01 :       0.61 :       0.62 *
 * DEFI_MATER_GC            :       0.01 :       0.00 :       0.01 :       0.01 *
 * DEFI_MATER_GC            :       0.01 :       0.00 :       0.01 :       0.01 *
 * DEFI_MATERIAU            :       0.00 :       0.00 :       0.00 :       0.00 *
 * DEFI_MATERIAU            :       0.00 :       0.00 :       0.00 :       0.01 *
 * DEFI_MATERIAU            :       0.01 :       0.00 :       0.01 :       0.00 *
 * AFFE_MATERIAU            :       0.02 :       0.00 :       0.02 :       0.02 *
 * AFFE_CHAR_MECA           :       0.13 :       0.01 :       0.14 :       0.13 *
 * AFFE_CHAR_MECA           :       0.01 :       0.00 :       0.01 :       0.03 *
 * DEFI_FONCTION            :       0.00 :       0.00 :       0.00 :       0.00 *
 * DEFI_LIST_REEL           :       0.01 :       0.00 :       0.01 :       0.00 *
 * DEFI_LIST_INST           :       0.00 :       0.01 :       0.01 :       0.01 *
 * STAT_NON_LINE            :    1703.64 :     461.13 :    2164.77 :    1184.02 *
 * CALC_CHAMP               :       0.98 :       0.01 :       0.99 :       1.01 *
 * POST_RELEVE_T            :       0.02 :       0.00 :       0.02 :       0.01 *
 * POST_RELEVE_T            :       0.02 :       0.00 :       0.02 :       0.01 *
 * DETRUIRE                 :       0.22 :       0.00 :       0.22 :       0.12 *
 * FIN                      :       0.23 :       0.36 :       0.59 :       0.76 *
 *  . sdveri                :       0.00 :       0.00 :       0.00 :       0.00 *
 *  . check syntax          :       0.18 :       0.00 :       0.18 :       0.15 *
 *  . fortran               :    1705.55 :     464.01 :    2169.56 :    1189.02 *
 *  . cleanup               :       0.00 :       0.00 :       0.00 :       0.00 *
 ********************************************************************************
 * TOTAL_JOB                :    1707.51 :     466.26 :    2173.77 :    1193.16 *
 ********************************************************************************

# Mémoire (Mo) :  6366.94 /  1115.21 /  2581.16 /   724.51 (VmPeak / VmSize / Optimum / Minimum)
# Fin commande #0023   user+syst:        0.23s (syst:        0.36s, elaps:        0.76s)
# ----------------------------------------------------------------------------------------------

EXECUTION_CODE_ASTER_EXIT_1614=0


saving result databases to 'BASE_PREC'...
execution ended (command file #1): <A>_ALARM
Running: /root/mm/envs/aster/bin/run_aster -w /home/user/aas-corner-fe/wd/v8c75_TV --status-file /root/.tmp_run_aster/run_aster_dk8d6s0i/__status__ --no-mpi /root/.tmp_run_aster/run_aster_dk8d6s0i/v8c75_TV.1

# ------------------------------------------------------------------------------
Execution of code_aster

# ------------------------------------------------------------------------------
Prepare environment in /home/user/aas-corner-fe/wd/v8c75_TV

# ------------------------------------------------------------------------------
Command file #2 / 20

Content of the file to execute:
# coding=utf-8
# original filename
__file__ = r"/home/user/aas-corner-fe/jobs/v8c75_TV_s01.comm"


# temporarly added for compatibility with code_aster legacy
from math import *

import code_aster
from code_aster.Commands import *
from code_aster import CA

POURSUITE(LANG='EN', PAR_LOT='NON')

LOADS='TV'
CURVE='/home/user/aas-corner-fe/jobs/../results/v8c75_TV.curve'
common=dict(MODELE=model, CHAM_MATER=fmat, EXCIT=(_F(CHARGE=fix), _F(CHARGE=load, FONC_MULT=ramp)),
        COMPORTEMENT=(_F(RELATION='ENDO_FISS_EXP', GROUP_MA=('CONC','HZ')), _F(RELATION='ELAS', GROUP_MA=('STEEL','SLV','HZH'))),
        NEWTON=_F(MATRICE='TANGENTE', REAC_ITER=1),
        CONVERGENCE=_F(RESI_GLOB_RELA=1.E-4, ITER_GLOB_MAXI=30), ARCHIVAGE=_F(PAS_ARCH=1), SOLVEUR=_F(METHODE='MUMPS', GESTION_MEMOIRE='OUT_OF_CORE'))
import os, re
tcur=0.0; peak=0.0; stopped=False
if os.path.exists(CURVE):
    for line in open(CURVE):
        m=re.match(r'CURVE\s+(\S+)\s+(\S+)', line)
        if m:
            tcur=max(tcur, float(m.group(1))); peak=max(peak, float(m.group(2)))
        if line.startswith('STOP'): stopped=True
def reac(res, t):
    r2=CALC_CHAMP(RESULTAT=res, FORCE='REAC_NODA', INST=t)
    vals={}
    for g in ('HEADT','HEADV'):
        try:
            tb=POST_RELEVE_T(ACTION=_F(OPERATION='EXTRACTION', INTITULE='R', RESULTAT=r2, NOM_CHAM='REAC_NODA',
                                       GROUP_NO=g, RESULTANTE='DX', INST=t)).EXTR_TABLE().values()
            vals[g]=-tb['DX'][-1]*2
        except Exception:
            vals[g]=0.
    DETRUIRE(NOM=r2)
    return vals
TARGETS=[0.04]
for tn in TARGETS:
    if stopped or tn <= tcur+1e-9: continue
    try:
        if tcur < 1e-12 and '0'=='1':
            res=STAT_NON_LINE(INCREMENT=_F(LIST_INST=times, INST_FIN=tn), **common)
        else:
            res=STAT_NON_LINE(reuse=res, ETAT_INIT=_F(EVOL_NOLI=res), INCREMENT=_F(LIST_INST=times, INST_FIN=tn), **common)
    except Exception as exc:
        print('AASSTOP at', tcur, exc, flush=True)
        open(CURVE,'a').write('STOP solver %g\n'%tcur); stopped=True; break
    tcur=tn
    v=reac(res, tcur)
    tot=(v['HEADT'] if 'T' in LOADS else 0.)+(v['HEADV'] if 'V' in LOADS else 0.)
    peak=max(peak, tot)
    open(CURVE,'a').write('CURVE %g %g %g %g\n'%(tcur,tot,v['HEADT'],v['HEADV']))
    print('AASCURVE %g %g %g %g'%(tcur,tot,v['HEADT'],v['HEADV']), flush=True)
    if tot < 0.9*peak:
        open(CURVE,'a').write('STOP peak %g\n'%peak); stopped=True; break
FIN()



# ------------------------------------------------------------------------------
Command line #2:
    ulimit -c unlimited ; ulimit -t 50000 ; ( /root/mm/envs/aster/bin/python3 "v8c75_TV_s01.comm.changed.py" --memory 3600.0 --numthreads 2 --tpmax 20000 ; echo $? > _exit_code_ ) 2>&1 | tee -a fort.6
setting '--memory' value to 3240.00 MB (keyword RESERVE_MEMOIRE)
Ouverture en écriture du fichier ./vola.1

<INFO> Démarrage de l'exécution.

                       -- CODE_ASTER -- VERSION : DÉVELOPPEMENT (unstable) --                       
                               Version 18.1.6 modifiée le 14/09/2026                                
                                    révision n/a - branche 'n/a'                                    
                                     Copyright EDF 1991 - 2026                                      
                                                                                                    
                              Exécution du : Thu Sep 24 15:59:58 2026                               
                                       Nom de la machine : vm                                       
                                        Architecture : 64bit                                        
                                    Type de processeur : x86_64                                     
                Système d'exploitation : Linux-6.18.44-fc-v37-x86_64-with-glibc2.39                 
                                  Langue des messages : C (UTF-8)                                   
                                     Version de Python : 3.14.7                                     
                                      Version de NumPy : 2.5.3                                      
                                  Version de MEDCoupling : 9.16.0                                   
                                     Parallélisme MPI : inactif                                     
                                    Parallélisme OpenMP : actif                                     
                              Nombre de processus OpenMP utilisés : 2                               
                                Version de la librairie HDF5 : 2.2.0                                
                                Version de la librairie MED : 4.2.0                                 
                               Version de la librairie MFront : 5.1.0                               
                               Version de la librairie MUMPS : 5.8.2                                
                                  Librairie PETSc : non disponible                                  
                              Version de la librairie SCOTCH : 7.0.11                               

restarting from a previous execution...
/home/user/aas-corner-fe/wd/v8c75_TV/v8c75_TV_s01.comm.changed.py:13: DeprecationWarning: This feature is obsolete, 'PAR_LOT' has been removed.
  POURSUITE(LANG='EN', PAR_LOT='NON')
Valeur initiale du temps CPU maximum =   20000 secondes
  Valeur du temps CPU maximum passé aux commandes =   18000 secondes
  Réserve CPU prévue = 2000 secondes

Ouverture en lecture du fichier ./glob.1

Ajustement de la taille maximale des bases à 2048.00 Go.
    
Nom de la base                          :  GLOBALE
     Créée avec la version                   :  18.01.06
     Nombre d'enregistrements utilisés       :  403
     Nombre d'enregistrements maximum        :  2684354
     Nombre d'enregistrements par fichier    :  15728
     Longueur d'enregistrement (octets)      :  819200
     Nombre d'identificateurs utilisés       :  631
     Taille maximum du répertoire            :  2000
     Pourcentage d'utilisation du répertoire :  31 %

Ouverture en lecture du fichier ./glob.1

Ouverture en écriture du fichier ./vola.1

Fin de lecture (durée  0.000032  s.) 

                      Mémoire limite pour l'allocation dynamique : 3752.06 Mo                       
                         ajouté à l'initialisation du processus : 741.33 Mo                         
                               Limite cible du processus : 4493.39 Mo                               
                         Taille limite des fichiers d'échange : 2048.00 Go                          
pi                       <class 'float'>
e                        <class 'float'>
tau                      <class 'float'>
inf                      <class 'float'>
nan                      <class 'float'>
mesh                     <class 'libaster.Mesh'>
model                    <class 'libaster.Model'>
mat                      <class 'libaster.Material'>
matH                     <class 'libaster.Material'>
matHH                    <class 'libaster.Material'>
stl                      <class 'libaster.Material'>
slvm                     <class 'libaster.Material'>
fmat                     <class 'libaster.MaterialField'>
fix                      <class 'libaster.MechanicalLoadReal'>
grp                      <class 'list'>
load                     <class 'libaster.MechanicalLoadReal'>
ramp                     <class 'libaster.Function'>
steps                    <class 'libaster.ListOfFloats'>
times                    <class 'libaster.TimesList'>
LOADS                    <class 'str'>
CURVE                    <class 'str'>
common                   <class 'dict'>
tcur                     <class 'float'>
peak                     <class 'float'>
stopped                  <class 'bool'>
TARGETS                  <class 'list'>
tn                       <class 'float'>
res                      <class 'libaster.NonLinearResult'>
v                        <class 'dict'>
tot                      <class 'float'>
# Mémoire (Mo) :   855.73 /   855.60 /   274.12 /   274.09 (VmPeak / VmSize / Optimum / Minimum)
# Fin commande #0001   user+syst:        0.20s (syst:        0.26s, elaps:        0.46s)
# ----------------------------------------------------------------------------------------------
/home/user/aas-corner-fe/wd/v8c75_TV/v8c75_TV_s01.comm.changed.py:24: ResourceWarning: unclosed file <_io.TextIOWrapper name='/home/user/aas-corner-fe/jobs/../results/v8c75_TV.curve' mode='r' encoding='UTF-8'>
  for line in open(CURVE):

.. _stg1_txt48
# ----------------------------------------------------------------------------------------------
# Commande #0002 de /home/user/aas-corner-fe/wd/v8c75_TV/v8c75_TV_s01.comm.changed.py, ligne 48
res = STAT_NON_LINE(AFFICHAGE=_F(INFO_RESIDU='NON',
                                 INFO_TEMPS='NON'),
                    ARCHIVAGE=_F(CHAM_EXCLU=('RESI_NOEU', 'RESI_RELA_NOEU'),
                                 PAS_ARCH=1),
                    CHAM_MATER=fmat,
                    COMPORTEMENT=(_F(DEFORMATION='PETIT',
                                     GROUP_MA=('CONC', 'HZ'),
                                     ITER_CPLAN_MAXI=10,
                                     ITER_INTE_MAXI=20,
                                     ITER_INTE_PAS=0,
                                     PARM_THETA=1.0,
                                     REGU_VISC='NON',
                                     RELATION='ENDO_FISS_EXP',
                                     RESI_CPLAN_RELA=1e-06,
                                     RESI_INTE=1e-06),
                                  _F(DEFORMATION='PETIT',
                                     GROUP_MA=('STEEL', 'SLV', 'HZH'),
                                     ITER_CPLAN_MAXI=10,
                                     ITER_INTE_MAXI=20,
                                     ITER_INTE_PAS=0,
                                     PARM_THETA=1.0,
                                     REGU_VISC='NON',
                                     RELATION='ELAS',
                                     RESI_CPLAN_RELA=1e-06,
                                     RESI_INTE=1e-06)),
                    CONVERGENCE=_F(ARRET='OUI',
                                   ITER_GLOB_ELAS=25,
                                   ITER_GLOB_MAXI=30,
                                   RESI_GLOB_RELA=0.0001,
                                   VERIF='TOUT'),
                    ETAT_INIT=_F(EVOL_NOLI=res),
                    EXCIT=(_F(CHARGE='<00000009>',
                              TYPE_CHARGE='FIXE_CSTE'),
                           _F(CHARGE='<0000000a>',
                              FONC_MULT=ramp,
                              TYPE_CHARGE='FIXE_CSTE')),
                    INCREMENT=_F(CRITERE='RELATIF',
                                 INST_FIN=0.04,
                                 INST_INIT=0.02,
                                 LIST_INST=times,
                                 PRECISION=1e-06),
                    MESURE=_F(TABLE='NON'),
                    METHODE='NEWTON',
                    MODELE=model,
                    NEWTON=_F(MATRICE='TANGENTE',
                              MATR_RIGI_SYME='NON',
                              REAC_INCR=1,
                              REAC_ITER=1,
                              REAC_ITER_ELAS=0),
                    SOLVEUR=_F(ACCELERATION='AUTO',
                               ELIM_LAGR='LAGR2',
                               FILTRAGE_MATRICE=-1.0,
                               GESTION_MEMOIRE='OUT_OF_CORE',
                               LOW_RANK_SEUIL=0.0,
                               MATR_DISTRIBUEE='NON',
                               METHODE='MUMPS',
                               MIXER_PRECISION='NON',
                               NB_RHS=1,
                               NPREC=8,
                               PCENT_PIVOT=35,
                               POSTTRAITEMENTS='AUTO',
                               PRETRAITEMENTS='AUTO',
                               REDUCTION_MPI=0,
                               RENUM='AUTO',
                               RESI_RELA=-1.0,
                               STOP_SINGULIER='OUI',
                               TYPE_RESOL='AUTO'),
                    reuse=res)

Liste des comportements

Affecté sur 67406 éléments
Relation                             : ENDO_FISS_EXP
Déformation                          : PETIT
Pas de régularisation visqueuse
Pas de post-traitement à la fin du pas de temps
Nombre total de variables internes   : 9
V1 : ENDO
V2 : INDIENDO
V3 : ENDORIGI
V4 : EPSEXX
V5 : EPSEYY
V6 : EPSEZZ
V7 : EPSEXY
V8 : EPSEXZ
V9 : EPSEYZ
Affecté sur 11844 éléments
Relation                             : ELAS
Déformation                          : PETIT
Pas de régularisation visqueuse
Pas de post-traitement à la fin du pas de temps
Nombre total de variables internes   : 1
V1 : VIDE
Le système linéaire à résoudre a 375089 degrés de liberté:
   - 359637 sont des degrés de liberté physiques
     (ils sont portés par 111469 noeuds du maillage)
   - 15452 sont les couples de paramètres de Lagrange associés
     aux 7726 relations linéaires dualisées.
La matrice est de taille 375089 équations.
  Elle contient 19289373 termes non nuls si elle est symétrique et 38203657 termes non nuls si elle
n'est pas symétrique.
  Soit un taux de remplissage de   0.027 %.
Lecture de l'état initial
L'état initial a été récupéré dans la structure de données résultat de nom <0000000e> pour le numéro
d'ordre 1 et à l'instant  2.000000000000e-02
Le champ <DEPL> est lu dans ETAT_INIT dans la structure de données résultat donné dans la commande.
Le champ <SIEF_ELGA> est lu dans ETAT_INIT dans la structure de données résultat donné dans la
commande.
Le champ <VARI_ELGA> est lu dans ETAT_INIT dans la structure de données résultat donné dans la
commande.
---------------------------------------------------------------------
Instant de calcul:  4.000000000000e-02 - Niveau de découpe: 1

---------------------------------------------------------------------
|     NEWTON     |     RESIDU     |     RESIDU     |     OPTION     |
|    ITERATION   |     RELATIF    |     ABSOLU     |   ASSEMBLAGE   |
|                | RESI_GLOB_RELA | RESI_GLOB_MAXI |(+ TYPE MATRICE)|
---------------------------------------------------------------------

 ╔================================================================================================╗
 ║ <A> <FACTOR_75>                                                                                ║
 ║                                                                                                ║
 ║ Attention, vous avez demandé un calcul OUT_OF_CORE, mais MUMPS estime avoir besoin pour cela   ║
 ║ d'au moins                                                                                     ║
 ║   3545 Mo  alors qu'il n'y a que 1237 Mo de disponible sur ce processeur !                     ║
 ║   Le calcul pourrait donc être ralenti ou s'arrêter pour cette raison.                         ║
 ║                                                                                                ║
 ║   Pour information: mémoire déjà pré-allouée par MUMPS (exécutable, matrice...)= 470 Mo,       ║
 ║                     nombre de systèmes linéaires à factoriser en même temps    = 1.            ║
 ║                                                                                                ║
 ║ Conseils :                                                                                     ║
 ║   La prochaine fois, relancez avec plus de mémoire globale ou avec une option de calcul plus   ║
 ║ économe                                                                                        ║
 ║   (par ordre décroissant d'efficacité):                                                        ║
 ║    - Si le calcul est parallèle, réduisez la consommation MUMPS en augmentant le nombre de     ║
 ║ processeurs,                                                                                   ║
 ║    - Si le calcul est parallèle, réduisez la consommation Aster en activant l'option           ║
 ║ SOLVEUR/MATR_DISTRIBUEE,                                                                       ║
 ║   Ou, plus radicalement:                                                                       ║
 ║    - Utilisez un solveur moins exigeant en mémoire (par exemple: SOLVEUR/METHODE='PETSC' +     ║
 ║ PRECOND='LDLT_SP').                                                                            ║
 ║                                                                                                ║
 ║                                                                                                ║
 ║ Ceci est une alarme. Si vous ne comprenez pas le sens de cette                                 ║
 ║ alarme, vous pouvez obtenir des résultats inattendus !                                         ║
 ╚================================================================================================╝

|     0        X | 5.24270E-02  X | 5.53923E+01    |TANGENTE (NOSYM)|

 ╔================================================================================================╗
 ║ <A> <FACTOR_75>                                                                                ║
 ║                                                                                                ║
 ║ Attention, vous avez demandé un calcul OUT_OF_CORE, mais MUMPS estime avoir besoin pour cela   ║
 ║ d'au moins                                                                                     ║
 ║   3546 Mo  alors qu'il n'y a que 1108 Mo de disponible sur ce processeur !                     ║
 ║   Le calcul pourrait donc être ralenti ou s'arrêter pour cette raison.                         ║
 ║                                                                                                ║
 ║   Pour information: mémoire déjà pré-allouée par MUMPS (exécutable, matrice...)= 471 Mo,       ║
 ║                     nombre de systèmes linéaires à factoriser en même temps    = 1.            ║
 ║                                                                                                ║
 ║ Conseils :                                                                                     ║
 ║   La prochaine fois, relancez avec plus de mémoire globale ou avec une option de calcul plus   ║
 ║ économe                                                                                        ║
 ║   (par ordre décroissant d'efficacité):                                                        ║
 ║    - Si le calcul est parallèle, réduisez la consommation MUMPS en augmentant le nombre de     ║
 ║ processeurs,                                                                                   ║
 ║    - Si le calcul est parallèle, réduisez la consommation Aster en activant l'option           ║
 ║ SOLVEUR/MATR_DISTRIBUEE,                                                                       ║
 ║   Ou, plus radicalement:                                                                       ║
 ║    - Utilisez un solveur moins exigeant en mémoire (par exemple: SOLVEUR/METHODE='PETSC' +     ║
 ║ PRECOND='LDLT_SP').                                                                            ║
 ║                                                                                                ║
 ║                                                                                                ║
 ║ Ceci est une alarme. Si vous ne comprenez pas le sens de cette                                 ║
 ║ alarme, vous pouvez obtenir des résultats inattendus !                                         ║
 ╚================================================================================================╝

|     1        X | 1.99041E-02  X | 1.96689E+01    |TANGENTE (NOSYM)|

 ╔================================================================================================╗
 ║ <A> <FACTOR_75>                                                                                ║
 ║                                                                                                ║
 ║ Attention, vous avez demandé un calcul OUT_OF_CORE, mais MUMPS estime avoir besoin pour cela   ║
 ║ d'au moins                                                                                     ║
 ║   3547 Mo  alors qu'il n'y a que 1108 Mo de disponible sur ce processeur !                     ║
 ║   Le calcul pourrait donc être ralenti ou s'arrêter pour cette raison.                         ║
 ║                                                                                                ║
 ║   Pour information: mémoire déjà pré-allouée par MUMPS (exécutable, matrice...)= 472 Mo,       ║
 ║                     nombre de systèmes linéaires à factoriser en même temps    = 1.            ║
 ║                                                                                                ║
 ║ Conseils :                                                                                     ║
 ║   La prochaine fois, relancez avec plus de mémoire globale ou avec une option de calcul plus   ║
 ║ économe                                                                                        ║
 ║   (par ordre décroissant d'efficacité):                                                        ║
 ║    - Si le calcul est parallèle, réduisez la consommation MUMPS en augmentant le nombre de     ║
 ║ processeurs,                                                                                   ║
 ║    - Si le calcul est parallèle, réduisez la consommation Aster en activant l'option           ║
 ║ SOLVEUR/MATR_DISTRIBUEE,                                                                       ║
 ║   Ou, plus radicalement:                                                                       ║
 ║    - Utilisez un solveur moins exigeant en mémoire (par exemple: SOLVEUR/METHODE='PETSC' +     ║
 ║ PRECOND='LDLT_SP').                                                                            ║
 ║                                                                                                ║
 ║                                                                                                ║
 ║ Ceci est une alarme. Si vous ne comprenez pas le sens de cette                                 ║
 ║ alarme, vous pouvez obtenir des résultats inattendus !                                         ║
 ╚================================================================================================╝

|     2        X | 9.15651E-03  X | 8.88869E+00    |TANGENTE (NOSYM)|

 ╔================================================================================================╗
 ║ <A> <FACTOR_75>                                                                                ║
 ║                                                                                                ║
 ║ Attention, vous avez demandé un calcul OUT_OF_CORE, mais MUMPS estime avoir besoin pour cela   ║
 ║ d'au moins                                                                                     ║
 ║   3547 Mo  alors qu'il n'y a que 1108 Mo de disponible sur ce processeur !                     ║
 ║   Le calcul pourrait donc être ralenti ou s'arrêter pour cette raison.                         ║
 ║                                                                                                ║
 ║   Pour information: mémoire déjà pré-allouée par MUMPS (exécutable, matrice...)= 472 Mo,       ║
 ║                     nombre de systèmes linéaires à factoriser en même temps    = 1.            ║
 ║                                                                                                ║
 ║ Conseils :                                                                                     ║
 ║   La prochaine fois, relancez avec plus de mémoire globale ou avec une option de calcul plus   ║
 ║ économe                                                                                        ║
 ║   (par ordre décroissant d'efficacité):                                                        ║
 ║    - Si le calcul est parallèle, réduisez la consommation MUMPS en augmentant le nombre de     ║
 ║ processeurs,                                                                                   ║
 ║    - Si le calcul est parallèle, réduisez la consommation Aster en activant l'option           ║
 ║ SOLVEUR/MATR_DISTRIBUEE,                                                                       ║
 ║   Ou, plus radicalement:                                                                       ║
 ║    - Utilisez un solveur moins exigeant en mémoire (par exemple: SOLVEUR/METHODE='PETSC' +     ║
 ║ PRECOND='LDLT_SP').                                                                            ║
 ║                                                                                                ║
 ║                                                                                                ║
 ║ Ceci est une alarme. Si vous ne comprenez pas le sens de cette                                 ║
 ║ alarme, vous pouvez obtenir des résultats inattendus !                                         ║
 ╚================================================================================================╝

|     3        X | 8.51076E-04  X | 8.25033E-01    |TANGENTE (NOSYM)|

 ╔================================================================================================╗
 ║ <A> <FACTOR_75>                                                                                ║
 ║                                                                                                ║
 ║ Attention, vous avez demandé un calcul OUT_OF_CORE, mais MUMPS estime avoir besoin pour cela   ║
 ║ d'au moins                                                                                     ║
 ║   3547 Mo  alors qu'il n'y a que 1106 Mo de disponible sur ce processeur !                     ║
 ║   Le calcul pourrait donc être ralenti ou s'arrêter pour cette raison.                         ║
 ║                                                                                                ║
 ║   Pour information: mémoire déjà pré-allouée par MUMPS (exécutable, matrice...)= 472 Mo,       ║
 ║                     nombre de systèmes linéaires à factoriser en même temps    = 1.            ║
 ║                                                                                                ║
 ║ Conseils :                                                                                     ║
 ║   La prochaine fois, relancez avec plus de mémoire globale ou avec une option de calcul plus   ║
 ║ économe                                                                                        ║
 ║   (par ordre décroissant d'efficacité):                                                        ║
 ║    - Si le calcul est parallèle, réduisez la consommation MUMPS en augmentant le nombre de     ║
 ║ processeurs,                                                                                   ║
 ║    - Si le calcul est parallèle, réduisez la consommation Aster en activant l'option           ║
 ║ SOLVEUR/MATR_DISTRIBUEE,                                                                       ║
 ║   Ou, plus radicalement:                                                                       ║
 ║    - Utilisez un solveur moins exigeant en mémoire (par exemple: SOLVEUR/METHODE='PETSC' +     ║
 ║ PRECOND='LDLT_SP').                                                                            ║
 ║                                                                                                ║
 ║                                                                                                ║
 ║ Ceci est une alarme. Si vous ne comprenez pas le sens de cette                                 ║
 ║ alarme, vous pouvez obtenir des résultats inattendus !                                         ║
 ╚================================================================================================╝


 ╔================================================================================================╗
 ║ <A> <CATAMESS_41>                                                                              ║
 ║                                                                                                ║
 ║ Le message d'alarme 'FACTOR_75' a été émis 5 fois, il ne sera plus affiché.                    ║
 ║                                                                                                ║
 ║                                                                                                ║
 ║ Ceci est une alarme. Si vous ne comprenez pas le sens de cette                                 ║
 ║ alarme, vous pouvez obtenir des résultats inattendus !                                         ║
 ╚================================================================================================╝

|     4        X | 2.45085E-04  X | 2.37549E-01    |TANGENTE (NOSYM)|
|     5          | 2.28455E-06    | 2.21429E-03    |TANGENTE (NOSYM)|
---------------------------------------------------------------------
Critère(s) de convergence atteint(s)

Le résidu de type <RESI_GLOB_RELA> vaut  2.284549364014e-06 au noeud et degré de liberté <20146  
DX>
Temps CPU consommé dans ce pas de temps    : 14 min 43 s

* Nombre d'itérations de Newton                     : 6
* Temps total intégration comportement              : 38.802 s (7 intégrations)
* Temps total factorisation matrice                 : 11 min 56 s (6 factorisations)
* Temps construction second membre                  : 0.798 s
* Temps total résolution K.U=F                      : 1 min 10 s (6 résolutions)
* Temps assemblage matrice                          : 0.000 s
* Temps autres opérations                           : 56.863 s
Mémoire (Mo) :  6389.52 /  2952.17 /  2599.72 /   819.83 (VmPeak / VmSize / Optimum / Minimum)

Archivage des champs

Champ stocké <DEPL> à l'instant  4.000000000000e-02 pour le numéro d'ordre 2
Champ stocké <SIEF_ELGA> à l'instant  4.000000000000e-02 pour le numéro d'ordre 2
Champ stocké <VARI_ELGA> à l'instant  4.000000000000e-02 pour le numéro d'ordre 2
Champ stocké <COMPORTEMENT> à l'instant  4.000000000000e-02 pour le numéro d'ordre 2
[100%] Instant calculé : 4.00000e-02, seul l'instant initial a été archivé
Temps CPU consommé dans le calcul          : 14 min 43 s

dont temps CPU "perdu" dans les découpes            : 0.000 s
* Nombre de pas de temps                            : 1
* Nombre d'itérations de Newton                     : 6
* Temps dans l'archivage                            : 0.049 s
* Temps dans le post-traitement                     : 0.000 s
* Temps total intégration comportement              : 38.802 s (7 intégrations)
* Temps total factorisation matrice                 : 11 min 56 s (6 factorisations)
* Temps construction second membre                  : 0.798 s
* Temps total résolution K.U=F                      : 1 min 10 s (6 résolutions)
* Temps assemblage matrice                          : 0.000 s
#1      Resolution des systemes lineaires                 CPU (USER+SYST/SYST/ELAPS):   1536.45    347.80    790.73
#2      Calculs elementaires et assemblages               CPU (USER+SYST/SYST/ELAPS):     90.55      6.46     91.99
# Résultat commande #0002 (STAT_NON_LINE): res ('<0000000e>') de type <NonLinearResult>
# Mémoire (Mo) :  6389.52 /  1530.48 /  2599.72 /   819.83 (VmPeak / VmSize / Optimum / Minimum)
# Fin commande #0002   user+syst:     1284.79s (syst:      358.33s, elaps:      896.64s)
# ----------------------------------------------------------------------------------------------

.. _stg1_txt184
# ----------------------------------------------------------------------------------------------
# Commande #0003 de
/root/mm/envs/aster/lib/python3.14/site-packages/code_aster/Supervis/ExecuteCommand.py, ligne 184
CALC_CHAMP(CRITERE='RELATIF',
           FORCE='REAC_NODA',
           INFO=1,
           INST=0.04,
           PARALLELISME_TEMPS='NON',
           PRECISION=1e-06,
           RESULTAT=res)

Le système linéaire à résoudre a 375089 degrés de liberté:
   - 359637 sont des degrés de liberté physiques
     (ils sont portés par 111469 noeuds du maillage)
   - 15452 sont les couples de paramètres de Lagrange associés
     aux 7726 relations linéaires dualisées.
#2      Calculs elementaires et assemblages               CPU (USER+SYST/SYST/ELAPS):      0.62      0.00      0.62
# Résultat commande #0003 (CALC_CHAMP): '<00000012>' de type <NonLinearResult>
# Dépend de :
# - model ('<00000002>') de type <Model>
# - fmat ('<00000008>') de type <MaterialField>
# Mémoire (Mo) :  6389.52 /  1530.48 /  2599.72 /   819.83 (VmPeak / VmSize / Optimum / Minimum)
# Fin commande #0003   user+syst:        0.97s (syst:        0.01s, elaps:        0.98s)
# ----------------------------------------------------------------------------------------------

.. _stg1_txt34
# ----------------------------------------------------------------------------------------------
# Commande #0004 de /home/user/aas-corner-fe/wd/v8c75_TV/v8c75_TV_s01.comm.changed.py, ligne 34
tb = POST_RELEVE_T(ACTION=_F(CRITERE='RELATIF',
                             FORMAT_C='MODULE',
                             GROUP_NO='HEADT',
                             INST=0.04,
                             INTITULE='R',
                             MOYE_NOEUD='OUI',
                             NOM_CHAM='REAC_NODA',
                             OPERATION='EXTRACTION',
                             PRECISION=1e-06,
                             REPERE='GLOBAL',
                             RESULTANTE='DX',
                             RESULTAT=r2),
                   INFO=1)

# Résultat commande #0004 (POST_RELEVE_T): tb ('<00000013>') de type <Table>
# Mémoire (Mo) :  6389.52 /  1530.48 /  2599.72 /   819.83 (VmPeak / VmSize / Optimum / Minimum)
# Fin commande #0004   user+syst:        0.02s (syst:        0.01s, elaps:        0.01s)
# ----------------------------------------------------------------------------------------------

.. _stg1_txt34
# ----------------------------------------------------------------------------------------------
# Commande #0005 de /home/user/aas-corner-fe/wd/v8c75_TV/v8c75_TV_s01.comm.changed.py, ligne 34
tb = POST_RELEVE_T(ACTION=_F(CRITERE='RELATIF',
                             FORMAT_C='MODULE',
                             GROUP_NO='HEADV',
                             INST=0.04,
                             INTITULE='R',
                             MOYE_NOEUD='OUI',
                             NOM_CHAM='REAC_NODA',
                             OPERATION='EXTRACTION',
                             PRECISION=1e-06,
                             REPERE='GLOBAL',
                             RESULTANTE='DX',
                             RESULTAT=r2),
                   INFO=1)

# Résultat commande #0005 (POST_RELEVE_T): tb ('<00000014>') de type <Table>
# Mémoire (Mo) :  6389.52 /  1530.48 /  2599.72 /   819.83 (VmPeak / VmSize / Optimum / Minimum)
# Fin commande #0005   user+syst:        0.02s (syst:        0.00s, elaps:        0.01s)
# ----------------------------------------------------------------------------------------------

.. _stg1_txt39
# ----------------------------------------------------------------------------------------------
# Commande #0006 de /home/user/aas-corner-fe/wd/v8c75_TV/v8c75_TV_s01.comm.changed.py, ligne 39
DETRUIRE(INFO=1,
         NOM=r2)

# Mémoire (Mo) :  6389.52 /  1530.48 /  2599.72 /   819.83 (VmPeak / VmSize / Optimum / Minimum)
# Fin commande #0006   user+syst:        0.26s (syst:        0.00s, elaps:        0.14s)
# ----------------------------------------------------------------------------------------------
/home/user/aas-corner-fe/wd/v8c75_TV/v8c75_TV_s01.comm.changed.py:56: ResourceWarning: unclosed file <_io.TextIOWrapper name='/home/user/aas-corner-fe/jobs/../results/v8c75_TV.curve' mode='a' encoding='UTF-8'>
  open(CURVE,'a').write('CURVE %g %g %g %g\n'%(tcur,tot,v['HEADT'],v['HEADV']))
AASCURVE 0.04 25051.9 13843.3 11208.6

.. _stg1_txt76
# ----------------------------------------------------------------------------------------------
# Commande #0007 de /root/mm/envs/aster/lib/python3.14/site-packages/code_aster/CodeCommands/fin.py,
ligne 76
FIN(INFO_RESU='NON',
    RETASSAGE='NON')

Saving objects...
pi                       <class 'float'>
e                        <class 'float'>
tau                      <class 'float'>
inf                      <class 'float'>
nan                      <class 'float'>
mesh                     <class 'libaster.Mesh'>
model                    <class 'libaster.Model'>
mat                      <class 'libaster.Material'>
matH                     <class 'libaster.Material'>
matHH                    <class 'libaster.Material'>
stl                      <class 'libaster.Material'>
slvm                     <class 'libaster.Material'>
fmat                     <class 'libaster.MaterialField'>
fix                      <class 'libaster.MechanicalLoadReal'>
grp                      <class 'list'>
load                     <class 'libaster.MechanicalLoadReal'>
ramp                     <class 'libaster.Function'>
steps                    <class 'libaster.ListOfFloats'>
times                    <class 'libaster.TimesList'>
LOADS                    <class 'str'>
CURVE                    <class 'str'>
common                   <class 'dict'>
tcur                     <class 'float'>
peak                     <class 'float'>
stopped                  <class 'bool'>
TARGETS                  <class 'list'>
tn                       <class 'float'>
res                      <class 'libaster.NonLinearResult'>
v                        <class 'dict'>
tot                      <class 'float'>
line                     <class 'str'>

 ╔================================================================================================╗
 ║ <I> <CATAMESS_89>                                                                              ║
 ║                                                                                                ║
 ║ Liste des alarmes émises lors de l'exécution du calcul.                                        ║
 ║                                                                                                ║
 ║     Les alarmes que vous avez choisies d'ignorer sont précédées de (*).                        ║
 ║     Nombre d'occurrences pour chacune des alarmes :                                            ║
 ║            FACTOR_75            émise    6 fois                                                ║
 ╚================================================================================================╝

 ---------------------------------------------------------------------------
 Concepts de la base: G
    Nom        Type                Taille (Mo)         Nombre      Nombre de
                                                     d'objets       segments
    TOTAL                               296.24            414            621
  
    00000001   MAILLAGE_SDASTER          12.00             34             70
    00000002   MODELE_SDASTER            11.86             11             16
    00000003   MATER_SDASTER              0.00             15             15
    00000004   MATER_SDASTER              0.00             15             15
    00000005   MATER_SDASTER              0.00              7              7
    00000006   MATER_SDASTER              0.00              7              7
    00000007   MATER_SDASTER              0.00              7              7
    00000008   CHAM_MATER                 0.89              8             13
    00000009   CHAR_MECA                 12.89             56             76
    0000000a   CHAR_MECA                  9.42             56             76
    0000000b   FONCTION_SDASTER           0.00              3              3
    0000000c   LISTR8_SDASTER             0.00              6              6
    0000000d   LIST_INST                  0.00              8              8
    0000000e   EVOL_NOLI                183.72            127            163
    &FOZERO                               0.00              2              2
    &&_NUM_C                              0.00              1              1
    &CATA                                37.45             42            103
    &&NMDOME                              0.00              2              2
    0000000f                              0.12              2             14
    &&NMCH1P                             27.76              3              3
    00000012                              0.12              2             14
 (*) sous-objets non accessible directement
 ---------------------------------------------------------------------------
Nom de la base                          :  GLOBALE
     Nombre d'enregistrements utilisés       :  513
     Nombre d'enregistrements maximum        :  2684354
     Nombre d'enregistrements par fichier    :  15728
     Longueur d'enregistrement (octets)      :  819200
     Nombre total d'accès en lecture         :  503
     Volume des accès en lecture             :        392.97 Mo.
     Nombre total d'accès en écriture        :  335
     Volume des accès en écriture            :        261.72 Mo.
     Nombre d'identificateurs utilisés       :  727
     Taille maximum du répertoire            :  2000
     Pourcentage d'utilisation du répertoire :  36 %

Nom de la base                          :  VOLATILE
     Nombre d'enregistrements utilisés       :  584
     Nombre d'enregistrements maximum        :  2684354
     Nombre d'enregistrements par fichier    :  15728
     Longueur d'enregistrement (octets)      :  819200
     Nombre total d'accès en lecture         :  495
     Volume des accès en lecture             :        386.72 Mo.
     Nombre total d'accès en écriture        :  2658
     Volume des accès en écriture            :       2076.56 Mo.
     Nombre d'identificateurs utilisés       :  999
     Taille maximum du répertoire            :  2000
     Pourcentage d'utilisation du répertoire :  49 %

<I> <FIN> ARRET NORMAL DANS "FIN" PAR APPEL A "JEFINI".
  
 <I> <FIN> MEMOIRE JEVEUX MINIMALE REQUISE POUR L'EXECUTION :                     819.83 Mo
 <I> <FIN> MEMOIRE JEVEUX OPTIMALE REQUISE POUR L'EXECUTION :                    2599.72 Mo
 <I> <FIN> MAXIMUM DE MEMOIRE UTILISEE PAR LE PROCESSUS LORS DE L'EXECUTION :    6389.52 Mo
  
 <I>       FERMETURE DES BASES EFFECTUEE
  
   STATISTIQUES CONCERNANT L'ALLOCATION DYNAMIQUE :
     TAILLE CUMULEE MAXIMUM            :                 2600  Mo.
     TAILLE CUMULEE LIBEREE            :                 2203  Mo.
     NOMBRE TOTAL D'ALLOCATIONS        :              2669054
     NOMBRE TOTAL DE LIBERATIONS       :              2669054
     APPELS AU MECANISME DE LIBERATION :                    0
     TAILLE MEMOIRE CUMULEE RECUPEREE  :                 2238  Mo.
     VOLUME DES LECTURES               :                    0  Mo.
     VOLUME DES ECRITURES              :                 1849  Mo.
  
   MEMOIRE JEVEUX MINIMALE REQUISE POUR L'EXECUTION :     819.83 Mo
     - IMPOSE DE NOMBREUX ACCES DISQUE
     - RALENTIT LA VITESSE D'EXECUTION
   MEMOIRE JEVEUX OPTIMALE REQUISE POUR L'EXECUTION :    2599.72 Mo
     - LIMITE LES ACCES DISQUE
     - AMELIORE LA VITESSE D'EXECUTION
   MAXIMUM DE MEMOIRE UTILISEE PAR LE PROCESSUS     :    6389.52 Mo
     - COMPREND LA MEMOIRE CONSOMMEE PAR  JEVEUX, 
       LE SUPERVISEUR PYTHON, LES LIBRAIRIES EXTERNES
  
 <I>       FIN D'EXECUTION LE : JE-24-SEPT-2026 16:14:57
Signature of pickled file   : 9664b085a5015c82c766d4485d7e9c4e506f3e620ed27ab1463c2ed7448c2a08
Signature of info file      : f6689dee8c6c45f895c8f6ad7feaf633e27208987e10d7e6269090618ffbcde4
Signature of Jeveux database: 57ae9df5c54663b40e0bf58ca7f2b3699ed3ba78ecc5d71617413e16da70f84e

 ********************************************************************************
 * COMMAND                  :       USER :     SYSTEM :   USER+SYS :    ELAPSED *
 ********************************************************************************
 * DEBUT                    :       0.20 :       0.26 :       0.46 :       0.46 *
 * STAT_NON_LINE            :    1284.79 :     358.33 :    1643.12 :     896.64 *
 * CALC_CHAMP               :       0.97 :       0.01 :       0.98 :       0.98 *
 * POST_RELEVE_T            :       0.02 :       0.01 :       0.03 :       0.01 *
 * POST_RELEVE_T            :       0.02 :       0.00 :       0.02 :       0.01 *
 * DETRUIRE                 :       0.26 :       0.00 :       0.26 :       0.14 *
 * FIN                      :       0.24 :       0.27 :       0.51 :       0.67 *
 *  . sdveri                :       0.00 :       0.00 :       0.00 :       0.00 *
 *  . cleanup               :       0.00 :       0.00 :       0.00 :       0.00 *
 *  . check syntax          :       0.02 :       0.00 :       0.02 :       0.03 *
 *  . fortran               :    1286.18 :     358.88 :    1645.06 :     898.72 *
 ********************************************************************************
 * TOTAL_JOB                :    1286.71 :     358.89 :    1645.60 :     899.11 *
 ********************************************************************************

# Mémoire (Mo) :  6389.52 /  1110.76 /  2599.72 /   819.83 (VmPeak / VmSize / Optimum / Minimum)
# Fin commande #0007   user+syst:        0.24s (syst:        0.27s, elaps:        0.67s)
# ----------------------------------------------------------------------------------------------

EXECUTION_CODE_ASTER_EXIT_1998=0


saving result databases to 'BASE_PREC'...
execution ended (command file #2): <A>_ALARM
Running: /root/mm/envs/aster/bin/run_aster -w /home/user/aas-corner-fe/wd/v8c75_TV --status-file /root/.tmp_run_aster/run_aster_dk8d6s0i/__status__ --no-mpi /root/.tmp_run_aster/run_aster_dk8d6s0i/v8c75_TV.2

# ------------------------------------------------------------------------------
Execution of code_aster

# ------------------------------------------------------------------------------
Prepare environment in /home/user/aas-corner-fe/wd/v8c75_TV

# ------------------------------------------------------------------------------
Command file #3 / 20

Content of the file to execute:
# coding=utf-8
# original filename
__file__ = r"/home/user/aas-corner-fe/jobs/v8c75_TV_s02.comm"


# temporarly added for compatibility with code_aster legacy
from math import *

import code_aster
from code_aster.Commands import *
from code_aster import CA

POURSUITE(LANG='EN', PAR_LOT='NON')

LOADS='TV'
CURVE='/home/user/aas-corner-fe/jobs/../results/v8c75_TV.curve'
common=dict(MODELE=model, CHAM_MATER=fmat, EXCIT=(_F(CHARGE=fix), _F(CHARGE=load, FONC_MULT=ramp)),
        COMPORTEMENT=(_F(RELATION='ENDO_FISS_EXP', GROUP_MA=('CONC','HZ')), _F(RELATION='ELAS', GROUP_MA=('STEEL','SLV','HZH'))),
        NEWTON=_F(MATRICE='TANGENTE', REAC_ITER=1),
        CONVERGENCE=_F(RESI_GLOB_RELA=1.E-4, ITER_GLOB_MAXI=30), ARCHIVAGE=_F(PAS_ARCH=1), SOLVEUR=_F(METHODE='MUMPS', GESTION_MEMOIRE='OUT_OF_CORE'))
import os, re
tcur=0.0; peak=0.0; stopped=False
if os.path.exists(CURVE):
    for line in open(CURVE):
        m=re.match(r'CURVE\s+(\S+)\s+(\S+)', line)
        if m:
            tcur=max(tcur, float(m.group(1))); peak=max(peak, float(m.group(2)))
        if line.startswith('STOP'): stopped=True
def reac(res, t):
    r2=CALC_CHAMP(RESULTAT=res, FORCE='REAC_NODA', INST=t)
    vals={}
    for g in ('HEADT','HEADV'):
        try:
            tb=POST_RELEVE_T(ACTION=_F(OPERATION='EXTRACTION', INTITULE='R', RESULTAT=r2, NOM_CHAM='REAC_NODA',
                                       GROUP_NO=g, RESULTANTE='DX', INST=t)).EXTR_TABLE().values()
            vals[g]=-tb['DX'][-1]*2
        except Exception:
            vals[g]=0.
    DETRUIRE(NOM=r2)
    return vals
TARGETS=[0.06]
for tn in TARGETS:
    if stopped or tn <= tcur+1e-9: continue
    try:
        if tcur < 1e-12 and '0'=='1':
            res=STAT_NON_LINE(INCREMENT=_F(LIST_INST=times, INST_FIN=tn), **common)
        else:
            res=STAT_NON_LINE(reuse=res, ETAT_INIT=_F(EVOL_NOLI=res), INCREMENT=_F(LIST_INST=times, INST_FIN=tn), **common)
    except Exception as exc:
        print('AASSTOP at', tcur, exc, flush=True)
        open(CURVE,'a').write('STOP solver %g\n'%tcur); stopped=True; break
    tcur=tn
    v=reac(res, tcur)
    tot=(v['HEADT'] if 'T' in LOADS else 0.)+(v['HEADV'] if 'V' in LOADS else 0.)
    peak=max(peak, tot)
    open(CURVE,'a').write('CURVE %g %g %g %g\n'%(tcur,tot,v['HEADT'],v['HEADV']))
    print('AASCURVE %g %g %g %g'%(tcur,tot,v['HEADT'],v['HEADV']), flush=True)
    if tot < 0.9*peak:
        open(CURVE,'a').write('STOP peak %g\n'%peak); stopped=True; break
FIN()



# ------------------------------------------------------------------------------
Command line #3:
    ulimit -c unlimited ; ulimit -t 50000 ; ( /root/mm/envs/aster/bin/python3 "v8c75_TV_s02.comm.changed.py" --memory 3600.0 --numthreads 2 --tpmax 20000 ; echo $? > _exit_code_ ) 2>&1 | tee -a fort.6
setting '--memory' value to 3240.00 MB (keyword RESERVE_MEMOIRE)
Ouverture en écriture du fichier ./vola.1

<INFO> Démarrage de l'exécution.

                       -- CODE_ASTER -- VERSION : DÉVELOPPEMENT (unstable) --                       
                               Version 18.1.6 modifiée le 14/09/2026                                
                                    révision n/a - branche 'n/a'                                    
                                     Copyright EDF 1991 - 2026                                      
                                                                                                    
                              Exécution du : Thu Sep 24 16:15:00 2026                               
                                       Nom de la machine : vm                                       
                                        Architecture : 64bit                                        
                                    Type de processeur : x86_64                                     
                Système d'exploitation : Linux-6.18.44-fc-v37-x86_64-with-glibc2.39                 
                                  Langue des messages : C (UTF-8)                                   
                                     Version de Python : 3.14.7                                     
                                      Version de NumPy : 2.5.3                                      
                                  Version de MEDCoupling : 9.16.0                                   
                                     Parallélisme MPI : inactif                                     
                                    Parallélisme OpenMP : actif                                     
                              Nombre de processus OpenMP utilisés : 2                               
                                Version de la librairie HDF5 : 2.2.0                                
                                Version de la librairie MED : 4.2.0                                 
                               Version de la librairie MFront : 5.1.0                               
                               Version de la librairie MUMPS : 5.8.2                                
                                  Librairie PETSc : non disponible                                  
                              Version de la librairie SCOTCH : 7.0.11                               

restarting from a previous execution...
/home/user/aas-corner-fe/wd/v8c75_TV/v8c75_TV_s02.comm.changed.py:13: DeprecationWarning: This feature is obsolete, 'PAR_LOT' has been removed.
  POURSUITE(LANG='EN', PAR_LOT='NON')
Valeur initiale du temps CPU maximum =   20000 secondes
  Valeur du temps CPU maximum passé aux commandes =   18000 secondes
  Réserve CPU prévue = 2000 secondes

Ouverture en lecture du fichier ./glob.1

Ajustement de la taille maximale des bases à 2048.00 Go.
    
Nom de la base                          :  GLOBALE
     Créée avec la version                   :  18.01.06
     Nombre d'enregistrements utilisés       :  513
     Nombre d'enregistrements maximum        :  2684354
     Nombre d'enregistrements par fichier    :  15728
     Longueur d'enregistrement (octets)      :  819200
     Nombre d'identificateurs utilisés       :  727
     Taille maximum du répertoire            :  2000
     Pourcentage d'utilisation du répertoire :  36 %

Ouverture en lecture du fichier ./glob.1

Ouverture en écriture du fichier ./vola.1

Fin de lecture (durée  0.000033  s.) 

                      Mémoire limite pour l'allocation dynamique : 3752.06 Mo                       
                         ajouté à l'initialisation du processus : 741.33 Mo                         
                               Limite cible du processus : 4493.38 Mo                               
                         Taille limite des fichiers d'échange : 2048.00 Go                          
pi                       <class 'float'>
e                        <class 'float'>
tau                      <class 'float'>
inf                      <class 'float'>
nan                      <class 'float'>
mesh                     <class 'libaster.Mesh'>
model                    <class 'libaster.Model'>
mat                      <class 'libaster.Material'>
matH                     <class 'libaster.Material'>
matHH                    <class 'libaster.Material'>
stl                      <class 'libaster.Material'>
slvm                     <class 'libaster.Material'>
fmat                     <class 'libaster.MaterialField'>
fix                      <class 'libaster.MechanicalLoadReal'>
grp                      <class 'list'>
load                     <class 'libaster.MechanicalLoadReal'>
ramp                     <class 'libaster.Function'>
steps                    <class 'libaster.ListOfFloats'>
times                    <class 'libaster.TimesList'>
LOADS                    <class 'str'>
CURVE                    <class 'str'>
common                   <class 'dict'>
tcur                     <class 'float'>
peak                     <class 'float'>
stopped                  <class 'bool'>
TARGETS                  <class 'list'>
tn                       <class 'float'>
res                      <class 'libaster.NonLinearResult'>
v                        <class 'dict'>
tot                      <class 'float'>
line                     <class 'str'>
# Mémoire (Mo) :   907.75 /   907.75 /   326.13 /   326.10 (VmPeak / VmSize / Optimum / Minimum)
# Fin commande #0001   user+syst:        0.20s (syst:        0.30s, elaps:        0.52s)
# ----------------------------------------------------------------------------------------------
/home/user/aas-corner-fe/wd/v8c75_TV/v8c75_TV_s02.comm.changed.py:24: ResourceWarning: unclosed file <_io.TextIOWrapper name='/home/user/aas-corner-fe/jobs/../results/v8c75_TV.curve' mode='r' encoding='UTF-8'>
  for line in open(CURVE):

.. _stg1_txt48
# ----------------------------------------------------------------------------------------------
# Commande #0002 de /home/user/aas-corner-fe/wd/v8c75_TV/v8c75_TV_s02.comm.changed.py, ligne 48
res = STAT_NON_LINE(AFFICHAGE=_F(INFO_RESIDU='NON',
                                 INFO_TEMPS='NON'),
                    ARCHIVAGE=_F(CHAM_EXCLU=('RESI_NOEU', 'RESI_RELA_NOEU'),
                                 PAS_ARCH=1),
                    CHAM_MATER=fmat,
                    COMPORTEMENT=(_F(DEFORMATION='PETIT',
                                     GROUP_MA=('CONC', 'HZ'),
                                     ITER_CPLAN_MAXI=10,
                                     ITER_INTE_MAXI=20,
                                     ITER_INTE_PAS=0,
                                     PARM_THETA=1.0,
                                     REGU_VISC='NON',
                                     RELATION='ENDO_FISS_EXP',
                                     RESI_CPLAN_RELA=1e-06,
                                     RESI_INTE=1e-06),
                                  _F(DEFORMATION='PETIT',
                                     GROUP_MA=('STEEL', 'SLV', 'HZH'),
                                     ITER_CPLAN_MAXI=10,
                                     ITER_INTE_MAXI=20,
                                     ITER_INTE_PAS=0,
                                     PARM_THETA=1.0,
                                     REGU_VISC='NON',
                                     RELATION='ELAS',
                                     RESI_CPLAN_RELA=1e-06,
                                     RESI_INTE=1e-06)),
                    CONVERGENCE=_F(ARRET='OUI',
                                   ITER_GLOB_ELAS=25,
                                   ITER_GLOB_MAXI=30,
                                   RESI_GLOB_RELA=0.0001,
                                   VERIF='TOUT'),
                    ETAT_INIT=_F(EVOL_NOLI=res),
                    EXCIT=(_F(CHARGE='<00000009>',
                              TYPE_CHARGE='FIXE_CSTE'),
                           _F(CHARGE='<0000000a>',
                              FONC_MULT=ramp,
                              TYPE_CHARGE='FIXE_CSTE')),
                    INCREMENT=_F(CRITERE='RELATIF',
                                 INST_FIN=0.06,
                                 INST_INIT=0.04,
                                 LIST_INST=times,
                                 PRECISION=1e-06),
                    MESURE=_F(TABLE='NON'),
                    METHODE='NEWTON',
                    MODELE=model,
                    NEWTON=_F(MATRICE='TANGENTE',
                              MATR_RIGI_SYME='NON',
                              REAC_INCR=1,
                              REAC_ITER=1,
                              REAC_ITER_ELAS=0),
                    SOLVEUR=_F(ACCELERATION='AUTO',
                               ELIM_LAGR='LAGR2',
                               FILTRAGE_MATRICE=-1.0,
                               GESTION_MEMOIRE='OUT_OF_CORE',
                               LOW_RANK_SEUIL=0.0,
                               MATR_DISTRIBUEE='NON',
                               METHODE='MUMPS',
                               MIXER_PRECISION='NON',
                               NB_RHS=1,
                               NPREC=8,
                               PCENT_PIVOT=35,
                               POSTTRAITEMENTS='AUTO',
                               PRETRAITEMENTS='AUTO',
                               REDUCTION_MPI=0,
                               RENUM='AUTO',
                               RESI_RELA=-1.0,
                               STOP_SINGULIER='OUI',
                               TYPE_RESOL='AUTO'),
                    reuse=res)

Liste des comportements

Affecté sur 67406 éléments
Relation                             : ENDO_FISS_EXP
Déformation                          : PETIT
Pas de régularisation visqueuse
Pas de post-traitement à la fin du pas de temps
Nombre total de variables internes   : 9
V1 : ENDO
V2 : INDIENDO
V3 : ENDORIGI
V4 : EPSEXX
V5 : EPSEYY
V6 : EPSEZZ
V7 : EPSEXY
V8 : EPSEXZ
V9 : EPSEYZ
Affecté sur 11844 éléments
Relation                             : ELAS
Déformation                          : PETIT
Pas de régularisation visqueuse
Pas de post-traitement à la fin du pas de temps
Nombre total de variables internes   : 1
V1 : VIDE
Le système linéaire à résoudre a 375089 degrés de liberté:
   - 359637 sont des degrés de liberté physiques
     (ils sont portés par 111469 noeuds du maillage)
   - 15452 sont les couples de paramètres de Lagrange associés
     aux 7726 relations linéaires dualisées.
La matrice est de taille 375089 équations.
  Elle contient 19289373 termes non nuls si elle est symétrique et 38203657 termes non nuls si elle
n'est pas symétrique.
  Soit un taux de remplissage de   0.027 %.
Lecture de l'état initial
L'état initial a été récupéré dans la structure de données résultat de nom <0000000e> pour le numéro
d'ordre 2 et à l'instant  4.000000000000e-02
Le champ <DEPL> est lu dans ETAT_INIT dans la structure de données résultat donné dans la commande.
Le champ <SIEF_ELGA> est lu dans ETAT_INIT dans la structure de données résultat donné dans la
commande.
Le champ <VARI_ELGA> est lu dans ETAT_INIT dans la structure de données résultat donné dans la
commande.
---------------------------------------------------------------------
Instant de calcul:  6.000000000000e-02 - Niveau de découpe: 1

---------------------------------------------------------------------
|     NEWTON     |     RESIDU     |     RESIDU     |     OPTION     |
|    ITERATION   |     RELATIF    |     ABSOLU     |   ASSEMBLAGE   |
|                | RESI_GLOB_RELA | RESI_GLOB_MAXI |(+ TYPE MATRICE)|
---------------------------------------------------------------------

 ╔================================================================================================╗
 ║ <A> <FACTOR_75>                                                                                ║
 ║                                                                                                ║
 ║ Attention, vous avez demandé un calcul OUT_OF_CORE, mais MUMPS estime avoir besoin pour cela   ║
 ║ d'au moins                                                                                     ║
 ║   3547 Mo  alors qu'il n'y a que 1187 Mo de disponible sur ce processeur !                     ║
 ║   Le calcul pourrait donc être ralenti ou s'arrêter pour cette raison.                         ║
 ║                                                                                                ║
 ║   Pour information: mémoire déjà pré-allouée par MUMPS (exécutable, matrice...)= 472 Mo,       ║
 ║                     nombre de systèmes linéaires à factoriser en même temps    = 1.            ║
 ║                                                                                                ║
 ║ Conseils :                                                                                     ║
 ║   La prochaine fois, relancez avec plus de mémoire globale ou avec une option de calcul plus   ║
 ║ économe                                                                                        ║
 ║   (par ordre décroissant d'efficacité):                                                        ║
 ║    - Si le calcul est parallèle, réduisez la consommation MUMPS en augmentant le nombre de     ║
 ║ processeurs,                                                                                   ║
 ║    - Si le calcul est parallèle, réduisez la consommation Aster en activant l'option           ║
 ║ SOLVEUR/MATR_DISTRIBUEE,                                                                       ║
 ║   Ou, plus radicalement:                                                                       ║
 ║    - Utilisez un solveur moins exigeant en mémoire (par exemple: SOLVEUR/METHODE='PETSC' +     ║
 ║ PRECOND='LDLT_SP').                                                                            ║
 ║                                                                                                ║
 ║                                                                                                ║
 ║ Ceci est une alarme. Si vous ne comprenez pas le sens de cette                                 ║
 ║ alarme, vous pouvez obtenir des résultats inattendus !                                         ║
 ╚================================================================================================╝

|     0        X | 9.31642E-02  X | 1.21851E+02    |TANGENTE (NOSYM)|

 ╔================================================================================================╗
 ║ <A> <FACTOR_75>                                                                                ║
 ║                                                                                                ║
 ║ Attention, vous avez demandé un calcul OUT_OF_CORE, mais MUMPS estime avoir besoin pour cela   ║
 ║ d'au moins                                                                                     ║
 ║   3549 Mo  alors qu'il n'y a que 1055 Mo de disponible sur ce processeur !                     ║
 ║   Le calcul pourrait donc être ralenti ou s'arrêter pour cette raison.                         ║
 ║                                                                                                ║
 ║   Pour information: mémoire déjà pré-allouée par MUMPS (exécutable, matrice...)= 475 Mo,       ║
 ║                     nombre de systèmes linéaires à factoriser en même temps    = 1.            ║
 ║                                                                                                ║
 ║ Conseils :                                                                                     ║
 ║   La prochaine fois, relancez avec plus de mémoire globale ou avec une option de calcul plus   ║
 ║ économe                                                                                        ║
 ║   (par ordre décroissant d'efficacité):                                                        ║
 ║    - Si le calcul est parallèle, réduisez la consommation MUMPS en augmentant le nombre de     ║
 ║ processeurs,                                                                                   ║
 ║    - Si le calcul est parallèle, réduisez la consommation Aster en activant l'option           ║
 ║ SOLVEUR/MATR_DISTRIBUEE,                                                                       ║
 ║   Ou, plus radicalement:                                                                       ║
 ║    - Utilisez un solveur moins exigeant en mémoire (par exemple: SOLVEUR/METHODE='PETSC' +     ║
 ║ PRECOND='LDLT_SP').                                                                            ║
 ║                                                                                                ║
 ║                                                                                                ║
 ║ Ceci est une alarme. Si vous ne comprenez pas le sens de cette                                 ║
 ║ alarme, vous pouvez obtenir des résultats inattendus !                                         ║
 ╚================================================================================================╝

|     1        X | 1.51548E-02  X | 1.91424E+01    |TANGENTE (NOSYM)|

 ╔================================================================================================╗
 ║ <A> <FACTOR_75>                                                                                ║
 ║                                                                                                ║
 ║ Attention, vous avez demandé un calcul OUT_OF_CORE, mais MUMPS estime avoir besoin pour cela   ║
 ║ d'au moins                                                                                     ║
 ║   3549 Mo  alors qu'il n'y a que 1054 Mo de disponible sur ce processeur !                     ║
 ║   Le calcul pourrait donc être ralenti ou s'arrêter pour cette raison.                         ║
 ║                                                                                                ║
 ║   Pour information: mémoire déjà pré-allouée par MUMPS (exécutable, matrice...)= 474 Mo,       ║
 ║                     nombre de systèmes linéaires à factoriser en même temps    = 1.            ║
 ║                                                                                                ║
 ║ Conseils :                                                                                     ║
 ║   La prochaine fois, relancez avec plus de mémoire globale ou avec une option de calcul plus   ║
 ║ économe                                                                                        ║
 ║   (par ordre décroissant d'efficacité):                                                        ║
 ║    - Si le calcul est parallèle, réduisez la consommation MUMPS en augmentant le nombre de     ║
 ║ processeurs,                                                                                   ║
 ║    - Si le calcul est parallèle, réduisez la consommation Aster en activant l'option           ║
 ║ SOLVEUR/MATR_DISTRIBUEE,                                                                       ║
 ║   Ou, plus radicalement:                                                                       ║
 ║    - Utilisez un solveur moins exigeant en mémoire (par exemple: SOLVEUR/METHODE='PETSC' +     ║
 ║ PRECOND='LDLT_SP').                                                                            ║
 ║                                                                                                ║
 ║                                                                                                ║
 ║ Ceci est une alarme. Si vous ne comprenez pas le sens de cette                                 ║
 ║ alarme, vous pouvez obtenir des résultats inattendus !                                         ║
 ╚================================================================================================╝

|     2        X | 2.78424E-03  X | 3.48014E+00    |TANGENTE (NOSYM)|

 ╔================================================================================================╗
 ║ <A> <FACTOR_75>                                                                                ║
 ║                                                                                                ║
 ║ Attention, vous avez demandé un calcul OUT_OF_CORE, mais MUMPS estime avoir besoin pour cela   ║
 ║ d'au moins                                                                                     ║
 ║   3549 Mo  alors qu'il n'y a que 1054 Mo de disponible sur ce processeur !                     ║
 ║   Le calcul pourrait donc être ralenti ou s'arrêter pour cette raison.                         ║
 ║                                                                                                ║
 ║   Pour information: mémoire déjà pré-allouée par MUMPS (exécutable, matrice...)= 475 Mo,       ║
 ║                     nombre de systèmes linéaires à factoriser en même temps    = 1.            ║
 ║                                                                                                ║
 ║ Conseils :                                                                                     ║
 ║   La prochaine fois, relancez avec plus de mémoire globale ou avec une option de calcul plus   ║
 ║ économe                                                                                        ║
 ║   (par ordre décroissant d'efficacité):                                                        ║
 ║    - Si le calcul est parallèle, réduisez la consommation MUMPS en augmentant le nombre de     ║
 ║ processeurs,                                                                                   ║
 ║    - Si le calcul est parallèle, réduisez la consommation Aster en activant l'option           ║
 ║ SOLVEUR/MATR_DISTRIBUEE,                                                                       ║
 ║   Ou, plus radicalement:                                                                       ║
 ║    - Utilisez un solveur moins exigeant en mémoire (par exemple: SOLVEUR/METHODE='PETSC' +     ║
 ║ PRECOND='LDLT_SP').                                                                            ║
 ║                                                                                                ║
 ║                                                                                                ║
 ║ Ceci est une alarme. Si vous ne comprenez pas le sens de cette                                 ║
 ║ alarme, vous pouvez obtenir des résultats inattendus !                                         ║
 ╚================================================================================================╝

|     3        X | 2.17064E-03  X | 2.70927E+00    |TANGENTE (NOSYM)|

 ╔================================================================================================╗
 ║ <A> <FACTOR_75>                                                                                ║
 ║                                                                                                ║
 ║ Attention, vous avez demandé un calcul OUT_OF_CORE, mais MUMPS estime avoir besoin pour cela   ║
 ║ d'au moins                                                                                     ║
 ║   3549 Mo  alors qu'il n'y a que 1054 Mo de disponible sur ce processeur !                     ║
 ║   Le calcul pourrait donc être ralenti ou s'arrêter pour cette raison.                         ║
 ║                                                                                                ║
 ║   Pour information: mémoire déjà pré-allouée par MUMPS (exécutable, matrice...)= 475 Mo,       ║
 ║                     nombre de systèmes linéaires à factoriser en même temps    = 1.            ║
 ║                                                                                                ║
 ║ Conseils :                                                                                     ║
 ║   La prochaine fois, relancez avec plus de mémoire globale ou avec une option de calcul plus   ║
 ║ économe                                                                                        ║
 ║   (par ordre décroissant d'efficacité):                                                        ║
 ║    - Si le calcul est parallèle, réduisez la consommation MUMPS en augmentant le nombre de     ║
 ║ processeurs,                                                                                   ║
 ║    - Si le calcul est parallèle, réduisez la consommation Aster en activant l'option           ║
 ║ SOLVEUR/MATR_DISTRIBUEE,                                                                       ║
 ║   Ou, plus radicalement:                                                                       ║
 ║    - Utilisez un solveur moins exigeant en mémoire (par exemple: SOLVEUR/METHODE='PETSC' +     ║
 ║ PRECOND='LDLT_SP').                                                                            ║
 ║                                                                                                ║
 ║                                                                                                ║
 ║ Ceci est une alarme. Si vous ne comprenez pas le sens de cette                                 ║
 ║ alarme, vous pouvez obtenir des résultats inattendus !                                         ║
 ╚================================================================================================╝


 ╔================================================================================================╗
 ║ <A> <CATAMESS_41>                                                                              ║
 ║                                                                                                ║
 ║ Le message d'alarme 'FACTOR_75' a été émis 5 fois, il ne sera plus affiché.                    ║
 ║                                                                                                ║
 ║                                                                                                ║
 ║ Ceci est une alarme. Si vous ne comprenez pas le sens de cette                                 ║
 ║ alarme, vous pouvez obtenir des résultats inattendus !                                         ║
 ╚================================================================================================╝

|     4        X | 3.44073E-04  X | 4.29385E-01    |TANGENTE (NOSYM)|
|     5          | 2.24912E-05    | 2.80676E-02    |TANGENTE (NOSYM)|
---------------------------------------------------------------------
Critère(s) de convergence atteint(s)

Le résidu de type <RESI_GLOB_RELA> vaut  2.249117606640e-05 au noeud et degré de liberté <12545  
DX>
Temps CPU consommé dans ce pas de temps    : 14 min 32 s

* Nombre d'itérations de Newton                     : 6
* Temps total intégration comportement              : 38.274 s (7 intégrations)
* Temps total factorisation matrice                 : 11 min 35 s (6 factorisations)
* Temps construction second membre                  : 0.783 s
* Temps total résolution K.U=F                      : 1 min 21 s (6 résolutions)
* Temps assemblage matrice                          : 0.000 s
* Temps autres opérations                           : 55.965 s
Mémoire (Mo) :  6447.95 /  3004.38 /  2651.73 /   871.85 (VmPeak / VmSize / Optimum / Minimum)

Archivage des champs

Champ stocké <DEPL> à l'instant  6.000000000000e-02 pour le numéro d'ordre 3
Champ stocké <SIEF_ELGA> à l'instant  6.000000000000e-02 pour le numéro d'ordre 3
Champ stocké <VARI_ELGA> à l'instant  6.000000000000e-02 pour le numéro d'ordre 3
Champ stocké <COMPORTEMENT> à l'instant  6.000000000000e-02 pour le numéro d'ordre 3
[100%] Instant calculé : 6.00000e-02, seul l'instant initial a été archivé
Temps CPU consommé dans le calcul          : 14 min 32 s

dont temps CPU "perdu" dans les découpes            : 0.000 s
* Nombre de pas de temps                            : 1
* Nombre d'itérations de Newton                     : 6
* Temps dans l'archivage                            : 0.050 s
* Temps dans le post-traitement                     : 0.000 s
* Temps total intégration comportement              : 38.274 s (7 intégrations)
* Temps total factorisation matrice                 : 11 min 35 s (6 factorisations)
* Temps construction second membre                  : 0.783 s
* Temps total résolution K.U=F                      : 1 min 21 s (6 résolutions)
* Temps assemblage matrice                          : 0.000 s
#1      Resolution des systemes lineaires                 CPU (USER+SYST/SYST/ELAPS):   1499.84    318.58    780.73
#2      Calculs elementaires et assemblages               CPU (USER+SYST/SYST/ELAPS):     89.46      6.53     90.73
# Résultat commande #0002 (STAT_NON_LINE): res ('<0000000e>') de type <NonLinearResult>
# Mémoire (Mo) :  6447.95 /  1579.52 /  2651.73 /   871.85 (VmPeak / VmSize / Optimum / Minimum)
# Fin commande #0002   user+syst:     1275.94s (syst:      329.07s, elaps:      884.85s)
# ----------------------------------------------------------------------------------------------

.. _stg1_txt184
# ----------------------------------------------------------------------------------------------
# Commande #0003 de
/root/mm/envs/aster/lib/python3.14/site-packages/code_aster/Supervis/ExecuteCommand.py, ligne 184
CALC_CHAMP(CRITERE='RELATIF',
           FORCE='REAC_NODA',
           INFO=1,
           INST=0.06,
           PARALLELISME_TEMPS='NON',
           PRECISION=1e-06,
           RESULTAT=res)

Le système linéaire à résoudre a 375089 degrés de liberté:
   - 359637 sont des degrés de liberté physiques
     (ils sont portés par 111469 noeuds du maillage)
   - 15452 sont les couples de paramètres de Lagrange associés
     aux 7726 relations linéaires dualisées.
#2      Calculs elementaires et assemblages               CPU (USER+SYST/SYST/ELAPS):      0.73      0.01      0.75
# Résultat commande #0003 (CALC_CHAMP): '<00000015>' de type <NonLinearResult>
# Dépend de :
# - model ('<00000002>') de type <Model>
# - fmat ('<00000008>') de type <MaterialField>
# Mémoire (Mo) :  6447.95 /  1579.52 /  2651.73 /   871.85 (VmPeak / VmSize / Optimum / Minimum)
# Fin commande #0003   user+syst:        1.08s (syst:        0.01s, elaps:        1.13s)
# ----------------------------------------------------------------------------------------------

.. _stg1_txt34
# ----------------------------------------------------------------------------------------------
# Commande #0004 de /home/user/aas-corner-fe/wd/v8c75_TV/v8c75_TV_s02.comm.changed.py, ligne 34
tb = POST_RELEVE_T(ACTION=_F(CRITERE='RELATIF',
                             FORMAT_C='MODULE',
                             GROUP_NO='HEADT',
                             INST=0.06,
                             INTITULE='R',
                             MOYE_NOEUD='OUI',
                             NOM_CHAM='REAC_NODA',
                             OPERATION='EXTRACTION',
                             PRECISION=1e-06,
                             REPERE='GLOBAL',
                             RESULTANTE='DX',
                             RESULTAT=r2),
                   INFO=1)

# Résultat commande #0004 (POST_RELEVE_T): tb ('<00000016>') de type <Table>
# Mémoire (Mo) :  6447.95 /  1579.52 /  2651.73 /   871.85 (VmPeak / VmSize / Optimum / Minimum)
# Fin commande #0004   user+syst:        0.02s (syst:        0.00s, elaps:        0.01s)
# ----------------------------------------------------------------------------------------------

.. _stg1_txt34
# ----------------------------------------------------------------------------------------------
# Commande #0005 de /home/user/aas-corner-fe/wd/v8c75_TV/v8c75_TV_s02.comm.changed.py, ligne 34
tb = POST_RELEVE_T(ACTION=_F(CRITERE='RELATIF',
                             FORMAT_C='MODULE',
                             GROUP_NO='HEADV',
                             INST=0.06,
                             INTITULE='R',
                             MOYE_NOEUD='OUI',
                             NOM_CHAM='REAC_NODA',
                             OPERATION='EXTRACTION',
                             PRECISION=1e-06,
                             REPERE='GLOBAL',
                             RESULTANTE='DX',
                             RESULTAT=r2),
                   INFO=1)

# Résultat commande #0005 (POST_RELEVE_T): tb ('<00000017>') de type <Table>
# Mémoire (Mo) :  6447.95 /  1579.52 /  2651.73 /   871.85 (VmPeak / VmSize / Optimum / Minimum)
# Fin commande #0005   user+syst:        0.02s (syst:        0.00s, elaps:        0.01s)
# ----------------------------------------------------------------------------------------------

.. _stg1_txt39
# ----------------------------------------------------------------------------------------------
# Commande #0006 de /home/user/aas-corner-fe/wd/v8c75_TV/v8c75_TV_s02.comm.changed.py, ligne 39
DETRUIRE(INFO=1,
         NOM=r2)

# Mémoire (Mo) :  6447.95 /  1579.52 /  2651.73 /   871.85 (VmPeak / VmSize / Optimum / Minimum)
# Fin commande #0006   user+syst:        0.24s (syst:        0.00s, elaps:        0.12s)
# ----------------------------------------------------------------------------------------------
/home/user/aas-corner-fe/wd/v8c75_TV/v8c75_TV_s02.comm.changed.py:56: ResourceWarning: unclosed file <_io.TextIOWrapper name='/home/user/aas-corner-fe/jobs/../results/v8c75_TV.curve' mode='a' encoding='UTF-8'>
  open(CURVE,'a').write('CURVE %g %g %g %g\n'%(tcur,tot,v['HEADT'],v['HEADV']))
AASCURVE 0.06 34099 20120.7 13978.3

.. _stg1_txt76
# ----------------------------------------------------------------------------------------------
# Commande #0007 de /root/mm/envs/aster/lib/python3.14/site-packages/code_aster/CodeCommands/fin.py,
ligne 76
FIN(INFO_RESU='NON',
    RETASSAGE='NON')

Saving objects...
pi                       <class 'float'>
e                        <class 'float'>
tau                      <class 'float'>
inf                      <class 'float'>
nan                      <class 'float'>
mesh                     <class 'libaster.Mesh'>
model                    <class 'libaster.Model'>
mat                      <class 'libaster.Material'>
matH                     <class 'libaster.Material'>
matHH                    <class 'libaster.Material'>
stl                      <class 'libaster.Material'>
slvm                     <class 'libaster.Material'>
fmat                     <class 'libaster.MaterialField'>
fix                      <class 'libaster.MechanicalLoadReal'>
grp                      <class 'list'>
load                     <class 'libaster.MechanicalLoadReal'>
ramp                     <class 'libaster.Function'>
steps                    <class 'libaster.ListOfFloats'>
times                    <class 'libaster.TimesList'>
LOADS                    <class 'str'>
CURVE                    <class 'str'>
common                   <class 'dict'>
tcur                     <class 'float'>
peak                     <class 'float'>
stopped                  <class 'bool'>
TARGETS                  <class 'list'>
tn                       <class 'float'>
res                      <class 'libaster.NonLinearResult'>
v                        <class 'dict'>
tot                      <class 'float'>
line                     <class 'str'>

 ╔================================================================================================╗
 ║ <I> <CATAMESS_89>                                                                              ║
 ║                                                                                                ║
 ║ Liste des alarmes émises lors de l'exécution du calcul.                                        ║
 ║                                                                                                ║
 ║     Les alarmes que vous avez choisies d'ignorer sont précédées de (*).                        ║
 ║     Nombre d'occurrences pour chacune des alarmes :                                            ║
 ║            FACTOR_75            émise    6 fois                                                ║
 ╚================================================================================================╝

 ---------------------------------------------------------------------------
 Concepts de la base: G
    Nom        Type                Taille (Mo)         Nombre      Nombre de
                                                     d'objets       segments
    TOTAL                               349.40            437            661
  
    00000001   MAILLAGE_SDASTER          12.00             34             70
    00000002   MODELE_SDASTER            11.86             11             16
    00000003   MATER_SDASTER              0.00             15             15
    00000004   MATER_SDASTER              0.00             15             15
    00000005   MATER_SDASTER              0.00              7              7
    00000006   MATER_SDASTER              0.00              7              7
    00000007   MATER_SDASTER              0.00              7              7
    00000008   CHAM_MATER                 0.89              8             13
    00000009   CHAR_MECA                 12.89             56             76
    0000000a   CHAR_MECA                  9.42             56             76
    0000000b   FONCTION_SDASTER           0.00              3              3
    0000000c   LISTR8_SDASTER             0.00              6              6
    0000000d   LIST_INST                  0.00              8              8
    0000000e   EVOL_NOLI                236.76            148            189
    &FOZERO                               0.00              2              2
    &&_NUM_C                              0.00              1              1
    &CATA                                37.45             42            103
    &&NMDOME                              0.00              2              2
    0000000f                              0.12              2             14
    &&NMCH1P                             27.76              3              3
    00000012                              0.12              2             14
    00000015                              0.12              2             14
 (*) sous-objets non accessible directement
 ---------------------------------------------------------------------------
Nom de la base                          :  GLOBALE
     Nombre d'enregistrements utilisés       :  604
     Nombre d'enregistrements maximum        :  2684354
     Nombre d'enregistrements par fichier    :  15728
     Longueur d'enregistrement (octets)      :  819200
     Nombre total d'accès en lecture         :  577
     Volume des accès en lecture             :        450.78 Mo.
     Nombre total d'accès en écriture        :  336
     Volume des accès en écriture            :        262.50 Mo.
     Nombre d'identificateurs utilisés       :  800
     Taille maximum du répertoire            :  2000
     Pourcentage d'utilisation du répertoire :  40 %

Nom de la base                          :  VOLATILE
     Nombre d'enregistrements utilisés       :  584
     Nombre d'enregistrements maximum        :  2684354
     Nombre d'enregistrements par fichier    :  15728
     Longueur d'enregistrement (octets)      :  819200
     Nombre total d'accès en lecture         :  495
     Volume des accès en lecture             :        386.72 Mo.
     Nombre total d'accès en écriture        :  2658
     Volume des accès en écriture            :       2076.56 Mo.
     Nombre d'identificateurs utilisés       :  1001
     Taille maximum du répertoire            :  2000
     Pourcentage d'utilisation du répertoire :  50 %

<I> <FIN> ARRET NORMAL DANS "FIN" PAR APPEL A "JEFINI".
  
 <I> <FIN> MEMOIRE JEVEUX MINIMALE REQUISE POUR L'EXECUTION :                     871.85 Mo
 <I> <FIN> MEMOIRE JEVEUX OPTIMALE REQUISE POUR L'EXECUTION :                    2651.73 Mo
 <I> <FIN> MAXIMUM DE MEMOIRE UTILISEE PAR LE PROCESSUS LORS DE L'EXECUTION :    6447.95 Mo
  
 <I>       FERMETURE DES BASES EFFECTUEE
  
   STATISTIQUES CONCERNANT L'ALLOCATION DYNAMIQUE :
     TAILLE CUMULEE MAXIMUM            :                 2652  Mo.
     TAILLE CUMULEE LIBEREE            :                 2210  Mo.
     NOMBRE TOTAL D'ALLOCATIONS        :              2669117
     NOMBRE TOTAL DE LIBERATIONS       :              2669117
     APPELS AU MECANISME DE LIBERATION :                    0
     TAILLE MEMOIRE CUMULEE RECUPEREE  :                 2238  Mo.
     VOLUME DES LECTURES               :                    0  Mo.
     VOLUME DES ECRITURES              :                 1849  Mo.
  
   MEMOIRE JEVEUX MINIMALE REQUISE POUR L'EXECUTION :     871.85 Mo
     - IMPOSE DE NOMBREUX ACCES DISQUE
     - RALENTIT LA VITESSE D'EXECUTION
   MEMOIRE JEVEUX OPTIMALE REQUISE POUR L'EXECUTION :    2651.73 Mo
     - LIMITE LES ACCES DISQUE
     - AMELIORE LA VITESSE D'EXECUTION
   MAXIMUM DE MEMOIRE UTILISEE PAR LE PROCESSUS     :    6447.95 Mo
     - COMPREND LA MEMOIRE CONSOMMEE PAR  JEVEUX, 
       LE SUPERVISEUR PYTHON, LES LIBRAIRIES EXTERNES
  
 <I>       FIN D'EXECUTION LE : JE-24-SEPT-2026 16:29:47
Signature of pickled file   : f0fe1c351a5dac279d0e9310c9b26ba7abb4df163c917c5ec2ebe9e0fba5ec97
Signature of info file      : 0f8b260d1cd2faff2ef45299533e4af48f72e2ef695db786b77b16c0b71ea846
Signature of Jeveux database: 294b1dcf2f89f15b73d3e20b9e3b9dd7783ba8aa17cc7bf1d04b8f9d299163d6

 ********************************************************************************
 * COMMAND                  :       USER :     SYSTEM :   USER+SYS :    ELAPSED *
 ********************************************************************************
 * DEBUT                    :       0.20 :       0.30 :       0.50 :       0.52 *
 * STAT_NON_LINE            :    1275.94 :     329.07 :    1605.01 :     884.85 *
 * CALC_CHAMP               :       1.08 :       0.01 :       1.09 :       1.13 *
 * POST_RELEVE_T            :       0.02 :       0.00 :       0.02 :       0.01 *
 * POST_RELEVE_T            :       0.02 :       0.00 :       0.02 :       0.01 *
 * DETRUIRE                 :       0.24 :       0.00 :       0.24 :       0.12 *
 * FIN                      :       0.26 :       0.28 :       0.54 :       0.61 *
 *  . sdveri                :       0.00 :       0.00 :       0.00 :       0.00 *
 *  . cleanup               :       0.00 :       0.00 :       0.00 :       0.00 *
 *  . check syntax          :       0.06 :       0.00 :       0.06 :       0.03 *
 *  . fortran               :    1277.44 :     329.66 :    1607.10 :     887.02 *
 ********************************************************************************
 * TOTAL_JOB                :    1277.99 :     329.69 :    1607.68 :     887.49 *
 ********************************************************************************

# Mémoire (Mo) :  6447.95 /  1110.50 /  2651.73 /   871.85 (VmPeak / VmSize / Optimum / Minimum)
# Fin commande #0007   user+syst:        0.26s (syst:        0.28s, elaps:        0.61s)
# ----------------------------------------------------------------------------------------------

EXECUTION_CODE_ASTER_EXIT_2276=0


saving result databases to 'BASE_PREC'...
execution ended (command file #3): <A>_ALARM
Running: /root/mm/envs/aster/bin/run_aster -w /home/user/aas-corner-fe/wd/v8c75_TV --status-file /root/.tmp_run_aster/run_aster_dk8d6s0i/__status__ --no-mpi /root/.tmp_run_aster/run_aster_dk8d6s0i/v8c75_TV.3

# ------------------------------------------------------------------------------
Execution of code_aster

# ------------------------------------------------------------------------------
Prepare environment in /home/user/aas-corner-fe/wd/v8c75_TV

# ------------------------------------------------------------------------------
Command file #4 / 20

Content of the file to execute:
# coding=utf-8
# original filename
__file__ = r"/home/user/aas-corner-fe/jobs/v8c75_TV_s03.comm"


# temporarly added for compatibility with code_aster legacy
from math import *

import code_aster
from code_aster.Commands import *
from code_aster import CA

POURSUITE(LANG='EN', PAR_LOT='NON')

LOADS='TV'
CURVE='/home/user/aas-corner-fe/jobs/../results/v8c75_TV.curve'
common=dict(MODELE=model, CHAM_MATER=fmat, EXCIT=(_F(CHARGE=fix), _F(CHARGE=load, FONC_MULT=ramp)),
        COMPORTEMENT=(_F(RELATION='ENDO_FISS_EXP', GROUP_MA=('CONC','HZ')), _F(RELATION='ELAS', GROUP_MA=('STEEL','SLV','HZH'))),
        NEWTON=_F(MATRICE='TANGENTE', REAC_ITER=1),
        CONVERGENCE=_F(RESI_GLOB_RELA=1.E-4, ITER_GLOB_MAXI=30), ARCHIVAGE=_F(PAS_ARCH=1), SOLVEUR=_F(METHODE='MUMPS', GESTION_MEMOIRE='OUT_OF_CORE'))
import os, re
tcur=0.0; peak=0.0; stopped=False
if os.path.exists(CURVE):
    for line in open(CURVE):
        m=re.match(r'CURVE\s+(\S+)\s+(\S+)', line)
        if m:
            tcur=max(tcur, float(m.group(1))); peak=max(peak, float(m.group(2)))
        if line.startswith('STOP'): stopped=True
def reac(res, t):
    r2=CALC_CHAMP(RESULTAT=res, FORCE='REAC_NODA', INST=t)
    vals={}
    for g in ('HEADT','HEADV'):
        try:
            tb=POST_RELEVE_T(ACTION=_F(OPERATION='EXTRACTION', INTITULE='R', RESULTAT=r2, NOM_CHAM='REAC_NODA',
                                       GROUP_NO=g, RESULTANTE='DX', INST=t)).EXTR_TABLE().values()
            vals[g]=-tb['DX'][-1]*2
        except Exception:
            vals[g]=0.
    DETRUIRE(NOM=r2)
    return vals
TARGETS=[0.08]
for tn in TARGETS:
    if stopped or tn <= tcur+1e-9: continue
    try:
        if tcur < 1e-12 and '0'=='1':
            res=STAT_NON_LINE(INCREMENT=_F(LIST_INST=times, INST_FIN=tn), **common)
        else:
            res=STAT_NON_LINE(reuse=res, ETAT_INIT=_F(EVOL_NOLI=res), INCREMENT=_F(LIST_INST=times, INST_FIN=tn), **common)
    except Exception as exc:
        print('AASSTOP at', tcur, exc, flush=True)
        open(CURVE,'a').write('STOP solver %g\n'%tcur); stopped=True; break
    tcur=tn
    v=reac(res, tcur)
    tot=(v['HEADT'] if 'T' in LOADS else 0.)+(v['HEADV'] if 'V' in LOADS else 0.)
    peak=max(peak, tot)
    open(CURVE,'a').write('CURVE %g %g %g %g\n'%(tcur,tot,v['HEADT'],v['HEADV']))
    print('AASCURVE %g %g %g %g'%(tcur,tot,v['HEADT'],v['HEADV']), flush=True)
    if tot < 0.9*peak:
        open(CURVE,'a').write('STOP peak %g\n'%peak); stopped=True; break
FIN()



# ------------------------------------------------------------------------------
Command line #4:
    ulimit -c unlimited ; ulimit -t 50000 ; ( /root/mm/envs/aster/bin/python3 "v8c75_TV_s03.comm.changed.py" --memory 3600.0 --numthreads 2 --tpmax 20000 ; echo $? > _exit_code_ ) 2>&1 | tee -a fort.6
setting '--memory' value to 3240.00 MB (keyword RESERVE_MEMOIRE)
Ouverture en écriture du fichier ./vola.1

<INFO> Démarrage de l'exécution.

                       -- CODE_ASTER -- VERSION : DÉVELOPPEMENT (unstable) --                       
                               Version 18.1.6 modifiée le 14/09/2026                                
                                    révision n/a - branche 'n/a'                                    
                                     Copyright EDF 1991 - 2026                                      
                                                                                                    
                              Exécution du : Thu Sep 24 16:29:51 2026                               
                                       Nom de la machine : vm                                       
                                        Architecture : 64bit                                        
                                    Type de processeur : x86_64                                     
                Système d'exploitation : Linux-6.18.44-fc-v37-x86_64-with-glibc2.39                 
                                  Langue des messages : C (UTF-8)                                   
                                     Version de Python : 3.14.7                                     
                                      Version de NumPy : 2.5.3                                      
                                  Version de MEDCoupling : 9.16.0                                   
                                     Parallélisme MPI : inactif                                     
                                    Parallélisme OpenMP : actif                                     
                              Nombre de processus OpenMP utilisés : 2                               
                                Version de la librairie HDF5 : 2.2.0                                
                                Version de la librairie MED : 4.2.0                                 
                               Version de la librairie MFront : 5.1.0                               
                               Version de la librairie MUMPS : 5.8.2                                
                                  Librairie PETSc : non disponible                                  
                              Version de la librairie SCOTCH : 7.0.11                               

restarting from a previous execution...
/home/user/aas-corner-fe/wd/v8c75_TV/v8c75_TV_s03.comm.changed.py:13: DeprecationWarning: This feature is obsolete, 'PAR_LOT' has been removed.
  POURSUITE(LANG='EN', PAR_LOT='NON')
Valeur initiale du temps CPU maximum =   20000 secondes
  Valeur du temps CPU maximum passé aux commandes =   18000 secondes
  Réserve CPU prévue = 2000 secondes

Ouverture en lecture du fichier ./glob.1

Ajustement de la taille maximale des bases à 2048.00 Go.
    
Nom de la base                          :  GLOBALE
     Créée avec la version                   :  18.01.06
     Nombre d'enregistrements utilisés       :  604
     Nombre d'enregistrements maximum        :  2684354
     Nombre d'enregistrements par fichier    :  15728
     Longueur d'enregistrement (octets)      :  819200
     Nombre d'identificateurs utilisés       :  800
     Taille maximum du répertoire            :  2000
     Pourcentage d'utilisation du répertoire :  40 %

Ouverture en lecture du fichier ./glob.1

Ouverture en écriture du fichier ./vola.1

Fin de lecture (durée  0.000039  s.) 

                      Mémoire limite pour l'allocation dynamique : 3752.06 Mo                       
                         ajouté à l'initialisation du processus : 741.33 Mo                         
                               Limite cible du processus : 4493.39 Mo                               
                         Taille limite des fichiers d'échange : 2048.00 Go                          
pi                       <class 'float'>
e                        <class 'float'>
tau                      <class 'float'>
inf                      <class 'float'>
nan                      <class 'float'>
mesh                     <class 'libaster.Mesh'>
model                    <class 'libaster.Model'>
mat                      <class 'libaster.Material'>
matH                     <class 'libaster.Material'>
matHH                    <class 'libaster.Material'>
stl                      <class 'libaster.Material'>
slvm                     <class 'libaster.Material'>
fmat                     <class 'libaster.MaterialField'>
fix                      <class 'libaster.MechanicalLoadReal'>
grp                      <class 'list'>
load                     <class 'libaster.MechanicalLoadReal'>
ramp                     <class 'libaster.Function'>
steps                    <class 'libaster.ListOfFloats'>
times                    <class 'libaster.TimesList'>
LOADS                    <class 'str'>
CURVE                    <class 'str'>
common                   <class 'dict'>
tcur                     <class 'float'>
peak                     <class 'float'>
stopped                  <class 'bool'>
TARGETS                  <class 'list'>
tn                       <class 'float'>
res                      <class 'libaster.NonLinearResult'>
v                        <class 'dict'>
tot                      <class 'float'>
line                     <class 'str'>
# Mémoire (Mo) :   959.89 /   959.89 /   378.14 /   378.11 (VmPeak / VmSize / Optimum / Minimum)
# Fin commande #0001   user+syst:        0.18s (syst:        0.37s, elaps:        0.55s)
# ----------------------------------------------------------------------------------------------
/home/user/aas-corner-fe/wd/v8c75_TV/v8c75_TV_s03.comm.changed.py:24: ResourceWarning: unclosed file <_io.TextIOWrapper name='/home/user/aas-corner-fe/jobs/../results/v8c75_TV.curve' mode='r' encoding='UTF-8'>
  for line in open(CURVE):

.. _stg1_txt48
# ----------------------------------------------------------------------------------------------
# Commande #0002 de /home/user/aas-corner-fe/wd/v8c75_TV/v8c75_TV_s03.comm.changed.py, ligne 48
res = STAT_NON_LINE(AFFICHAGE=_F(INFO_RESIDU='NON',
                                 INFO_TEMPS='NON'),
                    ARCHIVAGE=_F(CHAM_EXCLU=('RESI_NOEU', 'RESI_RELA_NOEU'),
                                 PAS_ARCH=1),
                    CHAM_MATER=fmat,
                    COMPORTEMENT=(_F(DEFORMATION='PETIT',
                                     GROUP_MA=('CONC', 'HZ'),
                                     ITER_CPLAN_MAXI=10,
                                     ITER_INTE_MAXI=20,
                                     ITER_INTE_PAS=0,
                                     PARM_THETA=1.0,
                                     REGU_VISC='NON',
                                     RELATION='ENDO_FISS_EXP',
                                     RESI_CPLAN_RELA=1e-06,
                                     RESI_INTE=1e-06),
                                  _F(DEFORMATION='PETIT',
                                     GROUP_MA=('STEEL', 'SLV', 'HZH'),
                                     ITER_CPLAN_MAXI=10,
                                     ITER_INTE_MAXI=20,
                                     ITER_INTE_PAS=0,
                                     PARM_THETA=1.0,
                                     REGU_VISC='NON',
                                     RELATION='ELAS',
                                     RESI_CPLAN_RELA=1e-06,
                                     RESI_INTE=1e-06)),
                    CONVERGENCE=_F(ARRET='OUI',
                                   ITER_GLOB_ELAS=25,
                                   ITER_GLOB_MAXI=30,
                                   RESI_GLOB_RELA=0.0001,
                                   VERIF='TOUT'),
                    ETAT_INIT=_F(EVOL_NOLI=res),
                    EXCIT=(_F(CHARGE='<00000009>',
                              TYPE_CHARGE='FIXE_CSTE'),
                           _F(CHARGE='<0000000a>',
                              FONC_MULT=ramp,
                              TYPE_CHARGE='FIXE_CSTE')),
                    INCREMENT=_F(CRITERE='RELATIF',
                                 INST_FIN=0.08,
                                 INST_INIT=0.06,
                                 LIST_INST=times,
                                 PRECISION=1e-06),
                    MESURE=_F(TABLE='NON'),
                    METHODE='NEWTON',
                    MODELE=model,
                    NEWTON=_F(MATRICE='TANGENTE',
                              MATR_RIGI_SYME='NON',
                              REAC_INCR=1,
                              REAC_ITER=1,
                              REAC_ITER_ELAS=0),
                    SOLVEUR=_F(ACCELERATION='AUTO',
                               ELIM_LAGR='LAGR2',
                               FILTRAGE_MATRICE=-1.0,
                               GESTION_MEMOIRE='OUT_OF_CORE',
                               LOW_RANK_SEUIL=0.0,
                               MATR_DISTRIBUEE='NON',
                               METHODE='MUMPS',
                               MIXER_PRECISION='NON',
                               NB_RHS=1,
                               NPREC=8,
                               PCENT_PIVOT=35,
                               POSTTRAITEMENTS='AUTO',
                               PRETRAITEMENTS='AUTO',
                               REDUCTION_MPI=0,
                               RENUM='AUTO',
                               RESI_RELA=-1.0,
                               STOP_SINGULIER='OUI',
                               TYPE_RESOL='AUTO'),
                    reuse=res)

Liste des comportements

Affecté sur 67406 éléments
Relation                             : ENDO_FISS_EXP
Déformation                          : PETIT
Pas de régularisation visqueuse
Pas de post-traitement à la fin du pas de temps
Nombre total de variables internes   : 9
V1 : ENDO
V2 : INDIENDO
V3 : ENDORIGI
V4 : EPSEXX
V5 : EPSEYY
V6 : EPSEZZ
V7 : EPSEXY
V8 : EPSEXZ
V9 : EPSEYZ
Affecté sur 11844 éléments
Relation                             : ELAS
Déformation                          : PETIT
Pas de régularisation visqueuse
Pas de post-traitement à la fin du pas de temps
Nombre total de variables internes   : 1
V1 : VIDE
Le système linéaire à résoudre a 375089 degrés de liberté:
   - 359637 sont des degrés de liberté physiques
     (ils sont portés par 111469 noeuds du maillage)
   - 15452 sont les couples de paramètres de Lagrange associés
     aux 7726 relations linéaires dualisées.
La matrice est de taille 375089 équations.
  Elle contient 19289373 termes non nuls si elle est symétrique et 38203657 termes non nuls si elle
n'est pas symétrique.
  Soit un taux de remplissage de   0.027 %.
Lecture de l'état initial
L'état initial a été récupéré dans la structure de données résultat de nom <0000000e> pour le numéro
d'ordre 3 et à l'instant  6.000000000000e-02
Le champ <DEPL> est lu dans ETAT_INIT dans la structure de données résultat donné dans la commande.
Le champ <SIEF_ELGA> est lu dans ETAT_INIT dans la structure de données résultat donné dans la
commande.
Le champ <VARI_ELGA> est lu dans ETAT_INIT dans la structure de données résultat donné dans la
commande.
---------------------------------------------------------------------
Instant de calcul:  8.000000000000e-02 - Niveau de découpe: 1

---------------------------------------------------------------------
|     NEWTON     |     RESIDU     |     RESIDU     |     OPTION     |
|    ITERATION   |     RELATIF    |     ABSOLU     |   ASSEMBLAGE   |
|                | RESI_GLOB_RELA | RESI_GLOB_MAXI |(+ TYPE MATRICE)|
---------------------------------------------------------------------

 ╔================================================================================================╗
 ║ <A> <FACTOR_75>                                                                                ║
 ║                                                                                                ║
 ║ Attention, vous avez demandé un calcul OUT_OF_CORE, mais MUMPS estime avoir besoin pour cela   ║
 ║ d'au moins                                                                                     ║
 ║   3549 Mo  alors qu'il n'y a que 1133 Mo de disponible sur ce processeur !                     ║
 ║   Le calcul pourrait donc être ralenti ou s'arrêter pour cette raison.                         ║
 ║                                                                                                ║
 ║   Pour information: mémoire déjà pré-allouée par MUMPS (exécutable, matrice...)= 475 Mo,       ║
 ║                     nombre de systèmes linéaires à factoriser en même temps    = 1.            ║
 ║                                                                                                ║
 ║ Conseils :                                                                                     ║
 ║   La prochaine fois, relancez avec plus de mémoire globale ou avec une option de calcul plus   ║
 ║ économe                                                                                        ║
 ║   (par ordre décroissant d'efficacité):                                                        ║
 ║    - Si le calcul est parallèle, réduisez la consommation MUMPS en augmentant le nombre de     ║
 ║ processeurs,                                                                                   ║
 ║    - Si le calcul est parallèle, réduisez la consommation Aster en activant l'option           ║
 ║ SOLVEUR/MATR_DISTRIBUEE,                                                                       ║
 ║   Ou, plus radicalement:                                                                       ║
 ║    - Utilisez un solveur moins exigeant en mémoire (par exemple: SOLVEUR/METHODE='PETSC' +     ║
 ║ PRECOND='LDLT_SP').                                                                            ║
 ║                                                                                                ║
 ║                                                                                                ║
 ║ Ceci est une alarme. Si vous ne comprenez pas le sens de cette                                 ║
 ║ alarme, vous pouvez obtenir des résultats inattendus !                                         ║
 ╚================================================================================================╝

|     0        X | 2.88971E-02  X | 4.41305E+01    |TANGENTE (NOSYM)|

 ╔================================================================================================╗
 ║ <A> <FACTOR_75>                                                                                ║
 ║                                                                                                ║
 ║ Attention, vous avez demandé un calcul OUT_OF_CORE, mais MUMPS estime avoir besoin pour cela   ║
 ║ d'au moins                                                                                     ║
 ║   3551 Mo  alors qu'il n'y a que 1001 Mo de disponible sur ce processeur !                     ║
 ║   Le calcul pourrait donc être ralenti ou s'arrêter pour cette raison.                         ║
 ║                                                                                                ║
 ║   Pour information: mémoire déjà pré-allouée par MUMPS (exécutable, matrice...)= 478 Mo,       ║
 ║                     nombre de systèmes linéaires à factoriser en même temps    = 1.            ║
 ║                                                                                                ║
 ║ Conseils :                                                                                     ║
 ║   La prochaine fois, relancez avec plus de mémoire globale ou avec une option de calcul plus   ║
 ║ économe                                                                                        ║
 ║   (par ordre décroissant d'efficacité):                                                        ║
 ║    - Si le calcul est parallèle, réduisez la consommation MUMPS en augmentant le nombre de     ║
 ║ processeurs,                                                                                   ║
 ║    - Si le calcul est parallèle, réduisez la consommation Aster en activant l'option           ║
 ║ SOLVEUR/MATR_DISTRIBUEE,                                                                       ║
 ║   Ou, plus radicalement:                                                                       ║
 ║    - Utilisez un solveur moins exigeant en mémoire (par exemple: SOLVEUR/METHODE='PETSC' +     ║
 ║ PRECOND='LDLT_SP').                                                                            ║
 ║                                                                                                ║
 ║                                                                                                ║
 ║ Ceci est une alarme. Si vous ne comprenez pas le sens de cette                                 ║
 ║ alarme, vous pouvez obtenir des résultats inattendus !                                         ║
 ╚================================================================================================╝

|     1        X | 1.25174E-02  X | 1.84166E+01    |TANGENTE (NOSYM)|

 ╔================================================================================================╗
 ║ <A> <FACTOR_75>                                                                                ║
 ║                                                                                                ║
 ║ Attention, vous avez demandé un calcul OUT_OF_CORE, mais MUMPS estime avoir besoin pour cela   ║
 ║ d'au moins                                                                                     ║
 ║   3553 Mo  alors qu'il n'y a que 1002 Mo de disponible sur ce processeur !                     ║
 ║   Le calcul pourrait donc être ralenti ou s'arrêter pour cette raison.                         ║
 ║                                                                                                ║
 ║   Pour information: mémoire déjà pré-allouée par MUMPS (exécutable, matrice...)= 478 Mo,       ║
 ║                     nombre de systèmes linéaires à factoriser en même temps    = 1.            ║
 ║                                                                                                ║
 ║ Conseils :                                                                                     ║
 ║   La prochaine fois, relancez avec plus de mémoire globale ou avec une option de calcul plus   ║
 ║ économe                                                                                        ║
 ║   (par ordre décroissant d'efficacité):                                                        ║
 ║    - Si le calcul est parallèle, réduisez la consommation MUMPS en augmentant le nombre de     ║
 ║ processeurs,                                                                                   ║
 ║    - Si le calcul est parallèle, réduisez la consommation Aster en activant l'option           ║
 ║ SOLVEUR/MATR_DISTRIBUEE,                                                                       ║
 ║   Ou, plus radicalement:                                                                       ║
 ║    - Utilisez un solveur moins exigeant en mémoire (par exemple: SOLVEUR/METHODE='PETSC' +     ║
 ║ PRECOND='LDLT_SP').                                                                            ║
 ║                                                                                                ║
 ║                                                                                                ║
 ║ Ceci est une alarme. Si vous ne comprenez pas le sens de cette                                 ║
 ║ alarme, vous pouvez obtenir des résultats inattendus !                                         ║
 ╚================================================================================================╝

|     2        X | 5.48114E-03  X | 8.01772E+00    |TANGENTE (NOSYM)|

 ╔================================================================================================╗
 ║ <A> <FACTOR_75>                                                                                ║
 ║                                                                                                ║
 ║ Attention, vous avez demandé un calcul OUT_OF_CORE, mais MUMPS estime avoir besoin pour cela   ║
 ║ d'au moins                                                                                     ║
 ║   3553 Mo  alors qu'il n'y a que 1001 Mo de disponible sur ce processeur !                     ║
 ║   Le calcul pourrait donc être ralenti ou s'arrêter pour cette raison.                         ║
 ║                                                                                                ║
 ║   Pour information: mémoire déjà pré-allouée par MUMPS (exécutable, matrice...)= 478 Mo,       ║
 ║                     nombre de systèmes linéaires à factoriser en même temps    = 1.            ║
 ║                                                                                                ║
 ║ Conseils :                                                                                     ║
 ║   La prochaine fois, relancez avec plus de mémoire globale ou avec une option de calcul plus   ║
 ║ économe                                                                                        ║
 ║   (par ordre décroissant d'efficacité):                                                        ║
 ║    - Si le calcul est parallèle, réduisez la consommation MUMPS en augmentant le nombre de     ║
 ║ processeurs,                                                                                   ║
 ║    - Si le calcul est parallèle, réduisez la consommation Aster en activant l'option           ║
 ║ SOLVEUR/MATR_DISTRIBUEE,                                                                       ║
 ║   Ou, plus radicalement:                                                                       ║
 ║    - Utilisez un solveur moins exigeant en mémoire (par exemple: SOLVEUR/METHODE='PETSC' +     ║
 ║ PRECOND='LDLT_SP').                                                                            ║
 ║                                                                                                ║
 ║                                                                                                ║
 ║ Ceci est une alarme. Si vous ne comprenez pas le sens de cette                                 ║
 ║ alarme, vous pouvez obtenir des résultats inattendus !                                         ║
 ╚================================================================================================╝

|     3        X | 5.54524E-04  X | 8.10375E-01    |TANGENTE (NOSYM)|

 ╔================================================================================================╗
 ║ <A> <FACTOR_75>                                                                                ║
 ║                                                                                                ║
 ║ Attention, vous avez demandé un calcul OUT_OF_CORE, mais MUMPS estime avoir besoin pour cela   ║
 ║ d'au moins                                                                                     ║
 ║   3553 Mo  alors qu'il n'y a que 1000 Mo de disponible sur ce processeur !                     ║
 ║   Le calcul pourrait donc être ralenti ou s'arrêter pour cette raison.                         ║
 ║                                                                                                ║
 ║   Pour information: mémoire déjà pré-allouée par MUMPS (exécutable, matrice...)= 478 Mo,       ║
 ║                     nombre de systèmes linéaires à factoriser en même temps    = 1.            ║
 ║                                                                                                ║
 ║ Conseils :                                                                                     ║
 ║   La prochaine fois, relancez avec plus de mémoire globale ou avec une option de calcul plus   ║
 ║ économe                                                                                        ║
 ║   (par ordre décroissant d'efficacité):                                                        ║
 ║    - Si le calcul est parallèle, réduisez la consommation MUMPS en augmentant le nombre de     ║
 ║ processeurs,                                                                                   ║
 ║    - Si le calcul est parallèle, réduisez la consommation Aster en activant l'option           ║
 ║ SOLVEUR/MATR_DISTRIBUEE,                                                                       ║
 ║   Ou, plus radicalement:                                                                       ║
 ║    - Utilisez un solveur moins exigeant en mémoire (par exemple: SOLVEUR/METHODE='PETSC' +     ║
 ║ PRECOND='LDLT_SP').                                                                            ║
 ║                                                                                                ║
 ║                                                                                                ║
 ║ Ceci est une alarme. Si vous ne comprenez pas le sens de cette                                 ║
 ║ alarme, vous pouvez obtenir des résultats inattendus !                                         ║
 ╚================================================================================================╝


 ╔================================================================================================╗
 ║ <A> <CATAMESS_41>                                                                              ║
 ║                                                                                                ║
 ║ Le message d'alarme 'FACTOR_75' a été émis 5 fois, il ne sera plus affiché.                    ║
 ║                                                                                                ║
 ║                                                                                                ║
 ║ Ceci est une alarme. Si vous ne comprenez pas le sens de cette                                 ║
 ║ alarme, vous pouvez obtenir des résultats inattendus !                                         ║
 ╚================================================================================================╝

|     4        X | 1.44647E-04  X | 2.11358E-01    |TANGENTE (NOSYM)|
|     5          | 3.80176E-06    | 5.55510E-03    |TANGENTE (NOSYM)|
---------------------------------------------------------------------
Critère(s) de convergence atteint(s)

Le résidu de type <RESI_GLOB_RELA> vaut  3.801760483806e-06 au noeud et degré de liberté <103849 
DZ>
Temps CPU consommé dans ce pas de temps    : 14 min 13 s

* Nombre d'itérations de Newton                     : 6
* Temps total intégration comportement              : 38.236 s (7 intégrations)
* Temps total factorisation matrice                 : 11 min 15 s (6 factorisations)
* Temps construction second membre                  : 0.664 s
* Temps total résolution K.U=F                      : 1 min 23 s (6 résolutions)
* Temps assemblage matrice                          : 0.000 s
* Temps autres opérations                           : 55.910 s
Mémoire (Mo) :  6505.41 /  3057.32 /  2703.74 /   923.86 (VmPeak / VmSize / Optimum / Minimum)

Archivage des champs

Champ stocké <DEPL> à l'instant  8.000000000000e-02 pour le numéro d'ordre 4
Champ stocké <SIEF_ELGA> à l'instant  8.000000000000e-02 pour le numéro d'ordre 4
Champ stocké <VARI_ELGA> à l'instant  8.000000000000e-02 pour le numéro d'ordre 4
Champ stocké <COMPORTEMENT> à l'instant  8.000000000000e-02 pour le numéro d'ordre 4
[100%] Instant calculé : 8.00000e-02, seul l'instant initial a été archivé
Temps CPU consommé dans le calcul          : 14 min 13 s

dont temps CPU "perdu" dans les découpes            : 0.000 s
* Nombre de pas de temps                            : 1
* Nombre d'itérations de Newton                     : 6
* Temps dans l'archivage                            : 0.055 s
* Temps dans le post-traitement                     : 0.000 s
* Temps total intégration comportement              : 38.236 s (7 intégrations)
* Temps total factorisation matrice                 : 11 min 15 s (6 factorisations)
* Temps construction second membre                  : 0.664 s
* Temps total résolution K.U=F                      : 1 min 23 s (6 résolutions)
* Temps assemblage matrice                          : 0.000 s
#1      Resolution des systemes lineaires                 CPU (USER+SYST/SYST/ELAPS):   1466.26    305.83    762.29
#2      Calculs elementaires et assemblages               CPU (USER+SYST/SYST/ELAPS):     89.02      6.53     90.67
# Résultat commande #0002 (STAT_NON_LINE): res ('<0000000e>') de type <NonLinearResult>
# Mémoire (Mo) :  6505.41 /  1639.50 /  2703.74 /   923.86 (VmPeak / VmSize / Optimum / Minimum)
# Fin commande #0002   user+syst:     1254.98s (syst:      316.16s, elaps:      866.57s)
# ----------------------------------------------------------------------------------------------

.. _stg1_txt184
# ----------------------------------------------------------------------------------------------
# Commande #0003 de
/root/mm/envs/aster/lib/python3.14/site-packages/code_aster/Supervis/ExecuteCommand.py, ligne 184
CALC_CHAMP(CRITERE='RELATIF',
           FORCE='REAC_NODA',
           INFO=1,
           INST=0.08,
           PARALLELISME_TEMPS='NON',
           PRECISION=1e-06,
           RESULTAT=res)

Le système linéaire à résoudre a 375089 degrés de liberté:
   - 359637 sont des degrés de liberté physiques
     (ils sont portés par 111469 noeuds du maillage)
   - 15452 sont les couples de paramètres de Lagrange associés
     aux 7726 relations linéaires dualisées.
#2      Calculs elementaires et assemblages               CPU (USER+SYST/SYST/ELAPS):      0.59      0.00      0.60
# Résultat commande #0003 (CALC_CHAMP): '<00000018>' de type <NonLinearResult>
# Dépend de :
# - model ('<00000002>') de type <Model>
# - fmat ('<00000008>') de type <MaterialField>
# Mémoire (Mo) :  6505.41 /  1639.50 /  2703.74 /   923.86 (VmPeak / VmSize / Optimum / Minimum)
# Fin commande #0003   user+syst:        0.93s (syst:        0.01s, elaps:        0.94s)
# ----------------------------------------------------------------------------------------------

.. _stg1_txt34
# ----------------------------------------------------------------------------------------------
# Commande #0004 de /home/user/aas-corner-fe/wd/v8c75_TV/v8c75_TV_s03.comm.changed.py, ligne 34
tb = POST_RELEVE_T(ACTION=_F(CRITERE='RELATIF',
                             FORMAT_C='MODULE',
                             GROUP_NO='HEADT',
                             INST=0.08,
                             INTITULE='R',
                             MOYE_NOEUD='OUI',
                             NOM_CHAM='REAC_NODA',
                             OPERATION='EXTRACTION',
                             PRECISION=1e-06,
                             REPERE='GLOBAL',
                             RESULTANTE='DX',
                             RESULTAT=r2),
                   INFO=1)

# Résultat commande #0004 (POST_RELEVE_T): tb ('<00000019>') de type <Table>
# Mémoire (Mo) :  6505.41 /  1639.50 /  2703.74 /   923.86 (VmPeak / VmSize / Optimum / Minimum)
# Fin commande #0004   user+syst:        0.01s (syst:        0.00s, elaps:        0.01s)
# ----------------------------------------------------------------------------------------------

.. _stg1_txt34
# ----------------------------------------------------------------------------------------------
# Commande #0005 de /home/user/aas-corner-fe/wd/v8c75_TV/v8c75_TV_s03.comm.changed.py, ligne 34
tb = POST_RELEVE_T(ACTION=_F(CRITERE='RELATIF',
                             FORMAT_C='MODULE',
                             GROUP_NO='HEADV',
                             INST=0.08,
                             INTITULE='R',
                             MOYE_NOEUD='OUI',
                             NOM_CHAM='REAC_NODA',
                             OPERATION='EXTRACTION',
                             PRECISION=1e-06,
                             REPERE='GLOBAL',
                             RESULTANTE='DX',
                             RESULTAT=r2),
                   INFO=1)

# Résultat commande #0005 (POST_RELEVE_T): tb ('<0000001a>') de type <Table>
# Mémoire (Mo) :  6505.41 /  1639.50 /  2703.74 /   923.86 (VmPeak / VmSize / Optimum / Minimum)
# Fin commande #0005   user+syst:        0.02s (syst:        0.00s, elaps:        0.01s)
# ----------------------------------------------------------------------------------------------

.. _stg1_txt39
# ----------------------------------------------------------------------------------------------
# Commande #0006 de /home/user/aas-corner-fe/wd/v8c75_TV/v8c75_TV_s03.comm.changed.py, ligne 39
DETRUIRE(INFO=1,
         NOM=r2)

# Mémoire (Mo) :  6505.41 /  1639.50 /  2703.74 /   923.86 (VmPeak / VmSize / Optimum / Minimum)
# Fin commande #0006   user+syst:        0.19s (syst:        0.00s, elaps:        0.10s)
# ----------------------------------------------------------------------------------------------
/home/user/aas-corner-fe/wd/v8c75_TV/v8c75_TV_s03.comm.changed.py:56: ResourceWarning: unclosed file <_io.TextIOWrapper name='/home/user/aas-corner-fe/jobs/../results/v8c75_TV.curve' mode='a' encoding='UTF-8'>
  open(CURVE,'a').write('CURVE %g %g %g %g\n'%(tcur,tot,v['HEADT'],v['HEADV']))
AASCURVE 0.08 41722.3 26093.3 15628.9

.. _stg1_txt76
# ----------------------------------------------------------------------------------------------
# Commande #0007 de /root/mm/envs/aster/lib/python3.14/site-packages/code_aster/CodeCommands/fin.py,
ligne 76
FIN(INFO_RESU='NON',
    RETASSAGE='NON')

Saving objects...
pi                       <class 'float'>
e                        <class 'float'>
tau                      <class 'float'>
inf                      <class 'float'>
nan                      <class 'float'>
mesh                     <class 'libaster.Mesh'>
model                    <class 'libaster.Model'>
mat                      <class 'libaster.Material'>
matH                     <class 'libaster.Material'>
matHH                    <class 'libaster.Material'>
stl                      <class 'libaster.Material'>
slvm                     <class 'libaster.Material'>
fmat                     <class 'libaster.MaterialField'>
fix                      <class 'libaster.MechanicalLoadReal'>
grp                      <class 'list'>
load                     <class 'libaster.MechanicalLoadReal'>
ramp                     <class 'libaster.Function'>
steps                    <class 'libaster.ListOfFloats'>
times                    <class 'libaster.TimesList'>
LOADS                    <class 'str'>
CURVE                    <class 'str'>
common                   <class 'dict'>
tcur                     <class 'float'>
peak                     <class 'float'>
stopped                  <class 'bool'>
TARGETS                  <class 'list'>
tn                       <class 'float'>
res                      <class 'libaster.NonLinearResult'>
v                        <class 'dict'>
tot                      <class 'float'>
line                     <class 'str'>

 ╔================================================================================================╗
 ║ <I> <CATAMESS_89>                                                                              ║
 ║                                                                                                ║
 ║ Liste des alarmes émises lors de l'exécution du calcul.                                        ║
 ║                                                                                                ║
 ║     Les alarmes que vous avez choisies d'ignorer sont précédées de (*).                        ║
 ║     Nombre d'occurrences pour chacune des alarmes :                                            ║
 ║            FACTOR_75            émise    6 fois                                                ║
 ╚================================================================================================╝

 ---------------------------------------------------------------------------
 Concepts de la base: G
    Nom        Type                Taille (Mo)         Nombre      Nombre de
                                                     d'objets       segments
    TOTAL                               402.56            460            701
  
    00000001   MAILLAGE_SDASTER          12.00             34             70
    00000002   MODELE_SDASTER            11.86             11             16
    00000003   MATER_SDASTER              0.00             15             15
    00000004   MATER_SDASTER              0.00             15             15
    00000005   MATER_SDASTER              0.00              7              7
    00000006   MATER_SDASTER              0.00              7              7
    00000007   MATER_SDASTER              0.00              7              7
    00000008   CHAM_MATER                 0.89              8             13
    00000009   CHAR_MECA                 12.89             56             76
    0000000a   CHAR_MECA                  9.42             56             76
    0000000b   FONCTION_SDASTER           0.00              3              3
    0000000c   LISTR8_SDASTER             0.00              6              6
    0000000d   LIST_INST                  0.00              8              8
    0000000e   EVOL_NOLI                289.80            169            215
    &FOZERO                               0.00              2              2
    &&_NUM_C                              0.00              1              1
    &CATA                                37.45             42            103
    &&NMDOME                              0.00              2              2
    0000000f                              0.12              2             14
    &&NMCH1P                             27.76              3              3
    00000012                              0.12              2             14
    00000015                              0.12              2             14
    00000018                              0.12              2             14
 (*) sous-objets non accessible directement
 ---------------------------------------------------------------------------
Nom de la base                          :  GLOBALE
     Nombre d'enregistrements utilisés       :  670
     Nombre d'enregistrements maximum        :  2684354
     Nombre d'enregistrements par fichier    :  15728
     Longueur d'enregistrement (octets)      :  819200
     Nombre total d'accès en lecture         :  649
     Volume des accès en lecture             :        507.03 Mo.
     Nombre total d'accès en écriture        :  336
     Volume des accès en écriture            :        262.50 Mo.
     Nombre d'identificateurs utilisés       :  893
     Taille maximum du répertoire            :  2000
     Pourcentage d'utilisation du répertoire :  44 %

Nom de la base                          :  VOLATILE
     Nombre d'enregistrements utilisés       :  584
     Nombre d'enregistrements maximum        :  2684354
     Nombre d'enregistrements par fichier    :  15728
     Longueur d'enregistrement (octets)      :  819200
     Nombre total d'accès en lecture         :  495
     Volume des accès en lecture             :        386.72 Mo.
     Nombre total d'accès en écriture        :  2658
     Volume des accès en écriture            :       2076.56 Mo.
     Nombre d'identificateurs utilisés       :  1000
     Taille maximum du répertoire            :  2000
     Pourcentage d'utilisation du répertoire :  50 %

<I> <FIN> ARRET NORMAL DANS "FIN" PAR APPEL A "JEFINI".
  
 <I> <FIN> MEMOIRE JEVEUX MINIMALE REQUISE POUR L'EXECUTION :                     923.86 Mo
 <I> <FIN> MEMOIRE JEVEUX OPTIMALE REQUISE POUR L'EXECUTION :                    2703.74 Mo
 <I> <FIN> MAXIMUM DE MEMOIRE UTILISEE PAR LE PROCESSUS LORS DE L'EXECUTION :    6505.41 Mo
  
 <I>       FERMETURE DES BASES EFFECTUEE
  
   STATISTIQUES CONCERNANT L'ALLOCATION DYNAMIQUE :
     TAILLE CUMULEE MAXIMUM            :                 2704  Mo.
     TAILLE CUMULEE LIBEREE            :                 2216  Mo.
     NOMBRE TOTAL D'ALLOCATIONS        :              2669180
     NOMBRE TOTAL DE LIBERATIONS       :              2669180
     APPELS AU MECANISME DE LIBERATION :                    0
     TAILLE MEMOIRE CUMULEE RECUPEREE  :                 2238  Mo.
     VOLUME DES LECTURES               :                    0  Mo.
     VOLUME DES ECRITURES              :                 1849  Mo.
  
   MEMOIRE JEVEUX MINIMALE REQUISE POUR L'EXECUTION :     923.86 Mo
     - IMPOSE DE NOMBREUX ACCES DISQUE
     - RALENTIT LA VITESSE D'EXECUTION
   MEMOIRE JEVEUX OPTIMALE REQUISE POUR L'EXECUTION :    2703.74 Mo
     - LIMITE LES ACCES DISQUE
     - AMELIORE LA VITESSE D'EXECUTION
   MAXIMUM DE MEMOIRE UTILISEE PAR LE PROCESSUS     :    6505.41 Mo
     - COMPREND LA MEMOIRE CONSOMMEE PAR  JEVEUX, 
       LE SUPERVISEUR PYTHON, LES LIBRAIRIES EXTERNES
  
 <I>       FIN D'EXECUTION LE : JE-24-SEPT-2026 16:44:20
Signature of pickled file   : 69422fb01705ebf98190fb296499fd0bd008dec4c0f980926e992ee2c2eae916
Signature of info file      : 3c20f1f5640021f40864a555f5a76b13ab8fe63e18d21d969fdb5f4a54e911d8
Signature of Jeveux database: c81150c9995035f5b9293ed2dd82d48bf9e7627e2512d345b8d2cee39a1560c5

 ********************************************************************************
 * COMMAND                  :       USER :     SYSTEM :   USER+SYS :    ELAPSED *
 ********************************************************************************
 * DEBUT                    :       0.18 :       0.37 :       0.55 :       0.55 *
 * STAT_NON_LINE            :    1254.98 :     316.16 :    1571.14 :     866.57 *
 * CALC_CHAMP               :       0.93 :       0.01 :       0.94 :       0.94 *
 * POST_RELEVE_T            :       0.01 :       0.00 :       0.01 :       0.01 *
 * POST_RELEVE_T            :       0.02 :       0.00 :       0.02 :       0.01 *
 * DETRUIRE                 :       0.19 :       0.00 :       0.19 :       0.10 *
 * FIN                      :       0.22 :       0.25 :       0.47 :       0.77 *
 *  . sdveri                :       0.00 :       0.00 :       0.00 :       0.00 *
 *  . cleanup               :       0.00 :       0.00 :       0.00 :       0.00 *
 *  . check syntax          :       0.05 :       0.00 :       0.05 :       0.03 *
 *  . fortran               :    1256.27 :     316.79 :    1573.06 :     868.80 *
 ********************************************************************************
 * TOTAL_JOB                :    1256.74 :     316.82 :    1573.56 :     869.14 *
 ********************************************************************************

# Mémoire (Mo) :  6505.41 /  1115.58 /  2703.74 /   923.86 (VmPeak / VmSize / Optimum / Minimum)
# Fin commande #0007   user+syst:        0.22s (syst:        0.25s, elaps:        0.77s)
# ----------------------------------------------------------------------------------------------

EXECUTION_CODE_ASTER_EXIT_2483=0


saving result databases to 'BASE_PREC'...
execution ended (command file #4): <A>_ALARM
Running: /root/mm/envs/aster/bin/run_aster -w /home/user/aas-corner-fe/wd/v8c75_TV --status-file /root/.tmp_run_aster/run_aster_dk8d6s0i/__status__ --no-mpi /root/.tmp_run_aster/run_aster_dk8d6s0i/v8c75_TV.4

# ------------------------------------------------------------------------------
Execution of code_aster

# ------------------------------------------------------------------------------
Prepare environment in /home/user/aas-corner-fe/wd/v8c75_TV

# ------------------------------------------------------------------------------
Command file #5 / 20

Content of the file to execute:
# coding=utf-8
# original filename
__file__ = r"/home/user/aas-corner-fe/jobs/v8c75_TV_s04.comm"


# temporarly added for compatibility with code_aster legacy
from math import *

import code_aster
from code_aster.Commands import *
from code_aster import CA

POURSUITE(LANG='EN', PAR_LOT='NON')

LOADS='TV'
CURVE='/home/user/aas-corner-fe/jobs/../results/v8c75_TV.curve'
common=dict(MODELE=model, CHAM_MATER=fmat, EXCIT=(_F(CHARGE=fix), _F(CHARGE=load, FONC_MULT=ramp)),
        COMPORTEMENT=(_F(RELATION='ENDO_FISS_EXP', GROUP_MA=('CONC','HZ')), _F(RELATION='ELAS', GROUP_MA=('STEEL','SLV','HZH'))),
        NEWTON=_F(MATRICE='TANGENTE', REAC_ITER=1),
        CONVERGENCE=_F(RESI_GLOB_RELA=1.E-4, ITER_GLOB_MAXI=30), ARCHIVAGE=_F(PAS_ARCH=1), SOLVEUR=_F(METHODE='MUMPS', GESTION_MEMOIRE='OUT_OF_CORE'))
import os, re
tcur=0.0; peak=0.0; stopped=False
if os.path.exists(CURVE):
    for line in open(CURVE):
        m=re.match(r'CURVE\s+(\S+)\s+(\S+)', line)
        if m:
            tcur=max(tcur, float(m.group(1))); peak=max(peak, float(m.group(2)))
        if line.startswith('STOP'): stopped=True
def reac(res, t):
    r2=CALC_CHAMP(RESULTAT=res, FORCE='REAC_NODA', INST=t)
    vals={}
    for g in ('HEADT','HEADV'):
        try:
            tb=POST_RELEVE_T(ACTION=_F(OPERATION='EXTRACTION', INTITULE='R', RESULTAT=r2, NOM_CHAM='REAC_NODA',
                                       GROUP_NO=g, RESULTANTE='DX', INST=t)).EXTR_TABLE().values()
            vals[g]=-tb['DX'][-1]*2
        except Exception:
            vals[g]=0.
    DETRUIRE(NOM=r2)
    return vals
TARGETS=[0.1]
for tn in TARGETS:
    if stopped or tn <= tcur+1e-9: continue
    try:
        if tcur < 1e-12 and '0'=='1':
            res=STAT_NON_LINE(INCREMENT=_F(LIST_INST=times, INST_FIN=tn), **common)
        else:
            res=STAT_NON_LINE(reuse=res, ETAT_INIT=_F(EVOL_NOLI=res), INCREMENT=_F(LIST_INST=times, INST_FIN=tn), **common)
    except Exception as exc:
        print('AASSTOP at', tcur, exc, flush=True)
        open(CURVE,'a').write('STOP solver %g\n'%tcur); stopped=True; break
    tcur=tn
    v=reac(res, tcur)
    tot=(v['HEADT'] if 'T' in LOADS else 0.)+(v['HEADV'] if 'V' in LOADS else 0.)
    peak=max(peak, tot)
    open(CURVE,'a').write('CURVE %g %g %g %g\n'%(tcur,tot,v['HEADT'],v['HEADV']))
    print('AASCURVE %g %g %g %g'%(tcur,tot,v['HEADT'],v['HEADV']), flush=True)
    if tot < 0.9*peak:
        open(CURVE,'a').write('STOP peak %g\n'%peak); stopped=True; break
FIN()



# ------------------------------------------------------------------------------
Command line #5:
    ulimit -c unlimited ; ulimit -t 50000 ; ( /root/mm/envs/aster/bin/python3 "v8c75_TV_s04.comm.changed.py" --memory 3600.0 --numthreads 2 --tpmax 20000 ; echo $? > _exit_code_ ) 2>&1 | tee -a fort.6
setting '--memory' value to 3240.00 MB (keyword RESERVE_MEMOIRE)
Ouverture en écriture du fichier ./vola.1

<INFO> Démarrage de l'exécution.

                       -- CODE_ASTER -- VERSION : DÉVELOPPEMENT (unstable) --                       
                               Version 18.1.6 modifiée le 14/09/2026                                
                                    révision n/a - branche 'n/a'                                    
                                     Copyright EDF 1991 - 2026                                      
                                                                                                    
                              Exécution du : Thu Sep 24 16:44:23 2026                               
                                       Nom de la machine : vm                                       
                                        Architecture : 64bit                                        
                                    Type de processeur : x86_64                                     
                Système d'exploitation : Linux-6.18.44-fc-v37-x86_64-with-glibc2.39                 
                                  Langue des messages : C (UTF-8)                                   
                                     Version de Python : 3.14.7                                     
                                      Version de NumPy : 2.5.3                                      
                                  Version de MEDCoupling : 9.16.0                                   
                                     Parallélisme MPI : inactif                                     
                                    Parallélisme OpenMP : actif                                     
                              Nombre de processus OpenMP utilisés : 2                               
                                Version de la librairie HDF5 : 2.2.0                                
                                Version de la librairie MED : 4.2.0                                 
                               Version de la librairie MFront : 5.1.0                               
                               Version de la librairie MUMPS : 5.8.2                                
                                  Librairie PETSc : non disponible                                  
                              Version de la librairie SCOTCH : 7.0.11                               

restarting from a previous execution...
/home/user/aas-corner-fe/wd/v8c75_TV/v8c75_TV_s04.comm.changed.py:13: DeprecationWarning: This feature is obsolete, 'PAR_LOT' has been removed.
  POURSUITE(LANG='EN', PAR_LOT='NON')
Valeur initiale du temps CPU maximum =   20000 secondes
  Valeur du temps CPU maximum passé aux commandes =   18000 secondes
  Réserve CPU prévue = 2000 secondes

Ouverture en lecture du fichier ./glob.1

Ajustement de la taille maximale des bases à 2048.00 Go.
    
Nom de la base                          :  GLOBALE
     Créée avec la version                   :  18.01.06
     Nombre d'enregistrements utilisés       :  670
     Nombre d'enregistrements maximum        :  2684354
     Nombre d'enregistrements par fichier    :  15728
     Longueur d'enregistrement (octets)      :  819200
     Nombre d'identificateurs utilisés       :  893
     Taille maximum du répertoire            :  2000
     Pourcentage d'utilisation du répertoire :  44 %

Ouverture en lecture du fichier ./glob.1

Ouverture en écriture du fichier ./vola.1

Fin de lecture (durée  0.000033  s.) 

                      Mémoire limite pour l'allocation dynamique : 3752.06 Mo                       
                         ajouté à l'initialisation du processus : 741.34 Mo                         
                               Limite cible du processus : 4493.39 Mo                               
                         Taille limite des fichiers d'échange : 2048.00 Go                          
pi                       <class 'float'>
e                        <class 'float'>
tau                      <class 'float'>
inf                      <class 'float'>
nan                      <class 'float'>
mesh                     <class 'libaster.Mesh'>
model                    <class 'libaster.Model'>
mat                      <class 'libaster.Material'>
matH                     <class 'libaster.Material'>
matHH                    <class 'libaster.Material'>
stl                      <class 'libaster.Material'>
slvm                     <class 'libaster.Material'>
fmat                     <class 'libaster.MaterialField'>
fix                      <class 'libaster.MechanicalLoadReal'>
grp                      <class 'list'>
load                     <class 'libaster.MechanicalLoadReal'>
ramp                     <class 'libaster.Function'>
steps                    <class 'libaster.ListOfFloats'>
times                    <class 'libaster.TimesList'>
LOADS                    <class 'str'>
CURVE                    <class 'str'>
common                   <class 'dict'>
tcur                     <class 'float'>
peak                     <class 'float'>
stopped                  <class 'bool'>
TARGETS                  <class 'list'>
tn                       <class 'float'>
res                      <class 'libaster.NonLinearResult'>
v                        <class 'dict'>
tot                      <class 'float'>
line                     <class 'str'>
# Mémoire (Mo) :  1011.87 /  1011.73 /   430.15 /   430.12 (VmPeak / VmSize / Optimum / Minimum)
# Fin commande #0001   user+syst:        0.21s (syst:        0.36s, elaps:        0.57s)
# ----------------------------------------------------------------------------------------------
/home/user/aas-corner-fe/wd/v8c75_TV/v8c75_TV_s04.comm.changed.py:24: ResourceWarning: unclosed file <_io.TextIOWrapper name='/home/user/aas-corner-fe/jobs/../results/v8c75_TV.curve' mode='r' encoding='UTF-8'>
  for line in open(CURVE):

.. _stg1_txt48
# ----------------------------------------------------------------------------------------------
# Commande #0002 de /home/user/aas-corner-fe/wd/v8c75_TV/v8c75_TV_s04.comm.changed.py, ligne 48
res = STAT_NON_LINE(AFFICHAGE=_F(INFO_RESIDU='NON',
                                 INFO_TEMPS='NON'),
                    ARCHIVAGE=_F(CHAM_EXCLU=('RESI_NOEU', 'RESI_RELA_NOEU'),
                                 PAS_ARCH=1),
                    CHAM_MATER=fmat,
                    COMPORTEMENT=(_F(DEFORMATION='PETIT',
                                     GROUP_MA=('CONC', 'HZ'),
                                     ITER_CPLAN_MAXI=10,
                                     ITER_INTE_MAXI=20,
                                     ITER_INTE_PAS=0,
                                     PARM_THETA=1.0,
                                     REGU_VISC='NON',
                                     RELATION='ENDO_FISS_EXP',
                                     RESI_CPLAN_RELA=1e-06,
                                     RESI_INTE=1e-06),
                                  _F(DEFORMATION='PETIT',
                                     GROUP_MA=('STEEL', 'SLV', 'HZH'),
                                     ITER_CPLAN_MAXI=10,
                                     ITER_INTE_MAXI=20,
                                     ITER_INTE_PAS=0,
                                     PARM_THETA=1.0,
                                     REGU_VISC='NON',
                                     RELATION='ELAS',
                                     RESI_CPLAN_RELA=1e-06,
                                     RESI_INTE=1e-06)),
                    CONVERGENCE=_F(ARRET='OUI',
                                   ITER_GLOB_ELAS=25,
                                   ITER_GLOB_MAXI=30,
                                   RESI_GLOB_RELA=0.0001,
                                   VERIF='TOUT'),
                    ETAT_INIT=_F(EVOL_NOLI=res),
                    EXCIT=(_F(CHARGE='<00000009>',
                              TYPE_CHARGE='FIXE_CSTE'),
                           _F(CHARGE='<0000000a>',
                              FONC_MULT=ramp,
                              TYPE_CHARGE='FIXE_CSTE')),
                    INCREMENT=_F(CRITERE='RELATIF',
                                 INST_FIN=0.1,
                                 INST_INIT=0.08,
                                 LIST_INST=times,
                                 PRECISION=1e-06),
                    MESURE=_F(TABLE='NON'),
                    METHODE='NEWTON',
                    MODELE=model,
                    NEWTON=_F(MATRICE='TANGENTE',
                              MATR_RIGI_SYME='NON',
                              REAC_INCR=1,
                              REAC_ITER=1,
                              REAC_ITER_ELAS=0),
                    SOLVEUR=_F(ACCELERATION='AUTO',
                               ELIM_LAGR='LAGR2',
                               FILTRAGE_MATRICE=-1.0,
                               GESTION_MEMOIRE='OUT_OF_CORE',
                               LOW_RANK_SEUIL=0.0,
                               MATR_DISTRIBUEE='NON',
                               METHODE='MUMPS',
                               MIXER_PRECISION='NON',
                               NB_RHS=1,
                               NPREC=8,
                               PCENT_PIVOT=35,
                               POSTTRAITEMENTS='AUTO',
                               PRETRAITEMENTS='AUTO',
                               REDUCTION_MPI=0,
                               RENUM='AUTO',
                               RESI_RELA=-1.0,
                               STOP_SINGULIER='OUI',
                               TYPE_RESOL='AUTO'),
                    reuse=res)

Liste des comportements

Affecté sur 67406 éléments
Relation                             : ENDO_FISS_EXP
Déformation                          : PETIT
Pas de régularisation visqueuse
Pas de post-traitement à la fin du pas de temps
Nombre total de variables internes   : 9
V1 : ENDO
V2 : INDIENDO
V3 : ENDORIGI
V4 : EPSEXX
V5 : EPSEYY
V6 : EPSEZZ
V7 : EPSEXY
V8 : EPSEXZ
V9 : EPSEYZ
Affecté sur 11844 éléments
Relation                             : ELAS
Déformation                          : PETIT
Pas de régularisation visqueuse
Pas de post-traitement à la fin du pas de temps
Nombre total de variables internes   : 1
V1 : VIDE
Le système linéaire à résoudre a 375089 degrés de liberté:
   - 359637 sont des degrés de liberté physiques
     (ils sont portés par 111469 noeuds du maillage)
   - 15452 sont les couples de paramètres de Lagrange associés
     aux 7726 relations linéaires dualisées.
La matrice est de taille 375089 équations.
  Elle contient 19289373 termes non nuls si elle est symétrique et 38203657 termes non nuls si elle
n'est pas symétrique.
  Soit un taux de remplissage de   0.027 %.
Lecture de l'état initial
L'état initial a été récupéré dans la structure de données résultat de nom <0000000e> pour le numéro
d'ordre 4 et à l'instant  8.000000000000e-02
Le champ <DEPL> est lu dans ETAT_INIT dans la structure de données résultat donné dans la commande.
Le champ <SIEF_ELGA> est lu dans ETAT_INIT dans la structure de données résultat donné dans la
commande.
Le champ <VARI_ELGA> est lu dans ETAT_INIT dans la structure de données résultat donné dans la
commande.
---------------------------------------------------------------------
Instant de calcul:  1.000000000000e-01 - Niveau de découpe: 1

---------------------------------------------------------------------
|     NEWTON     |     RESIDU     |     RESIDU     |     OPTION     |
|    ITERATION   |     RELATIF    |     ABSOLU     |   ASSEMBLAGE   |
|                | RESI_GLOB_RELA | RESI_GLOB_MAXI |(+ TYPE MATRICE)|
---------------------------------------------------------------------

 ╔================================================================================================╗
 ║ <A> <FACTOR_75>                                                                                ║
 ║                                                                                                ║
 ║ Attention, vous avez demandé un calcul OUT_OF_CORE, mais MUMPS estime avoir besoin pour cela   ║
 ║ d'au moins                                                                                     ║
 ║   3553 Mo  alors qu'il n'y a que 1083 Mo de disponible sur ce processeur !                     ║
 ║   Le calcul pourrait donc être ralenti ou s'arrêter pour cette raison.                         ║
 ║                                                                                                ║
 ║   Pour information: mémoire déjà pré-allouée par MUMPS (exécutable, matrice...)= 478 Mo,       ║
 ║                     nombre de systèmes linéaires à factoriser en même temps    = 1.            ║
 ║                                                                                                ║
 ║ Conseils :                                                                                     ║
 ║   La prochaine fois, relancez avec plus de mémoire globale ou avec une option de calcul plus   ║
 ║ économe                                                                                        ║
 ║   (par ordre décroissant d'efficacité):                                                        ║
 ║    - Si le calcul est parallèle, réduisez la consommation MUMPS en augmentant le nombre de     ║
 ║ processeurs,                                                                                   ║
 ║    - Si le calcul est parallèle, réduisez la consommation Aster en activant l'option           ║
 ║ SOLVEUR/MATR_DISTRIBUEE,                                                                       ║
 ║   Ou, plus radicalement:                                                                       ║
 ║    - Utilisez un solveur moins exigeant en mémoire (par exemple: SOLVEUR/METHODE='PETSC' +     ║
 ║ PRECOND='LDLT_SP').                                                                            ║
 ║                                                                                                ║
 ║                                                                                                ║
 ║ Ceci est une alarme. Si vous ne comprenez pas le sens de cette                                 ║
 ║ alarme, vous pouvez obtenir des résultats inattendus !                                         ║
 ╚================================================================================================╝

|     0        X | 3.44123E-02  X | 5.51728E+01    |TANGENTE (NOSYM)|

 ╔================================================================================================╗
 ║ <A> <FACTOR_75>                                                                                ║
 ║                                                                                                ║
 ║ Attention, vous avez demandé un calcul OUT_OF_CORE, mais MUMPS estime avoir besoin pour cela   ║
 ║ d'au moins                                                                                     ║
 ║   3555 Mo  alors qu'il n'y a que 950 Mo de disponible sur ce processeur !                      ║
 ║   Le calcul pourrait donc être ralenti ou s'arrêter pour cette raison.                         ║
 ║                                                                                                ║
 ║   Pour information: mémoire déjà pré-allouée par MUMPS (exécutable, matrice...)= 481 Mo,       ║
 ║                     nombre de systèmes linéaires à factoriser en même temps    = 1.            ║
 ║                                                                                                ║
 ║ Conseils :                                                                                     ║
 ║   La prochaine fois, relancez avec plus de mémoire globale ou avec une option de calcul plus   ║
 ║ économe                                                                                        ║
 ║   (par ordre décroissant d'efficacité):                                                        ║
 ║    - Si le calcul est parallèle, réduisez la consommation MUMPS en augmentant le nombre de     ║
 ║ processeurs,                                                                                   ║
 ║    - Si le calcul est parallèle, réduisez la consommation Aster en activant l'option           ║
 ║ SOLVEUR/MATR_DISTRIBUEE,                                                                       ║
 ║   Ou, plus radicalement:                                                                       ║
 ║    - Utilisez un solveur moins exigeant en mémoire (par exemple: SOLVEUR/METHODE='PETSC' +     ║
 ║ PRECOND='LDLT_SP').                                                                            ║
 ║                                                                                                ║
 ║                                                                                                ║
 ║ Ceci est une alarme. Si vous ne comprenez pas le sens de cette                                 ║
 ║ alarme, vous pouvez obtenir des résultats inattendus !                                         ║
 ╚================================================================================================╝

|     1        X | 3.11301E-03  X | 4.89471E+00    |TANGENTE (NOSYM)|

 ╔================================================================================================╗
 ║ <A> <FACTOR_75>                                                                                ║
 ║                                                                                                ║
 ║ Attention, vous avez demandé un calcul OUT_OF_CORE, mais MUMPS estime avoir besoin pour cela   ║
 ║ d'au moins                                                                                     ║
 ║   3556 Mo  alors qu'il n'y a que 950 Mo de disponible sur ce processeur !                      ║
 ║   Le calcul pourrait donc être ralenti ou s'arrêter pour cette raison.                         ║
 ║                                                                                                ║
 ║   Pour information: mémoire déjà pré-allouée par MUMPS (exécutable, matrice...)= 482 Mo,       ║
 ║                     nombre de systèmes linéaires à factoriser en même temps    = 1.            ║
 ║                                                                                                ║
 ║ Conseils :                                                                                     ║
 ║   La prochaine fois, relancez avec plus de mémoire globale ou avec une option de calcul plus   ║
 ║ économe                                                                                        ║
 ║   (par ordre décroissant d'efficacité):                                                        ║
 ║    - Si le calcul est parallèle, réduisez la consommation MUMPS en augmentant le nombre de     ║
 ║ processeurs,                                                                                   ║
 ║    - Si le calcul est parallèle, réduisez la consommation Aster en activant l'option           ║
 ║ SOLVEUR/MATR_DISTRIBUEE,                                                                       ║
 ║   Ou, plus radicalement:                                                                       ║
 ║    - Utilisez un solveur moins exigeant en mémoire (par exemple: SOLVEUR/METHODE='PETSC' +     ║
 ║ PRECOND='LDLT_SP').                                                                            ║
 ║                                                                                                ║
 ║                                                                                                ║
 ║ Ceci est une alarme. Si vous ne comprenez pas le sens de cette                                 ║
 ║ alarme, vous pouvez obtenir des résultats inattendus !                                         ║
 ╚================================================================================================╝

|     2        X | 2.76923E-03  X | 4.33966E+00    |TANGENTE (NOSYM)|

 ╔================================================================================================╗
 ║ <A> <FACTOR_75>                                                                                ║
 ║                                                                                                ║
 ║ Attention, vous avez demandé un calcul OUT_OF_CORE, mais MUMPS estime avoir besoin pour cela   ║
 ║ d'au moins                                                                                     ║
 ║   3556 Mo  alors qu'il n'y a que 950 Mo de disponible sur ce processeur !                      ║
 ║   Le calcul pourrait donc être ralenti ou s'arrêter pour cette raison.                         ║
 ║                                                                                                ║
 ║   Pour information: mémoire déjà pré-allouée par MUMPS (exécutable, matrice...)= 482 Mo,       ║
 ║                     nombre de systèmes linéaires à factoriser en même temps    = 1.            ║
 ║                                                                                                ║
 ║ Conseils :                                                                                     ║
 ║   La prochaine fois, relancez avec plus de mémoire globale ou avec une option de calcul plus   ║
 ║ économe                                                                                        ║
 ║   (par ordre décroissant d'efficacité):                                                        ║
 ║    - Si le calcul est parallèle, réduisez la consommation MUMPS en augmentant le nombre de     ║
 ║ processeurs,                                                                                   ║
 ║    - Si le calcul est parallèle, réduisez la consommation Aster en activant l'option           ║
 ║ SOLVEUR/MATR_DISTRIBUEE,                                                                       ║
 ║   Ou, plus radicalement:                                                                       ║
 ║    - Utilisez un solveur moins exigeant en mémoire (par exemple: SOLVEUR/METHODE='PETSC' +     ║
 ║ PRECOND='LDLT_SP').                                                                            ║
 ║                                                                                                ║
 ║                                                                                                ║
 ║ Ceci est une alarme. Si vous ne comprenez pas le sens de cette                                 ║
 ║ alarme, vous pouvez obtenir des résultats inattendus !                                         ║
 ╚================================================================================================╝

|     3        X | 7.72510E-04  X | 1.21009E+00    |TANGENTE (NOSYM)|

 ╔================================================================================================╗
 ║ <A> <FACTOR_75>                                                                                ║
 ║                                                                                                ║
 ║ Attention, vous avez demandé un calcul OUT_OF_CORE, mais MUMPS estime avoir besoin pour cela   ║
 ║ d'au moins                                                                                     ║
 ║   3556 Mo  alors qu'il n'y a que 950 Mo de disponible sur ce processeur !                      ║
 ║   Le calcul pourrait donc être ralenti ou s'arrêter pour cette raison.                         ║
 ║                                                                                                ║
 ║   Pour information: mémoire déjà pré-allouée par MUMPS (exécutable, matrice...)= 482 Mo,       ║
 ║                     nombre de systèmes linéaires à factoriser en même temps    = 1.            ║
 ║                                                                                                ║
 ║ Conseils :                                                                                     ║
 ║   La prochaine fois, relancez avec plus de mémoire globale ou avec une option de calcul plus   ║
 ║ économe                                                                                        ║
 ║   (par ordre décroissant d'efficacité):                                                        ║
 ║    - Si le calcul est parallèle, réduisez la consommation MUMPS en augmentant le nombre de     ║
 ║ processeurs,                                                                                   ║
 ║    - Si le calcul est parallèle, réduisez la consommation Aster en activant l'option           ║
 ║ SOLVEUR/MATR_DISTRIBUEE,                                                                       ║
 ║   Ou, plus radicalement:                                                                       ║
 ║    - Utilisez un solveur moins exigeant en mémoire (par exemple: SOLVEUR/METHODE='PETSC' +     ║
 ║ PRECOND='LDLT_SP').                                                                            ║
 ║                                                                                                ║
 ║                                                                                                ║
 ║ Ceci est une alarme. Si vous ne comprenez pas le sens de cette                                 ║
 ║ alarme, vous pouvez obtenir des résultats inattendus !                                         ║
 ╚================================================================================================╝


 ╔================================================================================================╗
 ║ <A> <CATAMESS_41>                                                                              ║
 ║                                                                                                ║
 ║ Le message d'alarme 'FACTOR_75' a été émis 5 fois, il ne sera plus affiché.                    ║
 ║                                                                                                ║
 ║                                                                                                ║
 ║ Ceci est une alarme. Si vous ne comprenez pas le sens de cette                                 ║
 ║ alarme, vous pouvez obtenir des résultats inattendus !                                         ║
 ╚================================================================================================╝

|     4        X | 2.27444E-04  X | 3.56262E-01    |TANGENTE (NOSYM)|
|     5          | 2.78913E-05    | 4.36882E-02    |TANGENTE (NOSYM)|
---------------------------------------------------------------------
Critère(s) de convergence atteint(s)

Le résidu de type <RESI_GLOB_RELA> vaut  2.789127686652e-05 au noeud et degré de liberté <99906  
DX>
Temps CPU consommé dans ce pas de temps    : 13 min 57 s

* Nombre d'itérations de Newton                     : 6
* Temps total intégration comportement              : 37.585 s (7 intégrations)
* Temps total factorisation matrice                 : 11 min  5 s (6 factorisations)
* Temps construction second membre                  : 0.774 s
* Temps total résolution K.U=F                      : 1 min 19 s (6 résolutions)
* Temps assemblage matrice                          : 0.000 s
* Temps autres opérations                           : 54.596 s
Mémoire (Mo) :  6562.86 /  3108.19 /  2755.75 /   975.87 (VmPeak / VmSize / Optimum / Minimum)

Archivage des champs

Champ stocké <DEPL> à l'instant  1.000000000000e-01 pour le numéro d'ordre 5
Champ stocké <SIEF_ELGA> à l'instant  1.000000000000e-01 pour le numéro d'ordre 5
Champ stocké <VARI_ELGA> à l'instant  1.000000000000e-01 pour le numéro d'ordre 5
Champ stocké <COMPORTEMENT> à l'instant  1.000000000000e-01 pour le numéro d'ordre 5
[100%] Instant calculé : 1.00000e-01, seul l'instant initial a été archivé
Temps CPU consommé dans le calcul          : 13 min 57 s

dont temps CPU "perdu" dans les découpes            : 0.000 s
* Nombre de pas de temps                            : 1
* Nombre d'itérations de Newton                     : 6
* Temps dans l'archivage                            : 0.046 s
* Temps dans le post-traitement                     : 0.000 s
* Temps total intégration comportement              : 37.585 s (7 intégrations)
* Temps total factorisation matrice                 : 11 min  5 s (6 factorisations)
* Temps construction second membre                  : 0.774 s
* Temps total résolution K.U=F                      : 1 min 19 s (6 résolutions)
* Temps assemblage matrice                          : 0.000 s
#1      Resolution des systemes lineaires                 CPU (USER+SYST/SYST/ELAPS):   1439.04    294.09    747.95
#2      Calculs elementaires et assemblages               CPU (USER+SYST/SYST/ELAPS):     87.56      6.39     88.59
# Résultat commande #0002 (STAT_NON_LINE): res ('<0000000e>') de type <NonLinearResult>
# Mémoire (Mo) :  6562.86 /  1686.36 /  2755.75 /   975.87 (VmPeak / VmSize / Optimum / Minimum)
# Fin commande #0002   user+syst:     1238.02s (syst:      304.25s, elaps:      849.97s)
# ----------------------------------------------------------------------------------------------

.. _stg1_txt184
# ----------------------------------------------------------------------------------------------
# Commande #0003 de
/root/mm/envs/aster/lib/python3.14/site-packages/code_aster/Supervis/ExecuteCommand.py, ligne 184
CALC_CHAMP(CRITERE='RELATIF',
           FORCE='REAC_NODA',
           INFO=1,
           INST=0.1,
           PARALLELISME_TEMPS='NON',
           PRECISION=1e-06,
           RESULTAT=res)

Le système linéaire à résoudre a 375089 degrés de liberté:
   - 359637 sont des degrés de liberté physiques
     (ils sont portés par 111469 noeuds du maillage)
   - 15452 sont les couples de paramètres de Lagrange associés
     aux 7726 relations linéaires dualisées.
#2      Calculs elementaires et assemblages               CPU (USER+SYST/SYST/ELAPS):      0.60      0.00      0.61
# Résultat commande #0003 (CALC_CHAMP): '<0000001b>' de type <NonLinearResult>
# Dépend de :
# - model ('<00000002>') de type <Model>
# - fmat ('<00000008>') de type <MaterialField>
# Mémoire (Mo) :  6562.86 /  1686.36 /  2755.75 /   975.87 (VmPeak / VmSize / Optimum / Minimum)
# Fin commande #0003   user+syst:        0.97s (syst:        0.00s, elaps:        0.99s)
# ----------------------------------------------------------------------------------------------

.. _stg1_txt34
# ----------------------------------------------------------------------------------------------
# Commande #0004 de /home/user/aas-corner-fe/wd/v8c75_TV/v8c75_TV_s04.comm.changed.py, ligne 34
tb = POST_RELEVE_T(ACTION=_F(CRITERE='RELATIF',
                             FORMAT_C='MODULE',
                             GROUP_NO='HEADT',
                             INST=0.1,
                             INTITULE='R',
                             MOYE_NOEUD='OUI',
                             NOM_CHAM='REAC_NODA',
                             OPERATION='EXTRACTION',
                             PRECISION=1e-06,
                             REPERE='GLOBAL',
                             RESULTANTE='DX',
                             RESULTAT=r2),
                   INFO=1)

# Résultat commande #0004 (POST_RELEVE_T): tb ('<0000001c>') de type <Table>
# Mémoire (Mo) :  6562.86 /  1686.36 /  2755.75 /   975.87 (VmPeak / VmSize / Optimum / Minimum)
# Fin commande #0004   user+syst:        0.01s (syst:        0.00s, elaps:        0.00s)
# ----------------------------------------------------------------------------------------------

.. _stg1_txt34
# ----------------------------------------------------------------------------------------------
# Commande #0005 de /home/user/aas-corner-fe/wd/v8c75_TV/v8c75_TV_s04.comm.changed.py, ligne 34
tb = POST_RELEVE_T(ACTION=_F(CRITERE='RELATIF',
                             FORMAT_C='MODULE',
                             GROUP_NO='HEADV',
                             INST=0.1,
                             INTITULE='R',
                             MOYE_NOEUD='OUI',
                             NOM_CHAM='REAC_NODA',
                             OPERATION='EXTRACTION',
                             PRECISION=1e-06,
                             REPERE='GLOBAL',
                             RESULTANTE='DX',
                             RESULTAT=r2),
                   INFO=1)

# Résultat commande #0005 (POST_RELEVE_T): tb ('<0000001d>') de type <Table>
# Mémoire (Mo) :  6562.86 /  1686.36 /  2755.75 /   975.87 (VmPeak / VmSize / Optimum / Minimum)
# Fin commande #0005   user+syst:        0.01s (syst:        0.00s, elaps:        0.01s)
# ----------------------------------------------------------------------------------------------

.. _stg1_txt39
# ----------------------------------------------------------------------------------------------
# Commande #0006 de /home/user/aas-corner-fe/wd/v8c75_TV/v8c75_TV_s04.comm.changed.py, ligne 39
DETRUIRE(INFO=1,
         NOM=r2)

# Mémoire (Mo) :  6562.86 /  1686.36 /  2755.75 /   975.87 (VmPeak / VmSize / Optimum / Minimum)
# Fin commande #0006   user+syst:        0.19s (syst:        0.00s, elaps:        0.10s)
# ----------------------------------------------------------------------------------------------
/home/user/aas-corner-fe/wd/v8c75_TV/v8c75_TV_s04.comm.changed.py:56: ResourceWarning: unclosed file <_io.TextIOWrapper name='/home/user/aas-corner-fe/jobs/../results/v8c75_TV.curve' mode='a' encoding='UTF-8'>
  open(CURVE,'a').write('CURVE %g %g %g %g\n'%(tcur,tot,v['HEADT'],v['HEADV']))
AASCURVE 0.1 48203.7 31712.4 16491.3

.. _stg1_txt76
# ----------------------------------------------------------------------------------------------
# Commande #0007 de /root/mm/envs/aster/lib/python3.14/site-packages/code_aster/CodeCommands/fin.py,
ligne 76
FIN(INFO_RESU='NON',
    RETASSAGE='NON')

Saving objects...
pi                       <class 'float'>
e                        <class 'float'>
tau                      <class 'float'>
inf                      <class 'float'>
nan                      <class 'float'>
mesh                     <class 'libaster.Mesh'>
model                    <class 'libaster.Model'>
mat                      <class 'libaster.Material'>
matH                     <class 'libaster.Material'>
matHH                    <class 'libaster.Material'>
stl                      <class 'libaster.Material'>
slvm                     <class 'libaster.Material'>
fmat                     <class 'libaster.MaterialField'>
fix                      <class 'libaster.MechanicalLoadReal'>
grp                      <class 'list'>
load                     <class 'libaster.MechanicalLoadReal'>
ramp                     <class 'libaster.Function'>
steps                    <class 'libaster.ListOfFloats'>
times                    <class 'libaster.TimesList'>
LOADS                    <class 'str'>
CURVE                    <class 'str'>
common                   <class 'dict'>
tcur                     <class 'float'>
peak                     <class 'float'>
stopped                  <class 'bool'>
TARGETS                  <class 'list'>
tn                       <class 'float'>
res                      <class 'libaster.NonLinearResult'>
v                        <class 'dict'>
tot                      <class 'float'>
line                     <class 'str'>

 ╔================================================================================================╗
 ║ <I> <CATAMESS_89>                                                                              ║
 ║                                                                                                ║
 ║ Liste des alarmes émises lors de l'exécution du calcul.                                        ║
 ║                                                                                                ║
 ║     Les alarmes que vous avez choisies d'ignorer sont précédées de (*).                        ║
 ║     Nombre d'occurrences pour chacune des alarmes :                                            ║
 ║            FACTOR_75            émise    6 fois                                                ║
 ╚================================================================================================╝

 ---------------------------------------------------------------------------
 Concepts de la base: G
    Nom        Type                Taille (Mo)         Nombre      Nombre de
                                                     d'objets       segments
    TOTAL                               455.72            483            741
  
    00000001   MAILLAGE_SDASTER          12.00             34             70
    00000002   MODELE_SDASTER            11.86             11             16
    00000003   MATER_SDASTER              0.00             15             15
    00000004   MATER_SDASTER              0.00             15             15
    00000005   MATER_SDASTER              0.00              7              7
    00000006   MATER_SDASTER              0.00              7              7
    00000007   MATER_SDASTER              0.00              7              7
    00000008   CHAM_MATER                 0.89              8             13
    00000009   CHAR_MECA                 12.89             56             76
    0000000a   CHAR_MECA                  9.42             56             76
    0000000b   FONCTION_SDASTER           0.00              3              3
    0000000c   LISTR8_SDASTER             0.00              6              6
    0000000d   LIST_INST                  0.00              8              8
    0000000e   EVOL_NOLI                342.84            190            241
    &FOZERO                               0.00              2              2
    &&_NUM_C                              0.00              1              1
    &CATA                                37.45             42            103
    &&NMDOME                              0.00              2              2
    0000000f                              0.12              2             14
    &&NMCH1P                             27.76              3              3
    00000012                              0.12              2             14
    00000015                              0.12              2             14
    00000018                              0.12              2             14
    0000001b                              0.12              2             14
 (*) sous-objets non accessible directement
 ---------------------------------------------------------------------------
Nom de la base                          :  GLOBALE
     Nombre d'enregistrements utilisés       :  736
     Nombre d'enregistrements maximum        :  2684354
     Nombre d'enregistrements par fichier    :  15728
     Longueur d'enregistrement (octets)      :  819200
     Nombre total d'accès en lecture         :  721
     Volume des accès en lecture             :        563.28 Mo.
     Nombre total d'accès en écriture        :  336
     Volume des accès en écriture            :        262.50 Mo.
     Nombre d'identificateurs utilisés       :  969
     Taille maximum du répertoire            :  2000
     Pourcentage d'utilisation du répertoire :  48 %

Nom de la base                          :  VOLATILE
     Nombre d'enregistrements utilisés       :  584
     Nombre d'enregistrements maximum        :  2684354
     Nombre d'enregistrements par fichier    :  15728
     Longueur d'enregistrement (octets)      :  819200
     Nombre total d'accès en lecture         :  495
     Volume des accès en lecture             :        386.72 Mo.
     Nombre total d'accès en écriture        :  2658
     Volume des accès en écriture            :       2076.56 Mo.
     Nombre d'identificateurs utilisés       :  999
     Taille maximum du répertoire            :  2000
     Pourcentage d'utilisation du répertoire :  49 %

<I> <FIN> ARRET NORMAL DANS "FIN" PAR APPEL A "JEFINI".
  
 <I> <FIN> MEMOIRE JEVEUX MINIMALE REQUISE POUR L'EXECUTION :                     975.87 Mo
 <I> <FIN> MEMOIRE JEVEUX OPTIMALE REQUISE POUR L'EXECUTION :                    2755.75 Mo
 <I> <FIN> MAXIMUM DE MEMOIRE UTILISEE PAR LE PROCESSUS LORS DE L'EXECUTION :    6562.86 Mo
  
 <I>       FERMETURE DES BASES EFFECTUEE
  
   STATISTIQUES CONCERNANT L'ALLOCATION DYNAMIQUE :
     TAILLE CUMULEE MAXIMUM            :                 2756  Mo.
     TAILLE CUMULEE LIBEREE            :                 2223  Mo.
     NOMBRE TOTAL D'ALLOCATIONS        :              2669243
     NOMBRE TOTAL DE LIBERATIONS       :              2669243
     APPELS AU MECANISME DE LIBERATION :                    0
     TAILLE MEMOIRE CUMULEE RECUPEREE  :                 2238  Mo.
     VOLUME DES LECTURES               :                    0  Mo.
     VOLUME DES ECRITURES              :                 1849  Mo.
  
   MEMOIRE JEVEUX MINIMALE REQUISE POUR L'EXECUTION :     975.87 Mo
     - IMPOSE DE NOMBREUX ACCES DISQUE
     - RALENTIT LA VITESSE D'EXECUTION
   MEMOIRE JEVEUX OPTIMALE REQUISE POUR L'EXECUTION :    2755.75 Mo
     - LIMITE LES ACCES DISQUE
     - AMELIORE LA VITESSE D'EXECUTION
   MAXIMUM DE MEMOIRE UTILISEE PAR LE PROCESSUS     :    6562.86 Mo
     - COMPREND LA MEMOIRE CONSOMMEE PAR  JEVEUX, 
       LE SUPERVISEUR PYTHON, LES LIBRAIRIES EXTERNES
  
 <I>       FIN D'EXECUTION LE : JE-24-SEPT-2026 16:58:36
Signature of pickled file   : 74c9e32d0582a5138ae47f54240cea77c698cbb5ed0612a2eeef4d637a457ce4
Signature of info file      : 91b84da9340d8b3f4d985d3b7c9f9334a88bcc0cbd8bbf8915401eb37f37135c
Signature of Jeveux database: 8b18fcf76b6d95d1b63692177b5e78ec07450307c51820b8d898be9d65c6e778

 ********************************************************************************
 * COMMAND                  :       USER :     SYSTEM :   USER+SYS :    ELAPSED *
 ********************************************************************************
 * DEBUT                    :       0.21 :       0.36 :       0.57 :       0.57 *
 * STAT_NON_LINE            :    1238.02 :     304.25 :    1542.27 :     849.97 *
 * CALC_CHAMP               :       0.97 :       0.00 :       0.97 :       0.99 *
 * POST_RELEVE_T            :       0.01 :       0.00 :       0.01 :       0.00 *
 * POST_RELEVE_T            :       0.01 :       0.00 :       0.01 :       0.01 *
 * DETRUIRE                 :       0.19 :       0.00 :       0.19 :       0.10 *
 * FIN                      :       0.25 :       0.28 :       0.53 :       0.78 *
 *  . sdveri                :       0.00 :       0.00 :       0.00 :       0.00 *
 *  . cleanup               :       0.00 :       0.00 :       0.00 :       0.00 *
 *  . check syntax          :       0.05 :       0.01 :       0.06 :       0.04 *
 *  . fortran               :    1239.42 :     304.88 :    1544.30 :     852.25 *
 ********************************************************************************
 * TOTAL_JOB                :    1239.89 :     304.93 :    1544.82 :     852.61 *
 ********************************************************************************

# Mémoire (Mo) :  6562.86 /  1110.31 /  2755.75 /   975.87 (VmPeak / VmSize / Optimum / Minimum)
# Fin commande #0007   user+syst:        0.25s (syst:        0.28s, elaps:        0.78s)
# ----------------------------------------------------------------------------------------------

EXECUTION_CODE_ASTER_EXIT_2792=0


saving result databases to 'BASE_PREC'...
execution ended (command file #5): <A>_ALARM
Running: /root/mm/envs/aster/bin/run_aster -w /home/user/aas-corner-fe/wd/v8c75_TV --status-file /root/.tmp_run_aster/run_aster_dk8d6s0i/__status__ --no-mpi /root/.tmp_run_aster/run_aster_dk8d6s0i/v8c75_TV.5

# ------------------------------------------------------------------------------
Execution of code_aster

# ------------------------------------------------------------------------------
Prepare environment in /home/user/aas-corner-fe/wd/v8c75_TV

# ------------------------------------------------------------------------------
Command file #6 / 20

Content of the file to execute:
# coding=utf-8
# original filename
__file__ = r"/home/user/aas-corner-fe/jobs/v8c75_TV_s05.comm"


# temporarly added for compatibility with code_aster legacy
from math import *

import code_aster
from code_aster.Commands import *
from code_aster import CA

POURSUITE(LANG='EN', PAR_LOT='NON')

LOADS='TV'
CURVE='/home/user/aas-corner-fe/jobs/../results/v8c75_TV.curve'
common=dict(MODELE=model, CHAM_MATER=fmat, EXCIT=(_F(CHARGE=fix), _F(CHARGE=load, FONC_MULT=ramp)),
        COMPORTEMENT=(_F(RELATION='ENDO_FISS_EXP', GROUP_MA=('CONC','HZ')), _F(RELATION='ELAS', GROUP_MA=('STEEL','SLV','HZH'))),
        NEWTON=_F(MATRICE='TANGENTE', REAC_ITER=1),
        CONVERGENCE=_F(RESI_GLOB_RELA=1.E-4, ITER_GLOB_MAXI=30), ARCHIVAGE=_F(PAS_ARCH=1), SOLVEUR=_F(METHODE='MUMPS', GESTION_MEMOIRE='OUT_OF_CORE'))
import os, re
tcur=0.0; peak=0.0; stopped=False
if os.path.exists(CURVE):
    for line in open(CURVE):
        m=re.match(r'CURVE\s+(\S+)\s+(\S+)', line)
        if m:
            tcur=max(tcur, float(m.group(1))); peak=max(peak, float(m.group(2)))
        if line.startswith('STOP'): stopped=True
def reac(res, t):
    r2=CALC_CHAMP(RESULTAT=res, FORCE='REAC_NODA', INST=t)
    vals={}
    for g in ('HEADT','HEADV'):
        try:
            tb=POST_RELEVE_T(ACTION=_F(OPERATION='EXTRACTION', INTITULE='R', RESULTAT=r2, NOM_CHAM='REAC_NODA',
                                       GROUP_NO=g, RESULTANTE='DX', INST=t)).EXTR_TABLE().values()
            vals[g]=-tb['DX'][-1]*2
        except Exception:
            vals[g]=0.
    DETRUIRE(NOM=r2)
    return vals
TARGETS=[0.12]
for tn in TARGETS:
    if stopped or tn <= tcur+1e-9: continue
    try:
        if tcur < 1e-12 and '0'=='1':
            res=STAT_NON_LINE(INCREMENT=_F(LIST_INST=times, INST_FIN=tn), **common)
        else:
            res=STAT_NON_LINE(reuse=res, ETAT_INIT=_F(EVOL_NOLI=res), INCREMENT=_F(LIST_INST=times, INST_FIN=tn), **common)
    except Exception as exc:
        print('AASSTOP at', tcur, exc, flush=True)
        open(CURVE,'a').write('STOP solver %g\n'%tcur); stopped=True; break
    tcur=tn
    v=reac(res, tcur)
    tot=(v['HEADT'] if 'T' in LOADS else 0.)+(v['HEADV'] if 'V' in LOADS else 0.)
    peak=max(peak, tot)
    open(CURVE,'a').write('CURVE %g %g %g %g\n'%(tcur,tot,v['HEADT'],v['HEADV']))
    print('AASCURVE %g %g %g %g'%(tcur,tot,v['HEADT'],v['HEADV']), flush=True)
    if tot < 0.9*peak:
        open(CURVE,'a').write('STOP peak %g\n'%peak); stopped=True; break
FIN()



# ------------------------------------------------------------------------------
Command line #6:
    ulimit -c unlimited ; ulimit -t 50000 ; ( /root/mm/envs/aster/bin/python3 "v8c75_TV_s05.comm.changed.py" --memory 3600.0 --numthreads 2 --tpmax 20000 ; echo $? > _exit_code_ ) 2>&1 | tee -a fort.6
setting '--memory' value to 3240.00 MB (keyword RESERVE_MEMOIRE)
Ouverture en écriture du fichier ./vola.1

<INFO> Démarrage de l'exécution.

                       -- CODE_ASTER -- VERSION : DÉVELOPPEMENT (unstable) --                       
                               Version 18.1.6 modifiée le 14/09/2026                                
                                    révision n/a - branche 'n/a'                                    
                                     Copyright EDF 1991 - 2026                                      
                                                                                                    
                              Exécution du : Thu Sep 24 16:58:39 2026                               
                                       Nom de la machine : vm                                       
                                        Architecture : 64bit                                        
                                    Type de processeur : x86_64                                     
                Système d'exploitation : Linux-6.18.44-fc-v37-x86_64-with-glibc2.39                 
                                  Langue des messages : C (UTF-8)                                   
                                     Version de Python : 3.14.7                                     
                                      Version de NumPy : 2.5.3                                      
                                  Version de MEDCoupling : 9.16.0                                   
                                     Parallélisme MPI : inactif                                     
                                    Parallélisme OpenMP : actif                                     
                              Nombre de processus OpenMP utilisés : 2                               
                                Version de la librairie HDF5 : 2.2.0                                
                                Version de la librairie MED : 4.2.0                                 
                               Version de la librairie MFront : 5.1.0                               
                               Version de la librairie MUMPS : 5.8.2                                
                                  Librairie PETSc : non disponible                                  
                              Version de la librairie SCOTCH : 7.0.11                               

restarting from a previous execution...
/home/user/aas-corner-fe/wd/v8c75_TV/v8c75_TV_s05.comm.changed.py:13: DeprecationWarning: This feature is obsolete, 'PAR_LOT' has been removed.
  POURSUITE(LANG='EN', PAR_LOT='NON')
Valeur initiale du temps CPU maximum =   20000 secondes
  Valeur du temps CPU maximum passé aux commandes =   18000 secondes
  Réserve CPU prévue = 2000 secondes

Ouverture en lecture du fichier ./glob.1

Ajustement de la taille maximale des bases à 2048.00 Go.
    
Nom de la base                          :  GLOBALE
     Créée avec la version                   :  18.01.06
     Nombre d'enregistrements utilisés       :  736
     Nombre d'enregistrements maximum        :  2684354
     Nombre d'enregistrements par fichier    :  15728
     Longueur d'enregistrement (octets)      :  819200
     Nombre d'identificateurs utilisés       :  969
     Taille maximum du répertoire            :  2000
     Pourcentage d'utilisation du répertoire :  48 %

Ouverture en lecture du fichier ./glob.1

Ouverture en écriture du fichier ./vola.1

Fin de lecture (durée  0.000031  s.) 

                      Mémoire limite pour l'allocation dynamique : 3752.06 Mo                       
                         ajouté à l'initialisation du processus : 741.34 Mo                         
                               Limite cible du processus : 4493.39 Mo                               
                         Taille limite des fichiers d'échange : 2048.00 Go                          
pi                       <class 'float'>
e                        <class 'float'>
tau                      <class 'float'>
inf                      <class 'float'>
nan                      <class 'float'>
mesh                     <class 'libaster.Mesh'>
model                    <class 'libaster.Model'>
mat                      <class 'libaster.Material'>
matH                     <class 'libaster.Material'>
matHH                    <class 'libaster.Material'>
stl                      <class 'libaster.Material'>
slvm                     <class 'libaster.Material'>
fmat                     <class 'libaster.MaterialField'>
fix                      <class 'libaster.MechanicalLoadReal'>
grp                      <class 'list'>
load                     <class 'libaster.MechanicalLoadReal'>
ramp                     <class 'libaster.Function'>
steps                    <class 'libaster.ListOfFloats'>
times                    <class 'libaster.TimesList'>
LOADS                    <class 'str'>
CURVE                    <class 'str'>
common                   <class 'dict'>
tcur                     <class 'float'>
peak                     <class 'float'>
stopped                  <class 'bool'>
TARGETS                  <class 'list'>
tn                       <class 'float'>
res                      <class 'libaster.NonLinearResult'>
v                        <class 'dict'>
tot                      <class 'float'>
line                     <class 'str'>
# Mémoire (Mo) :  1063.94 /  1063.94 /   482.17 /   482.14 (VmPeak / VmSize / Optimum / Minimum)
# Fin commande #0001   user+syst:        0.22s (syst:        0.41s, elaps:        0.63s)
# ----------------------------------------------------------------------------------------------
/home/user/aas-corner-fe/wd/v8c75_TV/v8c75_TV_s05.comm.changed.py:24: ResourceWarning: unclosed file <_io.TextIOWrapper name='/home/user/aas-corner-fe/jobs/../results/v8c75_TV.curve' mode='r' encoding='UTF-8'>
  for line in open(CURVE):

.. _stg1_txt48
# ----------------------------------------------------------------------------------------------
# Commande #0002 de /home/user/aas-corner-fe/wd/v8c75_TV/v8c75_TV_s05.comm.changed.py, ligne 48
res = STAT_NON_LINE(AFFICHAGE=_F(INFO_RESIDU='NON',
                                 INFO_TEMPS='NON'),
                    ARCHIVAGE=_F(CHAM_EXCLU=('RESI_NOEU', 'RESI_RELA_NOEU'),
                                 PAS_ARCH=1),
                    CHAM_MATER=fmat,
                    COMPORTEMENT=(_F(DEFORMATION='PETIT',
                                     GROUP_MA=('CONC', 'HZ'),
                                     ITER_CPLAN_MAXI=10,
                                     ITER_INTE_MAXI=20,
                                     ITER_INTE_PAS=0,
                                     PARM_THETA=1.0,
                                     REGU_VISC='NON',
                                     RELATION='ENDO_FISS_EXP',
                                     RESI_CPLAN_RELA=1e-06,
                                     RESI_INTE=1e-06),
                                  _F(DEFORMATION='PETIT',
                                     GROUP_MA=('STEEL', 'SLV', 'HZH'),
                                     ITER_CPLAN_MAXI=10,
                                     ITER_INTE_MAXI=20,
                                     ITER_INTE_PAS=0,
                                     PARM_THETA=1.0,
                                     REGU_VISC='NON',
                                     RELATION='ELAS',
                                     RESI_CPLAN_RELA=1e-06,
                                     RESI_INTE=1e-06)),
                    CONVERGENCE=_F(ARRET='OUI',
                                   ITER_GLOB_ELAS=25,
                                   ITER_GLOB_MAXI=30,
                                   RESI_GLOB_RELA=0.0001,
                                   VERIF='TOUT'),
                    ETAT_INIT=_F(EVOL_NOLI=res),
                    EXCIT=(_F(CHARGE='<00000009>',
                              TYPE_CHARGE='FIXE_CSTE'),
                           _F(CHARGE='<0000000a>',
                              FONC_MULT=ramp,
                              TYPE_CHARGE='FIXE_CSTE')),
                    INCREMENT=_F(CRITERE='RELATIF',
                                 INST_FIN=0.12,
                                 INST_INIT=0.1,
                                 LIST_INST=times,
                                 PRECISION=1e-06),
                    MESURE=_F(TABLE='NON'),
                    METHODE='NEWTON',
                    MODELE=model,
                    NEWTON=_F(MATRICE='TANGENTE',
                              MATR_RIGI_SYME='NON',
                              REAC_INCR=1,
                              REAC_ITER=1,
                              REAC_ITER_ELAS=0),
                    SOLVEUR=_F(ACCELERATION='AUTO',
                               ELIM_LAGR='LAGR2',
                               FILTRAGE_MATRICE=-1.0,
                               GESTION_MEMOIRE='OUT_OF_CORE',
                               LOW_RANK_SEUIL=0.0,
                               MATR_DISTRIBUEE='NON',
                               METHODE='MUMPS',
                               MIXER_PRECISION='NON',
                               NB_RHS=1,
                               NPREC=8,
                               PCENT_PIVOT=35,
                               POSTTRAITEMENTS='AUTO',
                               PRETRAITEMENTS='AUTO',
                               REDUCTION_MPI=0,
                               RENUM='AUTO',
                               RESI_RELA=-1.0,
                               STOP_SINGULIER='OUI',
                               TYPE_RESOL='AUTO'),
                    reuse=res)

Liste des comportements

Affecté sur 67406 éléments
Relation                             : ENDO_FISS_EXP
Déformation                          : PETIT
Pas de régularisation visqueuse
Pas de post-traitement à la fin du pas de temps
Nombre total de variables internes   : 9
V1 : ENDO
V2 : INDIENDO
V3 : ENDORIGI
V4 : EPSEXX
V5 : EPSEYY
V6 : EPSEZZ
V7 : EPSEXY
V8 : EPSEXZ
V9 : EPSEYZ
Affecté sur 11844 éléments
Relation                             : ELAS
Déformation                          : PETIT
Pas de régularisation visqueuse
Pas de post-traitement à la fin du pas de temps
Nombre total de variables internes   : 1
V1 : VIDE
Le système linéaire à résoudre a 375089 degrés de liberté:
   - 359637 sont des degrés de liberté physiques
     (ils sont portés par 111469 noeuds du maillage)
   - 15452 sont les couples de paramètres de Lagrange associés
     aux 7726 relations linéaires dualisées.
La matrice est de taille 375089 équations.
  Elle contient 19289373 termes non nuls si elle est symétrique et 38203657 termes non nuls si elle
n'est pas symétrique.
  Soit un taux de remplissage de   0.027 %.
Lecture de l'état initial
L'état initial a été récupéré dans la structure de données résultat de nom <0000000e> pour le numéro
d'ordre 5 et à l'instant  1.000000000000e-01
Le champ <DEPL> est lu dans ETAT_INIT dans la structure de données résultat donné dans la commande.
Le champ <SIEF_ELGA> est lu dans ETAT_INIT dans la structure de données résultat donné dans la
commande.
Le champ <VARI_ELGA> est lu dans ETAT_INIT dans la structure de données résultat donné dans la
commande.
---------------------------------------------------------------------
Instant de calcul:  1.200000000000e-01 - Niveau de découpe: 1

---------------------------------------------------------------------
|     NEWTON     |     RESIDU     |     RESIDU     |     OPTION     |
|    ITERATION   |     RELATIF    |     ABSOLU     |   ASSEMBLAGE   |
|                | RESI_GLOB_RELA | RESI_GLOB_MAXI |(+ TYPE MATRICE)|
---------------------------------------------------------------------

 ╔================================================================================================╗
 ║ <A> <FACTOR_75>                                                                                ║
 ║                                                                                                ║
 ║ Attention, vous avez demandé un calcul OUT_OF_CORE, mais MUMPS estime avoir besoin pour cela   ║
 ║ d'au moins                                                                                     ║
 ║   3556 Mo  alors qu'il n'y a que 1028 Mo de disponible sur ce processeur !                     ║
 ║   Le calcul pourrait donc être ralenti ou s'arrêter pour cette raison.                         ║
 ║                                                                                                ║
 ║   Pour information: mémoire déjà pré-allouée par MUMPS (exécutable, matrice...)= 482 Mo,       ║
 ║                     nombre de systèmes linéaires à factoriser en même temps    = 1.            ║
 ║                                                                                                ║
 ║ Conseils :                                                                                     ║
 ║   La prochaine fois, relancez avec plus de mémoire globale ou avec une option de calcul plus   ║
 ║ économe                                                                                        ║
 ║   (par ordre décroissant d'efficacité):                                                        ║
 ║    - Si le calcul est parallèle, réduisez la consommation MUMPS en augmentant le nombre de     ║
 ║ processeurs,                                                                                   ║
 ║    - Si le calcul est parallèle, réduisez la consommation Aster en activant l'option           ║
 ║ SOLVEUR/MATR_DISTRIBUEE,                                                                       ║
 ║   Ou, plus radicalement:                                                                       ║
 ║    - Utilisez un solveur moins exigeant en mémoire (par exemple: SOLVEUR/METHODE='PETSC' +     ║
 ║ PRECOND='LDLT_SP').                                                                            ║
 ║                                                                                                ║
 ║                                                                                                ║
 ║ Ceci est une alarme. Si vous ne comprenez pas le sens de cette                                 ║
 ║ alarme, vous pouvez obtenir des résultats inattendus !                                         ║
 ╚================================================================================================╝

|     0        X | 2.43135E-02  X | 3.99408E+01    |TANGENTE (NOSYM)|

 ╔================================================================================================╗
 ║ <A> <FACTOR_75>                                                                                ║
 ║                                                                                                ║
 ║ Attention, vous avez demandé un calcul OUT_OF_CORE, mais MUMPS estime avoir besoin pour cela   ║
 ║ d'au moins                                                                                     ║
 ║   3558 Mo  alors qu'il n'y a que 895 Mo de disponible sur ce processeur !                      ║
 ║   Le calcul pourrait donc être ralenti ou s'arrêter pour cette raison.                         ║
 ║                                                                                                ║
 ║   Pour information: mémoire déjà pré-allouée par MUMPS (exécutable, matrice...)= 485 Mo,       ║
 ║                     nombre de systèmes linéaires à factoriser en même temps    = 1.            ║
 ║                                                                                                ║
 ║ Conseils :                                                                                     ║
 ║   La prochaine fois, relancez avec plus de mémoire globale ou avec une option de calcul plus   ║
 ║ économe                                                                                        ║
 ║   (par ordre décroissant d'efficacité):                                                        ║
 ║    - Si le calcul est parallèle, réduisez la consommation MUMPS en augmentant le nombre de     ║
 ║ processeurs,                                                                                   ║
 ║    - Si le calcul est parallèle, réduisez la consommation Aster en activant l'option           ║
 ║ SOLVEUR/MATR_DISTRIBUEE,                                                                       ║
 ║   Ou, plus radicalement:                                                                       ║
 ║    - Utilisez un solveur moins exigeant en mémoire (par exemple: SOLVEUR/METHODE='PETSC' +     ║
 ║ PRECOND='LDLT_SP').                                                                            ║
 ║                                                                                                ║
 ║                                                                                                ║
 ║ Ceci est une alarme. Si vous ne comprenez pas le sens de cette                                 ║
 ║ alarme, vous pouvez obtenir des résultats inattendus !                                         ║
 ╚================================================================================================╝

|     1        X | 3.23758E-02  X | 5.28810E+01    |TANGENTE (NOSYM)|

 ╔================================================================================================╗
 ║ <A> <FACTOR_75>                                                                                ║
 ║                                                                                                ║
 ║ Attention, vous avez demandé un calcul OUT_OF_CORE, mais MUMPS estime avoir besoin pour cela   ║
 ║ d'au moins                                                                                     ║
 ║   3558 Mo  alors qu'il n'y a que 895 Mo de disponible sur ce processeur !                      ║
 ║   Le calcul pourrait donc être ralenti ou s'arrêter pour cette raison.                         ║
 ║                                                                                                ║
 ║   Pour information: mémoire déjà pré-allouée par MUMPS (exécutable, matrice...)= 485 Mo,       ║
 ║                     nombre de systèmes linéaires à factoriser en même temps    = 1.            ║
 ║                                                                                                ║
 ║ Conseils :                                                                                     ║
 ║   La prochaine fois, relancez avec plus de mémoire globale ou avec une option de calcul plus   ║
 ║ économe                                                                                        ║
 ║   (par ordre décroissant d'efficacité):                                                        ║
 ║    - Si le calcul est parallèle, réduisez la consommation MUMPS en augmentant le nombre de     ║
 ║ processeurs,                                                                                   ║
 ║    - Si le calcul est parallèle, réduisez la consommation Aster en activant l'option           ║
 ║ SOLVEUR/MATR_DISTRIBUEE,                                                                       ║
 ║   Ou, plus radicalement:                                                                       ║
 ║    - Utilisez un solveur moins exigeant en mémoire (par exemple: SOLVEUR/METHODE='PETSC' +     ║
 ║ PRECOND='LDLT_SP').                                                                            ║
 ║                                                                                                ║
 ║                                                                                                ║
 ║ Ceci est une alarme. Si vous ne comprenez pas le sens de cette                                 ║
 ║ alarme, vous pouvez obtenir des résultats inattendus !                                         ║
 ╚================================================================================================╝

|     2        X | 4.59578E-03  X | 7.48491E+00    |TANGENTE (NOSYM)|

 ╔================================================================================================╗
 ║ <A> <FACTOR_75>                                                                                ║
 ║                                                                                                ║
 ║ Attention, vous avez demandé un calcul OUT_OF_CORE, mais MUMPS estime avoir besoin pour cela   ║
 ║ d'au moins                                                                                     ║
 ║   3558 Mo  alors qu'il n'y a que 895 Mo de disponible sur ce processeur !                      ║
 ║   Le calcul pourrait donc être ralenti ou s'arrêter pour cette raison.                         ║
 ║                                                                                                ║
 ║   Pour information: mémoire déjà pré-allouée par MUMPS (exécutable, matrice...)= 485 Mo,       ║
 ║                     nombre de systèmes linéaires à factoriser en même temps    = 1.            ║
 ║                                                                                                ║
 ║ Conseils :                                                                                     ║
 ║   La prochaine fois, relancez avec plus de mémoire globale ou avec une option de calcul plus   ║
 ║ économe                                                                                        ║
 ║   (par ordre décroissant d'efficacité):                                                        ║
 ║    - Si le calcul est parallèle, réduisez la consommation MUMPS en augmentant le nombre de     ║
 ║ processeurs,                                                                                   ║
 ║    - Si le calcul est parallèle, réduisez la consommation Aster en activant l'option           ║
 ║ SOLVEUR/MATR_DISTRIBUEE,                                                                       ║
 ║   Ou, plus radicalement:                                                                       ║
 ║    - Utilisez un solveur moins exigeant en mémoire (par exemple: SOLVEUR/METHODE='PETSC' +     ║
 ║ PRECOND='LDLT_SP').                                                                            ║
 ║                                                                                                ║
 ║                                                                                                ║
 ║ Ceci est une alarme. Si vous ne comprenez pas le sens de cette                                 ║
 ║ alarme, vous pouvez obtenir des résultats inattendus !                                         ║
 ╚================================================================================================╝

|     3        X | 1.73194E-03  X | 2.81664E+00    |TANGENTE (NOSYM)|

 ╔================================================================================================╗
 ║ <A> <FACTOR_75>                                                                                ║
 ║                                                                                                ║
 ║ Attention, vous avez demandé un calcul OUT_OF_CORE, mais MUMPS estime avoir besoin pour cela   ║
 ║ d'au moins                                                                                     ║
 ║   3558 Mo  alors qu'il n'y a que 895 Mo de disponible sur ce processeur !                      ║
 ║   Le calcul pourrait donc être ralenti ou s'arrêter pour cette raison.                         ║
 ║                                                                                                ║
 ║   Pour information: mémoire déjà pré-allouée par MUMPS (exécutable, matrice...)= 485 Mo,       ║
 ║                     nombre de systèmes linéaires à factoriser en même temps    = 1.            ║
 ║                                                                                                ║
 ║ Conseils :                                                                                     ║
 ║   La prochaine fois, relancez avec plus de mémoire globale ou avec une option de calcul plus   ║
 ║ économe                                                                                        ║
 ║   (par ordre décroissant d'efficacité):                                                        ║
 ║    - Si le calcul est parallèle, réduisez la consommation MUMPS en augmentant le nombre de     ║
 ║ processeurs,                                                                                   ║
 ║    - Si le calcul est parallèle, réduisez la consommation Aster en activant l'option           ║
 ║ SOLVEUR/MATR_DISTRIBUEE,                                                                       ║
 ║   Ou, plus radicalement:                                                                       ║
 ║    - Utilisez un solveur moins exigeant en mémoire (par exemple: SOLVEUR/METHODE='PETSC' +     ║
 ║ PRECOND='LDLT_SP').                                                                            ║
 ║                                                                                                ║
 ║                                                                                                ║
 ║ Ceci est une alarme. Si vous ne comprenez pas le sens de cette                                 ║
 ║ alarme, vous pouvez obtenir des résultats inattendus !                                         ║
 ╚================================================================================================╝


 ╔================================================================================================╗
 ║ <A> <CATAMESS_41>                                                                              ║
 ║                                                                                                ║
 ║ Le message d'alarme 'FACTOR_75' a été émis 5 fois, il ne sera plus affiché.                    ║
 ║                                                                                                ║
 ║                                                                                                ║
 ║ Ceci est une alarme. Si vous ne comprenez pas le sens de cette                                 ║
 ║ alarme, vous pouvez obtenir des résultats inattendus !                                         ║
 ╚================================================================================================╝

|     4        X | 1.01903E-03  X | 1.65649E+00    |TANGENTE (NOSYM)|
|     5        X | 3.65400E-04  X | 5.93817E-01    |TANGENTE (NOSYM)|
|     6        X | 1.23577E-04  X | 2.00811E-01    |TANGENTE (NOSYM)|
|     7          | 4.60756E-06    | 7.48714E-03    |TANGENTE (NOSYM)|
---------------------------------------------------------------------
Critère(s) de convergence atteint(s)

Le résidu de type <RESI_GLOB_RELA> vaut  4.607557583265e-06 au noeud et degré de liberté <63875  
DZ>
Temps CPU consommé dans ce pas de temps    : 17 min 57 s

* Nombre d'itérations de Newton                     : 8
* Temps total intégration comportement              : 48.148 s (9 intégrations)
* Temps total factorisation matrice                 : 14 min 11 s (8 factorisations)
* Temps construction second membre                  : 0.820 s
* Temps total résolution K.U=F                      : 1 min 46 s (8 résolutions)
* Temps assemblage matrice                          : 0.000 s
* Temps autres opérations                           : 1 min 10 s
Mémoire (Mo) :  6620.82 /  3159.55 /  2807.77 /  1027.88 (VmPeak / VmSize / Optimum / Minimum)

Archivage des champs

Champ stocké <DEPL> à l'instant  1.200000000000e-01 pour le numéro d'ordre 6
Champ stocké <SIEF_ELGA> à l'instant  1.200000000000e-01 pour le numéro d'ordre 6
Champ stocké <VARI_ELGA> à l'instant  1.200000000000e-01 pour le numéro d'ordre 6
Champ stocké <COMPORTEMENT> à l'instant  1.200000000000e-01 pour le numéro d'ordre 6
[100%] Instant calculé : 1.20000e-01, seul l'instant initial a été archivé
Temps CPU consommé dans le calcul          : 17 min 57 s

dont temps CPU "perdu" dans les découpes            : 0.000 s
* Nombre de pas de temps                            : 1
* Nombre d'itérations de Newton                     : 8
* Temps dans l'archivage                            : 0.049 s
* Temps dans le post-traitement                     : 0.000 s
* Temps total intégration comportement              : 48.148 s (9 intégrations)
* Temps total factorisation matrice                 : 14 min 11 s (8 factorisations)
* Temps construction second membre                  : 0.820 s
* Temps total résolution K.U=F                      : 1 min 46 s (8 résolutions)
* Temps assemblage matrice                          : 0.000 s
#1      Resolution des systemes lineaires                 CPU (USER+SYST/SYST/ELAPS):   1853.90    365.29    960.98
#2      Calculs elementaires et assemblages               CPU (USER+SYST/SYST/ELAPS):    112.75      8.39    114.07
# Résultat commande #0002 (STAT_NON_LINE): res ('<0000000e>') de type <NonLinearResult>
# Mémoire (Mo) :  6620.82 /  1743.57 /  2807.77 /  1027.88 (VmPeak / VmSize / Optimum / Minimum)
# Fin commande #0002   user+syst:     1606.09s (syst:      378.33s, elaps:     1089.73s)
# ----------------------------------------------------------------------------------------------

.. _stg1_txt184
# ----------------------------------------------------------------------------------------------
# Commande #0003 de
/root/mm/envs/aster/lib/python3.14/site-packages/code_aster/Supervis/ExecuteCommand.py, ligne 184
CALC_CHAMP(CRITERE='RELATIF',
           FORCE='REAC_NODA',
           INFO=1,
           INST=0.12,
           PARALLELISME_TEMPS='NON',
           PRECISION=1e-06,
           RESULTAT=res)

Le système linéaire à résoudre a 375089 degrés de liberté:
   - 359637 sont des degrés de liberté physiques
     (ils sont portés par 111469 noeuds du maillage)
   - 15452 sont les couples de paramètres de Lagrange associés
     aux 7726 relations linéaires dualisées.
#2      Calculs elementaires et assemblages               CPU (USER+SYST/SYST/ELAPS):      0.61      0.00      0.61
# Résultat commande #0003 (CALC_CHAMP): '<0000001e>' de type <NonLinearResult>
# Dépend de :
# - model ('<00000002>') de type <Model>
# - fmat ('<00000008>') de type <MaterialField>
# Mémoire (Mo) :  6620.82 /  1743.57 /  2807.77 /  1027.88 (VmPeak / VmSize / Optimum / Minimum)
# Fin commande #0003   user+syst:        0.96s (syst:        0.00s, elaps:        0.98s)
# ----------------------------------------------------------------------------------------------

.. _stg1_txt34
# ----------------------------------------------------------------------------------------------
# Commande #0004 de /home/user/aas-corner-fe/wd/v8c75_TV/v8c75_TV_s05.comm.changed.py, ligne 34
tb = POST_RELEVE_T(ACTION=_F(CRITERE='RELATIF',
                             FORMAT_C='MODULE',
                             GROUP_NO='HEADT',
                             INST=0.12,
                             INTITULE='R',
                             MOYE_NOEUD='OUI',
                             NOM_CHAM='REAC_NODA',
                             OPERATION='EXTRACTION',
                             PRECISION=1e-06,
                             REPERE='GLOBAL',
                             RESULTANTE='DX',
                             RESULTAT=r2),
                   INFO=1)

# Résultat commande #0004 (POST_RELEVE_T): tb ('<0000001f>') de type <Table>
# Mémoire (Mo) :  6620.82 /  1743.57 /  2807.77 /  1027.88 (VmPeak / VmSize / Optimum / Minimum)
# Fin commande #0004   user+syst:        0.02s (syst:        0.00s, elaps:        0.00s)
# ----------------------------------------------------------------------------------------------

.. _stg1_txt34
# ----------------------------------------------------------------------------------------------
# Commande #0005 de /home/user/aas-corner-fe/wd/v8c75_TV/v8c75_TV_s05.comm.changed.py, ligne 34
tb = POST_RELEVE_T(ACTION=_F(CRITERE='RELATIF',
                             FORMAT_C='MODULE',
                             GROUP_NO='HEADV',
                             INST=0.12,
                             INTITULE='R',
                             MOYE_NOEUD='OUI',
                             NOM_CHAM='REAC_NODA',
                             OPERATION='EXTRACTION',
                             PRECISION=1e-06,
                             REPERE='GLOBAL',
                             RESULTANTE='DX',
                             RESULTAT=r2),
                   INFO=1)

# Résultat commande #0005 (POST_RELEVE_T): tb ('<00000020>') de type <Table>
# Mémoire (Mo) :  6620.82 /  1743.57 /  2807.77 /  1027.88 (VmPeak / VmSize / Optimum / Minimum)
# Fin commande #0005   user+syst:        0.01s (syst:        0.00s, elaps:        0.01s)
# ----------------------------------------------------------------------------------------------

.. _stg1_txt39
# ----------------------------------------------------------------------------------------------
# Commande #0006 de /home/user/aas-corner-fe/wd/v8c75_TV/v8c75_TV_s05.comm.changed.py, ligne 39
DETRUIRE(INFO=1,
         NOM=r2)

# Mémoire (Mo) :  6620.82 /  1743.57 /  2807.77 /  1027.88 (VmPeak / VmSize / Optimum / Minimum)
# Fin commande #0006   user+syst:        0.20s (syst:        0.00s, elaps:        0.11s)
# ----------------------------------------------------------------------------------------------
/home/user/aas-corner-fe/wd/v8c75_TV/v8c75_TV_s05.comm.changed.py:56: ResourceWarning: unclosed file <_io.TextIOWrapper name='/home/user/aas-corner-fe/jobs/../results/v8c75_TV.curve' mode='a' encoding='UTF-8'>
  open(CURVE,'a').write('CURVE %g %g %g %g\n'%(tcur,tot,v['HEADT'],v['HEADV']))
AASCURVE 0.12 53550 36576.7 16973.3

.. _stg1_txt76
# ----------------------------------------------------------------------------------------------
# Commande #0007 de /root/mm/envs/aster/lib/python3.14/site-packages/code_aster/CodeCommands/fin.py,
ligne 76
FIN(INFO_RESU='NON',
    RETASSAGE='NON')

Saving objects...
pi                       <class 'float'>
e                        <class 'float'>
tau                      <class 'float'>
inf                      <class 'float'>
nan                      <class 'float'>
mesh                     <class 'libaster.Mesh'>
model                    <class 'libaster.Model'>
mat                      <class 'libaster.Material'>
matH                     <class 'libaster.Material'>
matHH                    <class 'libaster.Material'>
stl                      <class 'libaster.Material'>
slvm                     <class 'libaster.Material'>
fmat                     <class 'libaster.MaterialField'>
fix                      <class 'libaster.MechanicalLoadReal'>
grp                      <class 'list'>
load                     <class 'libaster.MechanicalLoadReal'>
ramp                     <class 'libaster.Function'>
steps                    <class 'libaster.ListOfFloats'>
times                    <class 'libaster.TimesList'>
LOADS                    <class 'str'>
CURVE                    <class 'str'>
common                   <class 'dict'>
tcur                     <class 'float'>
peak                     <class 'float'>
stopped                  <class 'bool'>
TARGETS                  <class 'list'>
tn                       <class 'float'>
res                      <class 'libaster.NonLinearResult'>
v                        <class 'dict'>
tot                      <class 'float'>
line                     <class 'str'>

 ╔================================================================================================╗
 ║ <I> <CATAMESS_89>                                                                              ║
 ║                                                                                                ║
 ║ Liste des alarmes émises lors de l'exécution du calcul.                                        ║
 ║                                                                                                ║
 ║     Les alarmes que vous avez choisies d'ignorer sont précédées de (*).                        ║
 ║     Nombre d'occurrences pour chacune des alarmes :                                            ║
 ║            FACTOR_75            émise    8 fois                                                ║
 ╚================================================================================================╝

 ---------------------------------------------------------------------------
 Concepts de la base: G
    Nom        Type                Taille (Mo)         Nombre      Nombre de
                                                     d'objets       segments
    TOTAL                               508.88            506            781
  
    00000001   MAILLAGE_SDASTER          12.00             34             70
    00000002   MODELE_SDASTER            11.86             11             16
    00000003   MATER_SDASTER              0.00             15             15
    00000004   MATER_SDASTER              0.00             15             15
    00000005   MATER_SDASTER              0.00              7              7
    00000006   MATER_SDASTER              0.00              7              7
    00000007   MATER_SDASTER              0.00              7              7
    00000008   CHAM_MATER                 0.89              8             13
    00000009   CHAR_MECA                 12.89             56             76
    0000000a   CHAR_MECA                  9.42             56             76
    0000000b   FONCTION_SDASTER           0.00              3              3
    0000000c   LISTR8_SDASTER             0.00              6              6
    0000000d   LIST_INST                  0.00              8              8
    0000000e   EVOL_NOLI                395.88            211            267
    &FOZERO                               0.00              2              2
    &&_NUM_C                              0.00              1              1
    &CATA                                37.45             42            103
    &&NMDOME                              0.00              2              2
    0000000f                              0.12              2             14
    &&NMCH1P                             27.76              3              3
    00000012                              0.12              2             14
    00000015                              0.12              2             14
    00000018                              0.12              2             14
    0000001b                              0.12              2             14
    0000001e                              0.12              2             14
 (*) sous-objets non accessible directement
 ---------------------------------------------------------------------------
Nom de la base                          :  GLOBALE
     Nombre d'enregistrements utilisés       :  806
     Nombre d'enregistrements maximum        :  2684354
     Nombre d'enregistrements par fichier    :  15728
     Longueur d'enregistrement (octets)      :  819200
     Nombre total d'accès en lecture         :  809
     Volume des accès en lecture             :        632.03 Mo.
     Nombre total d'accès en écriture        :  336
     Volume des accès en écriture            :        262.50 Mo.
     Nombre d'identificateurs utilisés       :  1052
     Taille maximum du répertoire            :  2000
     Pourcentage d'utilisation du répertoire :  52 %

Nom de la base                          :  VOLATILE
     Nombre d'enregistrements utilisés       :  584
     Nombre d'enregistrements maximum        :  2684354
     Nombre d'enregistrements par fichier    :  15728
     Longueur d'enregistrement (octets)      :  819200
     Nombre total d'accès en lecture         :  693
     Volume des accès en lecture             :        541.41 Mo.
     Nombre total d'accès en écriture        :  3414
     Volume des accès en écriture            :       2667.19 Mo.
     Nombre d'identificateurs utilisés       :  995
     Taille maximum du répertoire            :  2000
     Pourcentage d'utilisation du répertoire :  49 %

<I> <FIN> ARRET NORMAL DANS "FIN" PAR APPEL A "JEFINI".
  
 <I> <FIN> MEMOIRE JEVEUX MINIMALE REQUISE POUR L'EXECUTION :                    1027.88 Mo
 <I> <FIN> MEMOIRE JEVEUX OPTIMALE REQUISE POUR L'EXECUTION :                    2807.77 Mo
 <I> <FIN> MAXIMUM DE MEMOIRE UTILISEE PAR LE PROCESSUS LORS DE L'EXECUTION :    6620.82 Mo
  
 <I>       FERMETURE DES BASES EFFECTUEE
  
   STATISTIQUES CONCERNANT L'ALLOCATION DYNAMIQUE :
     TAILLE CUMULEE MAXIMUM            :                 2808  Mo.
     TAILLE CUMULEE LIBEREE            :                 2719  Mo.
     NOMBRE TOTAL D'ALLOCATIONS        :              2688216
     NOMBRE TOTAL DE LIBERATIONS       :              2688216
     APPELS AU MECANISME DE LIBERATION :                    0
     TAILLE MEMOIRE CUMULEE RECUPEREE  :                 2984  Mo.
     VOLUME DES LECTURES               :                    0  Mo.
     VOLUME DES ECRITURES              :                 2440  Mo.
  
   MEMOIRE JEVEUX MINIMALE REQUISE POUR L'EXECUTION :    1027.88 Mo
     - IMPOSE DE NOMBREUX ACCES DISQUE
     - RALENTIT LA VITESSE D'EXECUTION
   MEMOIRE JEVEUX OPTIMALE REQUISE POUR L'EXECUTION :    2807.77 Mo
     - LIMITE LES ACCES DISQUE
     - AMELIORE LA VITESSE D'EXECUTION
   MAXIMUM DE MEMOIRE UTILISEE PAR LE PROCESSUS     :    6620.82 Mo
     - COMPREND LA MEMOIRE CONSOMMEE PAR  JEVEUX, 
       LE SUPERVISEUR PYTHON, LES LIBRAIRIES EXTERNES
  
 <I>       FIN D'EXECUTION LE : JE-24-SEPT-2026 17:16:51
Signature of pickled file   : 9565a6f4809f3289f75336d1608623dd7a237662b8c648290f9c707f018ae78e
Signature of info file      : 3a11bc9cb605ab6876d380c537246c16dfaebb2040a7b4fd9505b14aa16d52fa
Signature of Jeveux database: f535d3b592f03a67b4e73a61ea36188022d4c2c36c0f86b68733065a33aa4c4a

 ********************************************************************************
 * COMMAND                  :       USER :     SYSTEM :   USER+SYS :    ELAPSED *
 ********************************************************************************
 * DEBUT                    :       0.22 :       0.41 :       0.63 :       0.63 *
 * STAT_NON_LINE            :    1606.09 :     378.33 :    1984.42 :    1089.73 *
 * CALC_CHAMP               :       0.96 :       0.00 :       0.96 :       0.98 *
 * POST_RELEVE_T            :       0.02 :       0.00 :       0.02 :       0.00 *
 * POST_RELEVE_T            :       0.01 :       0.00 :       0.01 :       0.01 *
 * DETRUIRE                 :       0.20 :       0.00 :       0.20 :       0.11 *
 * FIN                      :       0.25 :       0.31 :       0.56 :       0.69 *
 *  . sdveri                :       0.00 :       0.00 :       0.00 :       0.00 *
 *  . cleanup               :       0.00 :       0.00 :       0.00 :       0.00 *
 *  . check syntax          :       0.04 :       0.00 :       0.04 :       0.04 *
 *  . fortran               :    1607.49 :     379.05 :    1986.54 :    1091.98 *
 ********************************************************************************
 * TOTAL_JOB                :    1607.98 :     379.07 :    1987.05 :    1092.34 *
 ********************************************************************************

# Mémoire (Mo) :  6620.82 /  1115.64 /  2807.77 /  1027.88 (VmPeak / VmSize / Optimum / Minimum)
# Fin commande #0007   user+syst:        0.25s (syst:        0.31s, elaps:        0.69s)
# ----------------------------------------------------------------------------------------------

EXECUTION_CODE_ASTER_EXIT_2996=0


saving result databases to 'BASE_PREC'...
execution ended (command file #6): <A>_ALARM
Running: /root/mm/envs/aster/bin/run_aster -w /home/user/aas-corner-fe/wd/v8c75_TV --status-file /root/.tmp_run_aster/run_aster_dk8d6s0i/__status__ --no-mpi /root/.tmp_run_aster/run_aster_dk8d6s0i/v8c75_TV.6

# ------------------------------------------------------------------------------
Execution of code_aster

# ------------------------------------------------------------------------------
Prepare environment in /home/user/aas-corner-fe/wd/v8c75_TV

# ------------------------------------------------------------------------------
Command file #7 / 20

Content of the file to execute:
# coding=utf-8
# original filename
__file__ = r"/home/user/aas-corner-fe/jobs/v8c75_TV_s06.comm"


# temporarly added for compatibility with code_aster legacy
from math import *

import code_aster
from code_aster.Commands import *
from code_aster import CA

POURSUITE(LANG='EN', PAR_LOT='NON')

LOADS='TV'
CURVE='/home/user/aas-corner-fe/jobs/../results/v8c75_TV.curve'
common=dict(MODELE=model, CHAM_MATER=fmat, EXCIT=(_F(CHARGE=fix), _F(CHARGE=load, FONC_MULT=ramp)),
        COMPORTEMENT=(_F(RELATION='ENDO_FISS_EXP', GROUP_MA=('CONC','HZ')), _F(RELATION='ELAS', GROUP_MA=('STEEL','SLV','HZH'))),
        NEWTON=_F(MATRICE='TANGENTE', REAC_ITER=1),
        CONVERGENCE=_F(RESI_GLOB_RELA=1.E-4, ITER_GLOB_MAXI=30), ARCHIVAGE=_F(PAS_ARCH=1), SOLVEUR=_F(METHODE='MUMPS', GESTION_MEMOIRE='OUT_OF_CORE', MIXER_PRECISION='OUI', PCENT_PIVOT=10))
import os, re
tcur=0.0; peak=0.0; stopped=False
if os.path.exists(CURVE):
    for line in open(CURVE):
        m=re.match(r'CURVE\s+(\S+)\s+(\S+)', line)
        if m:
            tcur=max(tcur, float(m.group(1))); peak=max(peak, float(m.group(2)))
        if line.startswith('STOP'): stopped=True
def reac(res, t):
    r2=CALC_CHAMP(RESULTAT=res, FORCE='REAC_NODA', INST=t)
    vals={}
    for g in ('HEADT','HEADV'):
        try:
            tb=POST_RELEVE_T(ACTION=_F(OPERATION='EXTRACTION', INTITULE='R', RESULTAT=r2, NOM_CHAM='REAC_NODA',
                                       GROUP_NO=g, RESULTANTE='DX', INST=t)).EXTR_TABLE().values()
            vals[g]=-tb['DX'][-1]*2
        except Exception:
            vals[g]=0.
    DETRUIRE(NOM=r2)
    return vals
TARGETS=[0.14]
for tn in TARGETS:
    if stopped or tn <= tcur+1e-9: continue
    try:
        if tcur < 1e-12 and '0'=='1':
            res=STAT_NON_LINE(INCREMENT=_F(LIST_INST=times, INST_FIN=tn), **common)
        else:
            res=STAT_NON_LINE(reuse=res, ETAT_INIT=_F(EVOL_NOLI=res), INCREMENT=_F(LIST_INST=times, INST_FIN=tn), **common)
    except Exception as exc:
        print('AASSTOP at', tcur, exc, flush=True)
        open(CURVE,'a').write('STOP solver %g\n'%tcur); stopped=True; break
    tcur=tn
    v=reac(res, tcur)
    tot=(v['HEADT'] if 'T' in LOADS else 0.)+(v['HEADV'] if 'V' in LOADS else 0.)
    peak=max(peak, tot)
    open(CURVE,'a').write('CURVE %g %g %g %g\n'%(tcur,tot,v['HEADT'],v['HEADV']))
    print('AASCURVE %g %g %g %g'%(tcur,tot,v['HEADT'],v['HEADV']), flush=True)
    if tot < 0.9*peak:
        open(CURVE,'a').write('STOP peak %g\n'%peak); stopped=True; break
FIN()



# ------------------------------------------------------------------------------
Command line #7:
    ulimit -c unlimited ; ulimit -t 50000 ; ( /root/mm/envs/aster/bin/python3 "v8c75_TV_s06.comm.changed.py" --memory 3600.0 --numthreads 2 --tpmax 20000 ; echo $? > _exit_code_ ) 2>&1 | tee -a fort.6
setting '--memory' value to 3240.00 MB (keyword RESERVE_MEMOIRE)
Ouverture en écriture du fichier ./vola.1

<INFO> Démarrage de l'exécution.

                       -- CODE_ASTER -- VERSION : DÉVELOPPEMENT (unstable) --                       
                               Version 18.1.6 modifiée le 14/09/2026                                
                                    révision n/a - branche 'n/a'                                    
                                     Copyright EDF 1991 - 2026                                      
                                                                                                    
                              Exécution du : Thu Sep 24 17:16:54 2026                               
                                       Nom de la machine : vm                                       
                                        Architecture : 64bit                                        
                                    Type de processeur : x86_64                                     
                Système d'exploitation : Linux-6.18.44-fc-v37-x86_64-with-glibc2.39                 
                                  Langue des messages : C (UTF-8)                                   
                                     Version de Python : 3.14.7                                     
                                      Version de NumPy : 2.5.3                                      
                                  Version de MEDCoupling : 9.16.0                                   
                                     Parallélisme MPI : inactif                                     
                                    Parallélisme OpenMP : actif                                     
                              Nombre de processus OpenMP utilisés : 2                               
                                Version de la librairie HDF5 : 2.2.0                                
                                Version de la librairie MED : 4.2.0                                 
                               Version de la librairie MFront : 5.1.0                               
                               Version de la librairie MUMPS : 5.8.2                                
                                  Librairie PETSc : non disponible                                  
                              Version de la librairie SCOTCH : 7.0.11                               

restarting from a previous execution...
/home/user/aas-corner-fe/wd/v8c75_TV/v8c75_TV_s06.comm.changed.py:13: DeprecationWarning: This feature is obsolete, 'PAR_LOT' has been removed.
  POURSUITE(LANG='EN', PAR_LOT='NON')
Valeur initiale du temps CPU maximum =   20000 secondes
  Valeur du temps CPU maximum passé aux commandes =   18000 secondes
  Réserve CPU prévue = 2000 secondes

Ouverture en lecture du fichier ./glob.1

Ajustement de la taille maximale des bases à 2048.00 Go.
    
Nom de la base                          :  GLOBALE
     Créée avec la version                   :  18.01.06
     Nombre d'enregistrements utilisés       :  806
     Nombre d'enregistrements maximum        :  2684354
     Nombre d'enregistrements par fichier    :  15728
     Longueur d'enregistrement (octets)      :  819200
     Nombre d'identificateurs utilisés       :  1052
     Taille maximum du répertoire            :  2000
     Pourcentage d'utilisation du répertoire :  52 %

Ouverture en lecture du fichier ./glob.1

Ouverture en écriture du fichier ./vola.1

Fin de lecture (durée  0.000033  s.) 

                      Mémoire limite pour l'allocation dynamique : 3752.06 Mo                       
                         ajouté à l'initialisation du processus : 741.34 Mo                         
                               Limite cible du processus : 4493.39 Mo                               
                         Taille limite des fichiers d'échange : 2048.00 Go                          
pi                       <class 'float'>
e                        <class 'float'>
tau                      <class 'float'>
inf                      <class 'float'>
nan                      <class 'float'>
mesh                     <class 'libaster.Mesh'>
model                    <class 'libaster.Model'>
mat                      <class 'libaster.Material'>
matH                     <class 'libaster.Material'>
matHH                    <class 'libaster.Material'>
stl                      <class 'libaster.Material'>
slvm                     <class 'libaster.Material'>
fmat                     <class 'libaster.MaterialField'>
fix                      <class 'libaster.MechanicalLoadReal'>
grp                      <class 'list'>
load                     <class 'libaster.MechanicalLoadReal'>
ramp                     <class 'libaster.Function'>
steps                    <class 'libaster.ListOfFloats'>
times                    <class 'libaster.TimesList'>
LOADS                    <class 'str'>
CURVE                    <class 'str'>
common                   <class 'dict'>
tcur                     <class 'float'>
peak                     <class 'float'>
stopped                  <class 'bool'>
TARGETS                  <class 'list'>
tn                       <class 'float'>
res                      <class 'libaster.NonLinearResult'>
v                        <class 'dict'>
tot                      <class 'float'>
line                     <class 'str'>
# Mémoire (Mo) :  1115.96 /  1115.96 /   534.18 /   534.15 (VmPeak / VmSize / Optimum / Minimum)
# Fin commande #0001   user+syst:        0.18s (syst:        0.46s, elaps:        0.67s)
# ----------------------------------------------------------------------------------------------
/home/user/aas-corner-fe/wd/v8c75_TV/v8c75_TV_s06.comm.changed.py:24: ResourceWarning: unclosed file <_io.TextIOWrapper name='/home/user/aas-corner-fe/jobs/../results/v8c75_TV.curve' mode='r' encoding='UTF-8'>
  for line in open(CURVE):

.. _stg1_txt48
# ----------------------------------------------------------------------------------------------
# Commande #0002 de /home/user/aas-corner-fe/wd/v8c75_TV/v8c75_TV_s06.comm.changed.py, ligne 48
res = STAT_NON_LINE(AFFICHAGE=_F(INFO_RESIDU='NON',
                                 INFO_TEMPS='NON'),
                    ARCHIVAGE=_F(CHAM_EXCLU=('RESI_NOEU', 'RESI_RELA_NOEU'),
                                 PAS_ARCH=1),
                    CHAM_MATER=fmat,
                    COMPORTEMENT=(_F(DEFORMATION='PETIT',
                                     GROUP_MA=('CONC', 'HZ'),
                                     ITER_CPLAN_MAXI=10,
                                     ITER_INTE_MAXI=20,
                                     ITER_INTE_PAS=0,
                                     PARM_THETA=1.0,
                                     REGU_VISC='NON',
                                     RELATION='ENDO_FISS_EXP',
                                     RESI_CPLAN_RELA=1e-06,
                                     RESI_INTE=1e-06),
                                  _F(DEFORMATION='PETIT',
                                     GROUP_MA=('STEEL', 'SLV', 'HZH'),
                                     ITER_CPLAN_MAXI=10,
                                     ITER_INTE_MAXI=20,
                                     ITER_INTE_PAS=0,
                                     PARM_THETA=1.0,
                                     REGU_VISC='NON',
                                     RELATION='ELAS',
                                     RESI_CPLAN_RELA=1e-06,
                                     RESI_INTE=1e-06)),
                    CONVERGENCE=_F(ARRET='OUI',
                                   ITER_GLOB_ELAS=25,
                                   ITER_GLOB_MAXI=30,
                                   RESI_GLOB_RELA=0.0001,
                                   VERIF='TOUT'),
                    ETAT_INIT=_F(EVOL_NOLI=res),
                    EXCIT=(_F(CHARGE='<00000009>',
                              TYPE_CHARGE='FIXE_CSTE'),
                           _F(CHARGE='<0000000a>',
                              FONC_MULT=ramp,
                              TYPE_CHARGE='FIXE_CSTE')),
                    INCREMENT=_F(CRITERE='RELATIF',
                                 INST_FIN=0.14,
                                 INST_INIT=0.12000000000000001,
                                 LIST_INST=times,
                                 PRECISION=1e-06),
                    MESURE=_F(TABLE='NON'),
                    METHODE='NEWTON',
                    MODELE=model,
                    NEWTON=_F(MATRICE='TANGENTE',
                              MATR_RIGI_SYME='NON',
                              REAC_INCR=1,
                              REAC_ITER=1,
                              REAC_ITER_ELAS=0),
                    SOLVEUR=_F(ACCELERATION='AUTO',
                               ELIM_LAGR='LAGR2',
                               FILTRAGE_MATRICE=-1.0,
                               GESTION_MEMOIRE='OUT_OF_CORE',
                               LOW_RANK_SEUIL=0.0,
                               MATR_DISTRIBUEE='NON',
                               METHODE='MUMPS',
                               MIXER_PRECISION='OUI',
                               NB_RHS=1,
                               NPREC=8,
                               PCENT_PIVOT=10,
                               POSTTRAITEMENTS='AUTO',
                               PRETRAITEMENTS='AUTO',
                               REDUCTION_MPI=0,
                               RENUM='AUTO',
                               RESI_RELA=-1.0,
                               STOP_SINGULIER='OUI',
                               TYPE_RESOL='AUTO'),
                    reuse=res)

Liste des comportements

Affecté sur 67406 éléments
Relation                             : ENDO_FISS_EXP
Déformation                          : PETIT
Pas de régularisation visqueuse
Pas de post-traitement à la fin du pas de temps
Nombre total de variables internes   : 9
V1 : ENDO
V2 : INDIENDO
V3 : ENDORIGI
V4 : EPSEXX
V5 : EPSEYY
V6 : EPSEZZ
V7 : EPSEXY
V8 : EPSEXZ
V9 : EPSEYZ
Affecté sur 11844 éléments
Relation                             : ELAS
Déformation                          : PETIT
Pas de régularisation visqueuse
Pas de post-traitement à la fin du pas de temps
Nombre total de variables internes   : 1
V1 : VIDE
Le système linéaire à résoudre a 375089 degrés de liberté:
   - 359637 sont des degrés de liberté physiques
     (ils sont portés par 111469 noeuds du maillage)
   - 15452 sont les couples de paramètres de Lagrange associés
     aux 7726 relations linéaires dualisées.
La matrice est de taille 375089 équations.
  Elle contient 19289373 termes non nuls si elle est symétrique et 38203657 termes non nuls si elle
n'est pas symétrique.
  Soit un taux de remplissage de   0.027 %.
Lecture de l'état initial
L'état initial a été récupéré dans la structure de données résultat de nom <0000000e> pour le numéro
d'ordre 6 et à l'instant  1.200000000000e-01
Le champ <DEPL> est lu dans ETAT_INIT dans la structure de données résultat donné dans la commande.
Le champ <SIEF_ELGA> est lu dans ETAT_INIT dans la structure de données résultat donné dans la
commande.
Le champ <VARI_ELGA> est lu dans ETAT_INIT dans la structure de données résultat donné dans la
commande.
---------------------------------------------------------------------
Instant de calcul:  1.400000000000e-01 - Niveau de découpe: 1

---------------------------------------------------------------------
|     NEWTON     |     RESIDU     |     RESIDU     |     OPTION     |
|    ITERATION   |     RELATIF    |     ABSOLU     |   ASSEMBLAGE   |
|                | RESI_GLOB_RELA | RESI_GLOB_MAXI |(+ TYPE MATRICE)|
---------------------------------------------------------------------

 ╔================================================================================================╗
 ║ <A> <FACTOR_75>                                                                                ║
 ║                                                                                                ║
 ║ Attention, vous avez demandé un calcul OUT_OF_CORE, mais MUMPS estime avoir besoin pour cela   ║
 ║ d'au moins                                                                                     ║
 ║   1573 Mo  alors qu'il n'y a que 1085 Mo de disponible sur ce processeur !                     ║
 ║   Le calcul pourrait donc être ralenti ou s'arrêter pour cette raison.                         ║
 ║                                                                                                ║
 ║   Pour information: mémoire déjà pré-allouée par MUMPS (exécutable, matrice...)= 371 Mo,       ║
 ║                     nombre de systèmes linéaires à factoriser en même temps    = 1.            ║
 ║                                                                                                ║
 ║ Conseils :                                                                                     ║
 ║   La prochaine fois, relancez avec plus de mémoire globale ou avec une option de calcul plus   ║
 ║ économe                                                                                        ║
 ║   (par ordre décroissant d'efficacité):                                                        ║
 ║    - Si le calcul est parallèle, réduisez la consommation MUMPS en augmentant le nombre de     ║
 ║ processeurs,                                                                                   ║
 ║    - Si le calcul est parallèle, réduisez la consommation Aster en activant l'option           ║
 ║ SOLVEUR/MATR_DISTRIBUEE,                                                                       ║
 ║   Ou, plus radicalement:                                                                       ║
 ║    - Utilisez un solveur moins exigeant en mémoire (par exemple: SOLVEUR/METHODE='PETSC' +     ║
 ║ PRECOND='LDLT_SP').                                                                            ║
 ║                                                                                                ║
 ║                                                                                                ║
 ║ Ceci est une alarme. Si vous ne comprenez pas le sens de cette                                 ║
 ║ alarme, vous pouvez obtenir des résultats inattendus !                                         ║
 ╚================================================================================================╝

|     0        X | 1.86990E-02  X | 3.11643E+01    |TANGENTE (NOSYM)|

 ╔================================================================================================╗
 ║ <A> <FACTOR_75>                                                                                ║
 ║                                                                                                ║
 ║ Attention, vous avez demandé un calcul OUT_OF_CORE, mais MUMPS estime avoir besoin pour cela   ║
 ║ d'au moins                                                                                     ║
 ║   1574 Mo  alors qu'il n'y a que 952 Mo de disponible sur ce processeur !                      ║
 ║   Le calcul pourrait donc être ralenti ou s'arrêter pour cette raison.                         ║
 ║                                                                                                ║
 ║   Pour information: mémoire déjà pré-allouée par MUMPS (exécutable, matrice...)= 373 Mo,       ║
 ║                     nombre de systèmes linéaires à factoriser en même temps    = 1.            ║
 ║                                                                                                ║
 ║ Conseils :                                                                                     ║
 ║   La prochaine fois, relancez avec plus de mémoire globale ou avec une option de calcul plus   ║
 ║ économe                                                                                        ║
 ║   (par ordre décroissant d'efficacité):                                                        ║
 ║    - Si le calcul est parallèle, réduisez la consommation MUMPS en augmentant le nombre de     ║
 ║ processeurs,                                                                                   ║
 ║    - Si le calcul est parallèle, réduisez la consommation Aster en activant l'option           ║
 ║ SOLVEUR/MATR_DISTRIBUEE,                                                                       ║
 ║   Ou, plus radicalement:                                                                       ║
 ║    - Utilisez un solveur moins exigeant en mémoire (par exemple: SOLVEUR/METHODE='PETSC' +     ║
 ║ PRECOND='LDLT_SP').                                                                            ║
 ║                                                                                                ║
 ║                                                                                                ║
 ║ Ceci est une alarme. Si vous ne comprenez pas le sens de cette                                 ║
 ║ alarme, vous pouvez obtenir des résultats inattendus !                                         ║
 ╚================================================================================================╝

|     1        X | 1.39074E-02  X | 2.30417E+01    |TANGENTE (NOSYM)|

 ╔================================================================================================╗
 ║ <A> <FACTOR_75>                                                                                ║
 ║                                                                                                ║
 ║ Attention, vous avez demandé un calcul OUT_OF_CORE, mais MUMPS estime avoir besoin pour cela   ║
 ║ d'au moins                                                                                     ║
 ║   1574 Mo  alors qu'il n'y a que 951 Mo de disponible sur ce processeur !                      ║
 ║   Le calcul pourrait donc être ralenti ou s'arrêter pour cette raison.                         ║
 ║                                                                                                ║
 ║   Pour information: mémoire déjà pré-allouée par MUMPS (exécutable, matrice...)= 373 Mo,       ║
 ║                     nombre de systèmes linéaires à factoriser en même temps    = 1.            ║
 ║                                                                                                ║
 ║ Conseils :                                                                                     ║
 ║   La prochaine fois, relancez avec plus de mémoire globale ou avec une option de calcul plus   ║
 ║ économe                                                                                        ║
 ║   (par ordre décroissant d'efficacité):                                                        ║
 ║    - Si le calcul est parallèle, réduisez la consommation MUMPS en augmentant le nombre de     ║
 ║ processeurs,                                                                                   ║
 ║    - Si le calcul est parallèle, réduisez la consommation Aster en activant l'option           ║
 ║ SOLVEUR/MATR_DISTRIBUEE,                                                                       ║
 ║   Ou, plus radicalement:                                                                       ║
 ║    - Utilisez un solveur moins exigeant en mémoire (par exemple: SOLVEUR/METHODE='PETSC' +     ║
 ║ PRECOND='LDLT_SP').                                                                            ║
 ║                                                                                                ║
 ║                                                                                                ║
 ║ Ceci est une alarme. Si vous ne comprenez pas le sens de cette                                 ║
 ║ alarme, vous pouvez obtenir des résultats inattendus !                                         ║
 ╚================================================================================================╝

|     2        X | 3.42054E-02  X | 5.64505E+01    |TANGENTE (NOSYM)|

 ╔================================================================================================╗
 ║ <A> <FACTOR_75>                                                                                ║
 ║                                                                                                ║
 ║ Attention, vous avez demandé un calcul OUT_OF_CORE, mais MUMPS estime avoir besoin pour cela   ║
 ║ d'au moins                                                                                     ║
 ║   1574 Mo  alors qu'il n'y a que 950 Mo de disponible sur ce processeur !                      ║
 ║   Le calcul pourrait donc être ralenti ou s'arrêter pour cette raison.                         ║
 ║                                                                                                ║
 ║   Pour information: mémoire déjà pré-allouée par MUMPS (exécutable, matrice...)= 373 Mo,       ║
 ║                     nombre de systèmes linéaires à factoriser en même temps    = 1.            ║
 ║                                                                                                ║
 ║ Conseils :                                                                                     ║
 ║   La prochaine fois, relancez avec plus de mémoire globale ou avec une option de calcul plus   ║
 ║ économe                                                                                        ║
 ║   (par ordre décroissant d'efficacité):                                                        ║
 ║    - Si le calcul est parallèle, réduisez la consommation MUMPS en augmentant le nombre de     ║
 ║ processeurs,                                                                                   ║
 ║    - Si le calcul est parallèle, réduisez la consommation Aster en activant l'option           ║
 ║ SOLVEUR/MATR_DISTRIBUEE,                                                                       ║
 ║   Ou, plus radicalement:                                                                       ║
 ║    - Utilisez un solveur moins exigeant en mémoire (par exemple: SOLVEUR/METHODE='PETSC' +     ║
 ║ PRECOND='LDLT_SP').                                                                            ║
 ║                                                                                                ║
 ║                                                                                                ║
 ║ Ceci est une alarme. Si vous ne comprenez pas le sens de cette                                 ║
 ║ alarme, vous pouvez obtenir des résultats inattendus !                                         ║
 ╚================================================================================================╝

|     3        X | 2.14131E-02  X | 3.53031E+01    |TANGENTE (NOSYM)|

 ╔================================================================================================╗
 ║ <A> <FACTOR_75>                                                                                ║
 ║                                                                                                ║
 ║ Attention, vous avez demandé un calcul OUT_OF_CORE, mais MUMPS estime avoir besoin pour cela   ║
 ║ d'au moins                                                                                     ║
 ║   1575 Mo  alors qu'il n'y a que 949 Mo de disponible sur ce processeur !                      ║
 ║   Le calcul pourrait donc être ralenti ou s'arrêter pour cette raison.                         ║
 ║                                                                                                ║
 ║   Pour information: mémoire déjà pré-allouée par MUMPS (exécutable, matrice...)= 373 Mo,       ║
 ║                     nombre de systèmes linéaires à factoriser en même temps    = 1.            ║
 ║                                                                                                ║
 ║ Conseils :                                                                                     ║
 ║   La prochaine fois, relancez avec plus de mémoire globale ou avec une option de calcul plus   ║
 ║ économe                                                                                        ║
 ║   (par ordre décroissant d'efficacité):                                                        ║
 ║    - Si le calcul est parallèle, réduisez la consommation MUMPS en augmentant le nombre de     ║
 ║ processeurs,                                                                                   ║
 ║    - Si le calcul est parallèle, réduisez la consommation Aster en activant l'option           ║
 ║ SOLVEUR/MATR_DISTRIBUEE,                                                                       ║
 ║   Ou, plus radicalement:                                                                       ║
 ║    - Utilisez un solveur moins exigeant en mémoire (par exemple: SOLVEUR/METHODE='PETSC' +     ║
 ║ PRECOND='LDLT_SP').                                                                            ║
 ║                                                                                                ║
 ║                                                                                                ║
 ║ Ceci est une alarme. Si vous ne comprenez pas le sens de cette                                 ║
 ║ alarme, vous pouvez obtenir des résultats inattendus !                                         ║
 ╚================================================================================================╝


 ╔================================================================================================╗
 ║ <A> <CATAMESS_41>                                                                              ║
 ║                                                                                                ║
 ║ Le message d'alarme 'FACTOR_75' a été émis 5 fois, il ne sera plus affiché.                    ║
 ║                                                                                                ║
 ║                                                                                                ║
 ║ Ceci est une alarme. Si vous ne comprenez pas le sens de cette                                 ║
 ║ alarme, vous pouvez obtenir des résultats inattendus !                                         ║
 ╚================================================================================================╝

|     4        X | 1.31383E-02  X | 2.16622E+01    |TANGENTE (NOSYM)|
|     5        X | 4.49995E-03  X | 7.42136E+00    |TANGENTE (NOSYM)|
|     6        X | 1.55797E-02  X | 2.56591E+01    |TANGENTE (NOSYM)|
|     7        X | 4.18382E-03  X | 6.89032E+00    |TANGENTE (NOSYM)|
|     8        X | 5.78759E-03  X | 9.52715E+00    |TANGENTE (NOSYM)|
|     9        X | 1.27815E-03  X | 2.10354E+00    |TANGENTE (NOSYM)|
|    10        X | 4.21234E-04  X | 6.93215E-01    |TANGENTE (NOSYM)|
|    11          | 2.17595E-05    | 3.58085E-02    |TANGENTE (NOSYM)|
---------------------------------------------------------------------
Critère(s) de convergence atteint(s)

Le résidu de type <RESI_GLOB_RELA> vaut  2.175948154491e-05 au noeud et degré de liberté <9387   
DX>
Temps CPU consommé dans ce pas de temps    : 15 min 31 s

* Nombre d'itérations de Newton                     : 12
* Temps total intégration comportement              : 1 min  7 s (13 intégrations)
* Temps total factorisation matrice                 : 12 min 19 s (12 factorisations)
* Temps construction second membre                  : 0.837 s
* Temps total résolution K.U=F                      : 22.700 s (12 résolutions)
* Temps assemblage matrice                          : 0.000 s
* Temps autres opérations                           : 1 min 40 s
Mémoire (Mo) :  4845.17 /  3187.60 /  2859.78 /  1079.89 (VmPeak / VmSize / Optimum / Minimum)

Archivage des champs

Champ stocké <DEPL> à l'instant  1.400000000000e-01 pour le numéro d'ordre 7
Champ stocké <SIEF_ELGA> à l'instant  1.400000000000e-01 pour le numéro d'ordre 7
Champ stocké <VARI_ELGA> à l'instant  1.400000000000e-01 pour le numéro d'ordre 7
Champ stocké <COMPORTEMENT> à l'instant  1.400000000000e-01 pour le numéro d'ordre 7
[100%] Instant calculé : 1.40000e-01, seul l'instant initial a été archivé
Temps CPU consommé dans le calcul          : 15 min 31 s

dont temps CPU "perdu" dans les découpes            : 0.000 s
* Nombre de pas de temps                            : 1
* Nombre d'itérations de Newton                     : 12
* Temps dans l'archivage                            : 0.046 s
* Temps dans le post-traitement                     : 0.000 s
* Temps total intégration comportement              : 1 min  7 s (13 intégrations)
* Temps total factorisation matrice                 : 12 min 19 s (12 factorisations)
* Temps construction second membre                  : 0.837 s
* Temps total résolution K.U=F                      : 22.700 s (12 résolutions)
* Temps assemblage matrice                          : 0.000 s
#1      Resolution des systemes lineaires                 CPU (USER+SYST/SYST/ELAPS):   1497.58    189.52    765.56
#2      Calculs elementaires et assemblages               CPU (USER+SYST/SYST/ELAPS):    160.85     11.77    162.04
# Résultat commande #0002 (STAT_NON_LINE): res ('<0000000e>') de type <NonLinearResult>
# Mémoire (Mo) :  4845.17 /  1791.58 /  2859.78 /  1079.89 (VmPeak / VmSize / Optimum / Minimum)
# Fin commande #0002   user+syst:     1472.81s (syst:      206.06s, elaps:      943.13s)
# ----------------------------------------------------------------------------------------------

.. _stg1_txt184
# ----------------------------------------------------------------------------------------------
# Commande #0003 de
/root/mm/envs/aster/lib/python3.14/site-packages/code_aster/Supervis/ExecuteCommand.py, ligne 184
CALC_CHAMP(CRITERE='RELATIF',
           FORCE='REAC_NODA',
           INFO=1,
           INST=0.14,
           PARALLELISME_TEMPS='NON',
           PRECISION=1e-06,
           RESULTAT=res)

Le système linéaire à résoudre a 375089 degrés de liberté:
   - 359637 sont des degrés de liberté physiques
     (ils sont portés par 111469 noeuds du maillage)
   - 15452 sont les couples de paramètres de Lagrange associés
     aux 7726 relations linéaires dualisées.
#2      Calculs elementaires et assemblages               CPU (USER+SYST/SYST/ELAPS):      0.53      0.00      0.53
# Résultat commande #0003 (CALC_CHAMP): '<00000021>' de type <NonLinearResult>
# Dépend de :
# - model ('<00000002>') de type <Model>
# - fmat ('<00000008>') de type <MaterialField>
# Mémoire (Mo) :  4845.17 /  1791.58 /  2859.78 /  1079.89 (VmPeak / VmSize / Optimum / Minimum)
# Fin commande #0003   user+syst:        0.85s (syst:        0.00s, elaps:        0.87s)
# ----------------------------------------------------------------------------------------------

.. _stg1_txt34
# ----------------------------------------------------------------------------------------------
# Commande #0004 de /home/user/aas-corner-fe/wd/v8c75_TV/v8c75_TV_s06.comm.changed.py, ligne 34
tb = POST_RELEVE_T(ACTION=_F(CRITERE='RELATIF',
                             FORMAT_C='MODULE',
                             GROUP_NO='HEADT',
                             INST=0.14,
                             INTITULE='R',
                             MOYE_NOEUD='OUI',
                             NOM_CHAM='REAC_NODA',
                             OPERATION='EXTRACTION',
                             PRECISION=1e-06,
                             REPERE='GLOBAL',
                             RESULTANTE='DX',
                             RESULTAT=r2),
                   INFO=1)

# Résultat commande #0004 (POST_RELEVE_T): tb ('<00000022>') de type <Table>
# Mémoire (Mo) :  4845.17 /  1791.58 /  2859.78 /  1079.89 (VmPeak / VmSize / Optimum / Minimum)
# Fin commande #0004   user+syst:        0.01s (syst:        0.00s, elaps:        0.01s)
# ----------------------------------------------------------------------------------------------

.. _stg1_txt34
# ----------------------------------------------------------------------------------------------
# Commande #0005 de /home/user/aas-corner-fe/wd/v8c75_TV/v8c75_TV_s06.comm.changed.py, ligne 34
tb = POST_RELEVE_T(ACTION=_F(CRITERE='RELATIF',
                             FORMAT_C='MODULE',
                             GROUP_NO='HEADV',
                             INST=0.14,
                             INTITULE='R',
                             MOYE_NOEUD='OUI',
                             NOM_CHAM='REAC_NODA',
                             OPERATION='EXTRACTION',
                             PRECISION=1e-06,
                             REPERE='GLOBAL',
                             RESULTANTE='DX',
                             RESULTAT=r2),
                   INFO=1)

# Résultat commande #0005 (POST_RELEVE_T): tb ('<00000023>') de type <Table>
# Mémoire (Mo) :  4845.17 /  1791.58 /  2859.78 /  1079.89 (VmPeak / VmSize / Optimum / Minimum)
# Fin commande #0005   user+syst:        0.01s (syst:        0.01s, elaps:        0.00s)
# ----------------------------------------------------------------------------------------------

.. _stg1_txt39
# ----------------------------------------------------------------------------------------------
# Commande #0006 de /home/user/aas-corner-fe/wd/v8c75_TV/v8c75_TV_s06.comm.changed.py, ligne 39
DETRUIRE(INFO=1,
         NOM=r2)

# Mémoire (Mo) :  4845.17 /  1791.58 /  2859.78 /  1079.89 (VmPeak / VmSize / Optimum / Minimum)
# Fin commande #0006   user+syst:        0.17s (syst:        0.00s, elaps:        0.09s)
# ----------------------------------------------------------------------------------------------
/home/user/aas-corner-fe/wd/v8c75_TV/v8c75_TV_s06.comm.changed.py:56: ResourceWarning: unclosed file <_io.TextIOWrapper name='/home/user/aas-corner-fe/jobs/../results/v8c75_TV.curve' mode='a' encoding='UTF-8'>
  open(CURVE,'a').write('CURVE %g %g %g %g\n'%(tcur,tot,v['HEADT'],v['HEADV']))
AASCURVE 0.14 56284.8 39224.8 17060

.. _stg1_txt76
# ----------------------------------------------------------------------------------------------
# Commande #0007 de /root/mm/envs/aster/lib/python3.14/site-packages/code_aster/CodeCommands/fin.py,
ligne 76
FIN(INFO_RESU='NON',
    RETASSAGE='NON')

Saving objects...
pi                       <class 'float'>
e                        <class 'float'>
tau                      <class 'float'>
inf                      <class 'float'>
nan                      <class 'float'>
mesh                     <class 'libaster.Mesh'>
model                    <class 'libaster.Model'>
mat                      <class 'libaster.Material'>
matH                     <class 'libaster.Material'>
matHH                    <class 'libaster.Material'>
stl                      <class 'libaster.Material'>
slvm                     <class 'libaster.Material'>
fmat                     <class 'libaster.MaterialField'>
fix                      <class 'libaster.MechanicalLoadReal'>
grp                      <class 'list'>
load                     <class 'libaster.MechanicalLoadReal'>
ramp                     <class 'libaster.Function'>
steps                    <class 'libaster.ListOfFloats'>
times                    <class 'libaster.TimesList'>
LOADS                    <class 'str'>
CURVE                    <class 'str'>
common                   <class 'dict'>
tcur                     <class 'float'>
peak                     <class 'float'>
stopped                  <class 'bool'>
TARGETS                  <class 'list'>
tn                       <class 'float'>
res                      <class 'libaster.NonLinearResult'>
v                        <class 'dict'>
tot                      <class 'float'>
line                     <class 'str'>

 ╔================================================================================================╗
 ║ <I> <CATAMESS_89>                                                                              ║
 ║                                                                                                ║
 ║ Liste des alarmes émises lors de l'exécution du calcul.                                        ║
 ║                                                                                                ║
 ║     Les alarmes que vous avez choisies d'ignorer sont précédées de (*).                        ║
 ║     Nombre d'occurrences pour chacune des alarmes :                                            ║
 ║            FACTOR_75            émise   12 fois                                                ║
 ╚================================================================================================╝

 ---------------------------------------------------------------------------
 Concepts de la base: G
    Nom        Type                Taille (Mo)         Nombre      Nombre de
                                                     d'objets       segments
    TOTAL                               562.04            529            821
  
    00000001   MAILLAGE_SDASTER          12.00             34             70
    00000002   MODELE_SDASTER            11.86             11             16
    00000003   MATER_SDASTER              0.00             15             15
    00000004   MATER_SDASTER              0.00             15             15
    00000005   MATER_SDASTER              0.00              7              7
    00000006   MATER_SDASTER              0.00              7              7
    00000007   MATER_SDASTER              0.00              7              7
    00000008   CHAM_MATER                 0.89              8             13
    00000009   CHAR_MECA                 12.89             56             76
    0000000a   CHAR_MECA                  9.42             56             76
    0000000b   FONCTION_SDASTER           0.00              3              3
    0000000c   LISTR8_SDASTER             0.00              6              6
    0000000d   LIST_INST                  0.00              8              8
    0000000e   EVOL_NOLI                448.92            232            293
    &FOZERO                               0.00              2              2
    &&_NUM_C                              0.00              1              1
    &CATA                                37.45             42            103
    &&NMDOME                              0.00              2              2
    0000000f                              0.12              2             14
    &&NMCH1P                             27.76              3              3
    00000012                              0.12              2             14
    00000015                              0.12              2             14
    00000018                              0.12              2             14
    0000001b                              0.12              2             14
    0000001e                              0.12              2             14
    00000021                              0.12              2             14
 (*) sous-objets non accessible directement
 ---------------------------------------------------------------------------
Nom de la base                          :  GLOBALE
     Nombre d'enregistrements utilisés       :  897
     Nombre d'enregistrements maximum        :  2684354
     Nombre d'enregistrements par fichier    :  15728
     Longueur d'enregistrement (octets)      :  819200
     Nombre total d'accès en lecture         :  913
     Volume des accès en lecture             :        713.28 Mo.
     Nombre total d'accès en écriture        :  336
     Volume des accès en écriture            :        262.50 Mo.
     Nombre d'identificateurs utilisés       :  1126
     Taille maximum du répertoire            :  2000
     Pourcentage d'utilisation du répertoire :  56 %

Nom de la base                          :  VOLATILE
     Nombre d'enregistrements utilisés       :  584
     Nombre d'enregistrements maximum        :  2684354
     Nombre d'enregistrements par fichier    :  15728
     Longueur d'enregistrement (octets)      :  819200
     Nombre total d'accès en lecture         :  1089
     Volume des accès en lecture             :        850.78 Mo.
     Nombre total d'accès en écriture        :  4926
     Volume des accès en écriture            :       3848.44 Mo.
     Nombre d'identificateurs utilisés       :  996
     Taille maximum du répertoire            :  2000
     Pourcentage d'utilisation du répertoire :  49 %

<I> <FIN> ARRET NORMAL DANS "FIN" PAR APPEL A "JEFINI".
  
 <I> <FIN> MEMOIRE JEVEUX MINIMALE REQUISE POUR L'EXECUTION :                    1079.89 Mo
 <I> <FIN> MEMOIRE JEVEUX OPTIMALE REQUISE POUR L'EXECUTION :                    2859.78 Mo
 <I> <FIN> MAXIMUM DE MEMOIRE UTILISEE PAR LE PROCESSUS LORS DE L'EXECUTION :    4845.17 Mo
  
 <I>       FERMETURE DES BASES EFFECTUEE
  
   STATISTIQUES CONCERNANT L'ALLOCATION DYNAMIQUE :
     TAILLE CUMULEE MAXIMUM            :                 2860  Mo.
     TAILLE CUMULEE LIBEREE            :                 3706  Mo.
     NOMBRE TOTAL D'ALLOCATIONS        :              2726099
     NOMBRE TOTAL DE LIBERATIONS       :              2726099
     APPELS AU MECANISME DE LIBERATION :                    0
     TAILLE MEMOIRE CUMULEE RECUPEREE  :                 4476  Mo.
     VOLUME DES LECTURES               :                    0  Mo.
     VOLUME DES ECRITURES              :                 3621  Mo.
  
   MEMOIRE JEVEUX MINIMALE REQUISE POUR L'EXECUTION :    1079.89 Mo
     - IMPOSE DE NOMBREUX ACCES DISQUE
     - RALENTIT LA VITESSE D'EXECUTION
   MEMOIRE JEVEUX OPTIMALE REQUISE POUR L'EXECUTION :    2859.78 Mo
     - LIMITE LES ACCES DISQUE
     - AMELIORE LA VITESSE D'EXECUTION
   MAXIMUM DE MEMOIRE UTILISEE PAR LE PROCESSUS     :    4845.17 Mo
     - COMPREND LA MEMOIRE CONSOMMEE PAR  JEVEUX, 
       LE SUPERVISEUR PYTHON, LES LIBRAIRIES EXTERNES
  
 <I>       FIN D'EXECUTION LE : JE-24-SEPT-2026 17:32:39
Signature of pickled file   : 6a930891be5238f34954452fd8b05b33d717f847823cdcd7d6728deaadf92a0d
Signature of info file      : 47c31ad3d718e362f72023415b3d78ec8c0af5f3db6bd5a449128dc23a42b6b6
Signature of Jeveux database: b59949597c637fe635056260fdf989340038fb736014313adea638660db248cf

 ********************************************************************************
 * COMMAND                  :       USER :     SYSTEM :   USER+SYS :    ELAPSED *
 ********************************************************************************
 * DEBUT                    :       0.18 :       0.46 :       0.64 :       0.67 *
 * STAT_NON_LINE            :    1472.81 :     206.06 :    1678.87 :     943.13 *
 * CALC_CHAMP               :       0.85 :       0.00 :       0.85 :       0.87 *
 * POST_RELEVE_T            :       0.01 :       0.00 :       0.01 :       0.01 *
 * POST_RELEVE_T            :       0.01 :       0.01 :       0.02 :       0.00 *
 * DETRUIRE                 :       0.17 :       0.00 :       0.17 :       0.09 *
 * FIN                      :       0.25 :       0.22 :       0.47 :       0.46 *
 *  . sdveri                :       0.00 :       0.00 :       0.00 :       0.00 *
 *  . cleanup               :       0.00 :       0.00 :       0.00 :       0.00 *
 *  . check syntax          :       0.03 :       0.02 :       0.05 :       0.02 *
 *  . fortran               :    1474.04 :     206.73 :    1680.77 :     945.09 *
 ********************************************************************************
 * TOTAL_JOB                :    1474.50 :     206.77 :    1681.27 :     945.41 *
 ********************************************************************************

# Mémoire (Mo) :  4845.17 /  1110.61 /  2859.78 /  1079.89 (VmPeak / VmSize / Optimum / Minimum)
# Fin commande #0007   user+syst:        0.25s (syst:        0.22s, elaps:        0.46s)
# ----------------------------------------------------------------------------------------------

EXECUTION_CODE_ASTER_EXIT_3300=0


saving result databases to 'BASE_PREC'...
execution ended (command file #7): <A>_ALARM
Running: /root/mm/envs/aster/bin/run_aster -w /home/user/aas-corner-fe/wd/v8c75_TV --status-file /root/.tmp_run_aster/run_aster_dk8d6s0i/__status__ --no-mpi /root/.tmp_run_aster/run_aster_dk8d6s0i/v8c75_TV.7

# ------------------------------------------------------------------------------
Execution of code_aster

# ------------------------------------------------------------------------------
Prepare environment in /home/user/aas-corner-fe/wd/v8c75_TV

# ------------------------------------------------------------------------------
Command file #8 / 20

Content of the file to execute:
# coding=utf-8
# original filename
__file__ = r"/home/user/aas-corner-fe/jobs/v8c75_TV_s07.comm"


# temporarly added for compatibility with code_aster legacy
from math import *

import code_aster
from code_aster.Commands import *
from code_aster import CA

POURSUITE(LANG='EN', PAR_LOT='NON')

LOADS='TV'
CURVE='/home/user/aas-corner-fe/jobs/../results/v8c75_TV.curve'
common=dict(MODELE=model, CHAM_MATER=fmat, EXCIT=(_F(CHARGE=fix), _F(CHARGE=load, FONC_MULT=ramp)),
        COMPORTEMENT=(_F(RELATION='ENDO_FISS_EXP', GROUP_MA=('CONC','HZ')), _F(RELATION='ELAS', GROUP_MA=('STEEL','SLV','HZH'))),
        NEWTON=_F(MATRICE='TANGENTE', REAC_ITER=1),
        CONVERGENCE=_F(RESI_GLOB_RELA=1.E-4, ITER_GLOB_MAXI=30), ARCHIVAGE=_F(PAS_ARCH=1), SOLVEUR=_F(METHODE='MUMPS', GESTION_MEMOIRE='OUT_OF_CORE', MIXER_PRECISION='OUI', PCENT_PIVOT=10))
import os, re
tcur=0.0; peak=0.0; stopped=False
if os.path.exists(CURVE):
    for line in open(CURVE):
        m=re.match(r'CURVE\s+(\S+)\s+(\S+)', line)
        if m:
            tcur=max(tcur, float(m.group(1))); peak=max(peak, float(m.group(2)))
        if line.startswith('STOP'): stopped=True
def reac(res, t):
    r2=CALC_CHAMP(RESULTAT=res, FORCE='REAC_NODA', INST=t)
    vals={}
    for g in ('HEADT','HEADV'):
        try:
            tb=POST_RELEVE_T(ACTION=_F(OPERATION='EXTRACTION', INTITULE='R', RESULTAT=r2, NOM_CHAM='REAC_NODA',
                                       GROUP_NO=g, RESULTANTE='DX', INST=t)).EXTR_TABLE().values()
            vals[g]=-tb['DX'][-1]*2
        except Exception:
            vals[g]=0.
    DETRUIRE(NOM=r2)
    return vals
TARGETS=[0.16]
for tn in TARGETS:
    if stopped or tn <= tcur+1e-9: continue
    try:
        if tcur < 1e-12 and '0'=='1':
            res=STAT_NON_LINE(INCREMENT=_F(LIST_INST=times, INST_FIN=tn), **common)
        else:
            res=STAT_NON_LINE(reuse=res, ETAT_INIT=_F(EVOL_NOLI=res), INCREMENT=_F(LIST_INST=times, INST_FIN=tn), **common)
    except Exception as exc:
        print('AASSTOP at', tcur, exc, flush=True)
        open(CURVE,'a').write('STOP solver %g\n'%tcur); stopped=True; break
    tcur=tn
    v=reac(res, tcur)
    tot=(v['HEADT'] if 'T' in LOADS else 0.)+(v['HEADV'] if 'V' in LOADS else 0.)
    peak=max(peak, tot)
    open(CURVE,'a').write('CURVE %g %g %g %g\n'%(tcur,tot,v['HEADT'],v['HEADV']))
    print('AASCURVE %g %g %g %g'%(tcur,tot,v['HEADT'],v['HEADV']), flush=True)
    if tot < 0.9*peak:
        open(CURVE,'a').write('STOP peak %g\n'%peak); stopped=True; break
FIN()



# ------------------------------------------------------------------------------
Command line #8:
    ulimit -c unlimited ; ulimit -t 50000 ; ( /root/mm/envs/aster/bin/python3 "v8c75_TV_s07.comm.changed.py" --memory 3600.0 --numthreads 2 --tpmax 20000 ; echo $? > _exit_code_ ) 2>&1 | tee -a fort.6
setting '--memory' value to 3240.00 MB (keyword RESERVE_MEMOIRE)
Ouverture en écriture du fichier ./vola.1

<INFO> Démarrage de l'exécution.

                       -- CODE_ASTER -- VERSION : DÉVELOPPEMENT (unstable) --                       
                               Version 18.1.6 modifiée le 14/09/2026                                
                                    révision n/a - branche 'n/a'                                    
                                     Copyright EDF 1991 - 2026                                      
                                                                                                    
                              Exécution du : Thu Sep 24 17:32:42 2026                               
                                       Nom de la machine : vm                                       
                                        Architecture : 64bit                                        
                                    Type de processeur : x86_64                                     
                Système d'exploitation : Linux-6.18.44-fc-v37-x86_64-with-glibc2.39                 
                                  Langue des messages : C (UTF-8)                                   
                                     Version de Python : 3.14.7                                     
                                      Version de NumPy : 2.5.3                                      
                                  Version de MEDCoupling : 9.16.0                                   
                                     Parallélisme MPI : inactif                                     
                                    Parallélisme OpenMP : actif                                     
                              Nombre de processus OpenMP utilisés : 2                               
                                Version de la librairie HDF5 : 2.2.0                                
                                Version de la librairie MED : 4.2.0                                 
                               Version de la librairie MFront : 5.1.0                               
                               Version de la librairie MUMPS : 5.8.2                                
                                  Librairie PETSc : non disponible                                  
                              Version de la librairie SCOTCH : 7.0.11                               

restarting from a previous execution...
/home/user/aas-corner-fe/wd/v8c75_TV/v8c75_TV_s07.comm.changed.py:13: DeprecationWarning: This feature is obsolete, 'PAR_LOT' has been removed.
  POURSUITE(LANG='EN', PAR_LOT='NON')
Valeur initiale du temps CPU maximum =   20000 secondes
  Valeur du temps CPU maximum passé aux commandes =   18000 secondes
  Réserve CPU prévue = 2000 secondes

Ouverture en lecture du fichier ./glob.1

Ajustement de la taille maximale des bases à 2048.00 Go.
    
Nom de la base                          :  GLOBALE
     Créée avec la version                   :  18.01.06
     Nombre d'enregistrements utilisés       :  897
     Nombre d'enregistrements maximum        :  2684354
     Nombre d'enregistrements par fichier    :  15728
     Longueur d'enregistrement (octets)      :  819200
     Nombre d'identificateurs utilisés       :  1126
     Taille maximum du répertoire            :  2000
     Pourcentage d'utilisation du répertoire :  56 %

Ouverture en lecture du fichier ./glob.1

Ouverture en écriture du fichier ./vola.1

Fin de lecture (durée  0.000071  s.) 

                      Mémoire limite pour l'allocation dynamique : 3752.06 Mo                       
                         ajouté à l'initialisation du processus : 741.34 Mo                         
                               Limite cible du processus : 4493.39 Mo                               
                         Taille limite des fichiers d'échange : 2048.00 Go                          
pi                       <class 'float'>
e                        <class 'float'>
tau                      <class 'float'>
inf                      <class 'float'>
nan                      <class 'float'>
mesh                     <class 'libaster.Mesh'>
model                    <class 'libaster.Model'>
mat                      <class 'libaster.Material'>
matH                     <class 'libaster.Material'>
matHH                    <class 'libaster.Material'>
stl                      <class 'libaster.Material'>
slvm                     <class 'libaster.Material'>
fmat                     <class 'libaster.MaterialField'>
fix                      <class 'libaster.MechanicalLoadReal'>
grp                      <class 'list'>
load                     <class 'libaster.MechanicalLoadReal'>
ramp                     <class 'libaster.Function'>
steps                    <class 'libaster.ListOfFloats'>
times                    <class 'libaster.TimesList'>
LOADS                    <class 'str'>
CURVE                    <class 'str'>
common                   <class 'dict'>
tcur                     <class 'float'>
peak                     <class 'float'>
stopped                  <class 'bool'>
TARGETS                  <class 'list'>
tn                       <class 'float'>
res                      <class 'libaster.NonLinearResult'>
v                        <class 'dict'>
tot                      <class 'float'>
line                     <class 'str'>
# Mémoire (Mo) :  1167.96 /  1167.96 /   586.19 /   586.16 (VmPeak / VmSize / Optimum / Minimum)
# Fin commande #0001   user+syst:        0.22s (syst:        0.51s, elaps:        0.72s)
# ----------------------------------------------------------------------------------------------
/home/user/aas-corner-fe/wd/v8c75_TV/v8c75_TV_s07.comm.changed.py:24: ResourceWarning: unclosed file <_io.TextIOWrapper name='/home/user/aas-corner-fe/jobs/../results/v8c75_TV.curve' mode='r' encoding='UTF-8'>
  for line in open(CURVE):

.. _stg1_txt48
# ----------------------------------------------------------------------------------------------
# Commande #0002 de /home/user/aas-corner-fe/wd/v8c75_TV/v8c75_TV_s07.comm.changed.py, ligne 48
res = STAT_NON_LINE(AFFICHAGE=_F(INFO_RESIDU='NON',
                                 INFO_TEMPS='NON'),
                    ARCHIVAGE=_F(CHAM_EXCLU=('RESI_NOEU', 'RESI_RELA_NOEU'),
                                 PAS_ARCH=1),
                    CHAM_MATER=fmat,
                    COMPORTEMENT=(_F(DEFORMATION='PETIT',
                                     GROUP_MA=('CONC', 'HZ'),
                                     ITER_CPLAN_MAXI=10,
                                     ITER_INTE_MAXI=20,
                                     ITER_INTE_PAS=0,
                                     PARM_THETA=1.0,
                                     REGU_VISC='NON',
                                     RELATION='ENDO_FISS_EXP',
                                     RESI_CPLAN_RELA=1e-06,
                                     RESI_INTE=1e-06),
                                  _F(DEFORMATION='PETIT',
                                     GROUP_MA=('STEEL', 'SLV', 'HZH'),
                                     ITER_CPLAN_MAXI=10,
                                     ITER_INTE_MAXI=20,
                                     ITER_INTE_PAS=0,
                                     PARM_THETA=1.0,
                                     REGU_VISC='NON',
                                     RELATION='ELAS',
                                     RESI_CPLAN_RELA=1e-06,
                                     RESI_INTE=1e-06)),
                    CONVERGENCE=_F(ARRET='OUI',
                                   ITER_GLOB_ELAS=25,
                                   ITER_GLOB_MAXI=30,
                                   RESI_GLOB_RELA=0.0001,
                                   VERIF='TOUT'),
                    ETAT_INIT=_F(EVOL_NOLI=res),
                    EXCIT=(_F(CHARGE='<00000009>',
                              TYPE_CHARGE='FIXE_CSTE'),
                           _F(CHARGE='<0000000a>',
                              FONC_MULT=ramp,
                              TYPE_CHARGE='FIXE_CSTE')),
                    INCREMENT=_F(CRITERE='RELATIF',
                                 INST_FIN=0.16,
                                 INST_INIT=0.14,
                                 LIST_INST=times,
                                 PRECISION=1e-06),
                    MESURE=_F(TABLE='NON'),
                    METHODE='NEWTON',
                    MODELE=model,
                    NEWTON=_F(MATRICE='TANGENTE',
                              MATR_RIGI_SYME='NON',
                              REAC_INCR=1,
                              REAC_ITER=1,
                              REAC_ITER_ELAS=0),
                    SOLVEUR=_F(ACCELERATION='AUTO',
                               ELIM_LAGR='LAGR2',
                               FILTRAGE_MATRICE=-1.0,
                               GESTION_MEMOIRE='OUT_OF_CORE',
                               LOW_RANK_SEUIL=0.0,
                               MATR_DISTRIBUEE='NON',
                               METHODE='MUMPS',
                               MIXER_PRECISION='OUI',
                               NB_RHS=1,
                               NPREC=8,
                               PCENT_PIVOT=10,
                               POSTTRAITEMENTS='AUTO',
                               PRETRAITEMENTS='AUTO',
                               REDUCTION_MPI=0,
                               RENUM='AUTO',
                               RESI_RELA=-1.0,
                               STOP_SINGULIER='OUI',
                               TYPE_RESOL='AUTO'),
                    reuse=res)

Liste des comportements

Affecté sur 67406 éléments
Relation                             : ENDO_FISS_EXP
Déformation                          : PETIT
Pas de régularisation visqueuse
Pas de post-traitement à la fin du pas de temps
Nombre total de variables internes   : 9
V1 : ENDO
V2 : INDIENDO
V3 : ENDORIGI
V4 : EPSEXX
V5 : EPSEYY
V6 : EPSEZZ
V7 : EPSEXY
V8 : EPSEXZ
V9 : EPSEYZ
Affecté sur 11844 éléments
Relation                             : ELAS
Déformation                          : PETIT
Pas de régularisation visqueuse
Pas de post-traitement à la fin du pas de temps
Nombre total de variables internes   : 1
V1 : VIDE
Le système linéaire à résoudre a 375089 degrés de liberté:
   - 359637 sont des degrés de liberté physiques
     (ils sont portés par 111469 noeuds du maillage)
   - 15452 sont les couples de paramètres de Lagrange associés
     aux 7726 relations linéaires dualisées.
La matrice est de taille 375089 équations.
  Elle contient 19289373 termes non nuls si elle est symétrique et 38203657 termes non nuls si elle
n'est pas symétrique.
  Soit un taux de remplissage de   0.027 %.
Lecture de l'état initial
L'état initial a été récupéré dans la structure de données résultat de nom <0000000e> pour le numéro
d'ordre 7 et à l'instant  1.400000000000e-01
Le champ <DEPL> est lu dans ETAT_INIT dans la structure de données résultat donné dans la commande.
Le champ <SIEF_ELGA> est lu dans ETAT_INIT dans la structure de données résultat donné dans la
commande.
Le champ <VARI_ELGA> est lu dans ETAT_INIT dans la structure de données résultat donné dans la
commande.
---------------------------------------------------------------------
Instant de calcul:  1.600000000000e-01 - Niveau de découpe: 1

---------------------------------------------------------------------
|     NEWTON     |     RESIDU     |     RESIDU     |     OPTION     |
|    ITERATION   |     RELATIF    |     ABSOLU     |   ASSEMBLAGE   |
|                | RESI_GLOB_RELA | RESI_GLOB_MAXI |(+ TYPE MATRICE)|
---------------------------------------------------------------------

 ╔================================================================================================╗
 ║ <A> <FACTOR_75>                                                                                ║
 ║                                                                                                ║
 ║ Attention, vous avez demandé un calcul OUT_OF_CORE, mais MUMPS estime avoir besoin pour cela   ║
 ║ d'au moins                                                                                     ║
 ║   1574 Mo  alors qu'il n'y a que 1037 Mo de disponible sur ce processeur !                     ║
 ║   Le calcul pourrait donc être ralenti ou s'arrêter pour cette raison.                         ║
 ║                                                                                                ║
 ║   Pour information: mémoire déjà pré-allouée par MUMPS (exécutable, matrice...)= 373 Mo,       ║
 ║                     nombre de systèmes linéaires à factoriser en même temps    = 1.            ║
 ║                                                                                                ║
 ║ Conseils :                                                                                     ║
 ║   La prochaine fois, relancez avec plus de mémoire globale ou avec une option de calcul plus   ║
 ║ économe                                                                                        ║
 ║   (par ordre décroissant d'efficacité):                                                        ║
 ║    - Si le calcul est parallèle, réduisez la consommation MUMPS en augmentant le nombre de     ║
 ║ processeurs,                                                                                   ║
 ║    - Si le calcul est parallèle, réduisez la consommation Aster en activant l'option           ║
 ║ SOLVEUR/MATR_DISTRIBUEE,                                                                       ║
 ║   Ou, plus radicalement:                                                                       ║
 ║    - Utilisez un solveur moins exigeant en mémoire (par exemple: SOLVEUR/METHODE='PETSC' +     ║
 ║ PRECOND='LDLT_SP').                                                                            ║
 ║                                                                                                ║
 ║                                                                                                ║
 ║ Ceci est une alarme. Si vous ne comprenez pas le sens de cette                                 ║
 ║ alarme, vous pouvez obtenir des résultats inattendus !                                         ║
 ╚================================================================================================╝

